policy_id,customer_id,policy_type,policy_start_date,monthly_premium,coverage_amount,vehicle_count,is_active,current_discount
POL-3356886,CUST-777572,Home,2017-05-21,117.51,677000,0,1,0.035
POL-32868828,CUST-234053,Home,2020-03-03,573.69,1971000,0,1,0.148
POL-98847493,CUST-107473,Auto,2017-11-13,88.05,140000,2,1,0.007
POL-11668732,CUST-619176,Health,2024-10-08,916.02,418000,0,1,0.055
POL-4265799,CUST-31244,Business,2022-09-02,1056.38,155000,0,1,0.04
POL-29345092,CUST-243962,Motorcycle,2017-02-01,70.83,30000,2,0,0.084
POL-80801586,CUST-27824,Home,2024-02-03,365.95,853000,0,1,0.151
POL-26687537,CUST-750800,Auto,2025-01-15,277.03,306000,1,0,0.095
POL-56306997,CUST-231148,RV,2024-10-06,505.22,215000,2,1,0.176
POL-79089901,CUST-291704,Auto,2023-02-19,258.54,430000,3,0,0.214
POL-21429110,CUST-732052,Home,2015-08-09,366.09,1051000,0,1,0.091
POL-45667651,CUST-291369,Umbrella,2022-09-07,342.11,3811000,0,1,0.234
POL-28898923,CUST-800581,Home,2018-02-20,526.39,459000,0,1,0.061
POL-13718431,CUST-97251,Boat,2021-03-21,427.67,361000,1,1,0.211
POL-12981052,CUST-376417,Auto,2021-12-15,141.84,42000,3,1,0.017
POL-81030736,CUST-277370,Business,2021-05-06,2252.74,2740000,0,1,0.125
POL-97942942,CUST-481741,Boat,2016-03-25,285.72,98000,1,1,0.135
POL-16753883,CUST-967096,Business,2024-08-13,1356.87,4995000,0,1,0.055
POL-10576383,CUST-578856,Life,2021-12-07,114.17,145000,0,1,0.215
POL-84374605,CUST-648564,Life,2020-06-24,134.8,881000,0,1,0.149
POL-77490893,CUST-201629,Motorcycle,2021-08-24,75.79,71000,3,0,0.215
POL-6150444,CUST-693384,Auto,2016-09-04,263.68,85000,3,1,0.085
POL-38840994,CUST-83667,Renters,2019-05-16,30.22,69000,0,1,0.181
POL-13556182,CUST-398591,Renters,2019-06-15,49.02,33000,0,1,0.027
POL-60855700,CUST-666563,Renters,2020-03-22,44.46,77000,0,1,0.038
POL-21831063,CUST-388162,Life,2021-09-12,119.39,866000,0,0,0.23
POL-28119557,CUST-702729,Business,2021-07-15,1148.31,263000,0,1,0.091
POL-94196727,CUST-982153,Renters,2020-01-13,23.38,42000,0,1,0.237
POL-81756179,CUST-665822,Home,2016-09-15,612.34,1811000,0,1,0.19
POL-71691040,CUST-764544,Life,2018-05-28,47.47,548000,0,0,0.041
POL-21931511,CUST-484714,RV,2019-08-29,910.7,161000,1,0,0.189
POL-36231783,CUST-970342,Health,2021-12-12,912.95,259000,0,0,0.162
POL-29476249,CUST-717870,Boat,2024-12-19,739.77,262000,1,1,0.016
POL-7507864,CUST-240174,Auto,2021-01-04,238.84,146000,2,1,0.177
POL-42339391,CUST-420651,Auto,2016-01-15,141.81,500000,1,1,0.018
POL-8883684,CUST-221231,Health,2020-01-18,478.48,304000,0,1,0.033
POL-96356822,CUST-329963,Business,2025-02-21,1652.42,2138000,0,1,0.202
POL-87971488,CUST-523481,Health,2019-02-10,294.33,395000,0,1,0.106
POL-86282117,CUST-481141,Boat,2022-03-23,718.3,53000,1,1,0.182
POL-35551614,CUST-146413,Home,2017-12-03,274.06,499000,0,1,0.035
POL-99990728,CUST-588637,Life,2019-09-09,73.75,312000,0,1,0.019
POL-35264581,CUST-783300,RV,2024-08-30,368.54,221000,1,0,0.232
POL-57503414,CUST-941435,Health,2025-06-09,366.31,305000,0,1,0.216
POL-53606628,CUST-379580,Auto,2025-06-02,124.45,26000,4,1,0.196
POL-18566572,CUST-534277,Boat,2019-03-23,371.15,390000,2,1,0.074
POL-12201654,CUST-792495,Auto,2023-11-21,236.38,309000,1,1,0.014
POL-14716857,CUST-160265,Business,2016-04-17,1453.58,4555000,0,1,0.24
POL-91332642,CUST-442666,Home,2018-03-20,695.94,244000,0,1,0.169
POL-51642594,CUST-400156,Health,2016-07-28,603.78,349000,0,1,0.149
POL-71016525,CUST-263626,Business,2023-06-16,663.97,4996000,0,1,0.079
POL-1540956,CUST-713328,Renters,2024-11-26,22.15,51000,0,1,0.099
POL-91497616,CUST-927767,Renters,2017-06-10,31.0,20000,0,1,0.155
POL-35812670,CUST-805934,Business,2024-08-17,2492.19,715000,0,1,0.126
POL-14972279,CUST-307757,Life,2021-04-12,188.32,974000,0,1,0.061
POL-21227574,CUST-475763,Renters,2022-11-21,20.52,81000,0,1,0.153
POL-96917555,CUST-918398,RV,2015-07-20,305.48,264000,2,0,0.026
POL-67187530,CUST-798975,Life,2019-12-22,71.28,983000,0,1,0.138
POL-68139880,CUST-956959,Renters,2018-07-14,24.86,38000,0,1,0.051
POL-83926371,CUST-312942,Renters,2017-04-21,32.69,43000,0,0,0.212
POL-81734598,CUST-208573,Home,2024-02-17,544.0,1839000,0,1,0.001
POL-50185867,CUST-799550,Life,2018-02-03,136.49,325000,0,1,0.11
POL-72394227,CUST-999816,Motorcycle,2018-03-29,97.31,25000,1,0,0.173
POL-76758,CUST-628038,Life,2024-07-07,120.48,925000,0,1,0.138
POL-65579548,CUST-20422,Motorcycle,2021-01-03,45.29,50000,3,1,0.199
POL-48718453,CUST-921406,Auto,2017-05-25,322.71,135000,2,1,0.088
POL-32138745,CUST-60738,RV,2020-09-21,918.89,157000,1,0,0.059
POL-76149359,CUST-992948,Life,2019-08-04,195.84,900000,0,1,0.103
POL-11496211,CUST-767460,Life,2016-10-31,153.9,398000,0,1,0.103
POL-9289546,CUST-797549,Health,2023-10-05,466.81,463000,0,1,0.096
POL-16879290,CUST-134628,Auto,2024-07-22,311.82,142000,2,1,0.115
POL-73793389,CUST-173148,Renters,2023-07-31,43.72,40000,0,1,0.165
POL-70823176,CUST-914812,Motorcycle,2020-01-02,69.39,19000,3,1,0.127
POL-28427073,CUST-974036,RV,2022-09-10,531.8,57000,1,1,0.065
POL-97969689,CUST-723378,Business,2024-09-01,2425.07,2327000,0,1,0.149
POL-95690391,CUST-326858,Umbrella,2018-11-30,491.42,2316000,0,1,0.246
POL-90152297,CUST-681446,Home,2022-04-13,369.64,1309000,0,1,0.011
POL-58800797,CUST-943313,Motorcycle,2021-11-05,30.2,81000,2,1,0.017
POL-60597444,CUST-126882,Umbrella,2024-04-19,449.26,3782000,0,1,0.18
POL-30158366,CUST-67136,Renters,2019-09-17,32.75,97000,0,1,0.101
POL-2823170,CUST-616886,Renters,2021-03-30,34.4,35000,0,1,0.235
POL-30885476,CUST-617024,Life,2024-11-30,132.72,366000,0,1,0.208
POL-965138,CUST-74441,Renters,2019-03-29,25.04,66000,0,1,0.152
POL-30728046,CUST-70674,Umbrella,2016-06-29,386.0,2855000,0,1,0.128
POL-44349361,CUST-74299,Life,2016-01-11,140.3,348000,0,1,0.158
POL-31944441,CUST-292004,Umbrella,2024-03-28,237.35,4993000,0,1,0.168
POL-28754377,CUST-565427,Health,2023-10-02,1006.56,127000,0,1,0.061
POL-97086737,CUST-980957,Boat,2017-09-29,566.76,428000,1,1,0.222
POL-77337818,CUST-495631,Business,2025-03-17,888.87,3321000,0,1,0.061
POL-63481353,CUST-846721,Auto,2019-08-17,321.02,476000,1,1,0.055
POL-25556386,CUST-98907,RV,2022-06-02,625.18,196000,1,0,0.03
POL-88447167,CUST-451989,Life,2017-02-21,165.25,750000,0,1,0.14
POL-56851760,CUST-431071,Umbrella,2021-07-09,580.02,4739000,0,1,0.204
POL-97854904,CUST-56802,RV,2023-06-09,598.72,288000,2,1,0.186
POL-8135295,CUST-422179,Boat,2017-03-02,470.04,419000,1,1,0.069
POL-14665841,CUST-260735,RV,2021-04-07,639.22,113000,2,1,0.178
POL-25529407,CUST-562336,Health,2018-10-02,471.72,218000,0,1,0.02
POL-18814949,CUST-442374,Life,2023-02-15,65.47,778000,0,1,0.053
POL-37385696,CUST-485100,Motorcycle,2018-08-13,78.91,81000,4,1,0.052
POL-10117988,CUST-464656,Motorcycle,2019-09-29,76.74,87000,1,1,0.191
POL-13141087,CUST-53045,Motorcycle,2024-11-08,87.24,56000,3,1,0.213
POL-1980765,CUST-97793,Motorcycle,2024-09-09,94.59,82000,2,1,0.068
POL-22321899,CUST-426156,Boat,2019-07-07,217.41,201000,2,1,0.21
POL-64606833,CUST-224130,Life,2023-10-03,196.63,610000,0,1,0.099
POL-7869910,CUST-172634,Business,2022-04-25,1826.0,804000,0,1,0.034
POL-289289,CUST-409386,Boat,2021-12-09,309.04,161000,2,1,0.114
POL-61070189,CUST-299105,Umbrella,2020-01-02,504.49,2590000,0,1,0.238
POL-93494928,CUST-765990,Motorcycle,2022-09-09,60.27,21000,4,1,0.135
POL-88834863,CUST-753305,Umbrella,2024-12-12,289.69,1288000,0,1,0.163
POL-20776478,CUST-199122,Auto,2023-10-10,336.4,130000,1,1,0.06
POL-29219319,CUST-61324,Boat,2020-07-16,601.68,321000,1,1,0.064
POL-98748972,CUST-568532,Umbrella,2025-05-06,267.12,3547000,0,0,0.18
POL-42091325,CUST-59942,Life,2016-07-12,193.83,163000,0,1,0.232
POL-78406989,CUST-499948,Business,2016-05-06,1854.69,3248000,0,1,0.179
POL-71286543,CUST-165080,Home,2024-01-18,514.47,1842000,0,1,0.025
POL-68159587,CUST-84002,Renters,2016-06-17,44.76,89000,0,1,0.199
POL-9196777,CUST-623939,Business,2018-08-27,2065.27,3013000,0,1,0.165
POL-90625494,CUST-903682,Home,2016-08-25,454.17,816000,0,1,0.105
POL-54193837,CUST-125710,Boat,2019-06-30,263.32,215000,2,1,0.109
POL-33046464,CUST-607040,RV,2025-03-08,975.83,121000,2,1,0.206
POL-83131979,CUST-85965,Business,2016-03-02,1036.79,2159000,0,1,0.022
POL-88231132,CUST-612024,Boat,2022-08-16,346.32,269000,2,1,0.124
POL-70166708,CUST-331737,Umbrella,2025-02-09,272.74,1890000,0,1,0.065
POL-27415205,CUST-702258,Renters,2019-12-06,45.81,46000,0,1,0.129
POL-32035886,CUST-278517,Health,2020-11-02,285.61,428000,0,1,0.139
POL-17566185,CUST-704318,Health,2022-03-24,890.61,389000,0,1,0.112
POL-61367643,CUST-331535,Auto,2020-08-06,105.12,141000,4,1,0.077
POL-1250299,CUST-480547,Business,2016-09-22,1238.04,4743000,0,1,0.106
POL-13419256,CUST-76819,RV,2025-01-26,531.55,234000,2,1,0.063
POL-28609087,CUST-530458,Home,2024-08-21,604.9,762000,0,1,0.134
POL-17778019,CUST-978593,Life,2020-01-02,58.52,824000,0,1,0.181
POL-9233013,CUST-921981,RV,2021-06-06,717.75,76000,1,1,0.09
POL-49597086,CUST-298830,Renters,2019-08-25,15.5,80000,0,1,0.011
POL-58812137,CUST-874244,Auto,2018-03-06,229.41,391000,2,1,0.188
POL-94427530,CUST-317212,Home,2024-09-25,710.9,1304000,0,1,0.12
POL-1049999,CUST-700305,Umbrella,2024-06-28,273.75,1215000,0,1,0.215
POL-40181935,CUST-977017,Home,2024-12-05,675.48,940000,0,1,0.144
POL-18024248,CUST-277312,Auto,2017-04-03,120.97,450000,3,1,0.062
POL-14366125,CUST-778480,RV,2017-06-16,835.11,209000,1,1,0.095
POL-20863865,CUST-285577,Boat,2024-11-26,378.41,334000,2,1,0.155
POL-81178885,CUST-220861,Business,2020-04-14,2420.22,932000,0,0,0.052
POL-27326368,CUST-720892,Health,2021-04-29,464.65,93000,0,1,0.043
POL-67834855,CUST-512262,Home,2019-12-26,209.57,957000,0,1,0.148
POL-6818112,CUST-96781,Renters,2019-10-07,16.14,48000,0,1,0.176
POL-37135391,CUST-46228,Boat,2022-09-13,242.71,147000,2,1,0.156
POL-44769200,CUST-808577,Health,2015-07-22,625.14,336000,0,1,0.037
POL-85511909,CUST-274680,Renters,2017-09-19,43.93,19000,0,1,0.198
POL-99486328,CUST-463298,Business,2018-03-30,1997.92,4875000,0,0,0.11
POL-94713081,CUST-448462,Boat,2024-11-17,613.21,392000,2,0,0.125
POL-1297845,CUST-117308,Boat,2025-01-13,462.66,339000,1,1,0.184
POL-92747083,CUST-947837,Business,2016-10-09,1000.74,866000,0,1,0.169
POL-73227889,CUST-37778,Business,2018-01-11,1674.25,274000,0,0,0.168
POL-78183110,CUST-579364,Renters,2021-10-10,35.17,33000,0,1,0.163
POL-57684996,CUST-133636,Renters,2018-01-05,21.35,87000,0,1,0.204
POL-41373735,CUST-382364,Home,2016-03-15,429.01,956000,0,1,0.168
POL-48024342,CUST-220281,Life,2016-03-03,82.72,777000,0,1,0.166
POL-89514287,CUST-107786,Motorcycle,2019-09-27,127.63,82000,1,1,0.079
POL-75146293,CUST-927082,Umbrella,2021-07-05,246.37,4240000,0,1,0.129
POL-83303777,CUST-785884,Auto,2022-05-29,257.57,309000,4,1,0.047
POL-31774346,CUST-906604,Umbrella,2018-02-14,449.05,3091000,0,1,0.19
POL-23763566,CUST-924231,Health,2018-04-04,467.06,119000,0,0,0.11
POL-3326769,CUST-188073,Boat,2022-07-04,272.86,355000,1,1,0.078
POL-55259205,CUST-841204,Auto,2021-02-22,229.11,74000,2,0,0.228
POL-35810056,CUST-166931,Boat,2019-09-19,768.24,365000,1,1,0.179
POL-51343880,CUST-914533,RV,2017-05-01,793.79,159000,2,0,0.061
POL-63174945,CUST-233238,RV,2016-02-25,401.25,100000,1,1,0.069
POL-61780854,CUST-366643,Motorcycle,2018-11-21,70.79,77000,3,1,0.071
POL-30547349,CUST-233752,Renters,2020-09-07,44.31,86000,0,0,0.122
POL-88588154,CUST-202511,Life,2015-11-24,103.15,558000,0,1,0.138
POL-44058573,CUST-292136,RV,2022-04-09,564.05,295000,2,1,0.245
POL-37463522,CUST-368203,Health,2016-09-03,771.8,172000,0,1,0.103
POL-53643924,CUST-712526,Umbrella,2024-02-28,497.88,3958000,0,0,0.095
POL-44446182,CUST-984861,Life,2024-08-12,111.68,89000,0,1,0.241
POL-15480907,CUST-919641,Umbrella,2015-12-18,547.88,4667000,0,1,0.025
POL-23966966,CUST-608792,Boat,2019-12-09,209.21,101000,2,1,0.242
POL-5134794,CUST-113668,Home,2020-01-04,428.64,656000,0,1,0.173
POL-46397338,CUST-763934,Home,2022-11-20,696.24,1887000,0,1,0.133
POL-58571795,CUST-635656,Umbrella,2020-10-30,450.72,4722000,0,1,0.218
POL-15521714,CUST-403906,Auto,2024-03-11,246.71,148000,3,0,0.187
POL-25511941,CUST-267095,Motorcycle,2025-04-20,147.4,93000,1,1,0.174
POL-95131550,CUST-457239,Auto,2016-03-31,92.42,442000,1,1,0.094
POL-69782527,CUST-970535,Life,2015-07-10,67.73,482000,0,1,0.198
POL-92188405,CUST-754377,Life,2024-08-26,55.64,689000,0,1,0.155
POL-48884978,CUST-452248,Health,2018-11-05,697.67,356000,0,1,0.115
POL-89152472,CUST-965498,Renters,2016-09-06,31.08,97000,0,1,0.201
POL-83638503,CUST-329164,Renters,2021-02-09,38.72,31000,0,1,0.236
POL-96603781,CUST-943767,Business,2017-08-12,1098.31,3659000,0,1,0.114
POL-68064830,CUST-324308,Renters,2020-08-08,21.97,60000,0,1,0.027
POL-43779528,CUST-421947,Motorcycle,2022-06-10,98.63,85000,3,0,0.074
POL-74411983,CUST-133470,Motorcycle,2020-07-10,62.94,84000,1,0,0.186
POL-56431351,CUST-697229,Renters,2018-10-04,42.15,40000,0,1,0.088
POL-90908075,CUST-784475,Health,2021-12-10,820.89,405000,0,1,0.192
POL-82613013,CUST-596750,Life,2018-06-15,134.94,997000,0,1,0.01
POL-54502486,CUST-574553,Boat,2020-08-12,220.02,216000,1,1,0.074
POL-40785405,CUST-300850,Motorcycle,2015-07-02,51.08,27000,3,1,0.228
POL-57698610,CUST-823927,Life,2019-01-26,69.97,915000,0,0,0.242
POL-81424737,CUST-686508,Renters,2025-05-11,41.13,54000,0,1,0.117
POL-62409658,CUST-463246,Home,2020-12-22,198.53,573000,0,1,0.181
POL-90681152,CUST-224082,Motorcycle,2023-01-06,146.07,83000,3,1,0.099
POL-63509974,CUST-832291,Renters,2024-03-10,33.78,70000,0,1,0.187
POL-88429450,CUST-88914,Renters,2018-05-19,35.46,94000,0,0,0.027
POL-69182797,CUST-696101,Health,2020-04-27,671.48,375000,0,1,0.14
POL-12534217,CUST-858179,Business,2021-03-12,942.73,630000,0,1,0.116
POL-90301106,CUST-325498,Renters,2019-06-28,37.72,25000,0,1,0.237
POL-26726767,CUST-154511,Renters,2019-04-25,49.86,25000,0,1,0.222
POL-6202700,CUST-256736,Life,2015-11-28,93.01,439000,0,1,0.186
POL-82043803,CUST-891014,RV,2023-07-30,593.39,245000,1,1,0.164
POL-61124923,CUST-434572,Boat,2016-09-24,569.39,172000,1,1,0.054
POL-26096655,CUST-753240,Boat,2025-04-15,770.33,474000,2,1,0.171
POL-66354180,CUST-419066,RV,2022-01-09,931.19,219000,2,1,0.069
POL-19806690,CUST-687926,Home,2019-08-24,764.31,1828000,0,1,0.166
POL-14305904,CUST-816232,Business,2015-08-03,2442.19,524000,0,1,0.061
POL-29372360,CUST-184430,Life,2022-09-22,162.72,265000,0,1,0.191
POL-62350830,CUST-52657,Health,2024-04-21,786.38,476000,0,1,0.082
POL-33446826,CUST-962037,Life,2024-12-22,163.01,675000,0,1,0.215
POL-61265269,CUST-139816,Life,2017-07-23,197.82,616000,0,1,0.044
POL-89600766,CUST-556932,Auto,2023-05-26,115.59,213000,2,1,0.004
POL-79920257,CUST-332711,Renters,2025-01-01,16.83,65000,0,1,0.186
POL-82228802,CUST-854596,Boat,2023-01-09,468.97,215000,1,1,0.055
POL-57276174,CUST-870914,Business,2024-01-30,586.73,4474000,0,1,0.161
POL-59849511,CUST-940790,Auto,2024-10-24,96.42,276000,4,1,0.027
POL-99811743,CUST-903342,Boat,2018-03-14,244.09,67000,2,1,0.016
POL-60407340,CUST-271782,Renters,2023-07-27,36.85,87000,0,1,0.081
POL-85585469,CUST-290782,Business,2019-09-13,1561.11,3906000,0,1,0.108
POL-65041510,CUST-657193,Home,2024-05-12,696.95,1465000,0,1,0.138
POL-36855845,CUST-461239,Health,2019-07-25,630.07,170000,0,1,0.207
POL-95770370,CUST-299607,Motorcycle,2016-10-23,79.92,22000,3,1,0.166
POL-36468984,CUST-352161,Umbrella,2019-06-26,581.44,3881000,0,0,0.017
POL-72498004,CUST-84491,Home,2020-12-06,165.26,303000,0,1,0.093
POL-20244148,CUST-242495,Life,2017-11-05,122.36,665000,0,0,0.14
POL-93140367,CUST-160227,Home,2022-01-04,387.57,1932000,0,1,0.188
POL-8620650,CUST-435020,Auto,2019-02-18,341.47,340000,3,1,0.144
POL-44410148,CUST-568969,Health,2022-06-05,354.73,303000,0,1,0.027
POL-55804273,CUST-65290,RV,2023-06-03,557.29,250000,2,1,0.202
POL-56390708,CUST-408396,RV,2019-01-05,982.18,265000,1,1,0.164
POL-93351515,CUST-20480,Renters,2025-06-06,16.01,46000,0,1,0.077
POL-51053877,CUST-500149,Umbrella,2025-04-15,340.41,1761000,0,1,0.142
POL-47212267,CUST-313118,Motorcycle,2015-08-05,38.35,93000,1,1,0.133
POL-56240084,CUST-564365,Motorcycle,2022-02-16,80.38,55000,2,1,0.18
POL-80967191,CUST-941423,Business,2024-10-13,1692.45,541000,0,1,0.189
POL-65529051,CUST-230080,Auto,2019-03-31,261.97,168000,4,1,0.121
POL-58496914,CUST-509232,Boat,2020-02-19,448.51,138000,1,1,0.028
POL-52191530,CUST-352457,Business,2015-12-27,1473.27,2687000,0,1,0.099
POL-97197979,CUST-173061,Business,2022-05-16,609.56,1815000,0,1,0.053
POL-17129912,CUST-652483,Life,2023-06-12,158.73,354000,0,1,0.002
POL-3619375,CUST-950983,Motorcycle,2024-07-30,51.08,60000,2,1,0.208
POL-79442503,CUST-591807,Umbrella,2022-03-13,228.83,4615000,0,1,0.109
POL-11267237,CUST-673971,Boat,2015-12-15,752.7,477000,2,1,0.143
POL-18213276,CUST-908959,Motorcycle,2022-10-14,64.74,63000,1,0,0.043
POL-24391257,CUST-52727,Business,2023-05-07,1420.19,3135000,0,1,0.211
POL-50882459,CUST-343254,Health,2019-12-02,635.68,260000,0,1,0.099
POL-61028710,CUST-342722,Renters,2019-02-04,41.1,39000,0,1,0.042
POL-50885459,CUST-291773,RV,2021-03-27,743.26,189000,1,0,0.087
POL-33859311,CUST-875467,Life,2022-08-31,66.35,204000,0,1,0.043
POL-63123515,CUST-20324,Life,2016-11-19,158.04,737000,0,1,0.238
POL-6990811,CUST-998160,Boat,2024-09-01,478.37,321000,2,1,0.221
POL-30094589,CUST-681725,Business,2021-06-12,1146.42,2752000,0,1,0.017
POL-87477029,CUST-42213,Boat,2016-08-29,578.83,443000,2,1,0.088
POL-33189803,CUST-209044,Home,2016-01-08,317.29,1048000,0,1,0.092
POL-83394260,CUST-159784,Renters,2015-11-03,17.69,22000,0,1,0.127
POL-16941092,CUST-496564,Boat,2019-07-21,548.2,440000,1,1,0.202
POL-75694715,CUST-993795,Health,2017-06-09,521.53,299000,0,1,0.239
POL-62415804,CUST-733442,Boat,2019-03-15,262.1,496000,2,0,0.021
POL-49512272,CUST-175939,Life,2019-11-08,31.85,792000,0,1,0.11
POL-21980274,CUST-326147,RV,2017-06-10,726.86,145000,2,0,0.097
POL-77669750,CUST-26925,Umbrella,2017-05-01,471.56,1220000,0,1,0.162
POL-77282128,CUST-710250,Home,2020-10-19,330.78,1270000,0,1,0.071
POL-53238057,CUST-987203,Business,2021-11-17,2246.56,2896000,0,1,0.166
POL-10200074,CUST-620859,Umbrella,2018-11-13,324.09,3752000,0,1,0.098
POL-13676961,CUST-731059,Business,2019-08-17,1917.67,811000,0,1,0.094
POL-91839693,CUST-629577,Umbrella,2020-08-15,525.27,3811000,0,1,0.237
POL-75958181,CUST-820652,RV,2017-07-21,365.42,226000,2,1,0.005
POL-46600900,CUST-558623,Renters,2016-03-11,21.31,38000,0,1,0.192
POL-88787891,CUST-388571,Health,2022-10-12,426.54,122000,0,1,0.074
POL-67908907,CUST-678998,Home,2016-08-31,455.38,1232000,0,1,0.221
POL-1698142,CUST-890844,Auto,2021-04-19,258.72,484000,2,1,0.039
POL-65793759,CUST-110665,Life,2022-08-22,170.49,859000,0,1,0.226
POL-48612055,CUST-666459,Boat,2022-11-13,226.22,216000,1,0,0.153
POL-94933359,CUST-160422,Boat,2023-04-25,340.4,150000,2,0,0.196
POL-23640702,CUST-769440,Health,2022-11-26,567.84,349000,0,0,0.115
POL-87302916,CUST-283201,Renters,2024-05-15,42.23,76000,0,1,0.242
POL-64893936,CUST-487455,Health,2024-08-25,1001.26,123000,0,1,0.013
POL-98116677,CUST-621254,Boat,2022-11-26,724.47,316000,1,1,0.129
POL-43258988,CUST-893085,Home,2020-01-22,299.54,1700000,0,1,0.112
POL-11631697,CUST-292477,RV,2019-09-02,403.14,165000,1,0,0.056
POL-32730796,CUST-786931,Boat,2023-03-01,730.78,39000,2,1,0.126
POL-76483924,CUST-639979,Health,2023-05-26,586.17,93000,0,1,0.007
POL-45150390,CUST-30094,Home,2021-12-09,687.42,1463000,0,1,0.037
POL-43622663,CUST-190672,Auto,2023-11-26,157.46,460000,4,1,0.035
POL-28470244,CUST-372060,Boat,2023-10-15,469.16,28000,1,1,0.054
POL-45679506,CUST-293243,Life,2019-11-21,121.04,813000,0,1,0.106
POL-74597009,CUST-10644,Renters,2020-03-11,23.32,26000,0,1,0.105
POL-25643159,CUST-89771,Business,2024-04-13,1414.23,1030000,0,1,0.125
POL-96646785,CUST-426170,RV,2019-08-07,311.5,185000,1,1,0.073
POL-74514489,CUST-794993,Auto,2023-10-21,246.0,151000,4,1,0.167
POL-92692016,CUST-499219,RV,2019-08-01,982.26,68000,1,1,0.118
POL-60152969,CUST-831450,Motorcycle,2023-11-04,147.72,43000,1,1,0.017
POL-12489409,CUST-308528,Health,2015-10-15,932.94,379000,0,1,0.145
POL-54277800,CUST-725391,Umbrella,2019-04-06,253.36,2478000,0,1,0.203
POL-41098277,CUST-696212,Life,2019-08-19,170.32,768000,0,1,0.174
POL-49529086,CUST-496249,Life,2025-05-21,167.01,116000,0,1,0.236
POL-71259135,CUST-360455,Auto,2024-11-28,159.23,48000,2,1,0.079
POL-73871890,CUST-346859,Renters,2022-09-24,33.04,81000,0,1,0.009
POL-94335593,CUST-475786,Health,2021-06-24,486.11,459000,0,1,0.164
POL-41154241,CUST-263615,Renters,2020-02-07,19.36,58000,0,1,0.1
POL-16194158,CUST-756321,Boat,2019-06-01,736.78,228000,2,0,0.124
POL-42352128,CUST-125362,Boat,2018-10-08,420.41,443000,2,1,0.182
POL-92632184,CUST-194143,Home,2024-08-10,401.43,1825000,0,1,0.073
POL-29042654,CUST-774483,Home,2018-10-02,156.05,1486000,0,1,0.111
POL-37111151,CUST-759782,Motorcycle,2023-09-24,50.0,68000,3,1,0.182
POL-80099897,CUST-296745,Umbrella,2024-06-01,445.94,2824000,0,1,0.245
POL-26054020,CUST-310636,Auto,2017-03-15,100.26,359000,4,1,0.2
POL-48436637,CUST-188158,Life,2019-05-13,191.74,200000,0,1,0.17
POL-1898961,CUST-742411,Boat,2020-08-20,220.88,60000,1,1,0.092
POL-16989677,CUST-287636,Motorcycle,2024-07-30,143.94,14000,2,1,0.237
POL-7318358,CUST-580238,Umbrella,2016-04-07,377.58,1322000,0,1,0.132
POL-93605777,CUST-989949,Motorcycle,2020-06-18,67.73,47000,2,0,0.006
POL-85613415,CUST-910647,Life,2017-08-22,112.33,456000,0,0,0.029
POL-13769080,CUST-915112,Renters,2023-11-05,39.64,38000,0,0,0.071
POL-77049595,CUST-298151,Boat,2015-09-14,320.11,96000,1,1,0.225
POL-64251933,CUST-461865,Boat,2023-06-24,798.36,450000,2,1,0.177
POL-24744872,CUST-53872,RV,2021-04-16,679.52,284000,2,1,0.178
POL-64119726,CUST-119629,Life,2019-10-15,163.9,583000,0,1,0.246
POL-53782042,CUST-515633,Life,2016-08-09,66.43,568000,0,1,0.139
POL-77446468,CUST-660021,Umbrella,2016-10-02,386.96,3314000,0,1,0.221
POL-20364454,CUST-156445,Home,2016-05-28,316.5,1604000,0,1,0.131
POL-40780112,CUST-89318,Motorcycle,2025-01-25,128.8,20000,2,0,0.161
POL-15898299,CUST-585181,Boat,2019-09-19,479.5,296000,2,1,0.207
POL-81378577,CUST-625084,RV,2022-07-29,747.86,98000,1,1,0.228
POL-70138498,CUST-398855,Auto,2019-05-02,304.48,297000,2,1,0.04
POL-59421007,CUST-311797,Health,2023-02-27,546.02,322000,0,1,0.211
POL-40987442,CUST-596251,Renters,2022-10-15,21.87,82000,0,1,0.156
POL-81823275,CUST-776039,Business,2016-07-08,1566.96,4316000,0,1,0.148
POL-27888820,CUST-655900,Business,2017-03-07,808.39,2932000,0,1,0.141
POL-35520201,CUST-692509,Auto,2019-01-31,101.93,361000,3,1,0.192
POL-21079846,CUST-251516,Motorcycle,2016-11-15,104.17,14000,4,1,0.136
POL-74087145,CUST-78711,Renters,2018-06-14,31.9,100000,0,1,0.113
POL-359129,CUST-428361,Auto,2018-02-26,122.68,243000,4,1,0.085
POL-92525827,CUST-622656,Life,2023-02-27,79.7,803000,0,1,0.247
POL-39092160,CUST-34225,Umbrella,2023-06-27,590.15,1548000,0,1,0.129
POL-38668783,CUST-741296,Home,2019-06-07,323.38,1078000,0,1,0.112
POL-94353392,CUST-901362,Life,2020-04-20,41.94,354000,0,0,0.216
POL-9553585,CUST-720775,Motorcycle,2023-03-21,59.79,31000,3,0,0.18
POL-35507920,CUST-826097,Health,2019-06-19,963.12,311000,0,0,0.117
POL-57061186,CUST-120351,Renters,2018-11-10,32.41,22000,0,0,0.126
POL-30173413,CUST-679094,Health,2024-10-03,415.14,235000,0,1,0.07
POL-35652586,CUST-866785,Business,2018-01-10,2264.68,4048000,0,1,0.002
POL-9584466,CUST-62535,Home,2017-11-29,401.65,1951000,0,1,0.091
POL-41286958,CUST-623948,Motorcycle,2018-04-26,73.91,63000,1,1,0.049
POL-38736657,CUST-460485,RV,2025-03-05,502.02,151000,2,1,0.07
POL-62907576,CUST-722131,Business,2017-08-10,1860.8,1097000,0,1,0.024
POL-93916665,CUST-422060,Umbrella,2020-08-31,517.96,2422000,0,1,0.091
POL-67172238,CUST-566211,Life,2020-02-15,59.84,584000,0,1,0.01
POL-58755000,CUST-84349,Auto,2023-11-23,117.0,200000,4,1,0.037
POL-57985905,CUST-770214,RV,2016-03-03,397.85,294000,2,1,0.248
POL-81029073,CUST-262529,Renters,2020-12-22,35.78,76000,0,1,0.133
POL-12257687,CUST-240044,Business,2015-12-07,1099.58,240000,0,1,0.168
POL-78802305,CUST-996971,Motorcycle,2025-04-12,100.04,92000,1,1,0.066
POL-90232106,CUST-861322,Business,2015-11-05,1655.27,531000,0,1,0.043
POL-77342561,CUST-42185,Business,2020-01-29,2049.21,3289000,0,1,0.17
POL-63149551,CUST-544173,Auto,2018-06-22,234.59,392000,1,1,0.11
POL-37333543,CUST-190305,Motorcycle,2023-01-06,48.17,37000,4,1,0.153
POL-58503492,CUST-665620,Boat,2025-06-14,723.69,411000,1,1,0.13
POL-12246348,CUST-492841,RV,2023-11-10,527.53,224000,2,1,0.078
POL-54807553,CUST-349499,Life,2021-05-31,105.44,609000,0,1,0.089
POL-89943797,CUST-109680,Renters,2020-12-14,36.35,35000,0,0,0.07
POL-44265498,CUST-431641,Renters,2018-03-25,22.87,49000,0,1,0.176
POL-38683937,CUST-694769,Boat,2023-12-03,390.22,208000,2,1,0.143
POL-73832717,CUST-38479,RV,2022-04-22,565.79,153000,2,0,0.201
POL-11819185,CUST-329795,Renters,2023-03-26,16.47,20000,0,1,0.111
POL-43389073,CUST-121552,Renters,2019-10-15,41.16,38000,0,1,0.135
POL-69067939,CUST-864998,RV,2022-05-15,787.32,86000,1,1,0.147
POL-88269682,CUST-911597,Health,2015-07-07,250.77,328000,0,1,0.058
POL-62005415,CUST-433321,Home,2024-09-21,389.31,1604000,0,1,0.17
POL-25176902,CUST-543623,Life,2016-05-31,25.91,627000,0,0,0.039
POL-83568503,CUST-793188,Boat,2021-08-25,486.47,130000,2,1,0.161
POL-83940940,CUST-463513,Home,2023-12-22,556.61,587000,0,1,0.181
POL-27321124,CUST-280028,Auto,2016-05-15,326.57,117000,4,1,0.044
POL-17584297,CUST-972735,Auto,2024-11-01,349.24,233000,4,1,0.187
POL-58802946,CUST-923634,Renters,2020-05-23,45.69,11000,0,1,0.151
POL-16297533,CUST-30271,Umbrella,2023-09-27,313.82,3690000,0,1,0.123
POL-95265438,CUST-166071,Life,2019-07-25,173.94,541000,0,1,0.202
POL-73932360,CUST-14338,Umbrella,2020-10-11,265.0,2925000,0,1,0.18
POL-54759583,CUST-97736,Auto,2024-11-20,278.89,440000,3,1,0.189
POL-15228493,CUST-483863,Life,2019-04-26,131.92,720000,0,1,0.207
POL-86934122,CUST-872565,RV,2017-06-28,529.55,155000,1,1,0.035
POL-66890827,CUST-977957,Umbrella,2018-02-10,574.33,1029000,0,1,0.059
POL-68299645,CUST-739677,Renters,2020-06-16,48.39,50000,0,1,0.143
POL-55766169,CUST-875271,Renters,2020-02-23,37.88,41000,0,1,0.03
POL-63380266,CUST-255570,Renters,2023-09-14,20.59,100000,0,1,0.224
POL-73989546,CUST-151668,Renters,2023-04-07,39.16,94000,0,0,0.074
POL-25583290,CUST-966648,Business,2022-01-07,941.7,1220000,0,1,0.114
POL-18321839,CUST-905997,Business,2024-02-21,1247.25,4707000,0,0,0.189
POL-37077298,CUST-810208,Health,2016-09-05,961.86,407000,0,1,0.218
POL-45617282,CUST-979630,Home,2022-07-21,467.85,1208000,0,1,0.02
POL-35859307,CUST-860408,Business,2024-02-17,724.42,4694000,0,0,0.051
POL-37962005,CUST-761319,RV,2015-07-15,404.9,136000,2,1,0.051
POL-78777447,CUST-608093,Business,2020-07-28,1477.66,4381000,0,1,0.014
POL-19944139,CUST-468238,Life,2023-10-28,114.82,529000,0,1,0.14
POL-65007200,CUST-361888,Renters,2024-08-27,40.31,62000,0,1,0.001
POL-74077101,CUST-799929,Health,2021-02-23,778.31,74000,0,1,0.175
POL-50628276,CUST-477463,RV,2024-09-26,995.89,295000,1,0,0.118
POL-25320492,CUST-731380,Renters,2020-12-19,29.31,28000,0,1,0.245
POL-76745380,CUST-401574,Motorcycle,2019-07-22,74.94,60000,4,1,0.227
POL-55133300,CUST-45767,Motorcycle,2019-06-20,39.63,97000,2,1,0.087
POL-99952633,CUST-495951,Life,2020-11-27,198.75,462000,0,1,0.182
POL-51818612,CUST-695928,Health,2021-12-23,1034.82,446000,0,1,0.075
POL-66481885,CUST-38817,RV,2018-01-30,596.89,149000,1,1,0.087
POL-67416376,CUST-618849,Renters,2017-08-22,21.6,25000,0,1,0.165
POL-13470708,CUST-916655,Business,2021-02-20,2032.11,231000,0,1,0.017
POL-13383077,CUST-551499,Business,2022-12-25,567.15,508000,0,1,0.011
POL-2059919,CUST-757537,Boat,2023-04-08,340.6,139000,1,1,0.248
POL-55026398,CUST-913239,Health,2017-12-11,1015.79,434000,0,1,0.144
POL-10043277,CUST-492296,Umbrella,2018-02-13,294.76,4675000,0,1,0.165
POL-45440919,CUST-653534,Health,2020-01-01,613.56,194000,0,1,0.237
POL-87219599,CUST-84216,Life,2022-04-03,134.55,498000,0,1,0.012
POL-90510730,CUST-901085,Umbrella,2021-01-30,576.63,3816000,0,1,0.131
POL-51003997,CUST-332043,Motorcycle,2024-07-27,78.99,49000,4,1,0.134
POL-72613940,CUST-37642,Health,2023-10-18,1049.34,208000,0,1,0.036
POL-31510328,CUST-661820,Boat,2016-08-28,748.84,320000,2,0,0.139
POL-30532691,CUST-783041,Life,2020-05-19,92.97,317000,0,1,0.162
POL-58246664,CUST-103225,Boat,2017-01-11,708.28,73000,1,1,0.094
POL-59549527,CUST-174446,Business,2017-03-15,1705.84,711000,0,1,0.19
POL-3885234,CUST-48225,RV,2020-08-02,451.91,105000,2,1,0.227
POL-7532195,CUST-307618,Health,2021-01-04,1137.16,439000,0,1,0.25
POL-50310319,CUST-451607,Boat,2021-08-04,748.66,390000,1,1,0.06
POL-32775624,CUST-556968,Umbrella,2017-12-20,510.21,2597000,0,1,0.162
POL-75957578,CUST-714919,Renters,2022-07-03,24.15,77000,0,1,0.117
POL-22814819,CUST-183573,Boat,2018-07-22,656.98,193000,1,1,0.103
POL-81804602,CUST-913141,Business,2016-11-01,2228.17,1324000,0,1,0.138
POL-83176117,CUST-716318,Business,2022-01-01,1658.29,3603000,0,1,0.049
POL-66795767,CUST-957170,Health,2019-08-04,579.84,487000,0,1,0.138
POL-19208935,CUST-243467,Umbrella,2025-05-31,302.93,4446000,0,1,0.181
POL-85618110,CUST-266314,Boat,2023-05-04,476.5,409000,2,1,0.18
POL-34269370,CUST-699233,Boat,2023-04-24,310.43,491000,1,1,0.21
POL-62445234,CUST-944986,Home,2015-08-27,761.63,1501000,0,1,0.002
POL-90947393,CUST-573149,Life,2020-05-21,172.45,293000,0,1,0.038
POL-9913576,CUST-463187,Health,2018-03-07,705.73,246000,0,1,0.159
POL-78862539,CUST-313685,Business,2021-05-16,2325.5,4192000,0,1,0.133
POL-92652311,CUST-262246,Motorcycle,2022-09-17,31.42,79000,3,1,0.072
POL-40550084,CUST-208894,RV,2023-04-07,869.21,227000,2,1,0.227
POL-64855088,CUST-111834,Home,2022-01-14,742.63,1200000,0,1,0.048
POL-51185849,CUST-599704,RV,2019-07-12,476.69,143000,2,1,0.02
POL-77149951,CUST-310244,Motorcycle,2021-08-07,85.08,42000,2,1,0.207
POL-2944682,CUST-870357,Home,2020-07-07,557.62,1900000,0,1,0.008
POL-36840133,CUST-8491,Motorcycle,2022-03-24,75.51,82000,4,1,0.002
POL-92046449,CUST-816118,Life,2025-02-13,39.47,936000,0,1,0.196
POL-81390501,CUST-781369,Business,2016-04-29,2454.66,900000,0,1,0.23
POL-38412328,CUST-813423,Health,2023-12-11,411.42,413000,0,1,0.119
POL-81478884,CUST-840886,Auto,2019-05-29,329.52,384000,3,1,0.141
POL-29394291,CUST-667542,Auto,2021-06-27,128.43,471000,3,1,0.052
POL-83334601,CUST-262801,Life,2018-09-23,156.64,797000,0,1,0.232
POL-84322033,CUST-101883,Renters,2017-10-26,20.69,42000,0,1,0.212
POL-41464269,CUST-826918,RV,2016-02-29,532.21,248000,1,1,0.172
POL-4478111,CUST-607727,Home,2022-12-29,450.55,825000,0,1,0.109
POL-98295664,CUST-137795,Home,2021-09-13,338.41,1713000,0,1,0.149
POL-39609054,CUST-342589,Umbrella,2017-01-10,211.85,2146000,0,1,0.113
POL-23574011,CUST-210548,Health,2022-07-24,555.81,247000,0,1,0.17
POL-72398083,CUST-919035,Motorcycle,2017-09-28,40.28,91000,3,1,0.178
POL-71249799,CUST-526169,Home,2021-09-19,287.58,897000,0,1,0.158
POL-22084778,CUST-269452,Motorcycle,2020-02-17,68.0,24000,1,1,0.077
POL-39613214,CUST-782824,Umbrella,2023-09-10,504.54,1429000,0,1,0.047
POL-15457816,CUST-491081,Boat,2021-04-03,534.19,294000,2,1,0.022
POL-18892086,CUST-790785,RV,2016-10-09,365.14,207000,2,1,0.003
POL-90774633,CUST-759396,Motorcycle,2019-05-01,76.54,21000,2,1,0.042
POL-74801233,CUST-383542,Motorcycle,2022-04-03,50.34,45000,3,1,0.036
POL-52958901,CUST-14594,Life,2017-01-11,101.07,492000,0,1,0.196
POL-72017516,CUST-129592,Umbrella,2019-12-29,300.68,2034000,0,1,0.124
POL-49470729,CUST-705511,Business,2023-03-25,891.1,997000,0,1,0.002
POL-78458327,CUST-399534,Motorcycle,2019-12-15,69.87,91000,4,1,0.082
POL-14541967,CUST-707617,Umbrella,2021-10-24,372.25,4454000,0,1,0.244
POL-63280554,CUST-26240,Life,2019-06-21,77.58,683000,0,0,0.05
POL-44024257,CUST-959715,Umbrella,2025-01-16,271.05,2670000,0,0,0.073
POL-86926431,CUST-66287,Boat,2019-04-05,780.66,435000,1,1,0.07
POL-94096984,CUST-316869,Motorcycle,2023-05-23,73.8,84000,2,1,0.136
POL-15659979,CUST-146566,RV,2022-06-10,318.84,241000,2,0,0.052
POL-4994527,CUST-319149,Renters,2016-04-06,44.09,19000,0,1,0.199
POL-15585427,CUST-101913,Motorcycle,2023-11-16,110.76,28000,3,1,0.165
POL-72148284,CUST-142254,Motorcycle,2019-06-27,124.69,20000,4,0,0.12
POL-60887034,CUST-389033,Motorcycle,2022-02-07,94.12,65000,1,1,0.09
POL-56254240,CUST-615870,RV,2024-09-06,715.67,290000,1,1,0.062
POL-55684858,CUST-686735,Umbrella,2018-02-14,266.54,3570000,0,1,0.246
POL-65679047,CUST-645558,Motorcycle,2017-03-06,146.02,53000,4,1,0.025
POL-37546086,CUST-34305,Health,2022-06-08,710.68,322000,0,1,0.172
POL-29161443,CUST-464920,Health,2021-10-18,645.78,255000,0,1,0.17
POL-31690501,CUST-897004,RV,2023-01-22,405.52,56000,2,1,0.104
POL-13335151,CUST-718987,Home,2021-08-30,181.25,1631000,0,1,0.078
POL-73076970,CUST-945497,Boat,2021-09-28,670.56,298000,2,1,0.024
POL-8126895,CUST-417479,Boat,2021-08-05,391.35,182000,1,1,0.029
POL-25475673,CUST-128093,Umbrella,2020-03-09,459.19,3840000,0,1,0.232
POL-12304198,CUST-694963,Health,2023-03-25,715.99,339000,0,1,0.14
POL-86128115,CUST-670556,Boat,2019-02-06,339.11,237000,1,1,0.164
POL-6788532,CUST-825013,Motorcycle,2015-11-09,33.5,90000,2,1,0.107
POL-32691263,CUST-132040,Auto,2021-03-02,270.28,133000,3,1,0.202
POL-27542226,CUST-71942,Home,2025-02-05,504.14,1777000,0,1,0.047
POL-27804191,CUST-614867,Umbrella,2024-12-02,278.83,1478000,0,1,0.216
POL-31272553,CUST-344519,RV,2019-03-02,976.14,132000,2,1,0.147
POL-79991301,CUST-2973,Umbrella,2018-01-01,340.79,2920000,0,1,0.203
POL-19419691,CUST-136306,Renters,2020-03-17,47.15,87000,0,1,0.033
POL-33642236,CUST-837302,Home,2024-09-06,267.0,345000,0,1,0.173
POL-14754064,CUST-693169,RV,2018-06-18,571.92,206000,1,1,0.106
POL-17690330,CUST-15582,Boat,2015-12-07,581.3,389000,1,1,0.122
POL-31934639,CUST-617457,Life,2021-08-03,57.74,933000,0,1,0.013
POL-2118101,CUST-182710,Umbrella,2020-12-31,580.74,3033000,0,1,0.204
POL-7032877,CUST-132915,RV,2020-01-03,653.81,180000,2,1,0.104
POL-70610004,CUST-119169,Boat,2022-08-27,493.22,68000,1,1,0.055
POL-63920651,CUST-470050,Auto,2016-07-28,154.21,307000,3,1,0.114
POL-68885632,CUST-622503,Boat,2021-08-26,529.84,84000,1,1,0.136
POL-60667140,CUST-528313,Umbrella,2017-05-07,416.82,4174000,0,1,0.18
POL-82558242,CUST-45471,RV,2019-04-06,452.98,161000,1,1,0.163
POL-40484137,CUST-480292,Health,2024-05-13,497.71,67000,0,1,0.087
POL-8163847,CUST-502248,Home,2016-01-09,407.35,346000,0,1,0.059
POL-57213476,CUST-719425,Business,2022-04-29,1878.27,3692000,0,1,0.035
POL-65802771,CUST-747006,Health,2017-04-30,1013.53,472000,0,1,0.088
POL-9863756,CUST-942949,Renters,2023-01-15,35.89,32000,0,1,0.176
POL-43233116,CUST-637846,Renters,2016-11-13,35.05,77000,0,0,0.17
POL-8815720,CUST-132321,Home,2018-01-06,194.91,1673000,0,1,0.23
POL-83794475,CUST-663829,Renters,2020-03-03,45.35,27000,0,1,0.033
POL-73599154,CUST-746746,Life,2025-06-14,149.49,919000,0,1,0.211
POL-51124122,CUST-626410,Motorcycle,2021-01-09,88.74,86000,3,1,0.094
POL-39580505,CUST-475755,Home,2024-07-08,543.54,1946000,0,1,0.101
POL-81259008,CUST-451096,Renters,2024-02-04,39.31,58000,0,1,0.122
POL-94191239,CUST-119971,Business,2017-03-07,504.95,881000,0,1,0.115
POL-96749495,CUST-907534,Umbrella,2024-11-14,540.04,4337000,0,1,0.054
POL-57723010,CUST-473489,Motorcycle,2019-02-25,128.98,75000,3,1,0.071
POL-55541117,CUST-355395,RV,2019-05-19,704.55,198000,2,1,0.224
POL-53516659,CUST-436196,Auto,2023-03-17,92.4,353000,4,1,0.232
POL-41949529,CUST-447494,Life,2017-02-09,102.23,51000,0,0,0.107
POL-89269266,CUST-267271,Life,2020-10-22,179.38,367000,0,1,0.233
POL-20486849,CUST-720184,Renters,2021-11-10,18.27,57000,0,1,0.093
POL-9010480,CUST-95656,Life,2023-07-24,34.06,706000,0,1,0.175
POL-12513132,CUST-452855,Health,2016-12-11,629.23,98000,0,1,0.0
POL-99937039,CUST-774683,Boat,2017-02-19,246.76,336000,1,1,0.111
POL-17463800,CUST-583397,Auto,2021-10-31,267.81,453000,1,0,0.106
POL-78714010,CUST-588866,Life,2016-07-06,108.6,290000,0,1,0.183
POL-44244334,CUST-702559,Home,2025-01-18,172.24,871000,0,1,0.034
POL-55137801,CUST-370774,Life,2017-07-28,137.28,760000,0,1,0.133
POL-96779126,CUST-53945,Auto,2022-09-09,244.79,111000,4,1,0.053
POL-80585678,CUST-327626,Life,2020-05-21,185.98,696000,0,1,0.215
POL-13905032,CUST-605991,Home,2021-06-23,727.62,394000,0,1,0.147
POL-28553319,CUST-162246,Motorcycle,2024-02-15,72.18,66000,3,1,0.062
POL-30097636,CUST-888432,Home,2023-09-12,273.72,1360000,0,1,0.152
POL-46991504,CUST-886438,Auto,2017-05-02,308.93,370000,3,1,0.152
POL-49333209,CUST-120465,Health,2024-12-15,947.84,205000,0,1,0.196
POL-77054398,CUST-237144,Health,2020-03-25,694.89,109000,0,1,0.16
POL-75291541,CUST-804711,Home,2022-10-17,469.8,125000,0,0,0.233
POL-3523729,CUST-638577,Life,2024-12-18,92.7,930000,0,1,0.091
POL-3886030,CUST-189179,Life,2020-01-16,158.48,858000,0,1,0.147
POL-94314632,CUST-799444,Auto,2020-02-22,150.79,46000,1,0,0.099
POL-45610493,CUST-368074,Renters,2020-09-30,37.0,76000,0,1,0.106
POL-24347841,CUST-912117,Motorcycle,2015-08-06,39.89,80000,2,1,0.077
POL-76010330,CUST-689275,RV,2017-12-06,944.65,262000,1,1,0.098
POL-9339597,CUST-148766,Home,2022-04-24,317.12,1017000,0,1,0.212
POL-12315507,CUST-782354,Auto,2016-01-06,146.01,253000,1,1,0.152
POL-28874646,CUST-394468,Renters,2024-07-08,38.31,96000,0,1,0.03
POL-60887307,CUST-357455,Life,2022-08-20,147.76,222000,0,1,0.087
POL-49667685,CUST-326775,RV,2018-03-04,848.09,239000,2,1,0.032
POL-76181117,CUST-625185,Renters,2021-01-04,40.65,25000,0,1,0.007
POL-7061037,CUST-163137,Motorcycle,2016-12-08,62.64,18000,3,1,0.144
POL-82924837,CUST-52179,Home,2018-03-04,447.3,1171000,0,1,0.125
POL-36521025,CUST-464637,Business,2016-11-17,833.76,1420000,0,1,0.026
POL-65184410,CUST-636565,Business,2022-09-15,1848.24,1067000,0,1,0.127
POL-55590800,CUST-286436,Auto,2023-01-05,311.85,31000,2,1,0.091
POL-68765957,CUST-119346,Life,2019-02-28,56.32,949000,0,1,0.201
POL-57702031,CUST-116276,Motorcycle,2021-05-13,56.94,43000,4,0,0.08
POL-91028864,CUST-711444,Home,2020-04-24,500.08,350000,0,1,0.225
POL-70723898,CUST-699539,Life,2023-10-09,64.06,591000,0,0,0.239
POL-6095815,CUST-231230,Home,2020-09-27,713.89,1916000,0,1,0.211
POL-80440034,CUST-57443,Umbrella,2022-03-21,234.55,2916000,0,1,0.05
POL-27437207,CUST-316061,Business,2015-08-16,2069.01,2135000,0,1,0.148
POL-18419343,CUST-801280,Boat,2019-02-01,798.67,432000,1,1,0.137
POL-38848936,CUST-344061,Health,2019-11-03,350.57,265000,0,1,0.135
POL-1037490,CUST-521546,Auto,2017-07-14,336.77,26000,4,1,0.182
POL-23581357,CUST-135461,Home,2022-10-26,243.64,599000,0,1,0.24
POL-71481992,CUST-737852,Life,2021-12-17,149.54,148000,0,1,0.058
POL-67144075,CUST-585864,RV,2019-05-29,589.14,285000,2,1,0.187
POL-9673809,CUST-416359,Business,2021-07-08,691.15,1220000,0,1,0.099
POL-58548403,CUST-19651,Business,2016-03-18,1635.64,3749000,0,1,0.033
POL-10450542,CUST-903987,Renters,2023-04-25,24.13,51000,0,0,0.098
POL-77277086,CUST-450137,Umbrella,2020-10-26,327.22,2141000,0,1,0.236
POL-54280720,CUST-743963,Life,2025-03-31,161.49,663000,0,1,0.026
POL-38858073,CUST-120768,Boat,2022-08-07,479.63,238000,1,1,0.241
POL-2799319,CUST-340544,Health,2022-05-20,651.92,293000,0,1,0.03
POL-82963368,CUST-482446,Life,2018-06-01,166.33,369000,0,1,0.174
POL-11828592,CUST-457925,Auto,2021-08-25,138.06,474000,3,1,0.178
POL-32657384,CUST-456839,Umbrella,2017-04-17,358.5,1205000,0,1,0.065
POL-70325062,CUST-82467,Life,2022-04-22,30.44,474000,0,1,0.139
POL-41644346,CUST-782033,RV,2022-03-24,474.9,171000,1,1,0.035
POL-29738898,CUST-349247,Auto,2021-04-08,96.65,434000,2,1,0.206
POL-10251466,CUST-535280,Umbrella,2018-05-09,474.51,4932000,0,1,0.146
POL-71216573,CUST-534723,Renters,2017-06-07,47.11,20000,0,1,0.016
POL-46892354,CUST-368154,Boat,2018-10-16,685.58,73000,2,1,0.236
POL-31711468,CUST-107798,Auto,2018-01-02,125.36,326000,4,1,0.099
POL-34355473,CUST-206854,Auto,2017-12-25,183.34,249000,2,1,0.227
POL-80852623,CUST-160295,Renters,2018-06-12,24.79,29000,0,1,0.155
POL-23776150,CUST-997502,Health,2016-10-10,847.28,312000,0,1,0.138
POL-62270726,CUST-791093,Auto,2023-11-25,103.68,226000,2,1,0.161
POL-77774890,CUST-470711,RV,2025-01-30,474.4,260000,1,0,0.195
POL-86300902,CUST-666158,Umbrella,2025-02-04,391.87,4278000,0,1,0.228
POL-84183695,CUST-331495,RV,2020-12-28,525.12,121000,1,1,0.149
POL-59023966,CUST-71603,Auto,2018-01-23,321.86,433000,3,1,0.248
POL-59352161,CUST-662055,RV,2023-06-21,550.2,203000,1,0,0.025
POL-36866075,CUST-620148,Health,2020-08-23,466.53,478000,0,1,0.184
POL-47236885,CUST-531981,Health,2016-06-13,775.69,468000,0,1,0.234
POL-41662236,CUST-484172,Life,2016-10-03,55.82,671000,0,1,0.185
POL-5047559,CUST-59653,Umbrella,2023-03-08,565.59,1118000,0,1,0.088
POL-38530827,CUST-80458,Business,2021-10-07,1627.21,4824000,0,0,0.209
POL-82545028,CUST-622937,Boat,2017-01-11,525.27,117000,2,1,0.014
POL-51604364,CUST-485188,Business,2024-02-13,937.62,4516000,0,1,0.083
POL-74399083,CUST-830281,Business,2025-05-14,902.93,1195000,0,1,0.044
POL-60362235,CUST-953207,Umbrella,2016-03-10,223.82,1620000,0,1,0.229
POL-87488142,CUST-197383,Home,2025-03-21,692.54,1905000,0,1,0.018
POL-81202508,CUST-498733,Motorcycle,2020-12-17,100.32,54000,3,1,0.244
POL-20248230,CUST-64879,Motorcycle,2024-01-09,125.02,74000,3,1,0.242
POL-13891786,CUST-850360,Business,2023-02-27,2073.98,1973000,0,1,0.204
POL-95873810,CUST-88425,Motorcycle,2021-05-03,66.82,49000,2,1,0.0
POL-86721710,CUST-180941,Business,2024-01-29,1283.2,4860000,0,1,0.151
POL-33251599,CUST-741995,Business,2016-02-28,941.79,4844000,0,1,0.124
POL-58978194,CUST-549525,Umbrella,2022-12-10,498.14,1998000,0,1,0.08
POL-81846696,CUST-166457,Home,2024-05-21,675.16,1505000,0,1,0.222
POL-50043345,CUST-962526,Boat,2021-09-07,206.84,135000,1,1,0.088
POL-51998170,CUST-428625,Home,2020-04-21,604.29,201000,0,1,0.183
POL-91120109,CUST-626928,Life,2021-04-01,179.8,567000,0,1,0.088
POL-84676162,CUST-678748,Motorcycle,2016-05-20,42.17,73000,2,1,0.018
POL-8846539,CUST-345705,Auto,2021-03-09,159.63,192000,3,0,0.019
POL-74888554,CUST-711332,Life,2017-02-06,180.39,219000,0,1,0.137
POL-38137561,CUST-264236,Home,2022-01-26,336.57,1387000,0,1,0.176
POL-44743095,CUST-85461,Motorcycle,2018-01-19,143.09,32000,4,1,0.025
POL-89068509,CUST-148298,Health,2025-05-29,1174.4,265000,0,1,0.181
POL-41638598,CUST-687923,RV,2021-06-11,485.69,124000,2,1,0.012
POL-17307598,CUST-623945,Business,2022-02-28,1599.33,4218000,0,1,0.09
POL-41551377,CUST-586072,Motorcycle,2016-12-07,40.52,97000,4,1,0.006
POL-86368203,CUST-830117,Life,2021-11-25,136.68,136000,0,1,0.029
POL-17152188,CUST-702667,Motorcycle,2021-01-30,86.51,97000,3,1,0.136
POL-12543044,CUST-677406,Life,2024-06-12,89.93,450000,0,1,0.111
POL-68248169,CUST-379404,Renters,2022-09-11,30.39,45000,0,1,0.067
POL-48667035,CUST-323869,Auto,2015-10-21,120.81,390000,1,1,0.086
POL-28748452,CUST-358332,RV,2018-07-24,589.79,248000,1,1,0.21
POL-25770506,CUST-237547,RV,2023-10-07,593.04,190000,2,1,0.059
POL-20796389,CUST-80913,Renters,2017-10-31,17.76,15000,0,1,0.225
POL-13574883,CUST-532351,Business,2020-07-10,1855.07,1337000,0,1,0.189
POL-99139119,CUST-926607,Life,2024-09-04,191.09,225000,0,0,0.202
POL-5066382,CUST-694083,Life,2024-06-13,32.47,132000,0,0,0.109
POL-82950779,CUST-137414,Life,2021-03-22,170.97,320000,0,1,0.182
POL-20703455,CUST-170128,Home,2021-11-25,160.92,1267000,0,1,0.082
POL-92992167,CUST-808554,Renters,2018-07-27,33.19,12000,0,1,0.156
POL-96795543,CUST-458933,RV,2018-04-23,847.18,79000,2,1,0.142
POL-55144509,CUST-381995,Business,2016-03-27,2016.75,941000,0,0,0.141
POL-59619341,CUST-640255,Home,2019-07-14,650.02,1919000,0,1,0.086
POL-60254091,CUST-245369,Motorcycle,2020-05-04,61.7,96000,4,1,0.118
POL-32100652,CUST-324500,Life,2024-07-30,73.2,201000,0,1,0.17
POL-26040410,CUST-385709,Motorcycle,2023-06-22,34.65,53000,2,1,0.119
POL-59135982,CUST-484106,Renters,2025-03-13,46.4,13000,0,1,0.198
POL-51254050,CUST-527335,Renters,2020-04-14,24.81,74000,0,1,0.171
POL-56191704,CUST-169930,Health,2024-06-19,334.39,440000,0,1,0.206
POL-81156554,CUST-145121,Renters,2018-11-21,40.51,89000,0,1,0.047
POL-7003454,CUST-672324,Health,2019-09-30,1113.43,263000,0,1,0.19
POL-49823245,CUST-581478,Umbrella,2023-09-02,528.41,3161000,0,1,0.016
POL-95482622,CUST-886982,RV,2017-03-28,582.37,255000,1,1,0.219
POL-16733967,CUST-298910,Health,2024-04-08,1036.98,181000,0,1,0.013
POL-21516757,CUST-286042,Umbrella,2016-12-02,481.85,2149000,0,1,0.116
POL-68901038,CUST-154506,Motorcycle,2023-02-19,106.25,26000,1,1,0.122
POL-12309586,CUST-992386,Boat,2022-12-08,306.55,481000,2,1,0.087
POL-60549373,CUST-927601,Life,2019-04-09,171.59,321000,0,1,0.172
POL-3579612,CUST-435050,Renters,2021-06-10,15.96,17000,0,1,0.143
POL-53211150,CUST-526392,Health,2016-05-25,1057.11,389000,0,1,0.052
POL-31645597,CUST-404924,Motorcycle,2021-11-08,91.59,99000,1,1,0.033
POL-50319927,CUST-235445,Life,2016-11-18,130.2,59000,0,1,0.152
POL-42773159,CUST-976041,Renters,2015-12-22,39.95,94000,0,1,0.224
POL-95925983,CUST-681533,Umbrella,2017-03-06,383.6,1915000,0,1,0.169
POL-19602406,CUST-144283,Business,2021-03-13,1294.31,958000,0,1,0.25
POL-38504300,CUST-961959,Umbrella,2016-02-23,424.58,3490000,0,1,0.075
POL-93425200,CUST-871482,Home,2023-07-13,437.22,805000,0,0,0.16
POL-94695462,CUST-491897,Renters,2017-11-08,24.14,95000,0,1,0.037
POL-82590645,CUST-5506,Health,2023-02-15,1099.69,472000,0,1,0.203
POL-2550658,CUST-268355,Motorcycle,2016-11-03,109.26,99000,2,1,0.164
POL-20068183,CUST-575462,Renters,2019-03-01,24.08,65000,0,1,0.184
POL-56808292,CUST-116587,Business,2024-06-21,1916.14,4899000,0,1,0.086
POL-31895531,CUST-315779,Health,2020-05-24,886.32,385000,0,1,0.227
POL-6408822,CUST-250021,Umbrella,2017-07-26,402.93,4546000,0,1,0.164
POL-85758649,CUST-832463,RV,2022-08-20,426.8,76000,2,1,0.065
POL-8429833,CUST-116242,RV,2023-04-09,834.04,98000,2,1,0.056
POL-80092958,CUST-562093,Health,2023-12-30,944.21,211000,0,1,0.222
POL-84819556,CUST-540410,Umbrella,2015-10-10,304.22,2233000,0,1,0.029
POL-32472386,CUST-753448,Auto,2025-04-11,313.93,331000,1,1,0.049
POL-39093864,CUST-450089,Home,2017-12-08,707.25,900000,0,1,0.103
POL-82518345,CUST-369954,Life,2015-07-09,49.04,260000,0,1,0.247
POL-76593187,CUST-436802,Boat,2019-08-02,285.93,477000,1,1,0.122
POL-89170406,CUST-700674,Life,2018-09-05,79.85,111000,0,1,0.068
POL-70260907,CUST-378120,Life,2016-12-12,125.85,216000,0,1,0.191
POL-70606503,CUST-570511,Home,2016-08-23,190.58,1010000,0,1,0.101
POL-68131950,CUST-581070,Boat,2024-02-15,429.99,45000,1,1,0.238
POL-52405812,CUST-915754,Umbrella,2015-11-03,502.74,3227000,0,1,0.169
POL-5843091,CUST-666549,Health,2023-06-29,426.27,231000,0,1,0.026
POL-50103798,CUST-265971,RV,2022-01-27,712.07,94000,1,1,0.075
POL-47928328,CUST-826823,Renters,2015-10-08,30.96,78000,0,1,0.084
POL-46278607,CUST-252838,Life,2016-08-22,84.98,995000,0,1,0.188
POL-78101741,CUST-770899,Life,2017-04-04,190.91,901000,0,1,0.057
POL-17905932,CUST-46489,Life,2021-02-24,61.96,73000,0,1,0.042
POL-73284724,CUST-354992,Umbrella,2021-06-27,484.44,4322000,0,1,0.219
POL-91896538,CUST-487192,Renters,2018-06-21,41.99,92000,0,1,0.249
POL-84790150,CUST-191132,Home,2023-08-20,557.5,141000,0,1,0.029
POL-8469210,CUST-750827,Boat,2017-10-14,428.15,312000,2,1,0.038
POL-4963880,CUST-307696,Auto,2023-04-12,161.3,372000,1,1,0.067
POL-5879578,CUST-829538,Business,2018-12-03,1901.45,3613000,0,1,0.026
POL-5624520,CUST-330926,Business,2018-11-20,735.47,1056000,0,1,0.124
POL-69173614,CUST-417568,Business,2020-10-07,899.5,2306000,0,1,0.243
POL-63538641,CUST-265618,Umbrella,2024-09-24,481.37,2239000,0,1,0.137
POL-86825515,CUST-200386,Health,2016-02-12,888.2,302000,0,1,0.001
POL-47912262,CUST-904017,Home,2020-05-11,734.82,1852000,0,1,0.124
POL-88010774,CUST-348048,Home,2016-04-22,645.67,257000,0,1,0.025
POL-16706752,CUST-838171,Renters,2020-02-21,37.55,70000,0,0,0.074
POL-58646621,CUST-932694,Boat,2021-10-02,230.05,451000,1,1,0.213
POL-99765071,CUST-461097,Umbrella,2022-04-19,520.64,2312000,0,1,0.029
POL-45504725,CUST-195892,Auto,2022-01-26,82.61,98000,2,1,0.224
POL-92887860,CUST-521691,Business,2023-12-08,1036.62,880000,0,1,0.086
POL-69696025,CUST-279676,Home,2021-09-28,380.54,1057000,0,1,0.096
POL-97587203,CUST-445120,Boat,2016-11-24,679.94,365000,1,1,0.174
POL-57795113,CUST-631718,Auto,2016-11-01,345.02,468000,2,1,0.228
POL-73212334,CUST-308036,Boat,2018-07-25,681.36,381000,2,1,0.095
POL-13770458,CUST-83958,Umbrella,2020-12-15,444.54,4618000,0,1,0.21
POL-88707076,CUST-310000,Life,2021-01-26,109.54,562000,0,1,0.103
POL-59849800,CUST-631894,Auto,2020-09-15,97.1,368000,3,1,0.217
POL-22366682,CUST-723270,RV,2022-09-28,837.27,201000,1,0,0.167
POL-47183837,CUST-468849,Umbrella,2023-01-17,407.64,3887000,0,1,0.024
POL-97551376,CUST-912300,Health,2016-03-19,681.93,398000,0,1,0.096
POL-82523968,CUST-456068,RV,2021-06-28,924.44,211000,1,1,0.234
POL-85828117,CUST-829924,RV,2020-03-01,894.19,273000,2,1,0.019
POL-10071854,CUST-703787,Boat,2016-06-20,392.38,198000,2,1,0.056
POL-48762794,CUST-538009,Motorcycle,2022-05-28,78.39,41000,1,1,0.2
POL-4179623,CUST-149715,Boat,2018-03-20,252.81,286000,2,1,0.245
POL-4670638,CUST-132361,Auto,2022-12-12,107.71,241000,1,1,0.0
POL-31674763,CUST-816332,Home,2016-08-20,654.25,1398000,0,1,0.223
POL-48607028,CUST-401451,RV,2021-09-22,444.8,226000,2,0,0.091
POL-4346684,CUST-634487,Auto,2025-02-21,300.48,468000,4,1,0.192
POL-91142166,CUST-471778,Business,2018-02-07,1446.27,3148000,0,1,0.029
POL-49930790,CUST-465504,Health,2021-10-21,202.2,236000,0,1,0.241
POL-77030477,CUST-144383,Renters,2016-10-19,34.17,59000,0,1,0.011
POL-49251188,CUST-417368,Life,2024-07-01,111.17,912000,0,1,0.18
POL-87182566,CUST-292227,Home,2020-11-03,278.0,511000,0,1,0.233
POL-15226815,CUST-27172,Motorcycle,2019-09-28,55.87,35000,3,1,0.104
POL-66980546,CUST-542895,Business,2018-08-29,746.44,3879000,0,1,0.147
POL-75386435,CUST-123481,RV,2022-01-28,394.25,181000,1,1,0.012
POL-34935501,CUST-738237,Motorcycle,2019-12-12,130.66,73000,2,1,0.043
POL-28799154,CUST-641599,Life,2023-02-01,43.12,739000,0,1,0.221
POL-93144504,CUST-960997,RV,2020-05-08,916.97,160000,1,1,0.241
POL-26867482,CUST-128594,Renters,2023-11-07,30.85,27000,0,1,0.151
POL-9939096,CUST-474001,RV,2017-10-20,509.24,234000,2,1,0.234
POL-95746886,CUST-466732,Health,2018-06-06,400.89,377000,0,1,0.172
POL-91526995,CUST-886593,Life,2016-12-26,196.73,732000,0,0,0.044
POL-89635939,CUST-364301,RV,2020-12-05,786.02,135000,1,1,0.141
POL-73819367,CUST-568507,Business,2016-08-06,1641.28,3602000,0,1,0.223
POL-40259503,CUST-892717,RV,2020-06-07,500.15,272000,2,1,0.131
POL-95537400,CUST-744031,Auto,2018-03-04,182.83,53000,1,1,0.188
POL-48518659,CUST-533469,Life,2018-06-15,197.12,767000,0,1,0.21
POL-16288992,CUST-210743,Renters,2019-04-23,22.14,81000,0,1,0.204
POL-31774192,CUST-828766,Home,2017-11-08,531.28,1517000,0,1,0.216
POL-3527782,CUST-378427,RV,2023-11-24,572.22,184000,2,1,0.012
POL-76809773,CUST-386831,Motorcycle,2024-12-01,76.51,100000,3,0,0.013
POL-74040798,CUST-136074,Renters,2023-06-12,22.11,68000,0,1,0.228
POL-8824561,CUST-324314,Umbrella,2016-12-16,502.04,3293000,0,1,0.049
POL-96225198,CUST-753789,Health,2022-04-08,494.18,143000,0,0,0.019
POL-70557676,CUST-430749,Life,2023-08-21,153.64,175000,0,1,0.107
POL-77161840,CUST-77333,RV,2022-06-17,484.97,92000,2,1,0.117
POL-42550733,CUST-673540,Life,2017-08-16,31.99,388000,0,1,0.193
POL-60394554,CUST-488461,Business,2016-10-02,2186.28,2626000,0,1,0.143
POL-46239991,CUST-134568,Umbrella,2024-04-17,229.15,3968000,0,1,0.055
POL-85871687,CUST-616338,Life,2024-11-14,116.11,874000,0,1,0.104
POL-17318510,CUST-453633,RV,2018-08-03,582.39,142000,1,1,0.166
POL-7437386,CUST-871776,Umbrella,2024-01-18,344.32,1916000,0,0,0.155
POL-69538491,CUST-160448,Boat,2017-08-09,797.98,457000,1,1,0.087
POL-22099899,CUST-169834,Health,2020-08-31,1104.5,372000,0,0,0.061
POL-95204947,CUST-236422,Auto,2020-12-24,264.29,193000,4,0,0.236
POL-69645282,CUST-938397,Motorcycle,2021-05-19,60.79,47000,1,0,0.206
POL-10584397,CUST-262778,Umbrella,2020-04-29,405.72,3134000,0,1,0.011
POL-85235919,CUST-577599,Health,2018-10-31,520.31,93000,0,0,0.042
POL-16800072,CUST-655383,RV,2020-02-29,673.24,214000,1,1,0.157
POL-82467167,CUST-559392,Health,2020-08-23,1064.95,272000,0,1,0.051
POL-67454225,CUST-672124,Motorcycle,2017-01-30,107.59,19000,2,1,0.179
POL-79431184,CUST-987346,Auto,2018-05-12,103.63,53000,2,1,0.14
POL-20695604,CUST-179516,Business,2025-05-16,2143.24,2270000,0,1,0.113
POL-75647532,CUST-43195,Motorcycle,2021-03-27,81.96,12000,4,1,0.134
POL-10901547,CUST-47670,Business,2015-12-23,626.48,482000,0,1,0.018
POL-35521514,CUST-682759,RV,2025-04-21,374.29,256000,2,1,0.07
POL-76790955,CUST-436822,Boat,2019-01-29,428.85,456000,1,1,0.133
POL-66845536,CUST-932180,Life,2016-01-04,155.68,885000,0,1,0.136
POL-38879071,CUST-673088,Life,2024-10-10,77.16,980000,0,0,0.199
POL-64819756,CUST-256773,Umbrella,2020-08-19,582.96,1047000,0,1,0.139
POL-39920898,CUST-475575,Home,2022-05-27,129.24,1301000,0,1,0.134
POL-92424149,CUST-62823,Home,2016-09-25,313.28,1669000,0,1,0.181
POL-59002851,CUST-435810,Health,2018-03-08,612.65,389000,0,1,0.036
POL-62336371,CUST-213933,Life,2023-09-25,63.64,925000,0,1,0.029
POL-81424562,CUST-150647,Business,2021-04-12,2204.5,4704000,0,1,0.137
POL-96417034,CUST-334827,Renters,2020-10-23,38.51,43000,0,1,0.181
POL-53514837,CUST-137118,Boat,2021-05-15,770.92,212000,1,1,0.059
POL-69119463,CUST-588933,Renters,2021-10-18,36.68,35000,0,1,0.113
POL-42831009,CUST-253480,Business,2017-04-19,1818.84,1378000,0,1,0.091
POL-16444612,CUST-280464,Umbrella,2023-06-06,583.46,1707000,0,1,0.062
POL-33275109,CUST-147720,Health,2023-02-21,912.2,386000,0,1,0.21
POL-6792127,CUST-304309,Life,2017-02-20,143.93,398000,0,1,0.116
POL-82594562,CUST-438446,Umbrella,2022-01-11,509.91,3043000,0,1,0.044
POL-21434525,CUST-852993,Business,2019-09-19,663.95,2454000,0,1,0.035
POL-77535841,CUST-756157,RV,2021-01-23,437.5,242000,1,1,0.223
POL-25479101,CUST-800190,RV,2020-10-24,742.14,263000,2,1,0.053
POL-66876068,CUST-539728,Auto,2018-03-16,228.93,310000,4,1,0.037
POL-66942394,CUST-921777,Motorcycle,2023-06-08,56.8,87000,3,1,0.125
POL-66755908,CUST-24302,Home,2020-09-28,377.75,1153000,0,1,0.06
POL-52780072,CUST-529996,Business,2017-01-09,1868.32,4413000,0,1,0.04
POL-32310051,CUST-225595,Business,2023-04-10,2397.42,1326000,0,1,0.121
POL-47364777,CUST-51021,Umbrella,2025-06-01,216.17,4194000,0,1,0.016
POL-37763008,CUST-518934,Umbrella,2016-05-09,293.61,3804000,0,1,0.227
POL-38352498,CUST-562761,Umbrella,2023-07-02,355.24,4850000,0,1,0.012
POL-14428014,CUST-451860,Umbrella,2015-08-19,241.29,3187000,0,1,0.068
POL-35496951,CUST-762847,Renters,2017-10-09,35.25,85000,0,1,0.163
POL-54123845,CUST-383713,Umbrella,2021-09-18,435.07,4767000,0,1,0.129
POL-53765155,CUST-53642,Motorcycle,2016-04-06,146.72,39000,4,1,0.217
POL-75405783,CUST-204110,Boat,2025-03-12,675.59,490000,1,1,0.035
POL-74252324,CUST-302620,Life,2021-08-29,65.25,590000,0,1,0.053
POL-51854861,CUST-528750,Life,2016-09-28,52.54,681000,0,1,0.03
POL-73800569,CUST-293308,Health,2023-02-26,614.61,223000,0,1,0.12
POL-17268907,CUST-101377,Boat,2017-07-07,487.41,335000,1,1,0.103
POL-50089832,CUST-833510,Health,2022-03-12,243.14,351000,0,1,0.034
POL-74870921,CUST-984558,RV,2021-04-06,327.43,200000,1,1,0.065
POL-19363237,CUST-208727,Life,2021-09-17,115.41,475000,0,1,0.141
POL-53873262,CUST-524369,Auto,2024-02-26,317.2,407000,3,0,0.054
POL-6080513,CUST-40804,Business,2016-03-06,2485.55,4141000,0,1,0.208
POL-95776676,CUST-349218,Business,2017-10-28,785.42,4988000,0,1,0.045
POL-69703656,CUST-479187,RV,2023-07-21,485.16,240000,2,0,0.149
POL-81370909,CUST-936516,Home,2018-01-10,260.87,908000,0,1,0.004
POL-18761086,CUST-343897,RV,2024-04-06,901.71,182000,2,1,0.151
POL-21810655,CUST-412042,Life,2020-11-29,108.28,695000,0,1,0.219
POL-79688374,CUST-352713,RV,2020-08-01,652.33,81000,1,1,0.033
POL-68412668,CUST-558198,Business,2024-02-15,1578.57,110000,0,1,0.194
POL-95125446,CUST-590268,Motorcycle,2023-10-29,92.65,59000,1,1,0.107
POL-63739005,CUST-855374,Boat,2020-08-04,673.73,225000,2,1,0.185
POL-49440148,CUST-347329,Business,2015-10-11,695.43,1223000,0,1,0.191
POL-55907088,CUST-612056,Home,2017-05-11,298.29,1939000,0,1,0.064
POL-97351367,CUST-914462,Auto,2020-09-22,271.47,439000,1,1,0.029
POL-80115852,CUST-497643,Auto,2015-12-12,181.26,133000,3,1,0.027
POL-87991930,CUST-820934,Motorcycle,2020-01-04,108.19,43000,3,1,0.106
POL-77528776,CUST-238596,Umbrella,2025-05-02,444.75,3855000,0,1,0.051
POL-78319168,CUST-503787,RV,2016-05-14,848.65,176000,1,1,0.139
POL-70361272,CUST-659580,Renters,2018-05-24,49.6,86000,0,1,0.176
POL-19834119,CUST-861574,Life,2021-12-17,174.62,741000,0,1,0.057
POL-4237322,CUST-600383,Life,2019-08-12,42.55,583000,0,1,0.085
POL-25606639,CUST-19857,RV,2017-05-12,729.82,229000,1,1,0.241
POL-42103092,CUST-439122,Auto,2022-12-30,297.18,457000,2,1,0.15
POL-55426567,CUST-724042,Home,2018-01-25,144.86,565000,0,1,0.152
POL-55079923,CUST-526195,Motorcycle,2018-12-17,141.68,63000,3,1,0.149
POL-98762406,CUST-762736,Life,2023-07-08,137.05,510000,0,1,0.213
POL-94727548,CUST-144789,RV,2016-07-21,500.2,59000,1,1,0.169
POL-27828932,CUST-588132,Umbrella,2024-04-25,295.7,1001000,0,0,0.022
POL-88882576,CUST-501608,Renters,2021-01-08,42.29,56000,0,1,0.101
POL-50576565,CUST-328993,Health,2024-06-07,717.74,436000,0,1,0.23
POL-61694994,CUST-956431,RV,2018-06-10,499.15,268000,2,1,0.204
POL-45946354,CUST-572808,Health,2024-07-24,806.36,152000,0,1,0.101
POL-90713544,CUST-809489,Auto,2021-07-09,150.5,238000,1,1,0.126
POL-81883092,CUST-507699,Umbrella,2019-12-28,578.81,4368000,0,1,0.064
POL-33087238,CUST-292559,RV,2018-10-06,869.2,201000,2,1,0.242
POL-40063879,CUST-235790,Business,2024-12-26,1467.26,2141000,0,1,0.24
POL-38789478,CUST-739142,Boat,2020-07-22,608.96,495000,1,1,0.064
POL-92642432,CUST-739233,Motorcycle,2019-01-07,106.04,39000,2,1,0.103
POL-42552488,CUST-503110,Umbrella,2023-10-24,406.6,1041000,0,1,0.066
POL-75227370,CUST-979055,Renters,2021-06-05,18.26,98000,0,1,0.085
POL-38626436,CUST-127794,RV,2020-02-23,951.98,175000,2,1,0.224
POL-90814700,CUST-569576,Renters,2025-04-01,21.4,100000,0,0,0.048
POL-52953249,CUST-858130,Health,2021-12-14,434.86,177000,0,1,0.052
POL-19659692,CUST-304561,Health,2021-05-13,1034.94,488000,0,1,0.039
POL-38605090,CUST-748831,Home,2016-03-17,183.91,265000,0,1,0.166
POL-46488123,CUST-968894,Business,2016-11-02,513.25,4642000,0,0,0.212
POL-88043078,CUST-268900,Umbrella,2023-01-07,448.27,3065000,0,1,0.22
POL-28720823,CUST-211883,Business,2023-08-23,2237.54,4217000,0,1,0.191
POL-36390817,CUST-978346,RV,2024-08-27,496.19,108000,1,1,0.2
POL-93438530,CUST-284815,Boat,2025-01-20,763.79,42000,2,1,0.172
POL-14660143,CUST-645584,Life,2017-10-29,105.01,176000,0,1,0.115
POL-32115895,CUST-254235,Auto,2025-06-23,83.19,135000,4,1,0.081
POL-89903592,CUST-949154,Business,2016-05-10,2223.68,1670000,0,1,0.059
POL-30289135,CUST-668933,Boat,2024-07-11,775.12,205000,2,1,0.106
POL-7045237,CUST-105065,Motorcycle,2019-06-15,114.09,59000,3,1,0.07
POL-44331259,CUST-752204,Life,2022-07-11,125.0,654000,0,1,0.204
POL-13494908,CUST-714281,Renters,2023-07-13,43.14,83000,0,1,0.095
POL-695441,CUST-577086,Life,2017-10-31,165.01,824000,0,1,0.201
POL-54614193,CUST-684607,Life,2018-03-07,98.77,191000,0,0,0.212
POL-64082055,CUST-682139,RV,2023-08-02,673.79,133000,2,1,0.141
POL-38553376,CUST-336768,Business,2018-11-20,595.42,930000,0,1,0.015
POL-86690951,CUST-62036,Renters,2020-05-07,31.68,93000,0,1,0.186
POL-87550053,CUST-602022,Renters,2017-01-05,27.63,83000,0,1,0.203
POL-71826922,CUST-774568,Umbrella,2019-06-11,207.93,1509000,0,1,0.17
POL-23496796,CUST-438184,Business,2016-02-16,897.92,4931000,0,1,0.135
POL-4877451,CUST-876822,Renters,2018-06-26,27.43,98000,0,1,0.194
POL-66489301,CUST-195361,Boat,2022-03-31,733.78,225000,2,1,0.239
POL-5028625,CUST-9717,Life,2020-06-01,137.1,404000,0,1,0.153
POL-76230551,CUST-632063,Motorcycle,2020-07-27,131.87,19000,1,1,0.057
POL-44968591,CUST-298384,Umbrella,2017-04-26,461.21,3980000,0,1,0.161
POL-86075494,CUST-569691,Renters,2023-03-23,46.07,58000,0,1,0.13
POL-66291802,CUST-932456,Boat,2024-05-31,448.39,121000,1,1,0.059
POL-67674279,CUST-490755,Renters,2017-10-10,47.92,20000,0,1,0.099
POL-25878707,CUST-848102,Home,2020-02-19,144.65,1943000,0,1,0.013
POL-44383668,CUST-170387,Motorcycle,2017-05-29,92.88,21000,1,1,0.039
POL-87011385,CUST-269761,Motorcycle,2023-04-20,67.12,42000,3,1,0.032
POL-1890348,CUST-772399,RV,2018-08-30,886.96,57000,1,1,0.215
POL-39597485,CUST-595361,Umbrella,2021-03-24,545.7,2960000,0,0,0.135
POL-23554528,CUST-640632,Renters,2018-10-12,34.2,28000,0,0,0.174
POL-57405358,CUST-540310,Life,2022-05-23,128.4,529000,0,1,0.159
POL-11641746,CUST-420304,Business,2021-01-26,1369.95,4578000,0,1,0.087
POL-24800912,CUST-147442,RV,2017-02-11,458.99,73000,2,1,0.103
POL-43433080,CUST-981284,Life,2023-08-13,78.13,50000,0,1,0.19
POL-916723,CUST-273453,Life,2019-09-18,85.18,542000,0,1,0.172
POL-31611127,CUST-468436,Boat,2022-01-07,768.17,275000,2,1,0.108
POL-44241559,CUST-316613,Renters,2020-01-14,35.9,11000,0,1,0.047
POL-97023650,CUST-600705,RV,2025-05-27,605.97,116000,1,1,0.161
POL-35105069,CUST-685436,Motorcycle,2015-09-09,56.47,20000,4,1,0.129
POL-92981826,CUST-247781,Business,2021-08-11,2115.15,2381000,0,1,0.186
POL-89628735,CUST-123967,Renters,2016-07-20,29.45,19000,0,1,0.072
POL-41178850,CUST-167475,Boat,2023-05-30,570.64,168000,2,1,0.005
POL-92083242,CUST-526930,Auto,2022-05-23,341.82,37000,2,0,0.071
POL-92649206,CUST-123119,Life,2020-10-13,150.16,812000,0,1,0.023
POL-49330907,CUST-644481,Auto,2020-07-06,213.27,204000,4,1,0.2
POL-29410942,CUST-140057,Umbrella,2019-04-02,385.47,4319000,0,1,0.02
POL-20560218,CUST-477079,Life,2023-08-18,34.81,863000,0,1,0.136
POL-55813853,CUST-736038,Life,2021-11-06,58.63,932000,0,1,0.095
POL-63193474,CUST-794139,Auto,2024-11-01,112.93,428000,2,1,0.244
POL-89133246,CUST-865708,Health,2024-08-21,937.62,68000,0,1,0.184
POL-33214247,CUST-713390,Home,2019-03-18,464.8,537000,0,1,0.17
POL-70532309,CUST-468449,Renters,2016-11-19,47.77,31000,0,1,0.011
POL-94457890,CUST-379358,RV,2024-06-23,664.65,116000,2,1,0.05
POL-75721444,CUST-117659,Auto,2016-10-27,313.19,139000,1,1,0.109
POL-73504237,CUST-946746,Auto,2016-07-17,125.19,170000,1,1,0.061
POL-27133023,CUST-600521,Auto,2024-02-03,236.89,387000,4,1,0.039
POL-20112846,CUST-172529,Home,2024-08-15,274.11,1148000,0,1,0.155
POL-69839059,CUST-463303,Auto,2021-01-27,96.14,363000,2,1,0.198
POL-91307681,CUST-215379,Life,2017-06-21,110.37,382000,0,0,0.197
POL-65609379,CUST-95359,Umbrella,2025-05-31,522.21,2840000,0,1,0.005
POL-59791674,CUST-847975,Motorcycle,2024-03-05,72.98,28000,3,1,0.121
POL-60858653,CUST-138353,Boat,2016-06-09,535.41,310000,2,1,0.047
POL-55757342,CUST-478987,Umbrella,2024-03-23,329.47,2965000,0,1,0.208
POL-7749299,CUST-585941,RV,2025-02-01,412.24,189000,1,1,0.205
POL-90297353,CUST-846112,RV,2023-05-12,556.98,50000,2,1,0.221
POL-97077009,CUST-22827,Business,2020-09-25,2213.66,2103000,0,1,0.016
POL-34152669,CUST-856113,RV,2022-03-25,873.33,100000,2,1,0.039
POL-29246218,CUST-606403,Renters,2015-07-18,26.29,94000,0,1,0.024
POL-6078694,CUST-444278,Home,2016-09-25,130.64,372000,0,1,0.008
POL-94004067,CUST-66857,Home,2021-05-09,439.76,307000,0,1,0.16
POL-8087373,CUST-979981,Motorcycle,2024-09-12,108.95,79000,3,1,0.055
POL-63360324,CUST-33276,Home,2016-08-31,109.16,538000,0,1,0.232
POL-54877191,CUST-188724,Home,2020-05-17,427.64,1440000,0,1,0.14
POL-86104027,CUST-764715,Motorcycle,2017-10-18,128.64,18000,3,1,0.184
POL-50259293,CUST-934631,Renters,2022-08-24,17.73,38000,0,0,0.024
POL-60201634,CUST-911862,Health,2021-12-31,731.66,149000,0,1,0.164
POL-50418290,CUST-84148,Business,2021-11-30,1750.65,1601000,0,1,0.14
POL-17849589,CUST-685280,Home,2024-09-01,636.4,1309000,0,1,0.115
POL-15922674,CUST-187143,Motorcycle,2021-05-29,135.94,32000,2,1,0.126
POL-52755436,CUST-554531,Life,2024-08-19,118.43,679000,0,1,0.088
POL-97691465,CUST-233507,Umbrella,2017-08-29,420.03,2362000,0,1,0.103
POL-3051483,CUST-312856,Motorcycle,2015-07-21,129.14,52000,2,1,0.053
POL-90395620,CUST-754024,RV,2023-05-16,948.3,117000,2,0,0.112
POL-56925500,CUST-557772,Motorcycle,2024-10-03,30.02,15000,3,1,0.129
POL-30824989,CUST-259535,Renters,2021-12-11,15.23,39000,0,1,0.079
POL-46460773,CUST-162656,Renters,2023-05-01,47.17,77000,0,1,0.231
POL-25297417,CUST-982946,Life,2020-03-07,41.5,533000,0,1,0.035
POL-4324134,CUST-848799,Umbrella,2017-05-31,555.85,2048000,0,1,0.203
POL-82533595,CUST-803265,Home,2022-08-17,499.34,1293000,0,0,0.184
POL-32301683,CUST-216092,Umbrella,2015-10-05,517.16,1725000,0,1,0.225
POL-13542127,CUST-622795,Business,2016-08-21,2139.03,900000,0,1,0.075
POL-59920305,CUST-626822,Business,2016-01-24,1263.09,569000,0,0,0.084
POL-32847661,CUST-776513,Motorcycle,2016-04-27,79.98,26000,2,1,0.212
POL-53991141,CUST-460285,Auto,2016-03-30,251.15,356000,4,1,0.131
POL-72445335,CUST-227823,Umbrella,2019-06-25,415.97,1627000,0,1,0.174
POL-18808678,CUST-528373,Life,2016-06-14,33.84,817000,0,0,0.243
POL-31428626,CUST-855413,Business,2020-05-31,1650.51,856000,0,1,0.072
POL-42802529,CUST-605526,Motorcycle,2025-04-17,47.76,54000,1,1,0.186
POL-31796721,CUST-316422,RV,2020-12-12,579.43,72000,2,1,0.193
POL-88612211,CUST-546571,Life,2017-12-06,158.36,554000,0,1,0.122
POL-55507111,CUST-315098,Business,2019-04-03,892.2,4498000,0,1,0.018
POL-8181595,CUST-583761,Motorcycle,2020-03-04,68.81,85000,1,1,0.103
POL-84019376,CUST-711721,Umbrella,2018-06-22,339.32,2345000,0,1,0.164
POL-74605013,CUST-519696,Renters,2022-10-05,20.92,56000,0,1,0.248
POL-46226575,CUST-987324,Boat,2016-04-16,573.91,256000,1,0,0.058
POL-70392240,CUST-334217,Umbrella,2021-12-23,262.4,4055000,0,1,0.028
POL-54795619,CUST-156466,Auto,2022-07-29,145.62,351000,2,1,0.205
POL-50527631,CUST-192811,Auto,2020-08-05,172.68,447000,1,1,0.118
POL-63554620,CUST-252673,Umbrella,2024-08-23,283.6,3257000,0,1,0.137
POL-40364158,CUST-899197,Renters,2019-04-30,34.21,92000,0,1,0.035
POL-62146184,CUST-959175,Auto,2017-12-12,181.68,373000,1,1,0.015
POL-75482164,CUST-432723,Health,2016-06-22,989.19,374000,0,1,0.116
POL-74797762,CUST-555736,Auto,2022-07-31,97.98,371000,3,1,0.228
POL-52132722,CUST-254655,Umbrella,2017-10-10,545.71,1080000,0,1,0.221
POL-27291394,CUST-346305,Motorcycle,2019-10-31,57.74,60000,1,0,0.121
POL-60369365,CUST-888283,Business,2016-11-02,1563.12,1664000,0,1,0.242
POL-12410307,CUST-561654,RV,2021-10-21,948.44,56000,1,1,0.132
POL-6917129,CUST-281502,Umbrella,2018-09-25,395.97,4122000,0,1,0.087
POL-90418714,CUST-634356,Umbrella,2021-11-28,342.15,2268000,0,1,0.245
POL-9768947,CUST-197303,RV,2016-03-01,493.11,66000,2,1,0.223
POL-97214603,CUST-704066,Auto,2025-06-28,334.92,172000,2,1,0.224
POL-29127464,CUST-502681,Life,2024-12-31,40.36,451000,0,1,0.169
POL-44689713,CUST-317915,Health,2019-01-17,617.33,350000,0,1,0.243
POL-28428357,CUST-982683,Business,2015-10-03,1158.57,4649000,0,1,0.163
POL-99519117,CUST-123014,Business,2018-09-22,1582.71,1797000,0,1,0.077
POL-32560305,CUST-729417,RV,2023-08-22,936.69,163000,1,1,0.141
POL-53235053,CUST-959579,Life,2018-12-21,80.56,634000,0,1,0.18
POL-74098828,CUST-337237,Life,2019-07-26,80.58,972000,0,1,0.007
POL-51091554,CUST-488899,Umbrella,2020-04-22,552.05,2737000,0,0,0.076
POL-87069904,CUST-376710,Renters,2024-07-27,20.32,35000,0,1,0.046
POL-35106207,CUST-377114,Business,2020-09-27,1733.89,4857000,0,1,0.149
POL-66743428,CUST-488640,Health,2024-03-20,887.38,238000,0,1,0.195
POL-96960708,CUST-492296,Life,2017-03-03,112.91,684000,0,1,0.162
POL-27263310,CUST-388712,Life,2020-12-09,174.12,565000,0,1,0.041
POL-55556767,CUST-47936,Health,2020-10-25,232.23,451000,0,0,0.231
POL-29698906,CUST-777259,Motorcycle,2025-01-23,56.71,98000,2,1,0.017
POL-2176998,CUST-273441,Boat,2017-12-22,720.28,282000,2,1,0.222
POL-78387434,CUST-607275,Motorcycle,2024-11-27,78.58,15000,4,1,0.099
POL-39620038,CUST-159814,Business,2022-08-06,1687.61,4506000,0,1,0.176
POL-44273769,CUST-241192,Auto,2018-10-31,220.58,262000,4,1,0.011
POL-76475853,CUST-873844,Health,2021-12-15,718.7,257000,0,0,0.01
POL-67015110,CUST-577390,Motorcycle,2019-09-03,91.94,93000,1,1,0.11
POL-34537812,CUST-800441,Renters,2021-03-27,42.08,47000,0,1,0.106
POL-97114303,CUST-672865,Business,2023-10-22,2338.07,4437000,0,0,0.116
POL-61851421,CUST-176405,Boat,2023-11-03,254.26,287000,1,1,0.146
POL-22718459,CUST-146757,RV,2021-06-26,394.71,158000,2,1,0.045
POL-65540707,CUST-192988,Business,2024-10-16,2293.24,1794000,0,1,0.023
POL-86142207,CUST-61585,Umbrella,2024-09-18,476.69,4805000,0,1,0.041
POL-4539747,CUST-879827,Home,2024-05-28,163.83,1581000,0,1,0.091
POL-89686372,CUST-50871,RV,2016-10-03,795.1,241000,1,1,0.095
POL-55350347,CUST-144170,Life,2015-08-08,184.64,643000,0,1,0.216
POL-9122502,CUST-741521,Life,2019-06-07,177.04,238000,0,1,0.013
POL-1226946,CUST-229344,Renters,2018-01-23,25.83,68000,0,1,0.045
POL-61204580,CUST-391329,Life,2024-02-05,193.08,54000,0,1,0.063
POL-82924441,CUST-668706,Boat,2016-07-09,498.58,286000,1,1,0.123
POL-88487646,CUST-511552,Health,2023-09-18,788.86,299000,0,1,0.11
POL-887495,CUST-558065,Business,2015-10-05,1700.2,2153000,0,1,0.07
POL-55208920,CUST-12426,RV,2024-11-16,874.08,104000,1,1,0.014
POL-71057233,CUST-757273,Umbrella,2015-10-11,214.69,4581000,0,1,0.145
POL-71905550,CUST-300614,Business,2020-03-02,1096.88,836000,0,1,0.104
POL-67406294,CUST-852657,Life,2015-10-14,53.23,348000,0,1,0.173
POL-24060788,CUST-112214,Business,2022-10-26,1644.57,4816000,0,1,0.114
POL-70381817,CUST-156130,Business,2017-02-17,1220.38,401000,0,1,0.075
POL-25760684,CUST-649887,Umbrella,2019-08-05,559.01,4440000,0,1,0.107
POL-33878996,CUST-854814,RV,2024-06-13,345.45,173000,1,1,0.215
POL-35879718,CUST-833551,Umbrella,2021-07-10,410.82,3201000,0,1,0.052
POL-10605783,CUST-391172,Auto,2022-03-31,109.51,408000,1,1,0.172
POL-61605634,CUST-592447,Renters,2022-05-26,29.95,51000,0,1,0.144
POL-93581474,CUST-236828,Business,2019-08-19,1207.71,1188000,0,1,0.124
POL-91810512,CUST-868286,Boat,2020-08-05,495.5,119000,1,1,0.245
POL-87742922,CUST-899908,Auto,2016-11-11,111.92,269000,1,1,0.052
POL-12549425,CUST-424965,Business,2016-01-12,2497.97,3573000,0,1,0.087
POL-50622842,CUST-579549,Health,2021-12-11,211.3,155000,0,1,0.064
POL-7531619,CUST-667678,Home,2023-08-04,315.44,1163000,0,1,0.192
POL-94334279,CUST-179708,Home,2015-08-27,580.09,816000,0,1,0.142
POL-67089857,CUST-886392,Auto,2016-11-24,304.65,127000,3,1,0.231
POL-86557984,CUST-822478,Boat,2022-11-16,749.7,443000,1,1,0.12
POL-75947990,CUST-899636,Boat,2021-02-16,735.23,307000,2,1,0.204
POL-70888325,CUST-963800,Auto,2017-02-11,305.48,182000,3,1,0.005
POL-30838737,CUST-221686,Business,2016-03-20,1870.99,3066000,0,1,0.037
POL-63820568,CUST-284263,Auto,2025-02-18,171.57,222000,2,1,0.097
POL-9978827,CUST-717675,Business,2016-04-14,733.69,2686000,0,1,0.079
POL-72884346,CUST-590882,Auto,2020-04-06,153.3,71000,4,1,0.093
POL-24072553,CUST-973882,Renters,2016-01-20,22.56,50000,0,1,0.094
POL-2101593,CUST-217221,Auto,2020-11-04,290.0,74000,4,1,0.2
POL-19353063,CUST-788795,RV,2025-06-24,407.85,139000,2,1,0.131
POL-10326375,CUST-313814,Umbrella,2022-04-08,257.32,4657000,0,1,0.246
POL-75693188,CUST-252153,RV,2018-04-04,773.7,85000,1,1,0.115
POL-52231715,CUST-709922,RV,2025-02-18,381.09,132000,1,1,0.149
POL-44524025,CUST-402491,Home,2024-09-08,333.3,1965000,0,1,0.13
POL-92517694,CUST-759340,Renters,2017-11-15,15.79,51000,0,1,0.052
POL-67215278,CUST-781667,Health,2016-10-29,392.55,195000,0,1,0.193
POL-7207013,CUST-102430,Home,2021-05-18,290.86,430000,0,1,0.004
POL-31157840,CUST-879414,Business,2022-12-05,1619.25,959000,0,1,0.088
POL-45713584,CUST-634565,Umbrella,2016-10-14,308.42,4956000,0,1,0.071
POL-43805532,CUST-31064,Health,2022-03-30,371.27,213000,0,1,0.085
POL-60471823,CUST-514435,Boat,2020-02-22,230.44,40000,2,0,0.013
POL-47756170,CUST-579902,Motorcycle,2019-05-17,36.46,66000,4,1,0.149
POL-57961650,CUST-194760,Business,2021-11-17,1758.94,3840000,0,1,0.078
POL-88673882,CUST-398535,Health,2025-06-17,912.9,402000,0,1,0.02
POL-83029219,CUST-309727,Boat,2016-12-13,540.67,74000,2,1,0.078
POL-95711807,CUST-77077,Boat,2019-09-08,482.33,142000,1,1,0.154
POL-35966597,CUST-161712,Umbrella,2016-11-20,356.83,3934000,0,0,0.083
POL-95519690,CUST-821968,Umbrella,2021-12-16,381.31,1127000,0,1,0.028
POL-99274852,CUST-408548,Boat,2018-02-12,476.75,115000,2,1,0.151
POL-48412365,CUST-111726,Life,2020-11-17,113.89,475000,0,1,0.199
POL-697290,CUST-988765,Umbrella,2017-01-18,422.46,1297000,0,1,0.133
POL-59691437,CUST-377400,Motorcycle,2020-09-26,100.86,41000,2,1,0.243
POL-13721268,CUST-138943,Motorcycle,2020-01-31,37.93,37000,4,1,0.109
POL-25151299,CUST-451914,Umbrella,2016-12-23,417.81,1991000,0,1,0.167
POL-74757265,CUST-581687,Business,2023-02-17,2173.5,1059000,0,1,0.116
POL-54766762,CUST-108310,RV,2024-03-18,368.36,167000,1,1,0.101
POL-12028437,CUST-371106,Business,2015-12-10,717.49,3279000,0,1,0.161
POL-12490873,CUST-625920,Auto,2024-12-02,104.44,453000,2,1,0.226
POL-51705758,CUST-12940,Auto,2021-01-04,284.41,371000,2,1,0.073
POL-55540647,CUST-406637,Business,2020-06-16,1655.86,1741000,0,1,0.219
POL-97286893,CUST-944909,Renters,2016-12-07,34.96,99000,0,1,0.236
POL-32580349,CUST-599743,Motorcycle,2025-01-04,116.13,55000,1,1,0.153
POL-22761034,CUST-718605,RV,2024-05-11,582.94,83000,2,1,0.225
POL-22750139,CUST-145584,Auto,2021-12-20,80.23,319000,3,1,0.071
POL-40417154,CUST-281444,Auto,2020-01-26,143.52,393000,4,1,0.178
POL-19587040,CUST-66340,Motorcycle,2023-11-19,75.79,81000,2,1,0.119
POL-58341261,CUST-289366,Health,2018-05-03,755.42,492000,0,0,0.21
POL-40232066,CUST-507753,Life,2022-08-28,75.48,965000,0,1,0.034
POL-48469365,CUST-263926,Home,2016-10-19,553.87,402000,0,1,0.122
POL-96757486,CUST-655395,Motorcycle,2019-09-09,147.0,28000,1,1,0.201
POL-79699345,CUST-646624,Boat,2023-12-05,736.15,390000,2,1,0.114
POL-61453148,CUST-112168,Motorcycle,2018-10-27,96.25,69000,4,1,0.046
POL-40890504,CUST-7096,Business,2017-10-18,514.86,4279000,0,1,0.059
POL-44589439,CUST-882495,RV,2022-03-23,488.48,293000,2,1,0.009
POL-44230340,CUST-461607,Boat,2021-12-15,622.93,84000,2,0,0.02
POL-57796330,CUST-855088,RV,2021-03-09,988.51,247000,2,1,0.02
POL-40323741,CUST-336241,Business,2017-10-22,676.89,4063000,0,1,0.166
POL-64291599,CUST-329445,Home,2018-11-29,578.85,1231000,0,1,0.078
POL-53450811,CUST-334640,Auto,2018-07-07,323.97,306000,1,1,0.128
POL-98633167,CUST-728716,Boat,2020-06-13,544.38,199000,2,1,0.244
POL-77293208,CUST-819959,Renters,2023-11-06,25.12,15000,0,1,0.149
POL-43739710,CUST-394322,Renters,2019-08-14,40.44,84000,0,1,0.157
POL-52738860,CUST-382746,Business,2020-04-05,838.16,533000,0,1,0.073
POL-75678734,CUST-209505,Business,2017-06-06,554.6,4166000,0,1,0.126
POL-24149421,CUST-714827,Renters,2024-10-10,23.82,91000,0,1,0.214
POL-3612618,CUST-999297,Auto,2024-11-07,280.19,342000,2,0,0.185
POL-95075416,CUST-219832,Boat,2023-05-07,421.86,117000,2,1,0.059
POL-39101812,CUST-871662,Life,2022-12-14,164.89,954000,0,1,0.246
POL-54914054,CUST-705668,Life,2016-09-01,129.22,912000,0,1,0.124
POL-18680305,CUST-664100,Motorcycle,2023-12-27,122.44,41000,4,1,0.042
POL-32483531,CUST-264955,Business,2020-08-23,1968.72,2995000,0,1,0.066
POL-95997403,CUST-443681,Home,2018-02-11,136.77,1073000,0,1,0.075
POL-9927432,CUST-470880,RV,2021-11-27,463.56,229000,2,1,0.036
POL-78147469,CUST-420274,Motorcycle,2023-08-24,31.42,69000,4,1,0.24
POL-67996397,CUST-968355,Auto,2024-08-01,106.29,304000,3,0,0.108
POL-72966824,CUST-38551,Renters,2022-08-11,26.72,45000,0,1,0.064
POL-94171759,CUST-939001,Business,2021-08-11,1282.31,2128000,0,1,0.147
POL-79701163,CUST-669180,Health,2024-08-17,719.95,405000,0,1,0.045
POL-14679315,CUST-806306,RV,2016-12-09,307.4,52000,1,1,0.024
POL-88261798,CUST-696982,Home,2019-09-19,579.85,837000,0,1,0.071
POL-22325574,CUST-678428,Health,2021-07-13,234.04,375000,0,1,0.235
POL-75594147,CUST-676364,Health,2016-03-31,1150.49,385000,0,1,0.239
POL-44506155,CUST-834908,Home,2022-04-17,699.51,372000,0,1,0.191
POL-14219637,CUST-11060,Business,2022-10-25,2106.4,1650000,0,1,0.174
POL-34727276,CUST-232785,Renters,2017-03-03,25.31,97000,0,0,0.16
POL-69631857,CUST-585098,Renters,2024-03-07,41.93,98000,0,1,0.081
POL-92296754,CUST-603178,Life,2025-05-15,161.63,341000,0,1,0.096
POL-59831384,CUST-392292,Umbrella,2019-04-03,598.38,2083000,0,0,0.066
POL-62151291,CUST-809859,Boat,2022-02-23,241.64,130000,2,1,0.123
POL-20232642,CUST-361724,Life,2024-01-03,119.61,502000,0,1,0.161
POL-64796438,CUST-109627,Boat,2015-11-29,629.24,79000,1,1,0.143
POL-55831276,CUST-965264,Renters,2020-07-08,42.2,12000,0,1,0.037
POL-15578562,CUST-871699,Auto,2016-12-14,331.88,373000,4,1,0.175
POL-46751880,CUST-327040,Motorcycle,2017-11-26,98.96,78000,4,1,0.101
POL-61113711,CUST-822366,Home,2021-04-30,478.09,107000,0,1,0.172
POL-69942848,CUST-506384,Boat,2019-01-05,272.72,306000,2,1,0.076
POL-63909453,CUST-102365,Auto,2021-06-02,250.71,364000,1,1,0.213
POL-96904386,CUST-730609,Umbrella,2022-12-12,232.18,2928000,0,1,0.072
POL-42803305,CUST-70437,Health,2023-03-11,376.62,71000,0,0,0.165
POL-5997257,CUST-849541,Renters,2020-08-07,39.36,24000,0,1,0.09
POL-3031322,CUST-890429,Home,2017-06-14,719.65,1019000,0,1,0.035
POL-86969050,CUST-114675,Health,2021-04-30,225.36,361000,0,1,0.097
POL-99386816,CUST-255761,RV,2018-04-16,750.39,181000,2,0,0.004
POL-23414716,CUST-578719,Umbrella,2024-04-09,222.42,4304000,0,1,0.101
POL-44424679,CUST-587044,Health,2018-03-21,1007.1,400000,0,1,0.235
POL-62015859,CUST-243118,RV,2022-09-30,404.27,202000,1,0,0.009
POL-84524999,CUST-193411,Life,2022-05-20,110.56,70000,0,1,0.23
POL-85963619,CUST-689237,Auto,2018-08-31,145.52,365000,2,1,0.158
POL-53094168,CUST-30610,Renters,2022-11-05,43.73,23000,0,1,0.043
POL-60340936,CUST-620970,Business,2018-11-07,627.92,992000,0,1,0.149
POL-52188655,CUST-4666,Business,2022-10-20,941.15,1800000,0,1,0.203
POL-27619925,CUST-291865,Motorcycle,2019-02-23,68.91,100000,2,1,0.241
POL-77490324,CUST-106694,Health,2016-07-22,964.23,361000,0,1,0.016
POL-25093324,CUST-383561,Renters,2024-08-17,19.94,64000,0,1,0.092
POL-26450861,CUST-479776,Life,2021-01-14,101.77,660000,0,1,0.025
POL-35212476,CUST-703281,Business,2017-06-07,1252.26,1423000,0,1,0.122
POL-70828710,CUST-670153,Auto,2023-10-27,81.95,72000,3,1,0.202
POL-80124068,CUST-407517,Boat,2020-10-28,615.41,133000,1,1,0.131
POL-78786439,CUST-119781,Motorcycle,2022-03-04,58.71,33000,1,1,0.179
POL-47242616,CUST-886589,Business,2021-05-30,2400.6,2627000,0,1,0.001
POL-82861016,CUST-180908,Health,2023-04-14,391.9,328000,0,0,0.155
POL-82474715,CUST-618836,RV,2020-07-21,655.28,172000,1,1,0.048
POL-90209088,CUST-140454,Life,2016-12-07,144.92,547000,0,1,0.04
POL-15819123,CUST-250161,Auto,2020-10-27,94.59,216000,3,1,0.063
POL-15696616,CUST-191936,Business,2020-09-08,2110.31,3901000,0,1,0.185
POL-93071477,CUST-148225,RV,2021-11-04,423.12,256000,1,1,0.029
POL-52138657,CUST-438555,Health,2024-03-08,921.4,361000,0,1,0.105
POL-77149161,CUST-402349,Umbrella,2017-11-02,292.03,1462000,0,1,0.025
POL-24931439,CUST-510310,Motorcycle,2022-09-09,134.39,59000,2,1,0.146
POL-93070991,CUST-963810,Auto,2024-08-20,320.43,101000,2,0,0.114
POL-74479105,CUST-174971,Motorcycle,2018-06-10,74.82,70000,2,1,0.244
POL-38766747,CUST-147111,Health,2023-10-28,535.89,67000,0,1,0.015
POL-42222214,CUST-882885,Life,2018-09-04,44.44,538000,0,1,0.043
POL-83135800,CUST-56215,Umbrella,2023-03-02,287.94,2238000,0,1,0.197
POL-1286267,CUST-508149,Business,2021-08-07,2311.16,4950000,0,0,0.214
POL-26189702,CUST-854815,Home,2017-10-25,388.19,1194000,0,1,0.249
POL-75374270,CUST-529990,Business,2022-01-09,1446.98,3982000,0,1,0.183
POL-54913082,CUST-717956,Health,2023-11-30,447.83,278000,0,1,0.223
POL-55784972,CUST-744638,Business,2023-11-10,2392.5,4913000,0,1,0.104
POL-65592138,CUST-175377,Auto,2023-01-16,90.82,272000,1,1,0.099
POL-75886408,CUST-32359,Home,2016-11-24,416.71,604000,0,1,0.188
POL-39203644,CUST-34283,Motorcycle,2019-03-31,143.99,27000,3,1,0.162
POL-30177972,CUST-563723,Home,2020-03-02,111.15,1503000,0,1,0.176
POL-22576626,CUST-818665,Business,2020-05-27,1994.57,305000,0,0,0.116
POL-75920319,CUST-778586,Life,2023-04-10,177.98,475000,0,1,0.218
POL-73782999,CUST-535618,Boat,2023-12-02,622.34,26000,1,1,0.173
POL-76868379,CUST-119754,RV,2017-06-02,322.9,162000,2,1,0.153
POL-72894477,CUST-863274,Business,2020-01-19,2088.96,779000,0,1,0.084
POL-72751830,CUST-862570,Auto,2021-09-25,218.98,379000,3,1,0.028
POL-96499894,CUST-462806,Umbrella,2016-03-14,386.14,1171000,0,1,0.044
POL-29332201,CUST-445807,RV,2024-10-14,793.41,197000,1,1,0.084
POL-98782730,CUST-870392,RV,2017-03-27,379.49,175000,1,1,0.19
POL-39957816,CUST-917304,Umbrella,2019-09-15,341.08,2121000,0,1,0.106
POL-60362053,CUST-275581,Auto,2016-01-16,97.11,206000,4,1,0.132
POL-11674661,CUST-460398,Home,2021-06-03,429.11,1215000,0,1,0.133
POL-31802361,CUST-220073,Renters,2017-06-28,30.82,58000,0,1,0.236
POL-95395781,CUST-639905,Home,2021-06-16,231.85,1954000,0,1,0.02
POL-22277675,CUST-646081,Life,2022-10-11,75.47,131000,0,1,0.069
POL-27732020,CUST-853047,Life,2017-11-11,111.86,967000,0,1,0.238
POL-7966873,CUST-597766,Auto,2019-01-05,159.16,383000,2,1,0.105
POL-71441519,CUST-294739,Auto,2021-06-17,158.71,58000,1,1,0.058
POL-22599227,CUST-339375,RV,2024-08-28,751.27,158000,2,1,0.197
POL-38833650,CUST-600556,Boat,2020-06-21,556.01,390000,2,1,0.142
POL-69043610,CUST-943881,Renters,2020-01-16,21.01,44000,0,1,0.093
POL-18198434,CUST-786530,Renters,2017-02-10,41.94,16000,0,1,0.071
POL-7957216,CUST-290794,Life,2022-06-30,133.26,219000,0,1,0.071
POL-94143874,CUST-908149,Life,2017-08-26,171.88,777000,0,0,0.199
POL-33511112,CUST-153347,Life,2017-10-01,66.63,93000,0,0,0.144
POL-33226234,CUST-798462,Boat,2020-12-21,356.24,122000,1,1,0.009
POL-65694038,CUST-149077,Umbrella,2022-03-05,591.21,1621000,0,1,0.135
POL-84879557,CUST-281770,Life,2025-04-25,118.39,177000,0,0,0.101
POL-50354777,CUST-473947,Boat,2022-07-16,661.11,265000,2,1,0.243
POL-85044078,CUST-833197,RV,2016-10-11,982.92,137000,2,1,0.072
POL-54069715,CUST-540659,Business,2017-01-28,1833.78,4842000,0,1,0.231
POL-93241540,CUST-981819,Umbrella,2020-03-23,475.66,4069000,0,1,0.01
POL-61028216,CUST-996413,RV,2021-10-09,381.81,56000,2,1,0.055
POL-43928023,CUST-610224,Umbrella,2023-10-18,236.99,1231000,0,1,0.049
POL-98344554,CUST-97666,RV,2015-07-15,455.5,295000,2,1,0.021
POL-85206855,CUST-696405,Boat,2023-04-17,606.24,71000,2,1,0.079
POL-8500100,CUST-834328,Business,2021-08-02,1523.11,570000,0,0,0.09
POL-53380520,CUST-228411,Life,2024-08-01,150.29,498000,0,1,0.093
POL-28434222,CUST-518746,Renters,2022-10-20,27.07,50000,0,0,0.219
POL-43334226,CUST-868581,Home,2020-01-23,250.99,1962000,0,1,0.248
POL-45332729,CUST-573896,Boat,2020-04-26,373.18,447000,2,1,0.104
POL-17528063,CUST-593643,Business,2025-04-29,1695.87,1305000,0,1,0.119
POL-46135950,CUST-937589,RV,2023-10-01,990.65,67000,2,1,0.102
POL-6166355,CUST-104411,Renters,2016-04-25,29.51,83000,0,1,0.142
POL-2185246,CUST-130272,Life,2023-04-24,59.87,923000,0,1,0.138
POL-59228397,CUST-478693,Auto,2018-03-07,302.16,183000,3,1,0.185
POL-57418250,CUST-212146,Health,2015-07-04,226.84,51000,0,1,0.075
POL-87241147,CUST-316528,Boat,2017-09-26,274.51,374000,2,1,0.123
POL-36778269,CUST-97874,Health,2018-03-13,228.44,451000,0,1,0.249
POL-33606680,CUST-86424,Home,2021-08-16,519.22,859000,0,1,0.141
POL-89188862,CUST-947703,Renters,2021-10-26,36.98,72000,0,0,0.205
POL-6950770,CUST-415594,Umbrella,2018-04-23,405.01,3413000,0,1,0.065
POL-97440508,CUST-733417,Business,2020-09-09,617.02,2782000,0,1,0.173
POL-57610401,CUST-687326,Umbrella,2019-06-23,265.32,2144000,0,1,0.159
POL-94448752,CUST-99807,Umbrella,2017-01-16,219.49,2223000,0,1,0.234
POL-28644905,CUST-499968,RV,2015-07-06,435.67,215000,1,1,0.15
POL-17810664,CUST-622518,Life,2016-10-26,120.15,965000,0,1,0.211
POL-69718627,CUST-713013,Renters,2019-05-05,24.5,58000,0,1,0.145
POL-1246473,CUST-8454,Life,2023-01-24,27.26,593000,0,1,0.195
POL-16185823,CUST-902132,Motorcycle,2021-05-03,70.84,31000,1,1,0.126
POL-93151264,CUST-138595,Health,2022-09-05,995.11,343000,0,1,0.208
POL-9506414,CUST-240068,RV,2023-08-15,892.25,237000,1,1,0.229
POL-11989814,CUST-766260,Home,2022-01-04,673.19,136000,0,1,0.078
POL-13851475,CUST-328572,Umbrella,2017-03-27,255.61,2854000,0,1,0.149
POL-40165370,CUST-143790,Umbrella,2021-09-29,268.88,2278000,0,1,0.204
POL-17870584,CUST-672741,Health,2022-01-02,328.71,414000,0,1,0.057
POL-9182050,CUST-556278,Life,2017-12-03,61.72,132000,0,1,0.191
POL-1137460,CUST-639966,Home,2025-01-28,154.41,1725000,0,1,0.108
POL-59069144,CUST-368247,Health,2018-04-14,307.82,466000,0,1,0.148
POL-84299475,CUST-784616,Boat,2019-02-12,271.35,158000,1,1,0.167
POL-55258766,CUST-646002,Home,2018-01-25,647.66,1362000,0,1,0.225
POL-29158087,CUST-90898,Life,2023-01-07,142.36,81000,0,1,0.211
POL-18792245,CUST-788996,Renters,2017-03-15,48.21,56000,0,1,0.214
POL-79131271,CUST-765470,Business,2017-08-03,983.65,4883000,0,1,0.205
POL-47182314,CUST-450246,Auto,2022-01-10,222.79,400000,2,0,0.043
POL-18767690,CUST-259822,RV,2020-11-04,303.03,240000,1,0,0.23
POL-86519508,CUST-88341,Boat,2020-03-16,419.88,334000,1,1,0.239
POL-74275638,CUST-630193,Life,2019-09-19,171.08,448000,0,1,0.129
POL-92674130,CUST-28127,Motorcycle,2020-05-04,43.54,51000,1,1,0.13
POL-27574457,CUST-542899,Boat,2020-08-16,657.36,394000,2,1,0.01
POL-25319707,CUST-784170,Umbrella,2024-02-29,397.49,2614000,0,1,0.15
POL-39666982,CUST-677558,Renters,2022-02-27,39.05,68000,0,1,0.102
POL-32123815,CUST-518927,Motorcycle,2016-06-03,52.65,19000,4,0,0.092
POL-15132198,CUST-252792,Auto,2022-01-21,349.66,283000,1,1,0.131
POL-85641960,CUST-622780,Home,2023-12-29,183.45,928000,0,1,0.148
POL-70905413,CUST-931895,Home,2016-09-13,619.0,1972000,0,0,0.016
POL-48465780,CUST-979290,Health,2015-09-12,538.63,362000,0,1,0.101
POL-17714442,CUST-405629,Health,2020-11-16,1038.11,430000,0,1,0.191
POL-56487347,CUST-383162,Business,2025-02-28,1687.3,3457000,0,1,0.167
POL-91662930,CUST-181162,Motorcycle,2024-10-14,148.5,77000,3,1,0.114
POL-9796799,CUST-17500,Home,2023-07-04,275.48,1143000,0,1,0.236
POL-9064068,CUST-14463,Auto,2025-06-26,106.89,53000,1,1,0.007
POL-28956527,CUST-41761,Life,2019-12-15,91.96,762000,0,1,0.076
POL-53415303,CUST-531219,Business,2016-07-09,692.67,742000,0,1,0.13
POL-84365330,CUST-747245,Boat,2020-05-14,675.64,131000,2,1,0.123
POL-55758338,CUST-444150,Renters,2024-01-07,33.99,81000,0,1,0.238
POL-11063273,CUST-671652,Auto,2022-05-03,347.49,486000,1,1,0.079
POL-72162880,CUST-645972,Motorcycle,2024-08-15,83.11,15000,1,1,0.165
POL-37241089,CUST-87657,Renters,2018-02-02,45.96,32000,0,1,0.034
POL-10606094,CUST-536141,Motorcycle,2020-10-06,88.49,24000,4,1,0.171
POL-20854365,CUST-562445,Business,2018-12-13,1439.64,4817000,0,1,0.127
POL-52443094,CUST-614923,Motorcycle,2021-01-19,61.61,87000,4,1,0.088
POL-41630244,CUST-732614,Renters,2016-08-13,26.22,14000,0,1,0.032
POL-97973354,CUST-999741,Umbrella,2022-12-08,339.55,4112000,0,1,0.191
POL-7772004,CUST-256355,Umbrella,2019-07-21,352.23,2796000,0,1,0.089
POL-58315400,CUST-121620,Umbrella,2016-12-16,222.58,2024000,0,1,0.162
POL-82181084,CUST-638407,Business,2023-03-17,669.88,649000,0,1,0.029
POL-41512209,CUST-698435,Life,2016-06-05,28.45,392000,0,1,0.164
POL-16031369,CUST-13280,Motorcycle,2018-06-25,98.17,65000,3,1,0.117
POL-94153684,CUST-11901,Auto,2017-10-29,346.16,223000,4,1,0.024
POL-66627415,CUST-999309,Boat,2018-04-13,260.03,379000,1,1,0.126
POL-70196591,CUST-542347,Umbrella,2021-05-23,266.65,2256000,0,1,0.109
POL-22409388,CUST-389933,Boat,2019-11-26,581.27,438000,1,1,0.134
POL-36072958,CUST-768538,Renters,2017-08-26,24.28,49000,0,0,0.101
POL-3940129,CUST-351284,Health,2017-07-02,824.57,98000,0,1,0.145
POL-36504617,CUST-549300,Business,2022-10-18,1173.68,664000,0,1,0.133
POL-35292504,CUST-746925,Motorcycle,2016-07-30,55.17,20000,3,1,0.075
POL-84226031,CUST-80813,RV,2025-04-21,519.35,159000,2,1,0.129
POL-61095611,CUST-535593,RV,2023-12-07,426.42,55000,1,1,0.053
POL-7440911,CUST-523879,Boat,2021-08-14,360.76,359000,2,0,0.182
POL-22398441,CUST-385548,Auto,2025-02-19,221.01,216000,4,1,0.038
POL-34241100,CUST-810894,Renters,2018-03-03,44.54,64000,0,1,0.208
POL-77029205,CUST-706866,Home,2017-03-30,543.75,1874000,0,1,0.206
POL-30655922,CUST-776764,Life,2017-06-15,69.88,680000,0,1,0.06
POL-344739,CUST-46177,Life,2024-02-24,58.59,308000,0,1,0.078
POL-32823140,CUST-48215,Boat,2015-09-14,535.9,254000,2,1,0.009
POL-48852098,CUST-401583,Life,2023-07-09,72.72,81000,0,1,0.201
POL-24019729,CUST-976392,RV,2018-01-17,423.19,273000,1,0,0.121
POL-74204255,CUST-842127,Auto,2016-02-04,94.94,495000,1,1,0.074
POL-30133935,CUST-337433,Home,2022-08-17,730.4,954000,0,1,0.168
POL-55869014,CUST-960343,Home,2019-09-19,377.83,1861000,0,1,0.035
POL-36407626,CUST-866120,Home,2020-12-08,499.68,1149000,0,0,0.13
POL-76710258,CUST-390917,Business,2016-10-25,2399.35,4506000,0,1,0.221
POL-67382794,CUST-706033,Health,2017-07-10,799.82,455000,0,1,0.082
POL-24071191,CUST-234026,Business,2016-05-22,1974.47,2079000,0,0,0.055
POL-6164431,CUST-420400,Home,2024-04-07,222.61,676000,0,1,0.064
POL-62423883,CUST-908100,Business,2016-08-31,611.85,4575000,0,1,0.237
POL-41701149,CUST-343199,Umbrella,2020-04-18,418.3,2992000,0,1,0.241
POL-74234670,CUST-478933,Life,2016-12-17,88.52,800000,0,1,0.077
POL-49515518,CUST-210418,Business,2015-08-18,569.62,559000,0,1,0.197
POL-75672859,CUST-822615,Health,2020-06-14,452.98,252000,0,1,0.24
POL-99264208,CUST-652966,Umbrella,2020-08-30,561.26,3874000,0,1,0.217
POL-62267186,CUST-386162,Boat,2019-08-15,433.08,231000,2,1,0.234
POL-26229153,CUST-768043,Health,2023-11-20,497.42,134000,0,0,0.158
POL-32900372,CUST-157880,Motorcycle,2024-10-16,124.72,46000,1,1,0.235
POL-55034115,CUST-25071,Boat,2015-08-08,642.17,466000,2,1,0.219
POL-72684966,CUST-363251,Home,2019-06-16,677.08,1565000,0,1,0.017
POL-44965270,CUST-1533,Motorcycle,2015-08-28,102.25,82000,3,1,0.007
POL-99063777,CUST-762540,Auto,2021-11-23,253.17,121000,4,1,0.034
POL-13951801,CUST-215161,Motorcycle,2020-09-21,54.01,50000,3,1,0.028
POL-31966313,CUST-440208,Health,2024-07-04,716.37,452000,0,1,0.191
POL-8038980,CUST-149289,Business,2023-11-12,1871.51,2779000,0,1,0.218
POL-12485824,CUST-46032,Life,2020-04-02,70.62,771000,0,1,0.082
POL-69760901,CUST-433121,Renters,2019-06-07,21.95,64000,0,1,0.098
POL-61533194,CUST-784229,Motorcycle,2021-10-30,143.37,85000,2,1,0.006
POL-77949714,CUST-100219,RV,2016-12-08,752.97,214000,1,0,0.244
POL-17919925,CUST-668169,Health,2024-02-03,461.78,497000,0,1,0.1
POL-10043577,CUST-620647,Motorcycle,2022-03-15,102.05,30000,1,0,0.043
POL-8359464,CUST-456112,Business,2025-02-25,734.7,4511000,0,1,0.23
POL-31778964,CUST-305844,Boat,2017-09-19,696.35,284000,1,1,0.051
POL-42279780,CUST-971025,Renters,2019-12-07,25.08,75000,0,1,0.108
POL-94049798,CUST-872310,Health,2022-03-06,800.08,482000,0,1,0.169
POL-42688984,CUST-474751,Motorcycle,2021-01-16,51.64,29000,1,1,0.065
POL-31354768,CUST-78315,Business,2020-02-13,1401.95,2183000,0,1,0.171
POL-18268622,CUST-817823,Boat,2018-12-10,251.44,271000,1,1,0.244
POL-14626086,CUST-162959,Motorcycle,2025-06-10,112.42,60000,4,1,0.064
POL-22062036,CUST-471404,Home,2017-04-16,489.9,209000,0,1,0.059
POL-42148834,CUST-426259,Umbrella,2023-06-03,598.7,4940000,0,1,0.201
POL-71930575,CUST-375691,Auto,2017-07-19,81.45,290000,4,1,0.099
POL-60655283,CUST-323284,Umbrella,2019-01-10,252.9,4742000,0,1,0.145
POL-35568761,CUST-893892,Renters,2023-05-18,20.95,75000,0,0,0.219
POL-12136086,CUST-165271,Life,2017-07-14,40.69,795000,0,1,0.035
POL-94583877,CUST-730729,Home,2020-09-01,319.29,368000,0,1,0.243
POL-28859601,CUST-876530,Renters,2016-03-06,41.17,66000,0,1,0.219
POL-19907683,CUST-95643,Business,2021-01-25,2159.18,2313000,0,1,0.109
POL-47746984,CUST-415492,Life,2019-09-19,80.22,565000,0,1,0.038
POL-6570040,CUST-710078,Boat,2024-03-24,231.93,103000,1,1,0.009
POL-34918995,CUST-859926,Renters,2020-07-29,20.72,71000,0,1,0.249
POL-4171767,CUST-998345,Boat,2018-06-14,224.48,212000,2,1,0.028
POL-60693413,CUST-582959,Life,2022-05-16,46.64,148000,0,1,0.071
POL-33534652,CUST-99326,Life,2024-11-07,156.24,913000,0,1,0.223
POL-13677772,CUST-842946,Business,2023-05-10,924.79,135000,0,1,0.143
POL-16301180,CUST-12537,Motorcycle,2017-11-14,140.45,42000,4,1,0.222
POL-29835008,CUST-137064,Auto,2016-07-17,156.76,382000,1,1,0.148
POL-53765180,CUST-390321,Home,2018-11-12,685.88,422000,0,1,0.115
POL-78158177,CUST-614590,Boat,2016-12-03,472.43,166000,1,1,0.011
POL-10064609,CUST-22859,Business,2019-11-24,2401.79,2826000,0,0,0.25
POL-26541600,CUST-946335,Business,2016-08-03,758.64,508000,0,1,0.071
POL-17286109,CUST-96446,Auto,2023-01-14,280.83,312000,4,1,0.064
POL-16445384,CUST-44770,Health,2021-02-18,1165.05,259000,0,1,0.213
POL-6796477,CUST-176149,Life,2023-05-03,92.99,472000,0,1,0.188
POL-58137264,CUST-861599,Life,2025-04-03,46.11,565000,0,1,0.184
POL-66588957,CUST-30914,Renters,2022-03-19,46.63,89000,0,1,0.166
POL-91699285,CUST-447389,Umbrella,2022-01-02,405.06,3054000,0,1,0.097
POL-47505459,CUST-225146,Renters,2018-06-07,34.71,65000,0,1,0.106
POL-36907428,CUST-293448,Umbrella,2018-09-04,445.55,2821000,0,1,0.023
POL-19948970,CUST-36332,RV,2023-01-30,539.22,172000,1,1,0.178
POL-86876236,CUST-309440,Boat,2019-09-04,516.37,364000,1,1,0.109
POL-55296657,CUST-925660,Boat,2023-12-25,380.24,92000,2,1,0.131
POL-64294443,CUST-63941,Renters,2024-11-10,34.9,82000,0,1,0.011
POL-37550897,CUST-401620,Home,2016-12-26,457.46,966000,0,1,0.165
POL-56268745,CUST-209146,Business,2017-10-29,2125.65,3082000,0,1,0.02
POL-33440045,CUST-661393,RV,2024-06-09,311.39,244000,2,1,0.046
POL-2621269,CUST-401078,Motorcycle,2024-09-28,35.43,65000,3,1,0.181
POL-64382155,CUST-570968,Boat,2021-08-08,574.29,164000,2,0,0.218
POL-46175477,CUST-957011,Life,2023-09-27,61.94,132000,0,1,0.151
POL-67430081,CUST-337226,Home,2025-02-11,403.66,138000,0,1,0.029
POL-36297263,CUST-188550,Life,2022-02-06,139.77,533000,0,1,0.217
POL-42799022,CUST-626121,Business,2015-12-08,1951.82,2640000,0,1,0.243
POL-3933043,CUST-939277,Umbrella,2019-03-21,476.26,3895000,0,1,0.201
POL-7863981,CUST-847935,Home,2020-04-09,187.56,129000,0,1,0.204
POL-71059199,CUST-374795,Health,2023-07-08,1059.01,160000,0,1,0.036
POL-31240803,CUST-167378,Health,2025-06-05,635.79,378000,0,1,0.135
POL-33266810,CUST-688772,Home,2017-03-13,310.64,1072000,0,1,0.105
POL-35772648,CUST-559614,Home,2019-08-06,216.27,420000,0,1,0.111
POL-29448924,CUST-603656,Boat,2016-06-11,482.89,476000,2,1,0.05
POL-47621071,CUST-980634,Business,2022-02-06,2158.9,3386000,0,1,0.002
POL-23635791,CUST-248041,Motorcycle,2018-06-13,147.54,75000,3,1,0.1
POL-99066789,CUST-731514,RV,2020-11-26,713.73,210000,2,1,0.015
POL-79398174,CUST-29576,Auto,2021-08-06,193.94,191000,1,1,0.162
POL-76188876,CUST-590984,Boat,2021-06-23,270.16,351000,2,1,0.109
POL-75579195,CUST-994436,Life,2017-11-28,75.4,252000,0,1,0.11
POL-66065552,CUST-568458,RV,2018-09-11,453.79,288000,2,0,0.213
POL-23562830,CUST-514259,Boat,2020-10-01,278.7,179000,2,0,0.208
POL-12114140,CUST-58896,Umbrella,2016-02-20,518.39,4354000,0,0,0.041
POL-80753812,CUST-229437,Health,2019-06-14,482.46,443000,0,1,0.121
POL-70658723,CUST-501207,Life,2015-10-31,59.91,685000,0,1,0.198
POL-44524582,CUST-962483,Boat,2015-07-04,382.19,135000,1,0,0.09
POL-17514010,CUST-357311,Renters,2018-12-02,27.5,31000,0,1,0.215
POL-43431355,CUST-62448,RV,2018-07-06,322.38,67000,2,1,0.154
POL-19825571,CUST-615104,Home,2015-11-13,493.39,1120000,0,1,0.085
POL-14887509,CUST-887599,Umbrella,2017-11-26,507.75,4230000,0,1,0.067
POL-48974686,CUST-76054,Life,2024-06-12,174.35,966000,0,1,0.167
POL-94561490,CUST-987678,Auto,2021-11-06,330.19,255000,4,0,0.189
POL-78653825,CUST-105939,Home,2022-03-23,647.16,1379000,0,1,0.237
POL-40502233,CUST-338273,RV,2021-03-21,329.38,78000,1,1,0.218
POL-21139813,CUST-767926,Umbrella,2017-10-24,262.81,2225000,0,1,0.19
POL-85800828,CUST-510866,Boat,2022-12-04,639.53,77000,1,1,0.084
POL-23381086,CUST-741535,Life,2020-11-21,46.52,262000,0,1,0.104
POL-93088100,CUST-932813,Auto,2025-01-20,146.24,449000,4,1,0.126
POL-29962391,CUST-697860,Home,2021-07-25,286.21,1600000,0,1,0.09
POL-50785855,CUST-321727,Health,2018-06-23,351.61,445000,0,1,0.197
POL-17092408,CUST-186340,Life,2020-07-03,165.31,483000,0,0,0.225
POL-94221978,CUST-994782,RV,2015-07-11,856.23,145000,1,1,0.193
POL-52559853,CUST-892083,RV,2025-03-28,960.55,72000,2,1,0.245
POL-4346338,CUST-190926,Life,2025-02-23,100.96,462000,0,1,0.165
POL-82058189,CUST-231625,Life,2020-11-27,182.94,111000,0,0,0.245
POL-13973438,CUST-982188,RV,2025-02-11,980.86,160000,2,1,0.175
POL-18876833,CUST-347255,Renters,2023-12-08,40.25,51000,0,0,0.002
POL-31943272,CUST-363656,Renters,2016-10-25,46.51,90000,0,0,0.175
POL-22533467,CUST-667090,Boat,2020-12-05,586.33,490000,2,1,0.222
POL-95155780,CUST-702571,Motorcycle,2017-01-01,123.05,50000,1,1,0.084
POL-59945655,CUST-11949,Life,2021-03-16,116.08,617000,0,1,0.023
POL-28143348,CUST-261662,RV,2020-01-02,518.58,139000,1,1,0.223
POL-47040785,CUST-269125,RV,2016-08-24,714.75,113000,2,1,0.247
POL-96692275,CUST-1343,Home,2017-05-01,612.39,1865000,0,1,0.157
POL-51799600,CUST-459507,Umbrella,2016-04-24,249.53,4173000,0,1,0.031
POL-22325567,CUST-927519,Renters,2022-08-19,35.04,11000,0,1,0.246
POL-66180344,CUST-924603,Business,2022-07-15,1631.19,4574000,0,1,0.058
POL-47141449,CUST-572547,Renters,2021-12-08,24.96,85000,0,1,0.179
POL-13613510,CUST-869067,RV,2021-11-17,816.26,78000,2,1,0.048
POL-77585294,CUST-682591,Umbrella,2023-08-26,381.72,1615000,0,1,0.207
POL-21831387,CUST-473209,Home,2019-05-01,164.57,991000,0,1,0.119
POL-4484588,CUST-309234,Boat,2016-09-30,246.84,380000,2,1,0.13
POL-42777459,CUST-273812,Motorcycle,2015-11-01,134.64,87000,4,1,0.249
POL-9959009,CUST-358411,Boat,2017-04-10,639.03,244000,1,1,0.032
POL-50393104,CUST-168720,Boat,2018-05-21,277.63,394000,1,1,0.114
POL-73423305,CUST-987584,Auto,2016-10-08,281.55,318000,3,0,0.03
POL-45358959,CUST-622886,Motorcycle,2017-01-28,43.24,58000,3,1,0.038
POL-94557013,CUST-32498,Umbrella,2023-09-15,321.97,2571000,0,1,0.121
POL-87729428,CUST-173012,Life,2022-10-31,49.87,668000,0,1,0.234
POL-21086112,CUST-56157,Renters,2022-11-18,46.12,38000,0,1,0.185
POL-44438762,CUST-215535,Auto,2017-03-20,113.03,208000,1,1,0.104
POL-54932613,CUST-731063,Business,2018-09-22,1119.4,3895000,0,0,0.195
POL-96910313,CUST-970534,Boat,2024-12-02,700.68,462000,1,1,0.126
POL-35603234,CUST-692687,Boat,2024-09-06,657.01,375000,2,1,0.182
POL-39916439,CUST-249087,Home,2020-04-13,659.87,1494000,0,1,0.097
POL-6661956,CUST-411987,Motorcycle,2017-02-15,70.68,16000,4,1,0.161
POL-73774469,CUST-880651,Life,2025-03-21,148.76,650000,0,1,0.193
POL-20614492,CUST-57152,Renters,2023-11-05,34.64,26000,0,1,0.021
POL-512117,CUST-448377,Business,2021-08-19,1583.67,544000,0,0,0.13
POL-39533757,CUST-863918,Boat,2016-12-25,501.58,35000,1,1,0.133
POL-26799898,CUST-101698,Auto,2023-08-31,154.24,133000,2,1,0.21
POL-27776759,CUST-179130,Business,2015-12-06,1388.46,4576000,0,1,0.1
POL-10997276,CUST-496574,Auto,2020-06-16,212.7,37000,3,1,0.104
POL-41386492,CUST-823002,RV,2017-06-16,522.17,117000,1,1,0.025
POL-63209094,CUST-512855,Life,2022-04-03,74.94,242000,0,1,0.022
POL-12232184,CUST-673045,Renters,2020-01-01,48.33,99000,0,1,0.154
POL-52013009,CUST-193862,Umbrella,2024-10-01,272.58,3992000,0,1,0.097
POL-51196706,CUST-387345,Umbrella,2021-10-21,256.98,4746000,0,1,0.094
POL-59830944,CUST-46784,Home,2018-09-01,136.31,603000,0,1,0.147
POL-59020960,CUST-487648,Boat,2019-12-22,505.17,289000,2,0,0.067
POL-30365724,CUST-877740,Umbrella,2019-12-22,385.93,2707000,0,1,0.007
POL-75731895,CUST-64633,Health,2020-01-23,1113.74,60000,0,1,0.241
POL-93478748,CUST-699891,Home,2018-01-24,272.42,1263000,0,1,0.031
POL-11503440,CUST-700596,Business,2017-02-19,1313.49,804000,0,1,0.125
POL-72672055,CUST-434096,Life,2021-05-05,90.33,226000,0,1,0.134
POL-74303190,CUST-63946,Motorcycle,2019-05-13,145.36,83000,4,1,0.203
POL-70139805,CUST-438967,Business,2022-01-29,1078.5,1504000,0,1,0.233
POL-92216696,CUST-909004,Boat,2024-08-08,363.98,157000,2,0,0.211
POL-76868410,CUST-924481,Health,2023-07-28,785.16,318000,0,1,0.04
POL-63922841,CUST-313369,RV,2019-07-03,694.16,129000,1,1,0.031
POL-52989744,CUST-946630,Life,2016-11-01,151.89,343000,0,1,0.053
POL-67390918,CUST-598967,RV,2016-01-31,970.19,133000,2,1,0.245
POL-76703472,CUST-710446,Boat,2024-04-14,363.81,372000,2,1,0.115
POL-16143959,CUST-995365,Business,2018-01-01,1156.91,1222000,0,1,0.001
POL-23203422,CUST-995163,Boat,2023-02-18,202.57,30000,1,1,0.224
POL-28439415,CUST-847732,Boat,2018-05-03,657.48,307000,1,1,0.162
POL-16936398,CUST-44748,Home,2018-10-09,477.05,1972000,0,1,0.168
POL-10518444,CUST-716308,Home,2022-09-11,347.1,1805000,0,1,0.15
POL-27101146,CUST-862520,Motorcycle,2022-11-25,51.26,11000,1,1,0.234
POL-79865944,CUST-270413,Boat,2018-01-03,205.62,415000,1,1,0.17
POL-97590113,CUST-958580,Umbrella,2020-12-06,276.6,4424000,0,1,0.076
POL-11680625,CUST-406951,Health,2016-08-19,434.26,309000,0,0,0.009
POL-53332084,CUST-578870,Boat,2024-12-16,742.7,396000,1,1,0.246
POL-37071046,CUST-544932,Motorcycle,2021-01-15,43.31,46000,4,1,0.048
POL-1659440,CUST-824758,Business,2023-04-15,1844.35,4841000,0,1,0.147
POL-70137085,CUST-819656,Home,2025-06-28,189.2,1295000,0,1,0.22
POL-15102023,CUST-434574,Renters,2022-08-19,21.71,99000,0,1,0.242
POL-19891032,CUST-594116,RV,2018-01-14,730.12,228000,2,1,0.107
POL-13449152,CUST-969857,Auto,2025-05-28,310.54,194000,4,1,0.102
POL-75522135,CUST-817411,Home,2017-04-16,576.12,1079000,0,1,0.129
POL-38398732,CUST-909613,Auto,2017-03-18,318.63,143000,1,1,0.105
POL-46153339,CUST-920538,Boat,2024-08-09,389.75,230000,1,1,0.22
POL-35451818,CUST-401650,Auto,2022-06-26,347.37,143000,4,0,0.229
POL-76775659,CUST-638543,Health,2023-10-03,364.48,213000,0,1,0.156
POL-5028557,CUST-180564,Auto,2023-07-17,209.59,449000,1,1,0.157
POL-54086249,CUST-150840,Umbrella,2020-03-06,536.2,2037000,0,1,0.06
POL-5205303,CUST-415018,Umbrella,2022-04-30,533.01,4446000,0,1,0.199
POL-92679187,CUST-249119,Home,2021-02-17,643.02,1399000,0,1,0.024
POL-63782705,CUST-965565,Boat,2016-05-01,547.36,70000,1,0,0.094
POL-49988144,CUST-21215,Home,2020-01-23,647.85,230000,0,0,0.11
POL-40675347,CUST-326053,Renters,2021-03-29,36.38,67000,0,1,0.169
POL-65984013,CUST-899924,RV,2020-04-06,336.54,273000,2,1,0.154
POL-30595926,CUST-140913,Motorcycle,2017-03-01,57.97,89000,1,1,0.116
POL-99820897,CUST-464635,Motorcycle,2020-08-09,135.59,91000,1,1,0.234
POL-36160937,CUST-764201,Auto,2020-12-13,202.6,197000,2,1,0.003
POL-81198924,CUST-676913,Home,2022-08-01,515.02,1863000,0,1,0.143
POL-25224301,CUST-463173,RV,2017-01-04,479.4,160000,2,1,0.111
POL-54649480,CUST-776936,Health,2019-02-02,337.67,73000,0,1,0.078
POL-69323646,CUST-909313,Motorcycle,2023-09-26,91.58,95000,3,1,0.221
POL-7543817,CUST-540299,Life,2021-11-08,50.8,374000,0,1,0.073
POL-8806960,CUST-326236,Auto,2018-03-13,219.77,370000,2,1,0.127
POL-54141437,CUST-142239,RV,2024-02-12,901.09,161000,2,1,0.05
POL-76325904,CUST-30354,Health,2024-05-30,985.26,229000,0,1,0.119
POL-25872271,CUST-917693,Boat,2018-06-13,559.86,199000,2,1,0.105
POL-7734634,CUST-261609,Life,2018-11-28,43.35,969000,0,1,0.011
POL-61263503,CUST-53015,Health,2016-01-21,1119.95,385000,0,1,0.058
POL-94574367,CUST-208781,Business,2021-08-16,926.28,4133000,0,1,0.238
POL-49439358,CUST-863508,Umbrella,2020-02-26,522.91,2577000,0,1,0.046
POL-67796914,CUST-416224,Auto,2023-05-23,177.96,64000,3,1,0.029
POL-91425675,CUST-32047,Renters,2017-08-07,30.41,93000,0,1,0.191
POL-49991642,CUST-512530,Auto,2019-08-11,343.33,129000,2,1,0.055
POL-23834879,CUST-912765,Renters,2023-01-30,40.16,55000,0,1,0.061
POL-78769733,CUST-578115,Health,2023-07-26,221.49,492000,0,1,0.025
POL-46204319,CUST-171456,Life,2021-06-11,91.31,876000,0,1,0.085
POL-92455954,CUST-94782,Health,2019-11-23,505.07,176000,0,1,0.093
POL-3684342,CUST-405343,Life,2020-05-05,189.7,888000,0,0,0.22
POL-21865061,CUST-895296,Home,2016-05-03,182.95,1951000,0,0,0.199
POL-28765353,CUST-898746,Health,2025-03-24,732.55,414000,0,1,0.15
POL-86889858,CUST-236047,Health,2019-04-05,1121.01,450000,0,1,0.047
POL-36115786,CUST-683238,RV,2019-01-04,505.93,89000,2,1,0.157
POL-68891441,CUST-21026,Renters,2022-06-17,45.55,77000,0,0,0.221
POL-63632249,CUST-955793,Health,2015-08-24,927.3,461000,0,1,0.166
POL-86888739,CUST-181614,Home,2017-09-29,217.2,914000,0,1,0.161
POL-30033905,CUST-264650,RV,2015-08-21,561.99,186000,2,1,0.178
POL-95662408,CUST-743826,RV,2020-09-09,786.16,238000,2,1,0.145
POL-56882385,CUST-938981,Business,2020-03-06,1799.47,1838000,0,1,0.051
POL-46802956,CUST-481294,Health,2021-11-24,595.9,210000,0,1,0.094
POL-29287523,CUST-489368,Life,2019-10-12,188.71,442000,0,1,0.021
POL-90891729,CUST-545928,Home,2020-08-19,306.53,1188000,0,1,0.146
POL-78448538,CUST-107282,Boat,2022-04-01,507.36,201000,2,1,0.108
POL-68654208,CUST-694530,Umbrella,2015-08-14,521.8,2330000,0,1,0.006
POL-75357498,CUST-678787,Boat,2021-11-10,340.27,363000,1,1,0.021
POL-40060760,CUST-717659,RV,2020-04-20,658.95,219000,1,1,0.232
POL-64657836,CUST-66938,Home,2017-05-01,183.01,855000,0,1,0.05
POL-37108953,CUST-671712,Health,2021-03-19,875.11,181000,0,1,0.204
POL-37162866,CUST-273832,Renters,2021-01-09,21.67,89000,0,0,0.25
POL-25281262,CUST-157212,RV,2020-07-29,938.67,52000,2,1,0.087
POL-32252798,CUST-943390,Motorcycle,2024-04-17,143.5,86000,1,1,0.128
POL-80535106,CUST-423727,Life,2016-06-16,176.46,289000,0,1,0.187
POL-91369490,CUST-146726,Boat,2020-12-05,340.23,333000,2,1,0.115
POL-87966375,CUST-521533,Home,2015-12-05,319.15,494000,0,1,0.235
POL-34819604,CUST-950965,Motorcycle,2020-07-09,55.15,69000,1,1,0.144
POL-54304344,CUST-407135,Life,2022-08-12,78.48,824000,0,1,0.203
POL-78252116,CUST-742464,Umbrella,2016-02-04,335.93,2758000,0,1,0.188
POL-25489981,CUST-359836,RV,2025-03-23,509.75,204000,1,1,0.008
POL-92116057,CUST-560605,Life,2019-04-11,51.9,396000,0,1,0.2
POL-90176660,CUST-375911,Business,2023-08-03,1647.76,3379000,0,0,0.051
POL-40291467,CUST-886486,Motorcycle,2024-02-15,37.65,61000,2,1,0.082
POL-88263548,CUST-919071,Boat,2018-05-21,583.4,185000,1,1,0.169
POL-24311643,CUST-308054,Life,2024-12-27,30.61,772000,0,1,0.007
POL-63187139,CUST-134159,Health,2017-02-25,269.49,252000,0,1,0.058
POL-97332902,CUST-847609,RV,2019-11-23,348.99,65000,2,1,0.043
POL-24571018,CUST-992921,Motorcycle,2025-01-01,76.93,25000,2,1,0.12
POL-87836731,CUST-93637,Home,2021-03-15,372.3,1995000,0,1,0.032
POL-47685330,CUST-234176,Health,2019-04-11,509.76,479000,0,1,0.119
POL-56434872,CUST-826372,Business,2020-09-19,1650.18,2703000,0,1,0.126
POL-49886371,CUST-273216,Boat,2021-02-16,365.26,29000,1,1,0.206
POL-39466873,CUST-486288,Business,2025-06-15,2115.13,4511000,0,1,0.142
POL-63154349,CUST-56284,Boat,2017-06-30,476.12,327000,1,1,0.072
POL-77888306,CUST-990171,Boat,2025-06-03,408.07,467000,2,1,0.206
POL-63380252,CUST-932630,Life,2016-09-14,97.63,238000,0,1,0.183
POL-67172936,CUST-125636,Boat,2018-10-20,430.8,371000,1,1,0.024
POL-71113720,CUST-312848,Auto,2021-12-26,144.72,481000,2,1,0.157
POL-7256074,CUST-913151,Renters,2022-07-09,38.33,19000,0,1,0.181
POL-18436852,CUST-210026,Health,2018-01-21,1108.74,266000,0,0,0.138
POL-54920799,CUST-597062,Umbrella,2021-04-28,230.61,1441000,0,1,0.195
POL-19223220,CUST-331752,Motorcycle,2023-04-12,84.11,43000,2,1,0.116
POL-10846331,CUST-511265,Home,2018-07-24,547.21,1517000,0,1,0.095
POL-84695784,CUST-185413,Motorcycle,2021-02-24,132.69,62000,1,1,0.029
POL-85161010,CUST-60831,Life,2020-10-28,82.24,835000,0,1,0.115
POL-60673557,CUST-286814,Home,2015-07-29,483.9,608000,0,1,0.109
POL-22629881,CUST-604272,Boat,2019-01-21,692.26,466000,1,1,0.005
POL-65709924,CUST-823353,Home,2018-03-10,224.07,360000,0,1,0.098
POL-17368573,CUST-644328,Home,2016-12-28,569.97,124000,0,1,0.038
POL-85025258,CUST-450268,Umbrella,2022-11-14,271.18,3996000,0,1,0.169
POL-57582820,CUST-500590,Health,2022-05-10,642.06,75000,0,1,0.203
POL-626681,CUST-39557,Home,2022-01-05,373.43,747000,0,1,0.15
POL-26764927,CUST-766151,Auto,2024-07-28,288.55,427000,2,0,0.094
POL-1889398,CUST-935336,Health,2021-11-03,399.99,58000,0,1,0.247
POL-71274148,CUST-199834,Umbrella,2020-12-22,528.21,3852000,0,1,0.055
POL-90831598,CUST-4324,Home,2015-10-19,657.85,1842000,0,1,0.181
POL-30368869,CUST-727213,Auto,2019-09-23,192.23,81000,3,1,0.157
POL-41888314,CUST-135193,Business,2021-05-08,914.24,4644000,0,1,0.107
POL-51479273,CUST-527786,Health,2017-03-29,413.78,237000,0,1,0.004
POL-22417070,CUST-68458,Umbrella,2020-09-13,204.79,1892000,0,1,0.017
POL-40024028,CUST-994535,Renters,2016-04-09,37.75,58000,0,1,0.221
POL-61193393,CUST-763187,Motorcycle,2020-06-10,66.18,88000,4,0,0.025
POL-80043415,CUST-549577,RV,2024-05-05,853.88,292000,1,1,0.024
POL-58205561,CUST-931108,Umbrella,2021-03-29,592.57,3921000,0,1,0.231
POL-46000822,CUST-945169,Life,2017-10-08,83.11,716000,0,1,0.172
POL-48217837,CUST-786553,Boat,2023-10-31,240.51,34000,2,1,0.16
POL-22130289,CUST-994138,Health,2018-09-12,703.42,419000,0,0,0.058
POL-2566878,CUST-239513,Business,2022-05-10,2017.88,1141000,0,1,0.184
POL-97598947,CUST-137579,Health,2019-04-23,819.77,81000,0,1,0.125
POL-98526096,CUST-22977,Health,2019-02-01,351.67,157000,0,1,0.06
POL-22680748,CUST-129144,Business,2024-01-29,2477.1,3822000,0,1,0.082
POL-95443580,CUST-682141,Renters,2021-09-23,26.11,15000,0,1,0.244
POL-50357475,CUST-919123,Renters,2016-02-17,41.27,40000,0,1,0.083
POL-71770706,CUST-653404,Health,2019-11-05,405.82,78000,0,0,0.166
POL-79715138,CUST-50290,Health,2016-04-26,1001.45,415000,0,1,0.152
POL-87720360,CUST-876735,Motorcycle,2017-05-01,92.58,34000,4,1,0.016
POL-6473999,CUST-723255,Boat,2015-10-30,241.99,126000,1,1,0.035
POL-55938669,CUST-465897,Health,2017-06-18,325.56,141000,0,1,0.208
POL-16588648,CUST-573867,Health,2021-12-17,436.31,91000,0,1,0.117
POL-63672398,CUST-735962,Life,2019-10-17,151.29,307000,0,1,0.151
POL-27581060,CUST-728961,Renters,2018-02-05,24.99,69000,0,0,0.05
POL-40415166,CUST-441315,Boat,2015-08-26,248.01,214000,2,1,0.118
POL-88916958,CUST-545583,Motorcycle,2017-03-18,90.64,67000,2,1,0.198
POL-83590502,CUST-635053,Auto,2020-02-01,285.72,249000,1,1,0.23
POL-56213840,CUST-871002,Business,2017-10-29,1574.4,4738000,0,1,0.064
POL-68663747,CUST-753681,Boat,2017-04-11,383.51,173000,2,1,0.12
POL-37944260,CUST-119550,Umbrella,2017-06-30,254.66,2968000,0,1,0.229
POL-66805406,CUST-208296,Auto,2017-04-20,83.47,288000,3,1,0.231
POL-35298445,CUST-871889,Motorcycle,2018-11-22,146.46,59000,4,1,0.16
POL-27068117,CUST-375308,Business,2024-05-23,642.47,426000,0,0,0.031
POL-39641367,CUST-168163,Business,2022-06-19,824.72,3760000,0,0,0.193
POL-73569939,CUST-520465,Umbrella,2016-02-29,403.84,3049000,0,1,0.092
POL-92369165,CUST-978451,Auto,2019-01-10,255.74,247000,2,1,0.009
POL-44372866,CUST-245896,Umbrella,2023-09-02,452.38,3837000,0,1,0.166
POL-1711195,CUST-704258,Life,2015-07-17,70.73,528000,0,0,0.037
POL-14821786,CUST-875804,Health,2017-01-03,802.15,397000,0,1,0.003
POL-89794603,CUST-518105,Home,2025-04-05,551.08,906000,0,1,0.147
POL-12090691,CUST-817392,Home,2018-01-11,462.98,496000,0,1,0.041
POL-10072800,CUST-758711,Motorcycle,2024-03-13,60.34,50000,4,1,0.183
POL-34345256,CUST-675636,Home,2017-03-20,176.49,1301000,0,1,0.086
POL-61304112,CUST-310401,Life,2019-06-05,72.08,270000,0,0,0.099
POL-62314252,CUST-52512,Renters,2019-12-27,15.22,32000,0,1,0.0
POL-23448079,CUST-916602,Home,2017-03-11,641.62,976000,0,1,0.164
POL-38999266,CUST-377712,Motorcycle,2016-03-01,50.48,59000,2,1,0.05
POL-57176108,CUST-774415,Life,2020-10-24,112.96,166000,0,1,0.204
POL-12750478,CUST-892596,Life,2017-06-19,60.16,836000,0,1,0.19
POL-1298197,CUST-893385,Renters,2016-04-10,49.4,64000,0,1,0.228
POL-89034004,CUST-678636,Home,2017-11-05,707.85,448000,0,1,0.021
POL-44112109,CUST-374894,Home,2018-05-24,293.73,818000,0,1,0.059
POL-83457527,CUST-281342,Boat,2022-12-09,603.68,78000,1,1,0.188
POL-50012498,CUST-854551,Auto,2017-01-27,259.64,439000,1,1,0.131
POL-24544318,CUST-119361,Auto,2021-04-28,181.43,298000,3,0,0.118
POL-53720675,CUST-478715,Umbrella,2022-04-24,441.75,2412000,0,1,0.223
POL-51769856,CUST-723415,Umbrella,2020-02-13,526.74,4947000,0,1,0.1
POL-56604960,CUST-680364,Business,2023-08-18,614.48,3087000,0,1,0.202
POL-15174194,CUST-138948,Auto,2018-05-01,203.37,391000,4,1,0.222
POL-21393688,CUST-108751,Life,2016-06-28,29.49,179000,0,1,0.07
POL-79289163,CUST-506121,Health,2022-07-28,568.43,374000,0,1,0.217
POL-91052385,CUST-459447,RV,2025-03-04,589.19,99000,1,0,0.239
POL-82050405,CUST-398197,Umbrella,2018-07-30,206.65,2511000,0,1,0.242
POL-82055138,CUST-30216,Umbrella,2021-08-05,471.17,1980000,0,1,0.1
POL-64837853,CUST-965107,Business,2017-09-18,2087.92,3022000,0,1,0.233
POL-15158211,CUST-930709,Boat,2023-10-19,792.12,474000,1,1,0.073
POL-59148126,CUST-48205,Health,2022-06-28,911.94,323000,0,1,0.196
POL-35113084,CUST-686789,RV,2016-07-27,322.22,181000,1,1,0.168
POL-1658959,CUST-738793,RV,2020-11-02,991.05,172000,1,1,0.239
POL-99807498,CUST-604660,Boat,2024-06-03,597.59,151000,1,1,0.188
POL-30062746,CUST-702382,Home,2025-02-07,173.83,1601000,0,1,0.232
POL-69672379,CUST-548513,Umbrella,2021-04-01,561.06,4214000,0,1,0.18
POL-58095862,CUST-693856,Boat,2017-02-10,770.9,377000,1,1,0.231
POL-64683506,CUST-362544,Boat,2019-09-21,254.27,388000,2,1,0.233
POL-19952062,CUST-879789,Business,2022-01-15,629.33,2979000,0,1,0.179
POL-82263926,CUST-57216,Motorcycle,2024-12-28,108.47,84000,4,1,0.056
POL-86355513,CUST-979759,Home,2015-09-10,303.68,334000,0,1,0.185
POL-67856130,CUST-890079,Health,2018-03-01,944.62,111000,0,1,0.032
POL-66549837,CUST-911648,Umbrella,2023-06-24,581.63,3420000,0,1,0.078
POL-10048242,CUST-787931,Business,2018-04-22,1571.21,3356000,0,0,0.08
POL-43034742,CUST-252593,Umbrella,2023-11-09,519.01,4917000,0,1,0.13
POL-37333618,CUST-52796,Business,2021-02-14,1681.55,994000,0,1,0.135
POL-29891163,CUST-577236,Boat,2024-02-12,389.56,453000,2,1,0.125
POL-54126921,CUST-856794,Boat,2021-12-07,288.46,174000,1,1,0.212
POL-10580463,CUST-481395,Auto,2019-06-29,241.7,187000,1,1,0.212
POL-76911446,CUST-469865,Business,2023-01-19,1456.57,1909000,0,1,0.176
POL-66901651,CUST-468784,Motorcycle,2016-12-27,37.06,54000,2,1,0.053
POL-15932563,CUST-521533,Health,2020-11-13,900.41,78000,0,0,0.194
POL-13776553,CUST-423037,Boat,2015-10-18,636.44,182000,1,0,0.137
POL-4809280,CUST-584194,Umbrella,2022-07-05,368.97,2986000,0,0,0.189
POL-22778,CUST-866028,Motorcycle,2024-10-31,38.62,47000,3,1,0.049
POL-81094790,CUST-649137,RV,2017-01-14,575.64,84000,2,1,0.145
POL-68227936,CUST-589648,Auto,2020-09-03,309.45,397000,3,1,0.041
POL-87858385,CUST-704091,Life,2019-01-05,102.33,556000,0,1,0.036
POL-45748676,CUST-380992,Health,2023-04-03,1004.36,153000,0,1,0.002
POL-29919562,CUST-885331,Business,2016-06-01,703.9,1338000,0,1,0.246
POL-44556611,CUST-587360,Life,2023-03-23,187.05,151000,0,1,0.118
POL-96188217,CUST-689089,Auto,2023-07-17,111.68,295000,3,1,0.242
POL-96088283,CUST-474514,Motorcycle,2021-09-03,59.4,26000,2,1,0.076
POL-13077775,CUST-796204,Business,2017-06-07,2409.11,3249000,0,1,0.248
POL-294869,CUST-357938,Home,2019-04-07,644.41,1914000,0,1,0.096
POL-85048563,CUST-838769,Boat,2021-07-14,420.39,88000,1,1,0.122
POL-73509785,CUST-547341,RV,2020-06-17,457.45,204000,2,1,0.186
POL-94233737,CUST-111486,Business,2021-11-08,862.19,4162000,0,0,0.176
POL-22032560,CUST-516342,Renters,2016-04-09,35.0,23000,0,1,0.178
POL-96214798,CUST-778579,RV,2017-11-18,429.42,263000,1,1,0.204
POL-14356130,CUST-266641,RV,2022-06-15,641.99,186000,1,1,0.052
POL-25171649,CUST-126611,Home,2018-10-29,226.46,1356000,0,1,0.001
POL-28935933,CUST-479247,Boat,2022-03-06,680.31,90000,1,1,0.052
POL-96205645,CUST-354349,Life,2018-09-26,40.37,319000,0,1,0.009
POL-55629268,CUST-48759,Home,2017-04-29,454.3,862000,0,0,0.043
POL-60465703,CUST-479605,Auto,2017-08-03,147.05,49000,3,1,0.111
POL-18070539,CUST-523059,Business,2024-01-26,1480.89,2725000,0,1,0.247
POL-71184297,CUST-771976,Umbrella,2015-07-26,442.47,3142000,0,1,0.025
POL-74252780,CUST-980741,Auto,2016-04-26,144.02,124000,2,1,0.208
POL-78533572,CUST-506390,Life,2022-11-09,130.38,277000,0,1,0.069
POL-23783708,CUST-725423,Business,2024-02-21,1344.03,4712000,0,1,0.095
POL-23306944,CUST-765979,Life,2025-05-03,95.01,137000,0,0,0.169
POL-13898777,CUST-406224,Life,2017-09-04,118.78,124000,0,1,0.067
POL-67660514,CUST-924204,Health,2020-12-19,914.44,346000,0,1,0.205
POL-56192230,CUST-638576,Business,2022-01-14,828.09,1388000,0,1,0.197
POL-36721417,CUST-417196,Motorcycle,2019-09-19,33.11,89000,2,1,0.031
POL-39483304,CUST-474843,Home,2021-04-29,578.79,953000,0,1,0.16
POL-18546206,CUST-432794,Umbrella,2017-10-05,563.7,4263000,0,1,0.217
POL-40119441,CUST-884027,Health,2024-03-17,473.65,101000,0,1,0.242
POL-42132393,CUST-746454,Motorcycle,2024-10-23,144.21,26000,2,1,0.219
POL-84903891,CUST-227900,Business,2024-11-28,2142.69,4207000,0,1,0.087
POL-28147161,CUST-654487,Business,2018-11-29,2230.8,4727000,0,1,0.025
POL-92155408,CUST-362066,Auto,2020-06-08,126.1,419000,4,1,0.202
POL-95347796,CUST-681664,RV,2017-10-01,686.17,281000,2,1,0.032
POL-67631432,CUST-568843,Auto,2018-07-08,265.4,399000,2,1,0.036
POL-95341929,CUST-121011,Business,2020-12-23,1970.84,543000,0,0,0.16
POL-75467972,CUST-503704,Umbrella,2021-06-26,483.0,2045000,0,1,0.105
POL-76589761,CUST-988464,Boat,2025-05-29,309.86,211000,2,1,0.069
POL-90495428,CUST-784197,Motorcycle,2022-08-06,92.47,40000,3,1,0.022
POL-38376603,CUST-920101,Renters,2024-07-29,29.23,51000,0,1,0.159
POL-1714029,CUST-548122,Home,2022-09-05,610.97,296000,0,1,0.014
POL-3391969,CUST-399371,Renters,2017-04-21,34.4,75000,0,1,0.003
POL-7122263,CUST-702812,Motorcycle,2017-12-19,111.24,28000,4,1,0.171
POL-26830448,CUST-279947,RV,2016-06-15,788.52,156000,1,1,0.228
POL-38468887,CUST-716586,Auto,2018-03-26,272.82,393000,3,1,0.185
POL-19653285,CUST-880155,RV,2019-10-03,778.85,61000,2,0,0.169
POL-92690071,CUST-822458,RV,2016-07-19,932.66,96000,1,1,0.033
POL-27380537,CUST-790200,Umbrella,2020-07-06,580.99,2773000,0,1,0.043
POL-4336089,CUST-376105,Home,2024-09-12,336.57,1524000,0,1,0.135
POL-13754633,CUST-646036,Home,2023-03-12,303.05,1113000,0,1,0.053
POL-30106027,CUST-778476,Business,2025-01-19,1287.24,2657000,0,0,0.24
POL-52195484,CUST-249136,RV,2025-01-15,878.01,59000,2,1,0.212
POL-93432785,CUST-301610,Auto,2024-03-08,176.05,348000,4,1,0.088
POL-51215153,CUST-406380,Auto,2016-04-16,174.42,404000,2,1,0.002
POL-91959110,CUST-327841,Motorcycle,2022-07-31,89.05,21000,2,1,0.228
POL-7221208,CUST-13595,Auto,2024-11-19,122.02,369000,3,1,0.099
POL-27257905,CUST-650706,Renters,2019-10-08,27.76,34000,0,1,0.067
POL-30272606,CUST-955762,Boat,2023-01-12,593.77,255000,1,1,0.187
POL-78971743,CUST-573167,Auto,2021-10-01,176.99,481000,2,1,0.071
POL-97296379,CUST-202897,Life,2018-11-01,94.05,830000,0,1,0.008
POL-60238919,CUST-186044,Health,2020-06-30,1148.38,399000,0,0,0.03
POL-25095571,CUST-182237,Boat,2016-10-04,530.07,444000,1,1,0.191
POL-16019397,CUST-395521,Motorcycle,2024-03-26,90.22,61000,2,1,0.027
POL-57513345,CUST-292670,Auto,2016-03-08,114.05,205000,1,1,0.059
POL-35465638,CUST-136384,Umbrella,2024-12-17,371.87,3504000,0,1,0.109
POL-78381281,CUST-887110,Renters,2018-03-25,24.88,21000,0,1,0.062
POL-757677,CUST-346620,Life,2019-10-31,152.62,246000,0,1,0.192
POL-95252884,CUST-983034,Renters,2023-06-05,49.8,42000,0,1,0.107
POL-5360735,CUST-161169,Boat,2018-02-15,623.88,450000,1,1,0.126
POL-80111922,CUST-53325,Life,2020-12-24,58.02,946000,0,1,0.159
POL-65840632,CUST-828278,Health,2020-08-13,320.46,260000,0,1,0.248
POL-73841249,CUST-375479,Life,2025-03-27,99.6,696000,0,1,0.216
POL-94983411,CUST-333299,Motorcycle,2016-09-24,78.88,50000,2,1,0.107
POL-29522801,CUST-192800,Auto,2024-06-06,217.66,363000,1,1,0.067
POL-9150490,CUST-824451,Renters,2024-05-07,48.0,65000,0,1,0.224
POL-21390345,CUST-436135,Life,2024-02-01,32.16,105000,0,1,0.08
POL-72079745,CUST-423013,Renters,2024-09-24,31.52,89000,0,1,0.046
POL-46896070,CUST-231942,Boat,2017-01-21,418.15,185000,1,1,0.003
POL-89031246,CUST-348005,RV,2019-02-14,839.32,84000,2,1,0.203
POL-48425464,CUST-307835,Business,2021-02-15,1557.72,3217000,0,1,0.069
POL-82984217,CUST-556268,Business,2019-03-18,1268.1,992000,0,1,0.186
POL-75341065,CUST-863699,Home,2023-07-28,128.73,1954000,0,1,0.048
POL-15397719,CUST-701432,Boat,2015-08-23,755.3,64000,2,1,0.119
POL-59816445,CUST-252023,Health,2021-05-19,733.56,131000,0,1,0.048
POL-5352233,CUST-715706,RV,2019-08-23,798.12,284000,2,1,0.112
POL-51186964,CUST-960424,Home,2020-12-14,737.59,242000,0,1,0.131
POL-51791391,CUST-269054,RV,2017-06-03,853.62,94000,2,1,0.032
POL-97170361,CUST-296567,Auto,2024-09-06,338.07,57000,2,1,0.099
POL-69372824,CUST-862043,RV,2015-11-30,909.18,70000,1,1,0.127
POL-69029393,CUST-841814,RV,2021-11-14,845.56,155000,2,1,0.001
POL-59801634,CUST-510451,Business,2024-02-24,935.62,174000,0,1,0.198
POL-39786693,CUST-941916,Boat,2016-03-28,502.29,403000,2,1,0.055
POL-42991650,CUST-538857,Renters,2018-10-08,34.33,32000,0,1,0.133
POL-12879054,CUST-175526,Renters,2016-11-22,16.37,29000,0,0,0.069
POL-71565674,CUST-7686,Life,2024-08-23,72.33,879000,0,1,0.245
POL-28290610,CUST-702897,Health,2016-08-09,734.59,51000,0,1,0.158
POL-91993526,CUST-444815,Umbrella,2019-02-13,329.82,4970000,0,1,0.137
POL-27592422,CUST-563876,Life,2017-04-05,96.46,691000,0,1,0.246
POL-86779969,CUST-856429,Auto,2022-11-24,302.46,140000,3,1,0.243
POL-92079205,CUST-161223,RV,2016-09-20,760.12,278000,1,1,0.172
POL-61636167,CUST-751690,Renters,2015-11-24,45.45,93000,0,1,0.052
POL-5085015,CUST-91772,Boat,2021-02-19,332.38,166000,1,1,0.202
POL-7283737,CUST-186638,Motorcycle,2016-09-27,48.68,40000,4,1,0.226
POL-74904794,CUST-73863,Home,2019-10-12,447.17,1063000,0,1,0.216
POL-30554079,CUST-955238,Health,2025-04-10,769.66,432000,0,1,0.071
POL-54711545,CUST-406881,Renters,2019-11-23,20.7,33000,0,1,0.172
POL-84586329,CUST-424094,Health,2023-03-03,269.45,88000,0,1,0.114
POL-42467059,CUST-17711,Motorcycle,2022-11-10,42.03,79000,2,1,0.202
POL-90368626,CUST-124052,Business,2022-02-13,699.46,3321000,0,1,0.207
POL-791740,CUST-672580,Auto,2024-08-04,115.69,429000,1,1,0.235
POL-78598977,CUST-47727,Business,2016-07-26,526.99,179000,0,0,0.027
POL-48009699,CUST-973128,Umbrella,2016-09-23,541.09,1356000,0,1,0.12
POL-14245271,CUST-303915,Business,2024-01-18,2284.78,1469000,0,1,0.12
POL-81411889,CUST-90707,Health,2020-08-14,255.88,413000,0,1,0.136
POL-58743898,CUST-399941,Auto,2020-04-13,302.73,79000,3,1,0.222
POL-88680762,CUST-32316,Motorcycle,2022-03-20,47.02,39000,1,1,0.096
POL-20981381,CUST-559381,Umbrella,2023-07-23,462.15,1947000,0,0,0.171
POL-18304809,CUST-783028,Home,2019-03-27,444.27,331000,0,1,0.239
POL-73245898,CUST-309307,Renters,2022-02-22,27.51,91000,0,1,0.09
POL-40004466,CUST-710189,Home,2017-12-11,726.91,1368000,0,1,0.107
POL-1496555,CUST-580412,Umbrella,2021-11-03,439.84,3850000,0,1,0.223
POL-18974879,CUST-129221,Renters,2024-12-08,36.87,48000,0,1,0.026
POL-675093,CUST-600538,Boat,2016-03-15,597.04,164000,1,1,0.215
POL-72095327,CUST-574122,Life,2022-03-13,161.11,204000,0,1,0.098
POL-40894954,CUST-220256,Boat,2016-12-09,688.79,84000,2,0,0.07
POL-28418851,CUST-432699,Home,2021-05-05,326.14,367000,0,1,0.096
POL-19120002,CUST-168772,Umbrella,2024-03-18,397.68,3019000,0,1,0.103
POL-29633659,CUST-646850,Umbrella,2018-08-16,255.29,4960000,0,1,0.061
POL-26082023,CUST-120190,Motorcycle,2019-10-17,95.92,81000,4,1,0.205
POL-90057130,CUST-838504,Motorcycle,2018-07-30,40.03,65000,2,1,0.059
POL-7299874,CUST-892744,Auto,2025-02-22,134.89,471000,1,1,0.118
POL-61909967,CUST-675990,Life,2024-10-30,186.16,112000,0,0,0.09
POL-9817298,CUST-304771,Life,2024-11-04,76.57,201000,0,1,0.138
POL-33646722,CUST-102972,Motorcycle,2016-08-21,59.1,39000,1,1,0.029
POL-97386941,CUST-608798,Life,2018-11-07,91.06,78000,0,1,0.106
POL-44406060,CUST-374486,Auto,2023-10-13,269.38,372000,1,1,0.148
POL-90099765,CUST-687313,Life,2017-09-03,30.28,433000,0,1,0.061
POL-13427820,CUST-298987,Auto,2019-06-26,233.68,452000,4,1,0.046
POL-25970938,CUST-333222,Life,2016-09-05,155.92,782000,0,0,0.118
POL-60484679,CUST-344295,Umbrella,2023-10-05,377.59,3705000,0,1,0.072
POL-93074374,CUST-612546,Life,2020-09-10,35.5,724000,0,1,0.188
POL-75907105,CUST-594397,RV,2018-01-31,412.24,154000,2,1,0.219
POL-42457517,CUST-449112,RV,2021-09-10,797.98,118000,2,1,0.106
POL-648524,CUST-328429,Life,2018-05-12,72.57,146000,0,1,0.244
POL-29732676,CUST-746794,Life,2019-09-06,155.05,470000,0,1,0.055
POL-37135338,CUST-880919,Life,2022-11-29,168.94,636000,0,1,0.019
POL-18026223,CUST-712591,Boat,2021-08-10,486.45,367000,2,1,0.041
POL-64418331,CUST-485331,Umbrella,2021-02-18,458.66,1817000,0,1,0.026
POL-48149482,CUST-812402,Umbrella,2023-01-26,441.28,4551000,0,1,0.06
POL-65360192,CUST-578469,Life,2020-09-09,119.77,118000,0,1,0.003
POL-23591471,CUST-676909,Renters,2017-05-06,21.57,36000,0,1,0.008
POL-37663633,CUST-900426,Renters,2016-11-20,17.98,85000,0,1,0.141
POL-72292089,CUST-205973,Boat,2017-11-15,227.41,190000,1,0,0.002
POL-98454691,CUST-929390,Umbrella,2019-12-21,500.67,2670000,0,1,0.079
POL-97633380,CUST-79062,Motorcycle,2016-10-17,117.08,27000,1,1,0.224
POL-68072320,CUST-662308,RV,2015-10-23,370.7,262000,1,1,0.199
POL-78100019,CUST-607021,Boat,2016-01-09,551.81,472000,1,1,0.038
POL-79193333,CUST-223095,Boat,2022-05-21,247.25,353000,1,0,0.058
POL-74033693,CUST-273276,Health,2016-02-12,1007.48,393000,0,1,0.18
POL-72434236,CUST-495036,RV,2024-09-27,661.41,241000,2,1,0.033
POL-49099345,CUST-411564,Renters,2018-01-08,27.61,66000,0,1,0.178
POL-79134873,CUST-768844,Motorcycle,2019-04-17,58.69,90000,1,0,0.142
POL-17969238,CUST-487274,Boat,2020-06-11,258.44,33000,1,1,0.077
POL-68506338,CUST-94952,Home,2024-01-07,449.24,1054000,0,1,0.234
POL-48837208,CUST-526560,Life,2022-03-30,36.93,655000,0,1,0.022
POL-88943201,CUST-250484,Life,2015-09-03,149.36,533000,0,1,0.118
POL-69006257,CUST-147189,Renters,2018-04-25,41.71,68000,0,1,0.035
POL-21370471,CUST-187847,Home,2023-01-31,780.18,1124000,0,1,0.215
POL-75942072,CUST-691444,Motorcycle,2025-02-16,79.08,91000,2,1,0.128
POL-98773484,CUST-767562,Business,2017-12-24,2404.09,3235000,0,1,0.103
POL-48156722,CUST-42383,Boat,2023-09-20,357.7,484000,1,1,0.161
POL-65450221,CUST-243007,Health,2019-03-20,899.75,344000,0,1,0.213
POL-35481411,CUST-387380,Renters,2016-07-24,28.15,85000,0,1,0.018
POL-5745651,CUST-701062,Motorcycle,2019-06-23,134.9,98000,1,1,0.117
POL-69509378,CUST-951819,RV,2019-01-04,930.09,172000,1,1,0.183
POL-52088975,CUST-492489,Motorcycle,2021-08-21,122.19,36000,4,1,0.079
POL-6232730,CUST-41843,Business,2023-03-25,1472.59,4095000,0,1,0.114
POL-13854626,CUST-737920,RV,2021-01-02,409.02,173000,1,1,0.08
POL-85035920,CUST-869948,Auto,2024-05-12,346.71,431000,4,1,0.202
POL-99577435,CUST-276106,Motorcycle,2020-02-23,147.43,38000,1,1,0.006
POL-73061428,CUST-597856,Motorcycle,2025-05-03,62.38,93000,2,1,0.017
POL-50554391,CUST-685428,Motorcycle,2018-06-14,39.81,69000,4,1,0.167
POL-49029303,CUST-616225,Renters,2021-12-07,21.44,17000,0,1,0.225
POL-69345320,CUST-263807,Umbrella,2016-10-25,585.35,2245000,0,1,0.087
POL-29917031,CUST-541455,Motorcycle,2021-11-23,87.8,80000,2,0,0.109
POL-47365168,CUST-856934,Business,2022-05-25,1278.28,183000,0,1,0.223
POL-65345452,CUST-831161,Health,2021-05-12,277.81,400000,0,1,0.036
POL-81095825,CUST-6918,Umbrella,2023-09-11,205.67,4760000,0,1,0.037
POL-18652010,CUST-461267,Umbrella,2024-01-12,245.44,3827000,0,1,0.13
POL-30868838,CUST-80832,Auto,2018-04-24,346.82,461000,2,1,0.16
POL-86366021,CUST-294450,Business,2024-03-31,694.89,1934000,0,1,0.047
POL-20164926,CUST-195984,RV,2019-02-03,842.07,208000,2,1,0.052
POL-48616740,CUST-631264,Health,2018-03-03,1171.74,352000,0,0,0.093
POL-88732634,CUST-241535,Umbrella,2017-07-04,206.48,4761000,0,1,0.205
POL-44322017,CUST-755242,Home,2022-07-19,589.52,1461000,0,0,0.104
POL-64628070,CUST-708029,Umbrella,2017-06-03,340.88,3275000,0,1,0.244
POL-64293132,CUST-220939,Umbrella,2023-08-22,245.35,1737000,0,1,0.093
POL-86873663,CUST-873846,RV,2018-03-27,716.42,192000,2,1,0.211
POL-3012656,CUST-255506,Motorcycle,2022-06-26,106.09,91000,1,0,0.201
POL-17164449,CUST-601344,Home,2016-03-24,162.75,134000,0,1,0.103
POL-18082355,CUST-660120,Boat,2018-03-27,649.97,352000,1,1,0.126
POL-5260108,CUST-934069,Auto,2024-03-19,260.28,472000,4,1,0.194
POL-19711900,CUST-58627,RV,2025-03-24,566.76,101000,2,0,0.088
POL-34663022,CUST-967255,Boat,2018-04-28,447.76,455000,2,1,0.094
POL-69342339,CUST-425151,Health,2018-07-22,707.56,190000,0,1,0.066
POL-85580271,CUST-19524,Motorcycle,2025-01-30,110.8,11000,4,1,0.007
POL-11508969,CUST-227114,Umbrella,2020-04-25,536.31,3177000,0,1,0.15
POL-81406527,CUST-494312,Umbrella,2023-02-19,268.16,3400000,0,0,0.06
POL-22893086,CUST-230019,Motorcycle,2023-09-08,53.12,94000,4,1,0.2
POL-80643207,CUST-149644,Business,2022-06-25,1358.2,3375000,0,0,0.043
POL-24412077,CUST-653484,Umbrella,2025-05-28,406.91,2835000,0,1,0.178
POL-35503367,CUST-175868,Life,2024-03-08,113.24,712000,0,1,0.098
POL-60863732,CUST-625510,Renters,2021-04-28,44.31,31000,0,0,0.051
POL-30845084,CUST-396583,Home,2016-08-30,117.95,124000,0,1,0.148
POL-17745355,CUST-113844,Auto,2022-01-19,246.89,310000,1,1,0.006
POL-27158762,CUST-548102,Life,2015-10-10,197.1,715000,0,1,0.09
POL-91854295,CUST-440186,Health,2024-01-27,852.52,166000,0,1,0.134
POL-81270313,CUST-100976,Health,2018-01-14,926.31,473000,0,1,0.193
POL-63870080,CUST-945404,Auto,2018-07-06,154.24,100000,1,1,0.145
POL-71327320,CUST-527778,Home,2016-02-27,177.65,1350000,0,1,0.035
POL-12507745,CUST-505666,Renters,2017-06-29,46.31,22000,0,1,0.211
POL-80996996,CUST-565482,Health,2017-09-16,590.8,307000,0,1,0.103
POL-91074695,CUST-680768,Boat,2015-07-07,775.53,65000,1,1,0.094
POL-70067590,CUST-441119,Umbrella,2022-11-01,453.42,2891000,0,1,0.045
POL-5830187,CUST-731531,Auto,2021-10-17,323.98,371000,1,1,0.086
POL-57573535,CUST-240633,Umbrella,2024-07-04,393.56,3575000,0,1,0.001
POL-51168696,CUST-367544,RV,2023-09-11,819.19,293000,1,1,0.007
POL-13115341,CUST-446157,Auto,2025-04-17,219.86,424000,2,1,0.091
POL-34160831,CUST-500318,Health,2017-10-08,229.5,123000,0,1,0.182
POL-11249805,CUST-297026,Life,2019-06-13,71.83,555000,0,1,0.023
POL-54847632,CUST-270328,RV,2024-09-28,756.35,172000,2,1,0.237
POL-734097,CUST-743596,Health,2018-09-16,450.09,154000,0,1,0.222
POL-77576121,CUST-547923,Renters,2015-08-13,48.67,23000,0,1,0.192
POL-69761254,CUST-7543,Renters,2017-07-01,20.8,37000,0,0,0.122
POL-87851693,CUST-215397,Boat,2021-11-15,454.24,417000,2,1,0.156
POL-54874257,CUST-379867,Business,2020-11-12,1266.09,1775000,0,1,0.093
POL-20774029,CUST-446768,Home,2017-04-22,414.58,1965000,0,1,0.128
POL-34042008,CUST-273995,Business,2025-06-14,1319.62,4550000,0,1,0.007
POL-56849468,CUST-592099,Life,2024-08-12,166.58,500000,0,1,0.089
POL-82125234,CUST-288946,Home,2021-09-18,250.63,879000,0,1,0.195
POL-27339300,CUST-433301,Home,2022-04-03,106.74,1543000,0,1,0.082
POL-74834795,CUST-505904,Boat,2024-11-19,540.48,194000,1,1,0.096
POL-49689143,CUST-586252,Business,2018-07-14,924.35,1924000,0,1,0.07
POL-64929189,CUST-266105,Business,2024-12-07,2392.54,728000,0,1,0.162
POL-77531025,CUST-361083,Motorcycle,2020-09-16,68.13,52000,2,1,0.201
POL-98755046,CUST-144775,Boat,2022-04-07,228.08,169000,2,1,0.113
POL-30839382,CUST-468288,Business,2017-07-08,1153.75,3312000,0,1,0.005
POL-13459168,CUST-224875,Auto,2018-03-31,253.79,474000,1,0,0.071
POL-53762374,CUST-824265,Motorcycle,2024-02-21,34.44,80000,1,1,0.004
POL-73897088,CUST-643852,Boat,2021-04-01,257.07,446000,2,1,0.069
POL-21573890,CUST-408004,Umbrella,2016-05-18,360.14,3334000,0,1,0.123
POL-12225702,CUST-863245,Auto,2015-08-01,186.2,390000,4,1,0.16
POL-63306295,CUST-970836,Home,2017-12-19,690.15,1396000,0,1,0.056
POL-11830043,CUST-67193,Auto,2022-11-25,117.46,194000,4,1,0.022
POL-29765498,CUST-388848,Umbrella,2019-12-20,526.46,3255000,0,0,0.234
POL-81742470,CUST-39589,Auto,2016-11-08,150.12,437000,1,1,0.237
POL-53773642,CUST-643789,Home,2022-01-12,284.61,1543000,0,1,0.203
POL-38449249,CUST-746172,Renters,2024-05-10,39.45,28000,0,1,0.03
POL-23524492,CUST-671394,Umbrella,2016-06-21,544.76,4158000,0,1,0.213
POL-58917831,CUST-11230,Motorcycle,2023-11-26,106.43,98000,1,1,0.06
POL-88165507,CUST-975970,Boat,2018-12-04,596.76,172000,2,1,0.121
POL-38387144,CUST-204206,Home,2024-04-22,284.67,721000,0,1,0.088
POL-80465529,CUST-535348,Health,2016-01-24,859.48,435000,0,1,0.174
POL-93744336,CUST-242924,Home,2024-04-08,780.24,226000,0,1,0.168
POL-90466021,CUST-37812,Boat,2018-05-18,691.11,124000,2,1,0.052
POL-32112480,CUST-686837,Business,2021-08-12,2023.21,4411000,0,1,0.19
POL-21131878,CUST-91061,Renters,2015-07-01,39.8,96000,0,1,0.126
POL-53611082,CUST-370281,Life,2020-03-09,63.29,431000,0,1,0.113
POL-54418707,CUST-614549,Business,2022-03-20,1526.93,3457000,0,1,0.069
POL-69490249,CUST-16112,Life,2018-11-25,145.1,962000,0,1,0.026
POL-12101856,CUST-576289,Boat,2016-08-29,725.72,416000,1,1,0.224
POL-97460687,CUST-870071,Life,2020-05-01,71.68,549000,0,1,0.113
POL-78239864,CUST-365004,Renters,2025-01-02,19.14,82000,0,1,0.108
POL-37112255,CUST-237288,Life,2021-05-28,94.46,502000,0,1,0.013
POL-61036720,CUST-974875,Renters,2018-10-20,27.94,16000,0,1,0.183
POL-77162674,CUST-4877,Motorcycle,2022-05-14,53.27,35000,4,1,0.069
POL-23492771,CUST-426911,Business,2019-12-08,1487.23,3737000,0,1,0.012
POL-14289484,CUST-585766,Health,2024-02-08,1158.97,165000,0,1,0.224
POL-67534222,CUST-308545,Business,2016-09-21,1032.36,652000,0,1,0.069
POL-15704681,CUST-841945,Business,2021-04-11,1899.02,3494000,0,1,0.025
POL-34587020,CUST-918671,Renters,2024-03-23,32.33,32000,0,1,0.087
POL-77160950,CUST-262292,Renters,2024-08-23,39.7,48000,0,1,0.024
POL-50610858,CUST-590525,RV,2023-01-10,935.45,213000,2,1,0.213
POL-32651583,CUST-794268,Health,2023-09-21,370.23,407000,0,1,0.047
POL-61585593,CUST-714703,Boat,2021-04-09,285.1,32000,2,1,0.005
POL-78762521,CUST-903896,Renters,2023-05-01,45.84,32000,0,1,0.213
POL-64688940,CUST-121916,Business,2015-12-16,1204.29,4075000,0,1,0.122
POL-9066979,CUST-401261,Health,2019-11-18,672.57,74000,0,1,0.142
POL-90853721,CUST-735236,Renters,2019-03-30,44.24,79000,0,1,0.189
POL-42376656,CUST-432459,Home,2019-05-28,169.99,1786000,0,1,0.113
POL-69324022,CUST-561671,Umbrella,2021-07-02,595.92,2079000,0,1,0.063
POL-94062273,CUST-872600,Boat,2015-08-29,208.14,210000,2,1,0.223
POL-33320572,CUST-301244,Business,2019-12-22,1468.71,2364000,0,1,0.182
POL-53543563,CUST-706423,Auto,2017-01-27,119.93,240000,2,1,0.035
POL-10204415,CUST-581489,Boat,2021-04-24,218.54,328000,2,1,0.186
POL-63962190,CUST-329119,Health,2018-07-13,1120.65,248000,0,1,0.241
POL-29335449,CUST-937758,RV,2021-07-04,929.45,168000,1,1,0.17
POL-36114740,CUST-191663,Umbrella,2025-04-02,356.41,2750000,0,0,0.069
POL-66974557,CUST-772918,Health,2018-09-23,241.1,323000,0,1,0.209
POL-31522559,CUST-771153,Home,2018-11-21,403.42,1054000,0,1,0.198
POL-35622106,CUST-216823,Umbrella,2019-08-12,315.36,1035000,0,1,0.171
POL-27214866,CUST-875498,Boat,2019-05-24,608.55,299000,2,1,0.166
POL-83026670,CUST-373321,Renters,2019-09-28,32.04,18000,0,1,0.004
POL-14319594,CUST-125701,Auto,2018-02-23,138.68,458000,1,1,0.076
POL-90705967,CUST-695650,Motorcycle,2016-10-29,72.27,10000,1,1,0.088
POL-82386462,CUST-6945,Renters,2023-11-16,42.48,76000,0,1,0.192
POL-5672460,CUST-889203,Life,2024-09-14,191.89,798000,0,1,0.249
POL-49821155,CUST-650817,Health,2023-09-12,632.05,92000,0,1,0.008
POL-66080806,CUST-941748,Umbrella,2020-11-09,299.49,3846000,0,1,0.106
POL-36874043,CUST-514646,Home,2025-04-07,725.12,733000,0,1,0.043
POL-68603195,CUST-293880,Motorcycle,2018-08-09,111.47,52000,2,1,0.05
POL-29808788,CUST-786609,Life,2022-04-06,97.85,259000,0,1,0.021
POL-17212880,CUST-56778,Business,2025-04-21,2354.24,3968000,0,1,0.094
POL-56797703,CUST-501554,Motorcycle,2024-06-08,41.53,79000,4,1,0.126
POL-4370484,CUST-526883,Umbrella,2024-09-10,387.35,2794000,0,1,0.24
POL-52843790,CUST-902194,Boat,2021-05-26,216.6,318000,1,0,0.105
POL-61363812,CUST-126215,Life,2018-06-20,132.66,367000,0,1,0.145
POL-61749629,CUST-330984,Umbrella,2024-04-23,250.91,3279000,0,1,0.219
POL-1586450,CUST-706848,Auto,2015-08-21,283.94,231000,2,1,0.001
POL-50925964,CUST-609231,RV,2019-01-29,622.15,64000,1,1,0.207
POL-43679307,CUST-379167,Home,2017-03-17,333.44,304000,0,1,0.141
POL-25119175,CUST-575210,Umbrella,2019-11-29,545.73,1509000,0,1,0.169
POL-31828278,CUST-282495,Auto,2019-12-19,269.42,296000,2,1,0.242
POL-82286747,CUST-359762,Life,2023-07-06,64.12,759000,0,1,0.039
POL-24684475,CUST-522998,Renters,2021-09-19,40.17,11000,0,1,0.156
POL-28257191,CUST-439450,Health,2022-09-15,314.71,50000,0,1,0.22
POL-48999937,CUST-895825,RV,2021-10-29,367.8,104000,1,1,0.208
POL-37531240,CUST-472623,Boat,2022-04-23,434.43,89000,2,1,0.246
POL-76693314,CUST-137509,Health,2018-07-21,1041.72,337000,0,1,0.153
POL-92074960,CUST-239669,Boat,2025-04-16,715.59,349000,1,1,0.159
POL-96746213,CUST-283062,Life,2017-03-11,49.8,831000,0,1,0.043
POL-74536479,CUST-453214,RV,2019-07-04,440.25,176000,2,1,0.025
POL-26315159,CUST-152928,Business,2021-12-21,1485.93,2408000,0,1,0.174
POL-63483243,CUST-844804,Home,2018-01-14,424.77,1806000,0,1,0.007
POL-23703827,CUST-441996,Boat,2015-08-29,272.08,229000,1,1,0.009
POL-18048483,CUST-936661,Business,2023-12-29,1388.96,3076000,0,0,0.117
POL-71669929,CUST-755562,Boat,2024-04-15,366.14,108000,2,1,0.215
POL-65313057,CUST-314608,Health,2020-11-11,548.83,420000,0,1,0.128
POL-75448945,CUST-900204,Life,2019-10-06,139.79,419000,0,1,0.141
POL-6403434,CUST-417754,Boat,2025-02-25,629.11,437000,1,1,0.191
POL-92683136,CUST-171276,Renters,2017-03-06,47.32,19000,0,0,0.161
POL-28919534,CUST-853350,Motorcycle,2016-07-07,145.51,89000,2,1,0.232
POL-63960038,CUST-879725,RV,2019-10-27,481.46,233000,2,1,0.145
POL-60378491,CUST-780762,Business,2017-02-17,1734.95,3487000,0,1,0.007
POL-34865621,CUST-378496,Life,2021-03-09,65.55,748000,0,1,0.234
POL-75208908,CUST-584572,Boat,2021-08-15,394.2,146000,1,1,0.22
POL-46189726,CUST-20798,Motorcycle,2019-11-17,120.7,65000,1,1,0.063
POL-16272220,CUST-368145,Auto,2022-07-01,308.64,63000,4,1,0.152
POL-77424000,CUST-603869,Auto,2018-11-17,329.36,193000,1,1,0.094
POL-23426205,CUST-818213,Business,2024-08-26,1612.94,1742000,0,1,0.109
POL-47661928,CUST-340881,Renters,2020-05-02,22.89,31000,0,1,0.132
POL-65430302,CUST-812378,Health,2024-03-05,286.02,63000,0,1,0.167
POL-10523679,CUST-399581,Health,2023-02-05,233.24,124000,0,1,0.09
POL-62243750,CUST-662398,Motorcycle,2020-05-14,98.2,19000,3,1,0.182
POL-22491607,CUST-671697,RV,2017-12-16,647.32,268000,1,1,0.118
POL-56615250,CUST-661938,Umbrella,2021-03-26,342.59,4774000,0,1,0.034
POL-54327674,CUST-890136,Home,2025-03-21,407.21,1412000,0,1,0.018
POL-10618223,CUST-169868,Home,2016-09-15,189.03,1185000,0,1,0.029
POL-30630893,CUST-328709,Health,2021-05-04,251.48,333000,0,1,0.056
POL-87645934,CUST-305509,Renters,2020-11-19,47.28,43000,0,1,0.089
POL-81253395,CUST-675958,Life,2020-01-17,194.42,128000,0,1,0.06
POL-36406303,CUST-930812,RV,2022-03-22,952.27,181000,2,1,0.014
POL-48743159,CUST-784225,Home,2023-01-23,507.94,652000,0,1,0.008
POL-69918804,CUST-472161,Motorcycle,2025-06-23,61.31,54000,1,1,0.137
POL-22457056,CUST-192818,Umbrella,2022-07-15,569.67,3782000,0,0,0.016
POL-16782572,CUST-763124,Boat,2015-11-20,243.75,321000,1,1,0.018
POL-88855162,CUST-263871,Motorcycle,2019-06-26,101.78,90000,1,1,0.12
POL-28262427,CUST-175018,Life,2016-11-08,72.34,94000,0,1,0.124
POL-13825676,CUST-100195,Health,2022-04-01,850.34,276000,0,1,0.195
POL-63509922,CUST-575074,Health,2016-07-30,221.44,79000,0,1,0.195
POL-3538638,CUST-808382,Health,2016-05-29,734.19,249000,0,1,0.184
POL-70327779,CUST-802156,RV,2022-03-31,637.52,151000,2,1,0.107
POL-13949034,CUST-275201,Motorcycle,2016-11-28,95.95,25000,4,1,0.154
POL-11316066,CUST-686641,Umbrella,2018-02-18,340.72,2439000,0,1,0.014
POL-41523026,CUST-240497,Health,2022-02-15,291.99,55000,0,1,0.187
POL-98998087,CUST-297979,RV,2019-09-14,697.63,260000,1,1,0.062
POL-84084814,CUST-132552,Auto,2023-01-12,100.69,91000,4,1,0.011
POL-70698159,CUST-879249,Umbrella,2017-09-22,440.97,4735000,0,1,0.073
POL-3834774,CUST-36862,Business,2018-05-25,1295.64,1127000,0,1,0.019
POL-43647781,CUST-906222,RV,2021-07-25,444.1,235000,2,1,0.215
POL-62705646,CUST-913203,Boat,2023-08-05,627.88,217000,2,1,0.061
POL-36562845,CUST-575191,Renters,2024-09-09,26.16,81000,0,1,0.013
POL-18134815,CUST-994559,Motorcycle,2023-01-23,114.66,92000,4,1,0.051
POL-23761455,CUST-619531,Life,2024-09-01,172.25,596000,0,1,0.185
POL-84697764,CUST-785290,Health,2023-04-05,322.75,430000,0,1,0.035
POL-58381674,CUST-548887,Health,2025-02-01,898.34,391000,0,1,0.238
POL-41562039,CUST-953075,Auto,2024-07-28,214.71,43000,3,1,0.096
POL-64646194,CUST-565883,Home,2021-05-26,141.8,1892000,0,1,0.124
POL-12019737,CUST-463324,Motorcycle,2019-05-11,76.16,16000,2,1,0.046
POL-49094606,CUST-432227,Motorcycle,2020-09-24,93.9,97000,3,1,0.191
POL-20900054,CUST-318319,Auto,2019-11-30,325.71,421000,3,0,0.227
POL-12394,CUST-548736,Business,2015-09-03,933.09,329000,0,1,0.207
POL-46155452,CUST-300692,Motorcycle,2017-10-23,133.89,17000,1,1,0.238
POL-71819757,CUST-8721,Renters,2023-06-23,45.05,80000,0,1,0.143
POL-64030858,CUST-314164,Business,2023-11-11,2038.02,2282000,0,1,0.095
POL-57772049,CUST-836726,Health,2015-08-25,331.87,58000,0,1,0.171
POL-80128487,CUST-242446,Renters,2020-06-23,17.99,43000,0,1,0.074
POL-73579795,CUST-391794,Business,2015-08-13,1289.2,2401000,0,1,0.165
POL-55262252,CUST-925013,Business,2018-09-13,524.68,2674000,0,1,0.08
POL-58667423,CUST-413927,Renters,2025-01-11,44.67,68000,0,1,0.11
POL-21913660,CUST-749666,Boat,2019-09-29,222.2,213000,2,1,0.139
POL-50782359,CUST-231307,Motorcycle,2022-02-14,37.03,20000,3,1,0.138
POL-10631350,CUST-442750,Home,2019-12-20,408.31,641000,0,1,0.069
POL-69338228,CUST-801676,Boat,2019-07-27,276.33,355000,1,1,0.154
POL-38208680,CUST-679956,Auto,2020-02-13,142.82,368000,1,1,0.127
POL-36080681,CUST-432961,Boat,2024-07-17,547.93,47000,1,1,0.179
POL-9189076,CUST-191267,Renters,2018-09-10,49.13,12000,0,1,0.214
POL-38868823,CUST-115717,Umbrella,2017-10-25,416.18,1188000,0,1,0.087
POL-82910238,CUST-474760,Home,2023-03-29,454.86,337000,0,1,0.059
POL-94015840,CUST-653004,Umbrella,2020-02-14,428.15,4478000,0,1,0.104
POL-25204672,CUST-336219,Motorcycle,2023-11-12,135.1,29000,1,1,0.197
POL-20421134,CUST-52042,Umbrella,2015-10-28,590.04,4764000,0,1,0.118
POL-2970357,CUST-194969,Renters,2024-08-05,36.77,31000,0,1,0.073
POL-37864772,CUST-282271,Life,2017-03-26,184.58,77000,0,1,0.053
POL-95991974,CUST-459713,Umbrella,2017-08-14,404.32,4275000,0,1,0.196
POL-31247296,CUST-94578,Umbrella,2015-08-19,575.98,2589000,0,1,0.008
POL-1976335,CUST-517555,Life,2018-01-21,91.69,731000,0,1,0.019
POL-45890766,CUST-440656,Health,2019-03-10,765.4,351000,0,1,0.183
POL-66893545,CUST-389438,RV,2020-10-17,813.13,272000,1,1,0.165
POL-93541005,CUST-829868,RV,2023-05-20,608.71,121000,1,1,0.073
POL-44325223,CUST-84120,Health,2016-01-13,528.68,469000,0,1,0.09
POL-7521339,CUST-279449,Boat,2017-12-23,388.89,86000,1,1,0.239
POL-9581091,CUST-569578,Motorcycle,2022-03-03,73.43,56000,1,0,0.163
POL-24374441,CUST-201528,Business,2023-06-29,960.7,3614000,0,1,0.207
POL-51214452,CUST-868485,Life,2019-09-30,187.0,307000,0,1,0.102
POL-16369402,CUST-805459,Business,2015-09-16,1831.81,2283000,0,1,0.085
POL-51646699,CUST-808688,Home,2019-09-23,157.05,983000,0,1,0.037
POL-33173547,CUST-773449,Boat,2023-01-11,579.58,430000,1,1,0.219
POL-26733470,CUST-483220,Auto,2016-01-24,125.03,244000,3,1,0.178
POL-69946108,CUST-698359,Boat,2017-02-02,645.71,91000,1,1,0.006
POL-63461570,CUST-408024,Life,2019-01-15,198.24,189000,0,1,0.132
POL-43360807,CUST-166316,Motorcycle,2020-10-20,138.51,56000,2,1,0.139
POL-99955240,CUST-982957,Renters,2016-03-18,19.17,54000,0,1,0.154
POL-69917538,CUST-128074,Auto,2024-11-03,99.91,211000,4,0,0.158
POL-64589542,CUST-669536,Motorcycle,2019-10-21,64.71,73000,2,1,0.181
POL-26672234,CUST-377934,Business,2020-07-29,2332.68,4373000,0,1,0.224
POL-89482259,CUST-228367,Business,2016-05-18,1686.1,3904000,0,1,0.11
POL-31670798,CUST-663653,RV,2017-05-31,805.77,123000,1,1,0.123
POL-43555463,CUST-15799,Auto,2022-11-17,232.32,495000,4,1,0.096
POL-37057520,CUST-613099,Life,2018-05-04,191.86,94000,0,1,0.184
POL-53124490,CUST-827477,Health,2017-07-12,630.54,196000,0,1,0.154
POL-1198544,CUST-44033,Home,2019-08-18,343.14,447000,0,1,0.068
POL-92711085,CUST-498357,Boat,2025-05-18,334.18,114000,2,0,0.065
POL-49848284,CUST-808239,Business,2018-02-17,2006.94,2043000,0,1,0.035
POL-33382936,CUST-165358,Health,2017-01-06,752.16,317000,0,1,0.007
POL-12267708,CUST-719265,Auto,2023-12-31,339.16,308000,2,1,0.208
POL-83903841,CUST-62969,Auto,2021-04-01,179.78,173000,4,1,0.13
POL-47716774,CUST-675885,Boat,2016-07-05,376.96,82000,1,1,0.108
POL-94130669,CUST-562407,Renters,2018-02-10,18.04,28000,0,0,0.183
POL-16888275,CUST-511540,Home,2017-04-27,777.91,1785000,0,1,0.198
POL-42512063,CUST-585472,Home,2019-06-14,328.98,1163000,0,1,0.113
POL-58883853,CUST-768804,RV,2021-05-27,770.46,69000,2,1,0.01
POL-2865928,CUST-722730,Home,2018-10-11,752.66,1766000,0,1,0.048
POL-48072427,CUST-759587,RV,2021-12-02,762.79,280000,1,0,0.157
POL-33647879,CUST-942316,Health,2017-10-14,336.87,247000,0,1,0.055
POL-65136149,CUST-740951,Health,2016-03-01,465.29,129000,0,1,0.047
POL-75031037,CUST-309030,Boat,2022-12-08,369.56,129000,1,0,0.214
POL-93554826,CUST-513898,Health,2024-09-22,203.2,85000,0,1,0.153
POL-76061419,CUST-195692,Life,2018-09-21,31.79,771000,0,1,0.095
POL-46662763,CUST-339403,Business,2024-09-27,969.43,3025000,0,1,0.164
POL-36953423,CUST-909809,Life,2023-06-18,178.63,932000,0,1,0.073
POL-21520928,CUST-72222,Boat,2024-12-04,494.13,355000,2,1,0.136
POL-20807167,CUST-471213,Renters,2024-07-12,18.38,25000,0,0,0.224
POL-35346140,CUST-567915,Renters,2020-07-10,29.69,69000,0,1,0.166
POL-60945449,CUST-754,Home,2021-09-27,223.34,769000,0,1,0.087
POL-50874366,CUST-769295,Motorcycle,2024-02-06,114.58,73000,4,1,0.172
POL-2512536,CUST-649838,Auto,2018-08-25,158.55,291000,2,1,0.196
POL-83241474,CUST-250385,Auto,2021-09-08,231.81,194000,3,1,0.103
POL-96771460,CUST-66418,Boat,2020-12-12,455.12,162000,1,1,0.182
POL-52008140,CUST-199092,Umbrella,2024-08-29,454.51,1191000,0,1,0.102
POL-91700797,CUST-521718,Business,2024-05-29,2251.24,4596000,0,1,0.156
POL-20687181,CUST-642818,Business,2024-11-15,1721.5,1184000,0,1,0.005
POL-43298644,CUST-429711,Auto,2020-04-23,296.65,72000,3,0,0.192
POL-14826245,CUST-100932,RV,2020-12-20,344.43,63000,1,1,0.05
POL-88434857,CUST-69918,Life,2024-05-24,171.68,465000,0,1,0.057
POL-17418007,CUST-187316,Life,2016-03-28,184.36,398000,0,1,0.138
POL-27122588,CUST-112255,Health,2016-01-10,1140.01,69000,0,1,0.189
POL-25718350,CUST-103550,RV,2023-10-01,371.76,154000,2,1,0.071
POL-76639957,CUST-672925,Auto,2016-01-13,142.1,430000,2,1,0.187
POL-88304696,CUST-513707,Motorcycle,2022-02-07,108.63,27000,3,1,0.019
POL-83747900,CUST-735381,RV,2024-06-09,805.48,250000,2,1,0.186
POL-6588161,CUST-384150,RV,2019-11-06,723.41,90000,1,1,0.198
POL-81329718,CUST-752715,Health,2019-04-01,1031.47,214000,0,1,0.106
POL-1756387,CUST-975396,Auto,2016-09-12,161.58,266000,2,1,0.242
POL-88013189,CUST-515276,Business,2019-01-17,1442.8,2543000,0,1,0.056
POL-62821834,CUST-839930,Motorcycle,2016-11-07,97.32,73000,3,0,0.133
POL-48442674,CUST-585126,Health,2016-07-11,582.41,311000,0,1,0.238
POL-49535555,CUST-832831,RV,2022-07-27,800.21,169000,1,1,0.006
POL-82803389,CUST-278727,Health,2016-06-26,647.09,300000,0,1,0.161
POL-5456373,CUST-769969,Umbrella,2024-06-29,257.51,3642000,0,0,0.024
POL-40789378,CUST-81721,Life,2016-09-09,61.34,564000,0,1,0.021
POL-69724133,CUST-101836,Motorcycle,2019-03-02,103.98,72000,2,1,0.123
POL-97330929,CUST-242239,Motorcycle,2017-03-19,67.37,54000,2,1,0.172
POL-51718263,CUST-198663,Business,2024-07-15,1313.07,147000,0,1,0.052
POL-70624297,CUST-688784,RV,2018-10-12,856.29,193000,2,1,0.163
POL-76507818,CUST-655700,Umbrella,2019-09-22,384.55,3026000,0,1,0.215
POL-74950330,CUST-785587,Home,2018-07-15,744.86,993000,0,1,0.094
POL-55725133,CUST-782351,Auto,2024-12-27,123.77,417000,1,1,0.109
POL-85714702,CUST-604570,Home,2017-04-15,127.34,990000,0,1,0.157
POL-90528859,CUST-481003,RV,2021-08-01,641.04,246000,2,1,0.074
POL-13972387,CUST-174912,Motorcycle,2022-10-04,149.49,99000,3,1,0.154
POL-73815115,CUST-421063,Umbrella,2018-07-24,425.52,1696000,0,1,0.131
POL-45300210,CUST-689472,Health,2024-01-30,1002.81,425000,0,1,0.151
POL-71658908,CUST-629057,Boat,2018-03-08,477.73,198000,1,1,0.179
POL-47288136,CUST-946324,Boat,2023-01-11,205.89,243000,1,1,0.017
POL-73830667,CUST-340424,Auto,2020-11-08,164.2,123000,2,1,0.134
POL-55343779,CUST-801305,Umbrella,2021-10-25,237.89,3621000,0,1,0.039
POL-97424311,CUST-339162,Umbrella,2022-10-26,454.54,4705000,0,1,0.157
POL-75584002,CUST-572130,Health,2019-08-03,474.58,480000,0,0,0.107
POL-50340113,CUST-802903,Renters,2019-02-18,27.85,63000,0,0,0.14
POL-99935614,CUST-266431,Health,2024-11-08,277.48,130000,0,1,0.054
POL-60720566,CUST-469237,Life,2021-08-14,71.01,157000,0,1,0.131
POL-26256,CUST-761594,Motorcycle,2022-04-01,69.62,88000,3,0,0.184
POL-38182550,CUST-624702,Business,2016-01-31,1836.99,4071000,0,1,0.001
POL-69472352,CUST-141647,Health,2015-10-09,1189.09,98000,0,0,0.154
POL-881653,CUST-314922,Life,2020-08-17,53.84,967000,0,1,0.019
POL-28833029,CUST-897287,Auto,2019-04-08,116.98,448000,4,1,0.118
POL-2912708,CUST-809000,Renters,2020-11-06,32.51,25000,0,1,0.098
POL-74311410,CUST-536107,Motorcycle,2020-03-09,114.75,57000,3,1,0.079
POL-76593789,CUST-970900,Home,2024-12-15,718.3,1866000,0,1,0.042
POL-20765467,CUST-98867,Renters,2025-03-20,39.9,67000,0,1,0.123
POL-61789789,CUST-372932,Renters,2016-02-19,38.99,83000,0,1,0.163
POL-18576833,CUST-277860,Life,2018-02-24,29.43,433000,0,1,0.193
POL-78135616,CUST-261993,Umbrella,2021-09-26,491.4,1897000,0,1,0.219
POL-34392465,CUST-850472,Health,2019-06-16,582.46,144000,0,0,0.249
POL-12335296,CUST-598199,Health,2020-08-08,642.08,326000,0,1,0.147
POL-76378602,CUST-962468,Umbrella,2022-04-18,237.64,2547000,0,0,0.126
POL-98551508,CUST-80951,Auto,2019-03-12,243.83,43000,3,1,0.1
POL-64764506,CUST-181301,Renters,2021-01-06,24.6,18000,0,0,0.206
POL-92555887,CUST-736989,Boat,2023-10-20,798.34,356000,2,1,0.118
POL-12799546,CUST-624145,RV,2025-04-18,865.2,60000,2,1,0.224
POL-5015930,CUST-766288,Life,2020-08-08,148.49,236000,0,1,0.033
POL-51210252,CUST-82289,Motorcycle,2025-04-18,130.09,26000,1,1,0.178
POL-44881018,CUST-364831,Umbrella,2016-06-11,238.99,3282000,0,1,0.213
POL-55904597,CUST-975433,Business,2022-11-18,1974.91,2891000,0,1,0.212
POL-30429530,CUST-783997,Umbrella,2017-07-18,559.09,1710000,0,0,0.147
POL-85078886,CUST-815182,Umbrella,2015-09-09,406.54,4945000,0,1,0.104
POL-7264930,CUST-319588,Auto,2021-12-31,97.54,458000,2,1,0.021
POL-5527388,CUST-334827,Boat,2024-05-31,226.71,344000,1,1,0.102
POL-75821325,CUST-156846,Auto,2024-09-05,164.01,319000,3,1,0.117
POL-67431202,CUST-731663,Home,2021-01-19,496.33,1071000,0,1,0.23
POL-20561818,CUST-52973,Life,2019-04-01,152.67,245000,0,1,0.157
POL-59809598,CUST-789410,Auto,2022-03-06,287.02,439000,1,1,0.094
POL-67743626,CUST-94458,Home,2025-04-12,714.04,617000,0,1,0.17
POL-57973424,CUST-303859,Health,2019-04-09,947.41,437000,0,1,0.013
POL-19865888,CUST-138610,Renters,2022-03-15,21.23,28000,0,1,0.103
POL-11079017,CUST-498969,Health,2021-03-18,472.8,154000,0,1,0.074
POL-6618423,CUST-574779,Boat,2025-03-19,358.73,282000,2,1,0.087
POL-35239935,CUST-89211,RV,2022-04-14,614.77,215000,1,1,0.209
POL-67353558,CUST-455596,Motorcycle,2022-04-10,48.68,85000,2,0,0.108
POL-18102047,CUST-504283,Renters,2017-09-17,22.26,76000,0,1,0.186
POL-26589676,CUST-511559,Renters,2025-01-03,18.18,38000,0,1,0.117
POL-87543303,CUST-599083,Auto,2022-03-21,328.92,296000,2,1,0.117
POL-75318641,CUST-645919,Umbrella,2018-10-30,348.91,2585000,0,1,0.225
POL-33050557,CUST-254085,Umbrella,2024-05-30,480.52,3640000,0,1,0.225
POL-35736421,CUST-814504,Life,2016-09-17,98.75,401000,0,1,0.226
POL-43407575,CUST-717999,Life,2022-10-23,184.8,371000,0,1,0.137
POL-12025190,CUST-117996,Auto,2025-04-17,198.53,348000,4,1,0.174
POL-56846657,CUST-383010,Motorcycle,2022-07-12,86.83,42000,3,1,0.15
POL-25567100,CUST-336318,Boat,2021-06-02,607.13,182000,1,0,0.219
POL-79708841,CUST-687247,RV,2021-05-09,375.5,162000,2,0,0.1
POL-40912093,CUST-177477,Auto,2015-11-27,124.29,112000,3,1,0.241
POL-82707781,CUST-861493,RV,2021-06-11,438.92,199000,1,1,0.083
POL-83642093,CUST-152901,Auto,2023-01-06,341.99,187000,2,1,0.115
POL-6023362,CUST-969107,Life,2022-12-26,105.6,741000,0,1,0.221
POL-26801295,CUST-718651,Renters,2019-06-19,25.76,34000,0,1,0.051
POL-20936786,CUST-794541,Home,2021-11-07,606.89,423000,0,1,0.211
POL-15082279,CUST-775507,Umbrella,2016-12-14,201.98,1668000,0,1,0.118
POL-32621391,CUST-995036,Motorcycle,2016-06-02,113.85,72000,4,1,0.177
POL-38612439,CUST-14400,Home,2018-01-02,371.3,768000,0,1,0.033
POL-93119618,CUST-843349,Umbrella,2021-05-02,559.21,4438000,0,1,0.218
POL-40952251,CUST-471923,Business,2017-05-21,1287.7,701000,0,1,0.167
POL-3053200,CUST-347997,Business,2023-07-05,553.79,1595000,0,1,0.092
POL-99322861,CUST-564139,Umbrella,2019-01-18,400.58,1007000,0,1,0.188
POL-27353754,CUST-572967,Home,2019-02-05,551.9,390000,0,1,0.011
POL-34716489,CUST-575458,Renters,2024-05-24,30.24,55000,0,1,0.045
POL-83623280,CUST-765380,Life,2023-09-17,74.87,456000,0,1,0.12
POL-93290869,CUST-732697,Renters,2017-11-24,48.55,65000,0,1,0.1
POL-50547291,CUST-611324,RV,2015-10-22,883.96,172000,1,1,0.183
POL-5836056,CUST-267865,Motorcycle,2024-06-15,126.43,12000,2,1,0.144
POL-8067834,CUST-297809,Motorcycle,2018-05-23,112.36,12000,4,1,0.168
POL-93486229,CUST-647983,Motorcycle,2018-11-28,122.56,50000,4,1,0.159
POL-7124981,CUST-487546,Business,2020-02-09,2114.25,3877000,0,1,0.195
POL-8938604,CUST-407523,Umbrella,2015-08-20,537.67,2530000,0,1,0.045
POL-88983888,CUST-893473,Motorcycle,2020-02-09,93.81,60000,1,1,0.084
POL-14480943,CUST-20005,Business,2021-08-15,1015.67,4419000,0,1,0.182
POL-87162488,CUST-405298,Boat,2020-06-20,460.93,269000,2,1,0.217
POL-51096850,CUST-533243,Boat,2019-06-05,420.26,491000,2,1,0.084
POL-42339783,CUST-508205,Renters,2017-03-09,41.84,13000,0,1,0.045
POL-11813934,CUST-195472,Umbrella,2024-07-15,366.82,2874000,0,1,0.159
POL-67196215,CUST-480233,Business,2018-11-16,723.37,407000,0,1,0.099
POL-95625996,CUST-22532,Life,2025-01-11,39.71,149000,0,1,0.036
POL-33204410,CUST-967070,Boat,2016-03-03,458.66,169000,2,0,0.172
POL-40926679,CUST-349773,Health,2024-07-01,1118.78,488000,0,0,0.205
POL-52801229,CUST-780550,Business,2023-10-30,1416.84,742000,0,1,0.01
POL-2465878,CUST-363625,Business,2018-03-01,2453.69,948000,0,1,0.245
POL-47698045,CUST-655602,Home,2021-06-24,336.44,1435000,0,1,0.106
POL-31702866,CUST-525600,Auto,2020-08-20,129.66,417000,3,1,0.186
POL-8322800,CUST-656190,Home,2020-03-09,685.8,1009000,0,0,0.198
POL-51965156,CUST-933654,Business,2019-11-17,1021.95,2643000,0,1,0.135
POL-74482698,CUST-995220,Health,2015-12-30,894.26,76000,0,1,0.118
POL-30277197,CUST-159077,Motorcycle,2020-04-05,62.97,34000,3,1,0.011
POL-52726977,CUST-688842,Motorcycle,2021-04-22,139.17,99000,3,1,0.102
POL-11783647,CUST-765344,Auto,2017-10-29,291.15,370000,2,1,0.116
POL-69889565,CUST-710929,Umbrella,2021-12-29,238.86,1943000,0,1,0.081
POL-56013532,CUST-252036,Home,2019-05-13,527.97,1627000,0,1,0.207
POL-20501644,CUST-447180,Business,2025-03-28,1341.53,2858000,0,1,0.119
POL-81251236,CUST-345280,RV,2020-10-22,308.8,139000,2,1,0.111
POL-72777382,CUST-138173,Boat,2023-02-19,712.61,287000,1,1,0.043
POL-87573396,CUST-145308,Motorcycle,2019-01-04,60.68,14000,1,1,0.14
POL-72659280,CUST-717276,Umbrella,2025-05-18,233.24,4137000,0,0,0.092
POL-18536762,CUST-324008,Renters,2018-12-08,41.28,69000,0,1,0.007
POL-18153282,CUST-450955,Business,2024-05-27,1669.87,3050000,0,1,0.104
POL-88077934,CUST-978352,Auto,2017-12-17,282.87,174000,4,0,0.094
POL-21212832,CUST-332918,RV,2025-02-06,392.19,209000,1,1,0.055
POL-74804948,CUST-558850,Home,2016-08-24,499.52,475000,0,1,0.192
POL-24714210,CUST-333025,Motorcycle,2017-07-04,96.01,56000,2,1,0.15
POL-97586963,CUST-30915,Umbrella,2017-12-20,508.2,3644000,0,1,0.221
POL-55571528,CUST-431228,Umbrella,2020-11-30,400.92,3234000,0,1,0.215
POL-59459055,CUST-781828,Boat,2020-08-26,654.1,175000,2,1,0.218
POL-20395330,CUST-816953,Motorcycle,2020-02-25,64.61,80000,3,1,0.164
POL-14330619,CUST-137935,Home,2018-09-09,368.35,1470000,0,1,0.105
POL-3516265,CUST-799484,Health,2018-08-20,836.42,374000,0,1,0.152
POL-81282861,CUST-594587,RV,2020-01-13,999.24,207000,2,0,0.081
POL-80042177,CUST-243461,Health,2019-06-03,366.46,378000,0,1,0.023
POL-92258298,CUST-27351,Umbrella,2019-06-03,209.09,3522000,0,1,0.164
POL-10667011,CUST-721568,RV,2021-08-09,657.93,101000,1,1,0.181
POL-17996802,CUST-526725,Health,2023-08-08,375.21,424000,0,0,0.081
POL-95565589,CUST-681121,Renters,2023-06-20,17.27,14000,0,1,0.115
POL-24692904,CUST-893522,Health,2021-11-08,883.67,283000,0,0,0.199
POL-65960711,CUST-496864,Boat,2022-01-31,500.13,83000,2,1,0.227
POL-21983035,CUST-202647,Health,2017-10-31,662.21,87000,0,1,0.008
POL-4325777,CUST-428436,Motorcycle,2019-05-06,134.05,72000,4,1,0.104
POL-36219821,CUST-996354,Renters,2015-10-01,45.92,80000,0,1,0.194
POL-29870720,CUST-778427,RV,2022-07-09,800.33,165000,2,1,0.015
POL-27455861,CUST-69348,Motorcycle,2018-12-11,129.4,15000,3,1,0.232
POL-58959861,CUST-909250,Boat,2018-07-04,457.15,90000,1,1,0.066
POL-92323369,CUST-340677,Business,2023-10-30,2007.16,1038000,0,1,0.092
POL-33122766,CUST-448324,Umbrella,2023-04-12,256.78,2020000,0,1,0.053
POL-5613827,CUST-637460,Home,2022-05-19,331.02,1555000,0,1,0.225
POL-96663730,CUST-328096,Boat,2021-12-18,651.5,422000,2,1,0.172
POL-82074794,CUST-984758,Umbrella,2022-03-14,514.95,3934000,0,1,0.069
POL-79699265,CUST-562203,Auto,2025-03-22,285.56,103000,3,1,0.22
POL-86086421,CUST-918325,Business,2024-06-05,1225.45,2543000,0,1,0.179
POL-69880338,CUST-114626,Business,2016-02-24,1767.79,4087000,0,1,0.168
POL-61324136,CUST-867182,Life,2023-03-06,155.15,779000,0,1,0.152
POL-32980201,CUST-543899,Motorcycle,2016-03-19,60.88,40000,1,1,0.146
POL-53098035,CUST-770881,Life,2024-08-23,127.24,322000,0,1,0.127
POL-74853354,CUST-406216,RV,2016-02-28,584.09,212000,1,0,0.161
POL-84644215,CUST-51690,Business,2024-04-10,2205.22,2737000,0,1,0.094
POL-39081432,CUST-460905,Boat,2018-09-21,589.03,482000,2,1,0.224
POL-40876565,CUST-811259,Auto,2022-04-07,260.56,59000,3,1,0.052
POL-61920968,CUST-174573,Life,2020-05-10,73.71,866000,0,1,0.03
POL-39516346,CUST-642917,Health,2022-09-06,556.5,291000,0,1,0.16
POL-92603918,CUST-542081,Auto,2016-06-02,306.79,468000,2,1,0.091
POL-62220513,CUST-870206,Auto,2017-11-29,187.59,77000,3,1,0.068
POL-12138759,CUST-757750,RV,2023-03-06,892.62,191000,1,0,0.014
POL-15189633,CUST-188503,Business,2024-01-04,1545.9,2153000,0,1,0.185
POL-93430858,CUST-572949,Health,2025-06-14,428.34,426000,0,1,0.01
POL-52756521,CUST-433648,Business,2017-10-17,1031.53,2428000,0,1,0.048
POL-60516875,CUST-26122,Home,2020-12-29,734.3,378000,0,1,0.015
POL-60891997,CUST-618990,Health,2018-07-15,443.94,449000,0,1,0.116
POL-61026547,CUST-94560,RV,2018-12-05,917.15,63000,2,1,0.018
POL-43496580,CUST-725318,Boat,2019-09-30,269.84,69000,2,1,0.136
POL-96418622,CUST-768881,Health,2018-04-14,798.29,207000,0,1,0.145
POL-12239481,CUST-119710,Home,2017-08-05,603.99,1028000,0,1,0.049
POL-85103759,CUST-380573,Business,2023-02-20,2011.09,104000,0,1,0.102
POL-70305568,CUST-741635,Renters,2016-12-11,32.24,33000,0,1,0.121
POL-97559354,CUST-829493,Renters,2022-01-10,48.3,49000,0,1,0.133
POL-82150984,CUST-995889,Umbrella,2024-03-13,310.12,3354000,0,1,0.156
POL-50825385,CUST-577079,Home,2018-03-19,784.06,482000,0,1,0.08
POL-5892974,CUST-805579,RV,2021-12-20,629.35,93000,1,1,0.108
POL-44988861,CUST-592960,Renters,2018-05-26,18.31,68000,0,1,0.172
POL-21759927,CUST-911022,Life,2018-01-17,58.88,164000,0,1,0.053
POL-24007090,CUST-806519,RV,2017-12-14,513.77,251000,2,1,0.075
POL-56315301,CUST-323026,Business,2016-05-13,920.58,1397000,0,1,0.048
POL-98000650,CUST-805967,Motorcycle,2020-10-04,124.3,31000,2,1,0.129
POL-38759467,CUST-656883,Boat,2023-01-31,592.09,439000,2,1,0.067
POL-15777827,CUST-942189,Renters,2018-07-26,31.52,50000,0,1,0.077
POL-27226295,CUST-3704,Umbrella,2017-09-24,531.69,2323000,0,1,0.106
POL-1638498,CUST-480921,Motorcycle,2019-10-19,121.52,11000,4,1,0.102
POL-66926628,CUST-569902,Life,2023-12-17,195.62,854000,0,1,0.205
POL-81602221,CUST-925581,Health,2015-08-04,408.61,426000,0,1,0.208
POL-31927492,CUST-227408,Auto,2023-11-21,166.9,440000,4,1,0.14
POL-60899748,CUST-430074,Health,2023-08-02,997.47,374000,0,1,0.214
POL-10657547,CUST-630421,Home,2023-01-04,152.1,436000,0,1,0.12
POL-32844845,CUST-925020,Business,2015-08-09,1439.74,486000,0,1,0.098
POL-37327686,CUST-649871,Boat,2024-10-21,349.91,343000,2,1,0.014
POL-27868647,CUST-51295,Umbrella,2024-12-23,310.42,2550000,0,1,0.071
POL-19898606,CUST-57738,Boat,2018-08-21,280.57,418000,1,1,0.194
POL-4928616,CUST-152436,Motorcycle,2021-06-06,128.92,30000,3,1,0.14
POL-89522760,CUST-606174,Boat,2016-01-17,347.14,325000,2,1,0.204
POL-44440977,CUST-965093,Auto,2020-07-27,117.93,429000,1,1,0.175
POL-6580878,CUST-114176,Umbrella,2016-12-25,582.88,2515000,0,0,0.111
POL-23924094,CUST-169172,Health,2022-08-02,384.14,296000,0,1,0.091
POL-82019078,CUST-693029,Health,2020-05-01,877.67,419000,0,1,0.151
POL-75454146,CUST-186037,Auto,2025-03-25,117.87,362000,4,1,0.202
POL-77707540,CUST-377685,Auto,2023-03-29,304.55,57000,3,1,0.109
POL-12499198,CUST-805843,Auto,2016-02-07,339.14,483000,3,1,0.123
POL-43328415,CUST-386473,Business,2020-08-01,1167.51,663000,0,1,0.141
POL-9082067,CUST-795284,RV,2021-12-09,846.41,189000,1,1,0.212
POL-73882978,CUST-68079,Home,2022-10-06,501.75,1082000,0,1,0.248
POL-63191967,CUST-141081,Home,2020-06-22,636.98,1004000,0,1,0.116
POL-93230242,CUST-901154,Life,2017-07-27,138.83,127000,0,1,0.144
POL-44185620,CUST-552654,Boat,2020-02-29,516.63,388000,2,1,0.1
POL-70416822,CUST-220038,Renters,2022-07-14,15.22,61000,0,1,0.056
POL-82148463,CUST-61010,Motorcycle,2019-01-18,48.06,39000,3,1,0.163
POL-76687590,CUST-765175,Health,2017-05-09,969.93,351000,0,0,0.223
POL-11766833,CUST-507157,Business,2024-06-28,805.21,1344000,0,1,0.045
POL-57318164,CUST-638419,Auto,2020-05-18,224.02,468000,1,1,0.135
POL-34850980,CUST-550912,Home,2020-11-16,329.22,761000,0,0,0.165
POL-83650413,CUST-371042,Health,2025-04-11,502.93,272000,0,0,0.058
POL-82448605,CUST-589964,Health,2017-09-13,972.35,64000,0,1,0.225
POL-69753731,CUST-764605,Boat,2023-12-09,273.87,222000,1,1,0.186
POL-66102828,CUST-847228,Health,2023-12-17,580.42,284000,0,1,0.05
POL-81793056,CUST-244026,Motorcycle,2018-07-21,100.83,26000,1,0,0.127
POL-25978571,CUST-1657,Business,2020-06-08,1949.04,1121000,0,1,0.052
POL-3219453,CUST-487467,Boat,2017-07-03,644.39,213000,2,1,0.053
POL-98981329,CUST-889265,Home,2017-07-01,659.85,855000,0,1,0.127
POL-82585240,CUST-434773,Boat,2019-01-08,209.69,224000,2,1,0.214
POL-6105858,CUST-350006,Umbrella,2022-07-15,344.16,2300000,0,1,0.109
POL-75217695,CUST-845197,Renters,2021-06-10,23.03,21000,0,1,0.203
POL-1516293,CUST-671736,Boat,2019-02-08,209.51,169000,2,1,0.212
POL-92612522,CUST-295307,Life,2018-12-01,123.8,184000,0,1,0.035
POL-9104802,CUST-322722,Boat,2019-10-27,657.37,57000,1,1,0.165
POL-68006730,CUST-576710,Umbrella,2020-08-07,447.02,4453000,0,1,0.043
POL-822924,CUST-119366,RV,2021-01-01,975.71,245000,1,1,0.231
POL-45816776,CUST-415287,Life,2021-02-28,30.25,264000,0,1,0.156
POL-82677226,CUST-30531,Renters,2025-03-04,36.77,14000,0,1,0.083
POL-26040330,CUST-346569,Boat,2018-06-25,220.53,482000,1,0,0.012
POL-90257792,CUST-502381,Motorcycle,2021-03-29,121.5,79000,2,1,0.004
POL-4772547,CUST-677015,Health,2023-07-26,292.12,85000,0,1,0.119
POL-64625235,CUST-162934,Motorcycle,2017-10-20,132.74,80000,4,1,0.151
POL-72070563,CUST-939449,Auto,2023-05-01,164.09,271000,3,1,0.164
POL-62071682,CUST-822072,Umbrella,2021-03-12,582.76,3804000,0,1,0.119
POL-99668024,CUST-58743,Business,2022-07-15,892.57,1940000,0,1,0.201
POL-40177237,CUST-592385,Life,2024-05-10,64.47,136000,0,1,0.179
POL-74514623,CUST-561916,Renters,2020-11-10,46.04,24000,0,1,0.063
POL-27952515,CUST-605445,Renters,2015-10-24,26.5,71000,0,1,0.13
POL-47458790,CUST-69429,Business,2021-02-19,2475.29,2337000,0,1,0.033
POL-37642707,CUST-881578,Motorcycle,2018-01-12,74.97,29000,1,1,0.2
POL-45520266,CUST-393468,Auto,2016-01-09,294.43,121000,1,1,0.009
POL-22276047,CUST-598717,Health,2024-07-31,361.89,219000,0,1,0.12
POL-25149571,CUST-624103,Umbrella,2022-02-13,275.1,4647000,0,1,0.144
POL-41376831,CUST-739525,Boat,2017-06-25,795.62,263000,2,1,0.029
POL-95273114,CUST-33164,Renters,2020-11-04,37.94,77000,0,0,0.084
POL-55548633,CUST-91014,Life,2020-02-11,69.67,896000,0,1,0.193
POL-31895802,CUST-389633,Boat,2023-12-13,597.95,375000,2,1,0.066
POL-40618137,CUST-226639,Umbrella,2023-03-08,370.61,1107000,0,0,0.032
POL-40576475,CUST-183514,Health,2024-06-04,1175.09,485000,0,1,0.138
POL-50226379,CUST-823073,Renters,2017-05-27,19.42,56000,0,1,0.109
POL-27125189,CUST-957720,Home,2016-02-17,776.4,1158000,0,1,0.205
POL-59562350,CUST-530573,RV,2017-01-25,436.41,270000,1,1,0.05
POL-64781956,CUST-948914,Umbrella,2015-12-01,410.23,4271000,0,1,0.215
POL-20679969,CUST-199451,RV,2024-01-01,332.9,190000,2,1,0.173
POL-64890505,CUST-768020,RV,2021-04-12,416.73,92000,1,1,0.159
POL-41655640,CUST-813205,Business,2024-05-26,952.51,1375000,0,1,0.239
POL-19232735,CUST-806859,Motorcycle,2021-01-23,133.0,46000,1,0,0.237
POL-69276026,CUST-709589,Renters,2017-03-01,28.64,78000,0,0,0.223
POL-27539747,CUST-759767,Boat,2017-10-01,393.15,403000,2,1,0.063
POL-61655384,CUST-406415,RV,2016-02-12,767.68,105000,1,1,0.103
POL-15547243,CUST-4309,Life,2024-05-18,109.16,218000,0,1,0.202
POL-5909601,CUST-720426,Health,2020-10-13,591.24,134000,0,1,0.098
POL-44733393,CUST-489554,Health,2016-12-22,448.57,234000,0,1,0.241
POL-13838227,CUST-545865,Renters,2016-04-11,19.92,63000,0,1,0.185
POL-3017249,CUST-605615,Life,2020-10-22,61.02,199000,0,1,0.19
POL-85745109,CUST-935471,Auto,2020-10-20,251.92,298000,3,1,0.193
POL-43067834,CUST-210297,Business,2019-01-23,1442.22,3776000,0,1,0.031
POL-38462422,CUST-290088,Business,2018-10-08,1408.73,691000,0,1,0.189
POL-42835559,CUST-810326,Umbrella,2024-07-19,550.09,4982000,0,0,0.095
POL-90076744,CUST-123365,Renters,2022-12-30,18.95,71000,0,1,0.042
POL-20041488,CUST-165146,Boat,2020-02-18,655.08,143000,1,1,0.183
POL-15362614,CUST-15997,Business,2020-02-24,2230.17,2124000,0,1,0.166
POL-68996054,CUST-107348,Motorcycle,2025-01-05,80.6,94000,1,1,0.07
POL-72816971,CUST-367335,Renters,2019-01-03,46.67,94000,0,1,0.105
POL-42746321,CUST-284218,Renters,2024-11-02,49.41,21000,0,1,0.178
POL-94536752,CUST-843058,Boat,2017-11-25,345.65,285000,1,1,0.166
POL-77052108,CUST-256717,Home,2020-04-24,798.11,1833000,0,1,0.14
POL-9562056,CUST-326503,Business,2018-05-29,1251.64,4453000,0,1,0.167
POL-72555030,CUST-465198,Auto,2021-04-03,242.45,335000,1,1,0.029
POL-17458237,CUST-30401,Health,2016-05-10,560.7,403000,0,1,0.151
POL-90663530,CUST-52906,Motorcycle,2023-07-03,116.19,15000,3,1,0.11
POL-51485872,CUST-56413,Boat,2017-04-18,544.01,299000,1,0,0.203
POL-57239263,CUST-410954,Motorcycle,2016-12-16,110.29,13000,2,1,0.006
POL-94580225,CUST-625078,Umbrella,2018-07-16,239.52,4862000,0,1,0.007
POL-82720444,CUST-372899,Boat,2023-01-29,709.66,158000,2,1,0.086
POL-44604858,CUST-857150,Health,2020-10-22,476.63,461000,0,1,0.115
POL-95683641,CUST-795242,Renters,2018-11-12,41.9,31000,0,1,0.193
POL-10542212,CUST-967609,RV,2024-07-26,753.8,244000,2,1,0.195
POL-76207390,CUST-138197,Life,2023-06-01,172.83,948000,0,1,0.088
POL-93764425,CUST-491022,RV,2017-01-27,817.9,269000,1,1,0.076
POL-61147472,CUST-325469,Home,2017-02-23,547.62,756000,0,1,0.16
POL-63155598,CUST-242948,Motorcycle,2023-05-30,54.26,74000,3,1,0.109
POL-19289997,CUST-902924,Umbrella,2019-04-20,501.91,1707000,0,1,0.028
POL-48781345,CUST-411122,Business,2019-11-19,1121.06,4346000,0,1,0.14
POL-93900684,CUST-961821,RV,2018-08-12,676.78,154000,1,1,0.023
POL-43588695,CUST-475301,Business,2021-02-10,2329.39,3494000,0,1,0.036
POL-4061983,CUST-68540,Umbrella,2023-10-15,413.13,2664000,0,1,0.096
POL-15151444,CUST-368512,Renters,2023-07-31,36.47,21000,0,1,0.056
POL-61906810,CUST-886850,Auto,2023-08-21,146.39,106000,3,1,0.056
POL-37883942,CUST-805245,Health,2018-05-26,445.35,168000,0,1,0.203
POL-81126594,CUST-602593,Life,2021-06-04,27.17,306000,0,0,0.214
POL-68175850,CUST-107932,Boat,2017-08-29,702.76,242000,1,1,0.212
POL-95868110,CUST-835461,Business,2022-05-24,1299.23,4927000,0,1,0.245
POL-43737494,CUST-583165,Renters,2017-04-24,39.74,58000,0,1,0.066
POL-40549608,CUST-558624,Umbrella,2016-09-12,345.81,4882000,0,0,0.08
POL-53796676,CUST-619221,Umbrella,2023-05-03,230.82,3907000,0,1,0.215
POL-32021033,CUST-651034,Health,2022-07-12,995.56,354000,0,1,0.245
POL-73544472,CUST-166744,RV,2019-08-22,795.85,190000,2,1,0.207
POL-51514973,CUST-69268,Health,2023-09-13,920.11,426000,0,1,0.244
POL-27949250,CUST-853452,Health,2021-04-16,665.29,351000,0,1,0.115
POL-58432185,CUST-594764,Boat,2022-10-30,498.28,254000,1,0,0.043
POL-73085160,CUST-727851,RV,2021-04-25,613.93,220000,1,1,0.119
POL-23231136,CUST-694799,Life,2019-07-06,36.16,422000,0,1,0.18
POL-99236164,CUST-976080,Business,2016-10-26,1004.02,331000,0,1,0.123
POL-65314414,CUST-119876,Life,2025-04-05,197.59,276000,0,1,0.077
POL-43671508,CUST-582051,Renters,2023-05-15,26.57,85000,0,1,0.127
POL-59755911,CUST-184731,Motorcycle,2017-02-25,47.31,81000,3,1,0.243
POL-54464708,CUST-72988,Auto,2020-09-25,272.27,213000,1,1,0.018
POL-92007417,CUST-853610,Home,2017-05-05,470.84,1632000,0,1,0.049
POL-43943990,CUST-518306,Business,2021-12-09,2047.47,1604000,0,1,0.007
POL-12151134,CUST-228182,Boat,2016-07-16,637.2,199000,1,1,0.101
POL-77949346,CUST-947132,Motorcycle,2017-11-09,126.59,60000,4,1,0.086
POL-19693143,CUST-692984,Home,2015-07-01,317.84,472000,0,1,0.22
POL-60797197,CUST-557062,Boat,2018-01-12,254.44,162000,2,1,0.088
POL-52342586,CUST-645474,Home,2020-06-14,337.8,1677000,0,1,0.064
POL-60016768,CUST-205171,Business,2025-04-29,621.8,4774000,0,1,0.093
POL-91471634,CUST-920047,Life,2018-12-28,25.3,605000,0,1,0.082
POL-40229795,CUST-597978,Renters,2020-11-17,15.97,84000,0,1,0.215
POL-58348074,CUST-752658,Life,2020-09-03,57.98,701000,0,1,0.134
POL-11983952,CUST-611033,Umbrella,2021-05-08,238.79,3865000,0,0,0.15
POL-82072899,CUST-535218,Business,2015-08-19,853.86,3797000,0,1,0.22
POL-17120235,CUST-893916,Life,2022-05-15,113.78,904000,0,1,0.008
POL-8376603,CUST-387158,Auto,2020-06-30,332.53,491000,1,1,0.078
POL-7130627,CUST-884,Renters,2024-10-30,18.77,100000,0,1,0.13
POL-48216998,CUST-115027,Home,2025-01-07,448.36,1366000,0,1,0.153
POL-4185545,CUST-246668,Umbrella,2020-04-17,575.13,4895000,0,1,0.208
POL-94250625,CUST-618831,Boat,2022-11-02,766.41,376000,1,1,0.091
POL-83914843,CUST-333580,Health,2022-03-14,1160.39,307000,0,1,0.101
POL-54496780,CUST-400099,Umbrella,2022-01-02,223.45,4863000,0,1,0.211
POL-73164605,CUST-221476,Business,2022-11-24,697.56,4461000,0,1,0.164
POL-63736162,CUST-145824,RV,2018-06-11,694.1,234000,2,1,0.161
POL-74547422,CUST-403277,Renters,2018-09-11,26.21,69000,0,1,0.073
POL-56000400,CUST-161760,Motorcycle,2021-08-15,78.51,59000,1,1,0.123
POL-89934747,CUST-131647,Umbrella,2020-05-26,424.5,3557000,0,1,0.124
POL-1557295,CUST-75231,Renters,2017-10-11,41.98,17000,0,1,0.01
POL-19326800,CUST-756379,Home,2015-10-05,314.98,1332000,0,1,0.143
POL-88305426,CUST-457949,Life,2023-10-10,137.16,825000,0,1,0.007
POL-11363335,CUST-143885,Renters,2017-10-20,28.47,56000,0,0,0.013
POL-61207129,CUST-936989,Motorcycle,2022-07-27,118.62,79000,2,1,0.17
POL-83650995,CUST-188531,Auto,2022-09-26,325.88,77000,4,0,0.223
POL-68372512,CUST-444726,Umbrella,2023-03-23,229.19,1854000,0,1,0.143
POL-60404120,CUST-403402,Business,2024-11-19,531.19,3300000,0,1,0.172
POL-30298433,CUST-194816,Renters,2021-07-15,15.17,42000,0,1,0.229
POL-81144449,CUST-7790,Umbrella,2022-09-20,593.76,2635000,0,1,0.093
POL-66861495,CUST-887938,Motorcycle,2025-04-29,35.37,29000,2,1,0.065
POL-95580470,CUST-526100,Motorcycle,2019-07-10,111.65,92000,3,1,0.22
POL-55141717,CUST-971573,Renters,2020-01-28,29.32,11000,0,1,0.103
POL-77356703,CUST-384795,Renters,2024-10-13,44.49,35000,0,1,0.122
POL-5082158,CUST-595748,Business,2016-01-23,520.86,3417000,0,1,0.192
POL-94607733,CUST-386482,Life,2023-09-18,141.02,284000,0,1,0.029
POL-77882357,CUST-504923,Life,2017-06-02,182.89,562000,0,1,0.134
POL-19070658,CUST-765654,Life,2016-11-08,190.11,319000,0,0,0.179
POL-37503167,CUST-487521,Motorcycle,2024-06-12,64.18,48000,3,1,0.065
POL-10500470,CUST-548779,Home,2024-04-15,376.43,1957000,0,1,0.238
POL-32914388,CUST-495401,RV,2016-12-30,892.52,103000,1,1,0.009
POL-91814860,CUST-664469,Boat,2016-10-27,265.61,145000,1,1,0.046
POL-77796412,CUST-327679,Home,2024-08-31,269.23,1390000,0,1,0.185
POL-46109986,CUST-561023,Boat,2016-05-22,558.2,47000,1,1,0.181
POL-62930506,CUST-476089,Auto,2015-09-05,233.58,105000,3,1,0.063
POL-62979305,CUST-601846,Life,2024-03-19,86.27,260000,0,0,0.014
POL-56507825,CUST-370057,Motorcycle,2021-02-17,48.37,48000,1,1,0.157
POL-38816900,CUST-175645,Umbrella,2020-07-03,463.2,2841000,0,1,0.11
POL-93288187,CUST-967693,Health,2016-02-04,801.66,201000,0,1,0.036
POL-97572491,CUST-823154,Umbrella,2020-08-31,222.69,3872000,0,1,0.13
POL-34956086,CUST-64401,Auto,2025-01-30,247.02,114000,3,1,0.036
POL-77596783,CUST-177292,Home,2023-07-18,579.02,112000,0,1,0.141
POL-6928303,CUST-688201,Motorcycle,2025-03-28,122.24,26000,2,1,0.009
POL-98969478,CUST-654643,RV,2020-06-15,351.75,220000,2,0,0.161
POL-38495745,CUST-508307,Renters,2015-12-16,39.0,61000,0,1,0.187
POL-17021671,CUST-530155,Boat,2016-11-23,567.57,206000,2,1,0.225
POL-37292234,CUST-264294,Boat,2016-10-19,521.87,214000,1,1,0.159
POL-82650976,CUST-294620,Life,2017-09-30,193.53,457000,0,0,0.22
POL-34488013,CUST-14892,Umbrella,2020-03-05,496.0,2811000,0,1,0.036
POL-81043555,CUST-183095,Boat,2017-05-23,446.22,486000,1,0,0.031
POL-88470372,CUST-468349,Umbrella,2018-01-24,283.24,2702000,0,1,0.104
POL-23541704,CUST-273943,Boat,2021-10-13,466.34,229000,2,1,0.082
POL-65084661,CUST-189592,Motorcycle,2019-07-06,45.97,79000,2,1,0.178
POL-4441335,CUST-359502,Business,2024-06-19,889.2,3149000,0,0,0.137
POL-19470999,CUST-624473,Motorcycle,2016-12-05,74.98,50000,2,1,0.118
POL-66565050,CUST-789327,RV,2018-02-11,756.57,129000,2,1,0.054
POL-51427803,CUST-249505,RV,2022-07-08,922.95,223000,2,0,0.108
POL-97441948,CUST-668545,Boat,2022-12-25,214.3,133000,2,1,0.043
POL-28300713,CUST-605822,Business,2018-05-04,2038.48,3471000,0,1,0.2
POL-7291483,CUST-673459,Life,2021-05-13,96.98,541000,0,1,0.185
POL-15568500,CUST-55074,Boat,2019-12-28,389.73,425000,1,1,0.197
POL-62279029,CUST-418114,Home,2018-05-06,115.03,1908000,0,1,0.083
POL-40448811,CUST-499401,Home,2023-08-06,319.31,1991000,0,1,0.186
POL-31361490,CUST-398249,Health,2024-07-20,507.56,85000,0,1,0.227
POL-63698335,CUST-275382,Business,2022-02-16,2309.03,3846000,0,1,0.176
POL-71194737,CUST-912552,Renters,2017-12-17,25.61,84000,0,1,0.22
POL-1592230,CUST-302820,Life,2022-11-21,97.66,608000,0,0,0.102
POL-51271721,CUST-711451,RV,2023-02-16,686.62,173000,2,1,0.226
POL-71169409,CUST-716047,Home,2020-11-11,564.71,408000,0,0,0.024
POL-13068017,CUST-962290,Auto,2016-03-10,116.61,225000,4,1,0.043
POL-85553621,CUST-371015,Auto,2024-07-13,238.27,454000,3,0,0.146
POL-81937985,CUST-962636,Life,2022-11-03,103.28,71000,0,0,0.237
POL-44958564,CUST-283457,Business,2020-02-17,1187.66,2950000,0,0,0.222
POL-13190487,CUST-267747,Home,2020-01-14,224.06,1409000,0,1,0.098
POL-52499769,CUST-483507,Life,2025-06-06,44.42,879000,0,0,0.049
POL-98557883,CUST-704527,Umbrella,2019-08-10,316.94,4325000,0,0,0.021
POL-69786819,CUST-353796,Business,2018-10-23,2467.14,4250000,0,1,0.223
POL-42046364,CUST-574213,Motorcycle,2018-07-21,149.0,58000,3,1,0.07
POL-90301937,CUST-8887,RV,2015-09-03,933.0,56000,2,1,0.042
POL-1605433,CUST-431225,Health,2016-08-25,900.51,188000,0,1,0.108
POL-70499776,CUST-108954,Auto,2017-02-26,153.67,423000,4,1,0.083
POL-47179735,CUST-230074,Auto,2023-01-29,115.28,352000,1,1,0.005
POL-33808923,CUST-202458,Motorcycle,2020-04-24,53.96,72000,4,1,0.174
POL-3181023,CUST-649485,Renters,2016-01-27,39.39,54000,0,1,0.128
POL-7634560,CUST-984094,Motorcycle,2017-01-21,78.86,55000,2,0,0.18
POL-80448089,CUST-669078,RV,2019-03-08,435.03,124000,2,1,0.112
POL-95036231,CUST-125805,Home,2017-07-25,663.83,768000,0,1,0.224
POL-81159552,CUST-136217,Auto,2016-12-17,298.9,448000,1,1,0.044
POL-88099795,CUST-800962,Home,2021-11-21,207.8,1781000,0,1,0.022
POL-24799223,CUST-939525,Home,2025-02-14,106.75,128000,0,1,0.085
POL-93369050,CUST-193213,Business,2017-05-18,640.77,4989000,0,1,0.218
POL-39536330,CUST-489638,Boat,2019-10-21,578.6,198000,1,1,0.014
POL-85735668,CUST-475470,Life,2016-10-12,59.92,832000,0,0,0.046
POL-57308741,CUST-725846,Home,2020-03-12,102.69,1760000,0,1,0.053
POL-34539133,CUST-169833,Home,2020-12-29,370.83,1412000,0,1,0.119
POL-37216895,CUST-814854,Health,2016-10-01,908.24,310000,0,1,0.047
POL-51378412,CUST-407466,Renters,2016-07-21,40.6,88000,0,1,0.015
POL-8060935,CUST-270782,Life,2021-02-25,113.83,133000,0,1,0.049
POL-23881291,CUST-461976,Life,2019-12-30,178.68,653000,0,0,0.175
POL-65997780,CUST-973693,Home,2016-09-03,231.74,1880000,0,1,0.248
POL-81913332,CUST-411707,Life,2018-11-27,94.07,927000,0,1,0.15
POL-86635285,CUST-515959,RV,2018-07-12,748.42,107000,2,1,0.086
POL-19310253,CUST-566893,Health,2017-05-03,730.55,393000,0,1,0.171
POL-29311339,CUST-643790,Renters,2022-10-30,41.4,18000,0,1,0.123
POL-59268093,CUST-750151,Auto,2017-04-20,247.36,454000,4,1,0.191
POL-13862962,CUST-36554,Boat,2019-11-25,207.2,415000,1,1,0.193
POL-9450582,CUST-599098,Umbrella,2016-09-25,479.23,3540000,0,1,0.016
POL-59845276,CUST-19676,Renters,2019-10-04,40.45,52000,0,1,0.186
POL-19978882,CUST-684578,Boat,2023-12-17,422.27,182000,2,1,0.25
POL-5078212,CUST-696889,Health,2015-07-05,428.11,139000,0,1,0.088
POL-35760499,CUST-158971,Boat,2022-02-19,727.98,195000,2,1,0.225
POL-52523472,CUST-602553,Boat,2021-02-07,291.61,412000,2,1,0.006
POL-69173535,CUST-741978,Life,2015-07-23,162.95,450000,0,0,0.158
POL-64174787,CUST-457239,Motorcycle,2023-11-03,73.89,67000,2,1,0.237
POL-97679289,CUST-818871,Health,2022-05-13,294.85,255000,0,1,0.068
POL-72494849,CUST-236817,Health,2016-09-07,221.68,256000,0,1,0.207
POL-51596498,CUST-722742,RV,2015-07-20,494.37,100000,2,1,0.125
POL-16267678,CUST-594798,Motorcycle,2023-09-11,143.68,31000,4,0,0.015
POL-48173202,CUST-349636,Home,2024-08-07,146.83,778000,0,1,0.152
POL-53769608,CUST-57875,Life,2020-08-23,66.15,568000,0,1,0.104
POL-49037166,CUST-560596,Auto,2017-01-13,338.35,356000,2,1,0.078
POL-10798726,CUST-882042,Business,2021-04-12,1357.99,1122000,0,1,0.132
POL-38917593,CUST-679259,Umbrella,2023-04-25,489.9,4385000,0,1,0.032
POL-23705307,CUST-581409,Business,2018-12-13,2440.86,630000,0,1,0.093
POL-51561575,CUST-692829,Health,2016-02-29,409.46,221000,0,1,0.228
POL-40113698,CUST-729685,Umbrella,2018-09-28,453.55,4783000,0,0,0.197
POL-14330160,CUST-661249,RV,2022-02-17,538.53,258000,2,1,0.225
POL-65297400,CUST-88984,Umbrella,2021-08-09,512.64,3400000,0,0,0.057
POL-98693541,CUST-198667,Business,2022-12-11,1718.77,2190000,0,1,0.117
POL-4791343,CUST-202472,Auto,2017-11-15,164.63,487000,1,1,0.037
POL-96601737,CUST-621748,Umbrella,2015-12-04,232.52,3059000,0,1,0.225
POL-65663681,CUST-407652,Renters,2019-07-20,17.34,61000,0,1,0.198
POL-72551667,CUST-674661,Renters,2016-07-25,39.92,58000,0,1,0.015
POL-67066471,CUST-559876,Health,2020-09-23,423.33,52000,0,1,0.206
POL-2203625,CUST-38842,Boat,2023-02-19,537.13,436000,2,0,0.121
POL-7523501,CUST-354123,Umbrella,2021-04-07,441.91,3249000,0,1,0.203
POL-54426343,CUST-123928,Health,2016-03-22,1157.73,363000,0,1,0.074
POL-87758252,CUST-699731,Auto,2019-02-04,278.58,127000,3,1,0.094
POL-61521428,CUST-985755,Auto,2024-05-23,160.51,132000,2,1,0.007
POL-19992217,CUST-777048,Motorcycle,2024-08-15,39.45,71000,2,1,0.096
POL-31270805,CUST-969739,Life,2025-05-07,128.92,845000,0,1,0.234
POL-4949636,CUST-771185,Boat,2016-09-19,365.57,395000,2,1,0.147
POL-65618337,CUST-685592,Umbrella,2017-11-25,582.44,1520000,0,1,0.082
POL-63246028,CUST-951245,Boat,2015-10-26,421.29,190000,2,1,0.157
POL-32572300,CUST-735363,Umbrella,2016-04-09,358.22,2370000,0,1,0.19
POL-1928065,CUST-180616,Renters,2017-09-18,26.34,85000,0,1,0.128
POL-41250118,CUST-860607,Life,2016-05-05,111.92,121000,0,1,0.026
POL-61228059,CUST-640916,Life,2017-02-23,189.52,296000,0,1,0.09
POL-79328380,CUST-67064,Umbrella,2018-05-25,335.26,2731000,0,1,0.017
POL-15324937,CUST-521292,Motorcycle,2017-04-20,95.41,79000,4,1,0.099
POL-8470495,CUST-843530,Life,2019-03-31,120.92,144000,0,1,0.112
POL-57205134,CUST-353729,Home,2018-12-10,633.93,1922000,0,1,0.06
POL-43518077,CUST-126670,RV,2022-05-01,316.96,219000,1,1,0.011
POL-73267417,CUST-144000,Health,2025-04-16,1149.97,122000,0,1,0.081
POL-28619492,CUST-801351,Motorcycle,2020-12-18,32.31,48000,4,1,0.179
POL-79602555,CUST-181873,Motorcycle,2016-04-08,96.0,15000,2,1,0.052
POL-8485498,CUST-126610,Business,2021-03-14,1482.93,3031000,0,1,0.145
POL-18956482,CUST-794348,Umbrella,2020-02-25,403.66,4477000,0,1,0.053
POL-22555403,CUST-730119,RV,2022-07-22,305.14,215000,2,1,0.094
POL-74277128,CUST-173021,Motorcycle,2021-10-14,49.18,36000,3,1,0.082
POL-32701425,CUST-970641,Renters,2022-12-15,28.74,95000,0,1,0.007
POL-5462513,CUST-139849,Business,2025-05-24,2435.47,4393000,0,1,0.051
POL-84851724,CUST-642191,Home,2017-03-12,129.16,1787000,0,1,0.233
POL-21173338,CUST-16389,Health,2021-11-22,400.14,349000,0,1,0.075
POL-10834405,CUST-6658,Health,2023-10-11,1086.65,479000,0,1,0.116
POL-24080385,CUST-971124,Health,2015-08-13,766.85,492000,0,1,0.128
POL-94857204,CUST-683415,Renters,2017-01-03,15.43,34000,0,1,0.052
POL-55864403,CUST-727191,Motorcycle,2020-04-27,116.4,70000,4,1,0.041
POL-92926762,CUST-133056,Boat,2023-08-04,488.11,338000,2,1,0.167
POL-19204927,CUST-670905,Health,2019-01-01,277.67,106000,0,1,0.213
POL-70207530,CUST-472298,Business,2020-02-07,600.06,194000,0,0,0.233
POL-32112095,CUST-983658,Renters,2022-07-03,30.58,84000,0,0,0.024
POL-81945021,CUST-725272,Umbrella,2018-06-18,286.12,1800000,0,0,0.185
POL-80030269,CUST-188744,Umbrella,2016-02-18,230.44,2751000,0,1,0.074
POL-82147935,CUST-996459,Auto,2023-12-31,322.6,183000,2,1,0.233
POL-84180238,CUST-866630,Health,2016-12-27,320.33,384000,0,1,0.17
POL-46688115,CUST-439128,Auto,2020-08-13,317.68,275000,2,1,0.022
POL-74854623,CUST-247085,Health,2015-07-28,655.24,354000,0,1,0.068
POL-15771632,CUST-555953,Auto,2018-10-04,269.78,277000,1,1,0.038
POL-83070162,CUST-379481,Home,2017-02-13,378.28,892000,0,1,0.124
POL-68120967,CUST-229927,Boat,2024-09-03,447.45,32000,1,1,0.24
POL-84082607,CUST-691354,Renters,2023-05-23,39.85,73000,0,1,0.067
POL-37101348,CUST-55646,Renters,2019-01-13,48.71,35000,0,1,0.112
POL-15123535,CUST-835309,Auto,2018-10-15,348.88,48000,4,1,0.176
POL-91971859,CUST-884769,Health,2018-01-12,915.57,439000,0,1,0.091
POL-66775311,CUST-184888,Business,2023-07-25,1234.59,4063000,0,1,0.093
POL-89945021,CUST-967492,Umbrella,2018-03-18,490.48,3268000,0,1,0.184
POL-7251463,CUST-676185,Umbrella,2016-03-23,362.8,3434000,0,1,0.117
POL-38260712,CUST-219770,Umbrella,2021-09-09,506.93,1619000,0,1,0.188
POL-33739891,CUST-350533,Boat,2022-11-20,605.43,239000,2,0,0.022
POL-5813974,CUST-109493,Renters,2023-03-15,45.97,54000,0,0,0.161
POL-72123324,CUST-184431,Boat,2016-05-20,652.22,477000,1,1,0.086
POL-3901068,CUST-508623,Life,2018-03-08,129.79,616000,0,1,0.186
POL-15577992,CUST-74301,Business,2024-04-02,779.04,1826000,0,1,0.099
POL-96825082,CUST-466428,Motorcycle,2019-07-01,135.69,76000,1,1,0.144
POL-43751263,CUST-439422,Renters,2025-05-10,47.71,97000,0,0,0.185
POL-90845610,CUST-942012,Umbrella,2018-11-15,395.67,2365000,0,1,0.199
POL-30878564,CUST-816814,RV,2021-01-12,955.85,187000,2,1,0.088
POL-43772726,CUST-238846,Motorcycle,2017-05-14,112.54,24000,2,1,0.113
POL-31825487,CUST-773584,Health,2017-02-28,916.2,466000,0,0,0.2
POL-26837617,CUST-393774,Boat,2022-07-06,286.61,63000,2,1,0.102
POL-9868991,CUST-493869,Health,2019-04-01,741.97,101000,0,0,0.048
POL-65016103,CUST-56978,Auto,2025-06-12,88.4,88000,2,1,0.194
POL-19453688,CUST-226665,Home,2022-11-28,146.92,1049000,0,0,0.105
POL-23898911,CUST-406145,Umbrella,2023-03-27,464.63,1044000,0,1,0.075
POL-18307917,CUST-479975,Motorcycle,2021-11-05,74.99,50000,4,1,0.23
POL-84828438,CUST-376009,Business,2018-10-18,1686.67,4222000,0,0,0.125
POL-27140286,CUST-352207,Umbrella,2020-01-30,212.42,3939000,0,1,0.199
POL-4307663,CUST-725835,RV,2017-08-28,838.85,161000,2,0,0.171
POL-8006318,CUST-294234,Auto,2025-03-02,182.59,281000,1,1,0.136
POL-14912833,CUST-893021,Home,2017-10-25,271.77,1842000,0,1,0.231
POL-61549421,CUST-438539,Boat,2023-05-31,427.91,202000,1,1,0.117
POL-46113991,CUST-230533,Umbrella,2018-05-28,323.93,4260000,0,1,0.113
POL-81018650,CUST-164404,Business,2020-07-07,1321.21,186000,0,1,0.148
POL-77594146,CUST-579606,Auto,2018-05-20,332.6,258000,1,1,0.116
POL-11606388,CUST-431694,Business,2019-05-27,1276.36,4593000,0,1,0.012
POL-65661110,CUST-904081,Business,2024-05-15,735.34,4435000,0,1,0.226
POL-79400640,CUST-496489,Renters,2019-03-05,44.87,15000,0,1,0.083
POL-37469681,CUST-15208,Home,2023-05-14,580.77,1856000,0,1,0.121
POL-98808253,CUST-914985,Health,2022-10-11,205.69,457000,0,1,0.163
POL-33263373,CUST-343194,Life,2019-09-09,160.18,96000,0,1,0.056
POL-77774748,CUST-233210,Business,2022-11-18,2191.08,2019000,0,1,0.202
POL-77000815,CUST-941885,Home,2018-01-10,171.08,392000,0,1,0.245
POL-56072388,CUST-46372,Business,2015-07-31,1625.54,3775000,0,1,0.199
POL-63169926,CUST-769105,Motorcycle,2016-03-04,32.46,79000,3,1,0.027
POL-4512474,CUST-446376,Boat,2024-01-27,220.12,254000,2,1,0.022
POL-52924755,CUST-502550,Umbrella,2024-07-12,389.85,3127000,0,0,0.227
POL-60725652,CUST-519344,Life,2017-02-27,46.18,220000,0,1,0.047
POL-11152355,CUST-585616,Health,2019-08-02,646.1,336000,0,1,0.066
POL-93034338,CUST-767333,Home,2015-09-15,779.61,1476000,0,1,0.103
POL-29260335,CUST-139158,RV,2022-05-30,327.83,103000,1,1,0.187
POL-39700319,CUST-250675,Motorcycle,2021-08-04,31.34,18000,1,1,0.166
POL-2138110,CUST-503088,Business,2017-01-13,1561.04,2645000,0,1,0.034
POL-21716808,CUST-737468,Health,2020-09-05,1060.59,470000,0,1,0.166
POL-76555214,CUST-783586,Boat,2023-04-22,487.24,77000,1,1,0.158
POL-3276720,CUST-476935,RV,2025-06-03,901.08,69000,1,1,0.214
POL-18605786,CUST-916664,Life,2023-05-20,175.71,121000,0,1,0.247
POL-24822996,CUST-828226,Home,2022-05-22,496.31,618000,0,1,0.103
POL-84129142,CUST-486849,Umbrella,2021-10-17,575.04,4473000,0,1,0.015
POL-84195455,CUST-74132,Motorcycle,2015-07-08,35.15,52000,4,1,0.168
POL-92710981,CUST-349077,Umbrella,2022-01-15,356.31,3544000,0,1,0.056
POL-4390822,CUST-310997,Life,2024-07-11,108.89,879000,0,1,0.102
POL-36210517,CUST-731963,Life,2022-09-27,67.23,597000,0,1,0.193
POL-77205978,CUST-833071,Motorcycle,2024-09-20,101.98,65000,1,1,0.176
POL-91894205,CUST-84891,Life,2019-01-07,160.26,92000,0,1,0.098
POL-98752140,CUST-977527,Boat,2021-03-15,590.1,204000,2,1,0.151
POL-69086760,CUST-991242,Renters,2016-06-04,44.94,72000,0,1,0.097
POL-6920612,CUST-116356,Business,2021-09-07,1890.5,4915000,0,1,0.084
POL-49068774,CUST-487957,Boat,2022-01-03,785.14,304000,1,1,0.067
POL-49066128,CUST-384232,Renters,2016-03-09,45.62,88000,0,1,0.078
POL-86996261,CUST-585934,Umbrella,2018-06-23,562.89,3374000,0,1,0.243
POL-75263692,CUST-743793,Health,2016-08-19,1025.74,321000,0,1,0.07
POL-18576512,CUST-351199,Business,2018-12-23,1347.7,1680000,0,1,0.223
POL-72428426,CUST-119073,Life,2019-07-21,165.39,772000,0,1,0.172
POL-98969476,CUST-984767,Umbrella,2023-08-20,485.05,3319000,0,1,0.2
POL-94334073,CUST-219984,Business,2025-05-12,1540.23,1083000,0,1,0.219
POL-43011925,CUST-369844,Health,2019-04-30,405.73,464000,0,1,0.084
POL-67587480,CUST-713269,Boat,2020-01-16,425.0,230000,2,1,0.233
POL-37197817,CUST-57105,Boat,2022-09-08,522.45,102000,2,1,0.063
POL-50038218,CUST-361996,Motorcycle,2016-07-27,127.57,62000,1,1,0.203
POL-65260270,CUST-525808,Renters,2023-03-11,47.47,70000,0,0,0.138
POL-16469781,CUST-493002,Renters,2024-06-14,32.89,65000,0,1,0.013
POL-91040997,CUST-865472,Motorcycle,2024-07-17,105.37,74000,1,1,0.097
POL-39227057,CUST-473933,Home,2024-07-23,197.81,358000,0,1,0.2
POL-90369665,CUST-991287,Auto,2021-10-03,91.08,62000,3,1,0.134
POL-25280389,CUST-935228,Life,2016-08-10,162.18,829000,0,1,0.051
POL-11718382,CUST-84064,Business,2023-04-14,619.76,1035000,0,1,0.156
POL-23999716,CUST-302380,Renters,2022-02-20,24.95,42000,0,1,0.155
POL-14678711,CUST-172769,Business,2016-10-20,2003.45,4736000,0,1,0.059
POL-15035684,CUST-730943,Auto,2020-03-09,229.5,191000,2,1,0.242
POL-66616115,CUST-157808,Motorcycle,2018-01-04,54.38,91000,1,0,0.023
POL-69885511,CUST-998354,Business,2018-12-20,2457.34,2363000,0,1,0.031
POL-39348536,CUST-436770,Health,2015-11-17,1045.38,166000,0,1,0.152
POL-17720413,CUST-496925,Life,2024-09-14,185.58,343000,0,1,0.06
POL-56388890,CUST-465420,Renters,2021-05-23,30.23,89000,0,1,0.112
POL-39126722,CUST-198244,Health,2015-11-10,300.37,93000,0,1,0.111
POL-2957704,CUST-914141,Life,2016-07-25,154.35,453000,0,1,0.188
POL-69742280,CUST-675987,Auto,2019-06-12,226.14,167000,2,1,0.123
POL-55256328,CUST-606815,RV,2021-03-17,539.6,55000,2,1,0.097
POL-88014684,CUST-677433,Boat,2021-04-29,563.93,221000,1,1,0.15
POL-65249732,CUST-622180,Motorcycle,2021-01-16,50.21,63000,2,1,0.088
POL-73614224,CUST-466885,Renters,2024-07-06,23.71,48000,0,1,0.095
POL-40813240,CUST-594806,Boat,2023-04-14,776.39,385000,1,1,0.016
POL-41137063,CUST-180079,Auto,2017-09-26,184.99,206000,3,1,0.123
POL-30438156,CUST-507765,Boat,2019-12-01,745.51,72000,2,1,0.057
POL-38674340,CUST-807141,Umbrella,2021-10-26,564.64,2090000,0,1,0.042
POL-19909634,CUST-370274,Business,2016-04-19,1790.02,4554000,0,1,0.211
POL-61193423,CUST-174444,Motorcycle,2020-05-01,73.75,40000,1,1,0.04
POL-95537812,CUST-561320,Business,2018-03-25,1890.63,520000,0,1,0.131
POL-24465275,CUST-183877,Renters,2020-05-06,30.86,48000,0,1,0.109
POL-21643241,CUST-249461,Life,2018-02-07,65.09,377000,0,1,0.017
POL-5523254,CUST-332006,Home,2017-06-25,534.66,1301000,0,1,0.196
POL-16974987,CUST-462305,Life,2025-04-07,75.44,543000,0,0,0.224
POL-49616555,CUST-193458,Health,2019-12-04,217.18,152000,0,1,0.019
POL-75495759,CUST-741484,Home,2018-12-25,288.33,1742000,0,1,0.031
POL-89329049,CUST-332339,Boat,2016-01-31,532.06,218000,1,1,0.233
POL-19856736,CUST-391029,Health,2021-05-05,986.91,221000,0,1,0.192
POL-72459667,CUST-170495,RV,2023-02-14,869.31,181000,1,1,0.042
POL-40474667,CUST-127391,Boat,2024-07-27,293.55,94000,1,1,0.209
POL-54299436,CUST-976296,Business,2015-12-01,2066.31,3979000,0,1,0.044
POL-19513094,CUST-993828,Home,2023-12-28,599.4,440000,0,1,0.189
POL-42978923,CUST-163633,Home,2023-04-15,788.0,385000,0,1,0.115
POL-99119118,CUST-572675,Boat,2015-07-26,606.52,232000,2,1,0.117
POL-44463735,CUST-678684,RV,2024-02-15,547.75,209000,2,1,0.131
POL-63607213,CUST-939500,Motorcycle,2020-07-09,50.03,76000,2,1,0.052
POL-77004412,CUST-699282,Business,2020-06-03,2489.43,2604000,0,1,0.226
POL-75864089,CUST-763933,Motorcycle,2017-12-29,75.11,59000,1,1,0.05
POL-45457454,CUST-722622,Auto,2023-01-06,138.2,431000,2,1,0.148
POL-98199128,CUST-502248,Life,2017-05-27,138.59,367000,0,1,0.036
POL-18713077,CUST-710943,Health,2016-03-05,1103.66,183000,0,1,0.117
POL-15686844,CUST-323047,Boat,2024-11-12,422.94,132000,2,1,0.24
POL-53905855,CUST-647518,Health,2015-12-01,1147.73,386000,0,0,0.074
POL-59857441,CUST-374754,Auto,2019-03-30,174.65,228000,4,1,0.073
POL-43804166,CUST-57706,RV,2017-01-24,686.12,61000,2,1,0.083
POL-78306842,CUST-552005,Renters,2018-10-24,47.27,32000,0,1,0.025
POL-37302753,CUST-205222,RV,2019-04-10,488.73,56000,1,1,0.093
POL-11219199,CUST-564566,Boat,2015-11-17,442.05,444000,2,1,0.082
POL-90873909,CUST-704179,Umbrella,2023-01-26,220.37,3168000,0,1,0.221
POL-68690958,CUST-413583,Boat,2016-12-23,460.04,294000,1,1,0.137
POL-65829146,CUST-333193,Business,2018-10-20,1511.9,1386000,0,0,0.094
POL-7522583,CUST-952575,Boat,2024-03-12,638.87,358000,2,1,0.191
POL-53359331,CUST-155132,Health,2021-08-20,293.19,251000,0,1,0.055
POL-49610894,CUST-404868,Auto,2022-10-08,161.79,95000,2,1,0.048
POL-1636220,CUST-298477,Life,2021-11-01,99.71,646000,0,1,0.229
POL-47158074,CUST-323050,Auto,2021-05-12,347.58,111000,1,1,0.121
POL-75300576,CUST-91853,Home,2023-01-27,253.37,447000,0,0,0.123
POL-97690823,CUST-930930,Home,2019-03-01,568.59,1802000,0,1,0.154
POL-99526159,CUST-435798,Umbrella,2023-01-19,540.24,2082000,0,1,0.137
POL-38739802,CUST-171746,Umbrella,2023-01-08,452.61,2370000,0,1,0.167
POL-97791776,CUST-939973,Business,2022-09-14,1540.1,2440000,0,1,0.195
POL-18732457,CUST-876097,Health,2022-07-16,426.2,62000,0,1,0.068
POL-80253572,CUST-90259,RV,2025-06-25,510.4,240000,2,1,0.148
POL-27888268,CUST-317960,Renters,2017-12-08,18.73,29000,0,1,0.211
POL-70504712,CUST-351709,Health,2023-07-27,1080.75,180000,0,1,0.038
POL-79279578,CUST-792843,Home,2016-08-13,588.17,1161000,0,1,0.186
POL-11871327,CUST-6940,Motorcycle,2021-11-19,97.99,49000,1,1,0.156
POL-85739089,CUST-958828,Home,2022-06-17,642.48,1965000,0,1,0.101
POL-55635129,CUST-183388,Motorcycle,2020-02-22,48.49,72000,1,1,0.093
POL-62024691,CUST-744747,Renters,2024-12-12,23.25,74000,0,0,0.099
POL-18378036,CUST-208936,Health,2025-02-25,605.32,495000,0,1,0.061
POL-51240239,CUST-303524,Life,2018-08-28,83.82,677000,0,1,0.094
POL-65845287,CUST-44284,Home,2024-11-30,170.46,273000,0,1,0.002
POL-78545322,CUST-318677,RV,2020-08-18,599.98,285000,1,0,0.198
POL-75065432,CUST-775795,Life,2023-11-25,198.57,52000,0,1,0.008
POL-30134594,CUST-28143,Renters,2023-05-18,49.43,58000,0,1,0.23
POL-20672747,CUST-275436,Umbrella,2015-07-15,466.42,1367000,0,1,0.223
POL-85973864,CUST-874767,Umbrella,2020-08-07,239.99,3445000,0,1,0.01
POL-16666744,CUST-685572,Auto,2023-07-14,301.79,126000,2,1,0.206
POL-55989834,CUST-188085,Boat,2020-05-21,264.52,336000,2,1,0.132
POL-92320749,CUST-676106,Business,2023-11-11,1068.89,645000,0,1,0.213
POL-3817499,CUST-125152,Life,2019-08-28,137.61,784000,0,1,0.124
POL-66176080,CUST-69966,Health,2020-03-17,889.03,67000,0,1,0.085
POL-77989327,CUST-503825,Life,2021-08-24,146.61,900000,0,1,0.238
POL-58528124,CUST-910526,Renters,2025-02-11,25.28,63000,0,1,0.233
POL-84288202,CUST-719231,Renters,2019-11-18,38.32,38000,0,1,0.037
POL-93179999,CUST-858029,Life,2023-08-05,31.44,112000,0,1,0.029
POL-50090353,CUST-537422,Home,2017-07-12,798.76,364000,0,1,0.018
POL-2354860,CUST-886340,Umbrella,2025-04-12,475.09,3430000,0,1,0.12
POL-21856985,CUST-609908,Motorcycle,2019-11-28,44.71,94000,3,0,0.052
POL-19614192,CUST-335209,Boat,2016-06-27,593.71,216000,1,1,0.086
POL-93050875,CUST-142079,Auto,2023-05-03,88.47,472000,3,1,0.203
POL-21918943,CUST-55457,Boat,2021-07-28,595.0,233000,2,1,0.204
POL-48474537,CUST-439892,Motorcycle,2020-02-18,109.01,84000,2,1,0.196
POL-6538403,CUST-303936,Renters,2021-07-20,29.55,74000,0,1,0.084
POL-71083363,CUST-669983,Auto,2020-06-15,318.74,151000,4,0,0.227
POL-68969993,CUST-203229,Life,2016-10-19,98.13,858000,0,1,0.09
POL-12684736,CUST-627847,Umbrella,2018-08-11,520.08,2565000,0,1,0.026
POL-72975834,CUST-338277,RV,2018-05-03,441.2,89000,2,1,0.214
POL-91934734,CUST-838732,RV,2020-11-14,491.41,152000,1,1,0.237
POL-36434606,CUST-718739,Auto,2020-08-12,202.84,402000,3,1,0.189
POL-12862542,CUST-560380,Auto,2021-08-29,156.81,34000,4,1,0.241
POL-47194894,CUST-863308,Home,2025-05-12,432.16,1942000,0,1,0.116
POL-1731095,CUST-143601,Business,2017-12-09,1643.8,2744000,0,1,0.056
POL-37771252,CUST-391133,Renters,2024-04-22,25.51,95000,0,1,0.204
POL-55296966,CUST-356844,Business,2023-09-29,1008.28,2326000,0,1,0.057
POL-13746292,CUST-228459,Health,2018-04-08,1152.01,286000,0,1,0.001
POL-67562908,CUST-231854,Auto,2018-02-14,338.83,446000,3,1,0.225
POL-74981433,CUST-643226,Motorcycle,2018-09-12,31.96,94000,3,1,0.166
POL-71416669,CUST-747159,Boat,2024-06-08,793.32,137000,2,1,0.214
POL-94256397,CUST-793045,Motorcycle,2024-11-13,97.29,53000,2,1,0.05
POL-56015266,CUST-482860,Motorcycle,2017-06-07,39.56,95000,2,0,0.005
POL-15645176,CUST-858620,Life,2016-10-16,187.94,817000,0,1,0.164
POL-2332623,CUST-502811,Renters,2017-09-22,29.55,66000,0,1,0.041
POL-41818682,CUST-724619,Home,2021-06-01,635.56,706000,0,1,0.136
POL-18658140,CUST-856727,RV,2021-08-29,747.32,70000,1,1,0.213
POL-80215042,CUST-548532,Auto,2023-01-05,337.47,60000,3,0,0.028
POL-23113253,CUST-744378,Boat,2021-04-24,402.52,287000,2,1,0.12
POL-3860039,CUST-780623,Business,2020-09-04,1056.6,799000,0,1,0.023
POL-29844365,CUST-134966,Life,2017-07-05,92.88,248000,0,1,0.063
POL-92348126,CUST-237580,Auto,2017-11-30,325.95,350000,1,0,0.041
POL-16823411,CUST-220034,Umbrella,2020-09-21,264.14,4419000,0,1,0.049
POL-10550179,CUST-445440,Umbrella,2017-09-16,211.92,4580000,0,1,0.189
POL-10433455,CUST-19719,Home,2017-05-24,665.09,1727000,0,1,0.053
POL-57881056,CUST-44582,Health,2023-09-25,821.08,303000,0,1,0.187
POL-14471004,CUST-34385,Home,2018-11-01,783.3,1662000,0,1,0.164
POL-79614758,CUST-62144,Boat,2024-03-24,534.47,265000,2,1,0.092
POL-15961469,CUST-952662,Auto,2023-06-22,89.82,124000,1,1,0.004
POL-5809144,CUST-69465,Umbrella,2019-10-19,459.49,2743000,0,1,0.002
POL-89601933,CUST-10771,Umbrella,2020-08-16,544.8,1357000,0,1,0.024
POL-16615289,CUST-964792,RV,2017-02-18,692.99,81000,1,1,0.138
POL-78866745,CUST-944950,RV,2018-12-27,808.13,139000,1,1,0.008
POL-24800996,CUST-703175,Umbrella,2018-11-23,298.42,3253000,0,1,0.073
POL-3927092,CUST-95189,Home,2021-06-22,138.44,730000,0,1,0.25
POL-37228730,CUST-994880,Renters,2017-12-20,43.55,30000,0,1,0.212
POL-46685830,CUST-369311,Home,2025-05-10,782.59,863000,0,1,0.077
POL-67194013,CUST-818730,Renters,2018-03-23,29.24,13000,0,0,0.082
POL-67767769,CUST-597935,Home,2019-08-10,708.65,1201000,0,1,0.213
POL-13301739,CUST-859398,Umbrella,2016-08-27,245.35,2108000,0,1,0.08
POL-1876942,CUST-554527,Home,2025-04-30,227.83,545000,0,1,0.02
POL-96074611,CUST-200852,Auto,2019-03-09,154.66,466000,1,1,0.137
POL-23055043,CUST-945459,Business,2020-04-15,2240.6,4681000,0,1,0.138
POL-581018,CUST-760583,Renters,2024-08-18,18.52,63000,0,1,0.01
POL-28724658,CUST-965190,Motorcycle,2017-03-04,41.16,54000,3,1,0.034
POL-94993414,CUST-497775,Home,2024-01-26,764.29,1334000,0,1,0.223
POL-93701812,CUST-618010,Auto,2021-09-23,206.69,214000,4,1,0.066
POL-59010948,CUST-706242,Business,2018-08-23,2379.31,2177000,0,1,0.042
POL-24273079,CUST-875290,Business,2017-04-26,1901.39,971000,0,1,0.004
POL-50951070,CUST-444692,Health,2021-07-12,928.75,116000,0,1,0.239
POL-69021601,CUST-238607,RV,2019-02-20,467.01,157000,1,1,0.219
POL-15145863,CUST-798395,Business,2022-06-05,2089.32,1673000,0,1,0.059
POL-16591378,CUST-488533,Motorcycle,2020-11-02,55.32,97000,4,1,0.132
POL-69756655,CUST-142514,Umbrella,2017-05-15,254.48,3478000,0,1,0.145
POL-48486215,CUST-738963,Renters,2023-12-05,23.72,26000,0,1,0.064
POL-74777007,CUST-757215,Business,2020-05-25,1495.35,1061000,0,1,0.048
POL-11039132,CUST-344053,Renters,2016-03-08,39.2,86000,0,1,0.16
POL-15532025,CUST-403472,Home,2023-11-22,777.02,622000,0,1,0.01
POL-61330222,CUST-629554,Health,2020-04-26,944.88,433000,0,1,0.099
POL-92213827,CUST-881946,Health,2020-10-19,476.55,109000,0,1,0.163
POL-30316218,CUST-580822,Home,2023-01-17,680.98,129000,0,1,0.085
POL-39002238,CUST-896915,Boat,2022-06-03,286.63,405000,1,1,0.081
POL-25338291,CUST-898392,Motorcycle,2022-10-10,75.45,78000,3,1,0.05
POL-63844258,CUST-984698,Life,2016-09-04,61.19,420000,0,1,0.166
POL-24064874,CUST-13406,Health,2021-09-29,689.91,194000,0,1,0.063
POL-90207128,CUST-110280,Motorcycle,2023-11-09,85.63,18000,1,1,0.131
POL-58795196,CUST-548051,Health,2022-03-27,613.4,201000,0,1,0.07
POL-16001148,CUST-150331,Motorcycle,2016-12-09,122.29,72000,1,1,0.087
POL-53770881,CUST-728799,Health,2022-03-18,649.34,411000,0,1,0.21
POL-99513339,CUST-970237,Motorcycle,2017-03-23,62.36,73000,2,1,0.033
POL-8685284,CUST-381377,Health,2018-05-13,845.22,252000,0,1,0.237
POL-45450370,CUST-209991,RV,2018-11-18,749.32,88000,1,1,0.093
POL-16476859,CUST-244181,Renters,2022-05-16,39.15,46000,0,1,0.129
POL-97334763,CUST-523354,Renters,2022-09-20,41.12,13000,0,1,0.239
POL-95763517,CUST-803180,Home,2020-03-25,268.86,693000,0,1,0.061
POL-79678350,CUST-286232,RV,2025-05-23,899.1,201000,1,1,0.244
POL-47794571,CUST-498940,Auto,2022-04-20,120.26,35000,3,1,0.192
POL-65032899,CUST-536256,Motorcycle,2022-05-17,98.15,10000,4,1,0.027
POL-19780216,CUST-805305,Renters,2020-03-27,40.23,66000,0,1,0.201
POL-14500436,CUST-128125,Business,2023-03-25,898.93,3472000,0,1,0.24
POL-65678288,CUST-521429,Business,2019-10-04,1628.04,906000,0,1,0.156
POL-84338531,CUST-988181,Health,2019-06-03,524.72,500000,0,1,0.118
POL-3989423,CUST-104441,Health,2017-10-13,732.49,309000,0,1,0.239
POL-9157497,CUST-522332,Auto,2016-05-23,266.23,79000,2,1,0.217
POL-24037816,CUST-401219,Health,2015-12-13,667.08,330000,0,0,0.018
POL-20499966,CUST-317459,RV,2021-01-20,608.9,86000,1,1,0.055
POL-10269972,CUST-693193,Home,2017-02-17,125.63,125000,0,0,0.102
POL-66060289,CUST-831239,Renters,2024-05-03,37.51,69000,0,1,0.023
POL-27102821,CUST-307823,Health,2023-06-03,811.77,99000,0,1,0.198
POL-65800289,CUST-529315,RV,2023-12-18,822.49,296000,1,1,0.172
POL-72804811,CUST-360307,RV,2019-12-11,416.93,249000,1,0,0.122
POL-73366099,CUST-18528,Health,2024-09-08,995.72,223000,0,1,0.126
POL-57768169,CUST-922878,Health,2016-01-12,1124.81,196000,0,1,0.174
POL-51489930,CUST-471980,Umbrella,2017-07-09,501.33,3333000,0,1,0.007
POL-50511038,CUST-464053,Home,2020-11-04,786.49,1299000,0,1,0.069
POL-4829304,CUST-34455,Life,2023-04-25,168.9,296000,0,1,0.183
POL-74714519,CUST-691442,Health,2018-07-03,1027.28,154000,0,1,0.115
POL-94765662,CUST-172117,Boat,2020-08-25,335.38,96000,1,1,0.228
POL-57805041,CUST-141021,Health,2023-11-08,566.64,447000,0,1,0.075
POL-96062740,CUST-407980,Motorcycle,2020-10-22,48.47,18000,2,1,0.002
POL-14681002,CUST-596487,Umbrella,2023-10-14,214.05,1734000,0,1,0.223
POL-88594248,CUST-580684,Home,2023-11-03,159.38,430000,0,1,0.038
POL-76800757,CUST-492640,Home,2024-09-01,404.23,1567000,0,1,0.067
POL-75464643,CUST-895852,RV,2023-08-04,799.61,282000,2,1,0.039
POL-68006116,CUST-58444,Business,2018-02-25,1565.7,4859000,0,1,0.112
POL-35351739,CUST-518721,Life,2022-02-24,131.92,883000,0,1,0.079
POL-82804241,CUST-709348,Business,2021-12-02,928.29,268000,0,1,0.074
POL-38176560,CUST-336050,RV,2021-06-29,625.41,74000,1,1,0.032
POL-3777824,CUST-619145,Auto,2016-07-15,142.03,392000,1,1,0.099
POL-17206452,CUST-877589,Business,2016-04-05,1924.9,1234000,0,1,0.045
POL-46825449,CUST-848878,Health,2021-09-22,998.94,176000,0,0,0.127
POL-3610435,CUST-802364,Business,2025-06-05,1587.34,722000,0,1,0.138
POL-51079694,CUST-102078,Umbrella,2021-04-19,410.03,1392000,0,1,0.083
POL-46324312,CUST-374725,Life,2022-10-11,169.92,96000,0,1,0.213
POL-47146562,CUST-59191,Health,2022-07-02,339.71,464000,0,1,0.159
POL-33234179,CUST-246019,RV,2019-08-25,403.48,166000,1,1,0.158
POL-79528254,CUST-89067,Home,2020-10-20,616.42,775000,0,1,0.17
POL-40924657,CUST-120031,Umbrella,2016-08-10,211.98,4211000,0,1,0.007
POL-22787384,CUST-20669,Auto,2021-03-27,312.98,404000,1,1,0.041
POL-43770661,CUST-39193,Business,2024-08-26,662.13,1697000,0,1,0.201
POL-88284097,CUST-905307,Boat,2023-05-02,670.19,308000,2,1,0.158
POL-76242300,CUST-539764,Business,2022-09-06,551.68,1356000,0,0,0.078
POL-35784981,CUST-21393,Home,2022-08-29,656.28,1157000,0,1,0.188
POL-78918579,CUST-23316,Renters,2023-06-26,20.57,82000,0,1,0.15
POL-50699081,CUST-598059,Business,2020-11-16,1580.03,2509000,0,1,0.228
POL-43274663,CUST-600350,Home,2022-02-18,205.4,1829000,0,1,0.125
POL-65546384,CUST-104917,Auto,2017-02-26,164.81,271000,1,1,0.117
POL-45092789,CUST-520860,Auto,2018-12-30,241.79,26000,3,1,0.094
POL-89575241,CUST-356032,Umbrella,2024-01-18,235.48,4036000,0,1,0.133
POL-82520800,CUST-314070,Motorcycle,2018-04-30,75.33,26000,2,1,0.199
POL-58517739,CUST-211559,RV,2021-09-03,459.49,134000,2,1,0.092
POL-85287876,CUST-888494,Life,2023-12-12,162.4,444000,0,1,0.138
POL-71918425,CUST-224479,Auto,2016-10-10,248.75,53000,4,1,0.103
POL-35588515,CUST-49840,Business,2020-05-19,1616.52,3079000,0,1,0.004
POL-76976644,CUST-421556,Business,2020-07-20,2057.23,4511000,0,1,0.016
POL-83828673,CUST-778974,Renters,2019-05-03,43.07,26000,0,1,0.063
POL-96328981,CUST-885194,RV,2017-01-21,386.99,196000,1,1,0.183
POL-12714930,CUST-620615,Life,2025-04-30,120.81,547000,0,1,0.233
POL-36690420,CUST-70537,RV,2021-03-23,435.7,238000,1,1,0.016
POL-71278157,CUST-498355,Renters,2025-02-16,23.48,98000,0,1,0.174
POL-28150713,CUST-364187,Business,2022-10-04,1855.81,1533000,0,1,0.161
POL-87447790,CUST-863752,Renters,2016-10-18,29.27,31000,0,1,0.22
POL-67731571,CUST-843187,Life,2020-08-17,89.44,810000,0,1,0.108
POL-58104261,CUST-695684,Home,2020-08-05,316.71,1732000,0,1,0.115
POL-42057523,CUST-209795,Auto,2024-09-05,301.95,178000,4,1,0.237
POL-53995920,CUST-263470,Umbrella,2022-07-17,503.06,4633000,0,1,0.047
POL-60831313,CUST-704181,Health,2024-04-05,921.12,243000,0,1,0.171
POL-24239835,CUST-923687,Renters,2024-10-22,21.71,13000,0,1,0.117
POL-84267786,CUST-737496,Renters,2015-10-23,29.39,47000,0,1,0.128
POL-25036832,CUST-604864,RV,2024-04-10,653.65,291000,1,1,0.183
POL-28582041,CUST-692905,Umbrella,2023-12-26,296.58,3925000,0,1,0.045
POL-35961754,CUST-982686,Renters,2023-06-11,26.6,28000,0,1,0.208
POL-82466364,CUST-894199,Auto,2024-07-22,261.89,203000,1,1,0.16
POL-75982862,CUST-761911,Renters,2022-11-15,23.36,38000,0,1,0.191
POL-70097837,CUST-210394,Umbrella,2016-07-06,277.73,3207000,0,1,0.079
POL-62073912,CUST-154920,Home,2021-09-09,376.3,565000,0,1,0.201
POL-20196097,CUST-782692,Home,2019-08-01,166.2,1358000,0,1,0.117
POL-58436893,CUST-430189,Home,2020-08-07,481.06,1372000,0,0,0.06
POL-8647316,CUST-664721,Home,2020-11-30,541.61,515000,0,1,0.034
POL-55356542,CUST-279901,Umbrella,2018-12-15,599.78,1164000,0,1,0.214
POL-86710377,CUST-168384,Home,2020-05-17,769.35,1673000,0,1,0.126
POL-92188104,CUST-630437,Umbrella,2019-11-09,596.57,1400000,0,1,0.125
POL-54474404,CUST-250067,Motorcycle,2019-07-06,123.47,79000,1,1,0.046
POL-20127592,CUST-201238,Auto,2017-06-04,349.26,40000,1,1,0.104
POL-32962076,CUST-835762,RV,2015-12-19,389.53,207000,1,1,0.094
POL-62298460,CUST-508960,Boat,2020-10-10,582.1,286000,2,1,0.206
POL-58536768,CUST-442519,Business,2025-01-06,739.4,3586000,0,0,0.221
POL-27110707,CUST-167099,Health,2016-02-14,591.76,370000,0,1,0.033
POL-18311409,CUST-30557,Auto,2020-02-18,100.59,342000,1,1,0.218
POL-37281925,CUST-690666,Business,2019-11-21,1073.67,4623000,0,1,0.058
POL-23620336,CUST-675591,RV,2024-11-10,634.14,270000,1,1,0.189
POL-96968818,CUST-509442,Motorcycle,2016-03-18,53.36,31000,2,1,0.126
POL-7425900,CUST-901339,Home,2015-10-31,268.1,677000,0,1,0.105
POL-42131585,CUST-630823,Home,2016-12-02,278.6,177000,0,1,0.214
POL-8533790,CUST-944321,Renters,2020-07-24,19.55,80000,0,1,0.187
POL-48779318,CUST-704299,Umbrella,2022-06-02,452.19,4263000,0,1,0.059
POL-53270351,CUST-988977,Motorcycle,2017-01-11,81.44,16000,1,1,0.032
POL-31680907,CUST-117369,Auto,2017-11-19,333.49,126000,1,1,0.051
POL-98580291,CUST-524548,Motorcycle,2025-03-16,77.74,90000,1,1,0.191
POL-70055957,CUST-696482,Motorcycle,2017-07-18,48.48,70000,1,1,0.186
POL-70499222,CUST-264039,Home,2025-05-14,766.95,1710000,0,1,0.224
POL-12112987,CUST-249641,Umbrella,2023-12-09,220.82,2803000,0,1,0.046
POL-42065222,CUST-345281,Business,2017-07-28,717.55,4171000,0,1,0.14
POL-98950188,CUST-408892,Life,2025-06-07,133.71,600000,0,1,0.073
POL-56756516,CUST-228598,Auto,2019-07-05,111.27,184000,1,1,0.246
POL-14336334,CUST-183662,Health,2017-12-12,542.61,174000,0,1,0.167
POL-36849119,CUST-460823,RV,2019-02-19,815.66,189000,1,1,0.053
POL-34132362,CUST-904816,Umbrella,2022-06-10,445.8,1521000,0,1,0.167
POL-65814814,CUST-559383,Boat,2016-06-11,614.66,34000,1,1,0.248
POL-93901101,CUST-994795,Business,2021-11-13,1915.09,2527000,0,1,0.045
POL-42478561,CUST-572255,Auto,2017-05-31,272.96,263000,3,1,0.041
POL-63733841,CUST-715903,Business,2022-09-14,1912.32,3629000,0,1,0.143
POL-37276794,CUST-922152,Motorcycle,2019-09-07,134.35,96000,3,1,0.16
POL-48720768,CUST-498306,Business,2017-12-16,1992.04,3927000,0,1,0.131
POL-41362065,CUST-22097,Life,2021-10-01,118.67,434000,0,1,0.159
POL-99247260,CUST-694391,Business,2016-02-01,996.4,2871000,0,1,0.074
POL-92701829,CUST-962023,RV,2016-06-03,921.14,199000,1,0,0.223
POL-33954789,CUST-579577,Home,2019-07-28,229.47,1736000,0,1,0.056
POL-41509315,CUST-669986,Life,2022-01-14,160.85,501000,0,1,0.14
POL-91972475,CUST-127982,Auto,2021-08-31,190.11,392000,1,0,0.118
POL-31726640,CUST-899308,Motorcycle,2024-08-04,106.83,70000,4,0,0.008
POL-52139697,CUST-8248,Boat,2023-01-07,304.35,138000,2,1,0.249
POL-34297151,CUST-315504,Health,2022-03-06,719.99,166000,0,1,0.166
POL-31602967,CUST-311870,Umbrella,2017-01-10,460.08,4769000,0,0,0.035
POL-21505334,CUST-960381,RV,2019-01-27,829.91,269000,2,1,0.224
POL-84738725,CUST-332591,Motorcycle,2022-12-16,136.47,25000,2,0,0.142
POL-4547522,CUST-287348,Motorcycle,2022-05-28,70.96,82000,2,1,0.191
POL-65993764,CUST-493975,RV,2016-11-08,773.59,164000,2,1,0.138
POL-44657219,CUST-752233,Business,2022-07-09,1256.59,3514000,0,1,0.231
POL-13474864,CUST-864446,Health,2022-09-05,214.93,303000,0,1,0.025
POL-93748692,CUST-273646,Life,2018-03-22,159.14,896000,0,1,0.143
POL-8907659,CUST-368948,Home,2024-02-09,276.35,503000,0,1,0.1
POL-80814633,CUST-764654,Life,2022-08-27,67.11,885000,0,1,0.212
POL-99023896,CUST-342641,Renters,2024-10-23,36.91,15000,0,1,0.208
POL-93309520,CUST-28679,Life,2023-03-16,108.72,285000,0,1,0.167
POL-86083599,CUST-672758,RV,2016-05-18,603.97,152000,2,1,0.014
POL-84578152,CUST-464943,Motorcycle,2018-08-14,90.47,20000,1,1,0.204
POL-412827,CUST-420124,Umbrella,2017-10-22,529.42,4453000,0,1,0.012
POL-84328498,CUST-320389,Home,2018-11-24,362.63,217000,0,1,0.07
POL-77283822,CUST-86226,Renters,2020-10-30,37.05,20000,0,1,0.08
POL-21182569,CUST-261728,Boat,2017-05-18,444.67,118000,1,1,0.237
POL-95772930,CUST-804894,Motorcycle,2024-04-11,105.24,17000,3,1,0.07
POL-79727494,CUST-719064,Auto,2017-09-15,321.84,256000,4,1,0.098
POL-42869025,CUST-473421,Auto,2022-06-22,272.87,260000,2,1,0.191
POL-98673130,CUST-139995,Motorcycle,2023-08-19,110.57,88000,2,1,0.139
POL-23283960,CUST-720861,Home,2019-12-05,622.1,1132000,0,1,0.207
POL-37822197,CUST-208314,Motorcycle,2021-01-24,140.77,31000,1,1,0.066
POL-55632768,CUST-385456,Motorcycle,2016-12-05,142.39,98000,3,1,0.049
POL-52813894,CUST-918961,Health,2018-08-03,653.87,97000,0,0,0.239
POL-76556525,CUST-235391,Umbrella,2021-11-29,343.15,4903000,0,1,0.086
POL-3082993,CUST-967953,Motorcycle,2015-11-05,43.05,81000,1,1,0.051
POL-86853189,CUST-641731,Life,2024-12-29,143.66,132000,0,1,0.0
POL-11942232,CUST-484887,Home,2019-05-21,253.21,985000,0,1,0.128
POL-35135941,CUST-735325,Umbrella,2018-11-12,252.94,3079000,0,1,0.244
POL-6681756,CUST-420515,Motorcycle,2018-05-13,44.55,39000,4,1,0.167
POL-80583348,CUST-272795,Renters,2022-10-16,25.75,88000,0,1,0.24
POL-11953600,CUST-385792,Business,2018-01-12,1146.05,1282000,0,1,0.074
POL-76134053,CUST-123050,Auto,2018-05-22,342.73,75000,4,1,0.249
POL-96446634,CUST-551380,Health,2015-09-25,651.74,408000,0,1,0.025
POL-60895638,CUST-867442,Boat,2022-11-23,520.51,99000,2,1,0.125
POL-15906458,CUST-235388,RV,2023-11-25,419.22,99000,1,1,0.04
POL-25574404,CUST-992007,Home,2018-12-13,714.73,1975000,0,1,0.134
POL-38649601,CUST-782702,Life,2020-01-09,42.91,253000,0,1,0.233
POL-51281039,CUST-136523,Motorcycle,2023-11-25,50.59,82000,3,1,0.123
POL-27730181,CUST-629232,Business,2022-10-31,1375.86,3674000,0,1,0.058
POL-37979220,CUST-762008,RV,2019-02-28,470.12,80000,1,1,0.249
POL-56147435,CUST-189131,Motorcycle,2018-09-18,33.5,40000,4,0,0.006
POL-19588118,CUST-30170,Business,2022-06-11,1589.2,3696000,0,1,0.232
POL-35138129,CUST-246924,Home,2020-06-06,417.5,1568000,0,1,0.215
POL-33328672,CUST-387593,Boat,2023-03-02,341.57,237000,1,1,0.004
POL-91840773,CUST-678675,Auto,2025-05-30,181.55,100000,1,1,0.043
POL-11507650,CUST-10821,Health,2023-04-15,829.17,222000,0,1,0.022
POL-17878463,CUST-913774,Motorcycle,2023-06-21,111.45,96000,3,1,0.084
POL-93016047,CUST-416866,Boat,2020-12-28,762.24,385000,2,1,0.038
POL-95742330,CUST-402124,Home,2019-02-07,465.99,1715000,0,0,0.018
POL-98798220,CUST-626205,Business,2022-09-11,777.49,4864000,0,1,0.114
POL-9805359,CUST-99907,Business,2019-11-08,2409.78,4777000,0,1,0.193
POL-7885602,CUST-54644,Renters,2024-12-20,23.23,92000,0,1,0.072
POL-31519884,CUST-493808,RV,2021-02-26,907.65,300000,1,1,0.23
POL-81386202,CUST-984950,Umbrella,2021-07-09,519.35,4990000,0,1,0.182
POL-719539,CUST-265978,RV,2016-04-07,603.21,239000,2,1,0.073
POL-83169072,CUST-399442,Life,2024-01-29,77.17,685000,0,1,0.184
POL-52975309,CUST-703869,RV,2020-08-21,687.48,67000,1,1,0.113
POL-17748717,CUST-935566,RV,2021-10-20,655.27,262000,1,1,0.11
POL-5519702,CUST-608684,Umbrella,2025-01-04,569.46,1987000,0,1,0.1
POL-34935754,CUST-178117,Motorcycle,2018-07-18,87.31,81000,2,1,0.154
POL-66147841,CUST-975518,Renters,2024-01-24,28.32,20000,0,0,0.016
POL-62825287,CUST-138327,Boat,2021-04-06,496.94,304000,2,1,0.037
POL-42589618,CUST-744756,Business,2017-01-07,1649.19,3761000,0,1,0.18
POL-58106835,CUST-148683,Life,2024-07-07,171.48,186000,0,1,0.144
POL-15682275,CUST-328486,Boat,2019-12-04,796.52,45000,2,1,0.0
POL-17162621,CUST-523460,Life,2016-03-30,144.41,881000,0,1,0.013
POL-48397866,CUST-971229,Renters,2020-04-10,45.91,97000,0,1,0.09
POL-37973618,CUST-946646,Motorcycle,2022-10-23,75.71,91000,3,1,0.142
POL-82266282,CUST-869887,Auto,2019-12-21,261.71,113000,3,1,0.044
POL-69386899,CUST-328215,Umbrella,2019-12-24,540.99,2125000,0,1,0.234
POL-22143753,CUST-330870,Motorcycle,2022-11-27,85.28,62000,2,1,0.207
POL-20302410,CUST-582667,Business,2023-11-07,1088.33,2169000,0,1,0.033
POL-7143361,CUST-198096,RV,2022-12-24,817.55,272000,2,1,0.208
POL-7323881,CUST-241026,Health,2018-01-08,1066.29,152000,0,1,0.225
POL-4813349,CUST-493090,Business,2018-08-11,2369.07,2954000,0,1,0.065
POL-21951974,CUST-740255,Umbrella,2019-12-02,274.64,4194000,0,1,0.247
POL-58576625,CUST-121660,Boat,2023-06-10,306.74,205000,2,1,0.144
POL-5474970,CUST-462966,Motorcycle,2023-11-30,143.53,39000,2,1,0.152
POL-95164280,CUST-588098,Umbrella,2021-07-23,240.89,4609000,0,0,0.126
POL-61439467,CUST-516935,RV,2023-09-30,797.43,147000,2,1,0.161
POL-96605083,CUST-908988,RV,2017-05-28,483.99,151000,2,1,0.08
POL-16596590,CUST-366586,Boat,2018-01-04,663.8,176000,2,1,0.049
POL-27344675,CUST-910345,Business,2017-01-31,739.96,4398000,0,1,0.019
POL-24247098,CUST-875512,Home,2020-04-29,739.72,1356000,0,1,0.012
POL-68281626,CUST-862529,RV,2018-05-10,883.12,137000,1,1,0.009
POL-75597784,CUST-934170,Umbrella,2020-02-19,284.07,2290000,0,1,0.073
POL-28507329,CUST-611893,Home,2025-06-16,328.74,787000,0,1,0.054
POL-70600592,CUST-804098,Life,2015-07-25,89.07,979000,0,1,0.105
POL-24235540,CUST-436646,RV,2025-03-15,368.16,259000,2,1,0.079
POL-33038691,CUST-805572,Auto,2016-10-19,339.15,164000,2,1,0.161
POL-90853123,CUST-98886,Home,2023-12-20,298.44,1714000,0,1,0.009
POL-3484583,CUST-298090,Umbrella,2021-01-31,270.93,2606000,0,1,0.237
POL-52904575,CUST-391704,Home,2017-07-27,587.26,1198000,0,1,0.015
POL-43424580,CUST-161245,Life,2017-04-19,157.61,57000,0,1,0.032
POL-10880123,CUST-482589,RV,2015-12-26,668.75,275000,2,1,0.223
POL-60942299,CUST-658879,Umbrella,2023-08-28,422.96,4829000,0,1,0.107
POL-79752745,CUST-689969,Auto,2020-01-28,338.0,478000,4,1,0.112
POL-44214932,CUST-45976,Boat,2015-08-05,367.72,477000,1,1,0.177
POL-43609415,CUST-993440,RV,2023-03-15,536.1,244000,2,1,0.085
POL-17357063,CUST-221634,Business,2025-03-05,1343.93,3151000,0,1,0.079
POL-86388439,CUST-296698,Business,2016-04-27,1076.07,4311000,0,1,0.24
POL-7453784,CUST-779930,Home,2020-12-28,777.34,1804000,0,1,0.246
POL-73438064,CUST-998139,Auto,2016-09-11,116.75,471000,1,1,0.011
POL-12421986,CUST-418233,Renters,2021-12-24,28.04,40000,0,1,0.22
POL-23892205,CUST-251742,Home,2019-11-01,770.92,375000,0,1,0.206
POL-11970652,CUST-21508,Home,2022-04-12,659.52,1921000,0,1,0.052
POL-21869528,CUST-407374,Umbrella,2019-01-13,335.97,1142000,0,1,0.158
POL-38243447,CUST-678604,Motorcycle,2022-05-04,96.67,34000,1,1,0.071
POL-16186924,CUST-313048,RV,2018-02-11,667.35,150000,2,1,0.249
POL-58030164,CUST-771635,Boat,2023-11-05,286.44,471000,1,1,0.225
POL-91934035,CUST-632829,Boat,2020-10-07,631.62,178000,2,1,0.002
POL-48190104,CUST-697848,Umbrella,2017-09-22,538.39,4099000,0,1,0.23
POL-49319220,CUST-537555,Renters,2017-02-16,22.32,19000,0,1,0.201
POL-65716091,CUST-467080,Life,2018-11-22,148.82,897000,0,1,0.184
POL-63946652,CUST-281521,Health,2022-02-04,1036.34,116000,0,1,0.036
POL-80576371,CUST-443621,Auto,2025-01-26,249.27,352000,1,1,0.185
POL-56711868,CUST-850389,Home,2017-01-10,463.71,971000,0,1,0.04
POL-82391939,CUST-195408,RV,2021-10-04,624.23,56000,1,1,0.101
POL-84649276,CUST-446711,Home,2022-11-17,565.61,471000,0,1,0.225
POL-5427508,CUST-538277,Boat,2017-01-27,478.56,161000,2,1,0.066
POL-62213255,CUST-709298,Life,2021-04-22,91.31,955000,0,1,0.008
POL-86920825,CUST-719571,Life,2019-04-23,133.26,586000,0,1,0.214
POL-66481027,CUST-552891,Boat,2018-02-17,429.45,370000,1,1,0.098
POL-11270276,CUST-304824,RV,2024-06-02,908.32,238000,2,0,0.161
POL-58700864,CUST-83029,Life,2023-06-17,36.08,771000,0,1,0.111
POL-40318100,CUST-155825,Health,2023-08-14,1125.79,394000,0,1,0.047
POL-91847061,CUST-946763,Auto,2017-09-01,167.97,115000,2,1,0.142
POL-33373708,CUST-548501,Business,2020-08-08,928.2,3556000,0,1,0.239
POL-39658873,CUST-596152,Motorcycle,2022-10-08,125.93,96000,1,1,0.059
POL-73953207,CUST-80250,RV,2016-04-21,400.71,285000,1,1,0.091
POL-68909330,CUST-112860,Health,2016-04-05,989.35,499000,0,1,0.051
POL-57030927,CUST-433082,RV,2024-03-07,957.79,120000,2,1,0.181
POL-62365138,CUST-692956,Boat,2017-02-06,642.27,488000,2,1,0.202
POL-34008132,CUST-372724,Renters,2025-03-01,23.65,13000,0,1,0.065
POL-78593591,CUST-85741,Renters,2019-10-30,35.22,75000,0,1,0.181
POL-2183547,CUST-119470,Life,2024-01-22,181.32,683000,0,1,0.215
POL-24099087,CUST-824366,Boat,2023-05-15,201.61,324000,1,1,0.041
POL-52741841,CUST-47457,Umbrella,2018-08-05,298.6,4779000,0,1,0.19
POL-55868338,CUST-919344,Boat,2016-11-28,631.26,137000,2,1,0.204
POL-42137166,CUST-615732,Life,2020-07-22,126.43,635000,0,0,0.13
POL-89960756,CUST-471804,Life,2023-03-27,51.12,902000,0,1,0.243
POL-45813124,CUST-962710,Life,2020-01-02,163.82,466000,0,1,0.182
POL-28329117,CUST-194078,Auto,2018-09-05,227.95,116000,1,1,0.066
POL-81074604,CUST-271914,RV,2016-10-28,642.26,263000,2,1,0.126
POL-58223505,CUST-560333,Business,2017-04-20,1376.74,1867000,0,1,0.181
POL-784780,CUST-414118,Umbrella,2015-10-19,466.94,2499000,0,1,0.159
POL-1785713,CUST-180077,Motorcycle,2017-06-24,140.92,15000,2,1,0.244
POL-61762034,CUST-725411,Health,2023-08-11,1122.54,388000,0,1,0.143
POL-88277293,CUST-780399,Business,2022-05-21,1141.47,3961000,0,1,0.209
POL-40641125,CUST-648543,Life,2023-10-10,191.97,964000,0,1,0.225
POL-92699123,CUST-706533,Home,2021-08-18,115.99,413000,0,1,0.042
POL-40621889,CUST-91892,Business,2022-03-19,1998.56,302000,0,1,0.05
POL-18134687,CUST-14549,Renters,2017-08-15,37.88,77000,0,1,0.153
POL-15020641,CUST-855604,Health,2018-09-27,1111.65,352000,0,1,0.118
POL-93419892,CUST-197364,Health,2015-10-06,886.77,312000,0,1,0.242
POL-28082305,CUST-504487,Life,2015-12-13,94.62,714000,0,1,0.038
POL-87206603,CUST-253524,Health,2017-12-17,357.4,410000,0,0,0.24
POL-84028236,CUST-899876,Motorcycle,2022-11-27,85.99,97000,2,1,0.151
POL-25624104,CUST-90275,Home,2024-08-27,181.15,902000,0,1,0.032
POL-62199925,CUST-155362,Life,2020-08-11,32.32,698000,0,1,0.112
POL-56623671,CUST-22876,Umbrella,2023-07-23,464.69,4882000,0,1,0.109
POL-22294301,CUST-946251,Health,2017-06-22,397.95,377000,0,1,0.054
POL-99157531,CUST-736727,Renters,2018-02-01,35.02,67000,0,1,0.052
POL-65101884,CUST-494392,Auto,2023-01-25,258.29,264000,3,1,0.026
POL-60333053,CUST-613654,Renters,2015-10-29,21.16,22000,0,1,0.197
POL-27023185,CUST-309153,Motorcycle,2019-08-15,105.04,28000,3,1,0.144
POL-52577566,CUST-53395,Umbrella,2025-03-07,592.79,1630000,0,1,0.094
POL-1056868,CUST-107650,Auto,2021-03-04,306.8,335000,2,1,0.092
POL-55792417,CUST-889838,Umbrella,2022-11-03,488.63,4522000,0,1,0.203
POL-98928976,CUST-606770,Auto,2023-12-05,297.45,138000,3,1,0.174
POL-39027097,CUST-38815,Boat,2024-12-03,694.1,432000,1,1,0.113
POL-53644191,CUST-509713,Life,2023-10-15,73.21,494000,0,0,0.137
POL-79327948,CUST-759813,RV,2024-03-23,556.68,130000,1,1,0.007
POL-31125867,CUST-748987,Home,2023-10-17,721.67,1733000,0,1,0.035
POL-70908408,CUST-19943,Boat,2016-07-11,758.11,246000,1,1,0.04
POL-77363548,CUST-331192,Health,2022-09-03,757.53,196000,0,1,0.15
POL-8524244,CUST-280859,Auto,2024-11-26,199.64,403000,1,1,0.215
POL-63530347,CUST-122621,Auto,2022-08-04,191.33,93000,2,1,0.133
POL-83576934,CUST-984575,Home,2023-11-29,339.67,647000,0,0,0.04
POL-60173215,CUST-731396,Auto,2021-05-23,139.9,397000,3,1,0.015
POL-2792658,CUST-169170,Auto,2022-11-30,246.36,500000,4,0,0.141
POL-97470140,CUST-201537,Boat,2020-05-23,421.14,493000,2,1,0.093
POL-46150415,CUST-459392,Business,2023-06-23,1854.14,3020000,0,1,0.106
POL-68133743,CUST-230374,Life,2019-06-11,190.51,313000,0,1,0.027
POL-91935665,CUST-355627,Renters,2025-06-28,31.16,10000,0,1,0.139
POL-17603804,CUST-926074,Home,2023-06-18,658.08,1178000,0,1,0.052
POL-97038746,CUST-745941,Motorcycle,2020-06-26,96.46,23000,4,1,0.191
POL-55950146,CUST-873548,Home,2022-02-18,442.29,989000,0,1,0.136
POL-63394367,CUST-838603,RV,2021-08-15,368.2,241000,2,1,0.037
POL-83462271,CUST-217273,Auto,2018-04-01,314.48,82000,3,1,0.116
POL-92703855,CUST-785650,Health,2020-04-19,708.36,264000,0,1,0.062
POL-89530801,CUST-506346,Boat,2016-12-16,627.57,199000,1,0,0.203
POL-23258738,CUST-209174,Renters,2017-09-09,27.64,80000,0,0,0.123
POL-81302255,CUST-516094,Health,2018-02-25,1001.03,142000,0,1,0.049
POL-55832475,CUST-988864,Auto,2017-03-17,232.59,120000,3,1,0.132
POL-40755467,CUST-246120,Umbrella,2023-11-22,378.73,3950000,0,1,0.063
POL-74736526,CUST-49334,Auto,2019-01-21,135.23,319000,1,1,0.25
POL-48155542,CUST-923697,Health,2015-10-20,806.96,132000,0,1,0.23
POL-47921617,CUST-709810,Boat,2019-12-06,753.18,465000,2,1,0.109
POL-23449822,CUST-868167,Life,2018-03-11,38.81,664000,0,1,0.06
POL-4290941,CUST-846007,Life,2024-01-22,147.41,548000,0,1,0.014
POL-45329991,CUST-451538,Renters,2016-07-29,29.1,66000,0,1,0.241
POL-82887892,CUST-237701,Business,2017-06-07,549.87,669000,0,1,0.013
POL-75427873,CUST-234981,Business,2017-07-18,1471.31,4020000,0,1,0.063
POL-34604301,CUST-356855,Auto,2023-10-08,282.24,163000,2,1,0.235
POL-6264794,CUST-807503,Home,2021-07-15,674.38,1281000,0,1,0.214
POL-35902065,CUST-939857,Renters,2024-12-20,35.1,51000,0,1,0.249
POL-92628429,CUST-916136,Home,2018-01-24,321.67,461000,0,1,0.153
POL-81106361,CUST-702006,RV,2024-04-05,326.53,205000,2,1,0.149
POL-94812063,CUST-52871,Boat,2017-04-07,757.56,232000,2,1,0.162
POL-61355706,CUST-882478,Health,2022-12-10,663.25,280000,0,1,0.203
POL-14212564,CUST-819621,Motorcycle,2017-05-19,102.36,48000,1,1,0.096
POL-75493830,CUST-44008,Home,2017-03-23,203.91,1117000,0,1,0.012
POL-14148036,CUST-175160,Boat,2024-02-15,542.61,155000,1,1,0.191
POL-27566472,CUST-955237,Motorcycle,2017-07-02,51.96,78000,3,1,0.228
POL-21076551,CUST-763729,Business,2021-08-24,1392.14,223000,0,1,0.206
POL-95048077,CUST-462965,Renters,2020-06-18,20.78,66000,0,1,0.239
POL-66892907,CUST-768136,Life,2024-02-06,29.6,540000,0,1,0.115
POL-20709222,CUST-678526,RV,2017-03-07,890.98,78000,1,1,0.21
POL-44910261,CUST-858952,Auto,2021-09-06,250.32,371000,3,1,0.233
POL-16506561,CUST-889816,RV,2017-11-02,960.6,260000,1,1,0.171
POL-58936139,CUST-435945,Business,2018-12-05,1643.12,4332000,0,1,0.195
POL-32925764,CUST-875365,Boat,2015-08-09,740.5,496000,1,1,0.111
POL-45811204,CUST-300687,Auto,2023-07-21,277.36,307000,3,0,0.127
POL-22986369,CUST-89374,Home,2024-02-01,779.36,937000,0,1,0.076
POL-49987561,CUST-749941,Life,2020-01-07,53.13,176000,0,1,0.22
POL-48404738,CUST-660016,Umbrella,2022-07-21,408.78,4093000,0,0,0.143
POL-20348912,CUST-789794,Boat,2019-09-02,783.51,221000,2,0,0.135
POL-56602596,CUST-825455,Auto,2024-07-03,299.2,161000,1,1,0.08
POL-18521285,CUST-840715,Home,2019-05-17,680.17,477000,0,1,0.095
POL-55486872,CUST-962613,Home,2022-10-15,309.69,946000,0,1,0.162
POL-61572793,CUST-998077,Home,2022-06-16,753.9,1171000,0,1,0.169
POL-91563151,CUST-379347,Business,2024-04-10,1040.83,1487000,0,1,0.106
POL-59401906,CUST-152656,RV,2015-12-31,405.31,240000,2,1,0.25
POL-96318095,CUST-845411,Boat,2015-08-30,598.75,51000,2,1,0.089
POL-9339029,CUST-88896,Home,2024-04-17,281.06,1758000,0,1,0.145
POL-42252354,CUST-421161,Home,2021-04-01,348.23,192000,0,1,0.138
POL-58260195,CUST-64454,Health,2018-04-16,377.03,199000,0,1,0.202
POL-4978636,CUST-692244,RV,2022-03-08,690.73,137000,2,1,0.195
POL-77115770,CUST-60617,Boat,2018-01-22,548.62,475000,2,1,0.16
POL-39691460,CUST-439673,Business,2024-05-02,2352.45,2474000,0,1,0.094
POL-91384912,CUST-734831,RV,2022-05-01,474.06,119000,2,1,0.113
POL-40845544,CUST-756601,Renters,2024-11-29,20.31,68000,0,1,0.14
POL-46192019,CUST-8286,Home,2020-10-30,370.15,435000,0,0,0.089
POL-70839007,CUST-640051,Health,2020-04-02,1025.52,263000,0,1,0.137
POL-93992012,CUST-423559,Auto,2017-12-28,215.68,326000,2,1,0.1
POL-86420023,CUST-215098,RV,2023-01-31,459.57,61000,2,1,0.065
POL-83800137,CUST-826636,Boat,2024-10-02,290.8,420000,2,1,0.017
POL-93612968,CUST-362021,Auto,2023-01-06,248.27,58000,1,1,0.054
POL-26480587,CUST-923768,Home,2022-05-17,510.55,1687000,0,0,0.062
POL-11311994,CUST-38766,Business,2020-08-15,1780.19,1469000,0,0,0.218
POL-44894880,CUST-408937,Motorcycle,2024-08-20,42.96,38000,4,1,0.224
POL-69856260,CUST-567059,Umbrella,2017-08-20,274.63,2043000,0,1,0.064
POL-28686961,CUST-97328,RV,2020-04-28,657.73,155000,2,1,0.175
POL-74059443,CUST-327420,Life,2024-03-13,88.06,342000,0,1,0.124
POL-45729171,CUST-793820,Renters,2024-05-12,19.36,23000,0,1,0.163
POL-3143613,CUST-29246,Health,2018-03-20,897.01,193000,0,1,0.142
POL-79524487,CUST-271256,Motorcycle,2024-09-05,131.42,72000,4,1,0.233
POL-40794416,CUST-761800,Home,2019-08-07,640.68,366000,0,1,0.149
POL-67816807,CUST-115806,Business,2022-09-07,2006.02,451000,0,1,0.239
POL-50060376,CUST-272374,Auto,2016-07-06,313.9,267000,2,1,0.02
POL-47576607,CUST-129827,Renters,2024-02-16,29.48,24000,0,1,0.21
POL-87370696,CUST-987069,Business,2016-04-21,869.42,3409000,0,1,0.237
POL-60228445,CUST-312434,RV,2017-08-13,595.53,224000,1,1,0.145
POL-98899500,CUST-5466,Business,2025-03-25,1599.1,2714000,0,0,0.095
POL-45497164,CUST-247565,Renters,2023-03-15,39.1,22000,0,1,0.147
POL-75913174,CUST-749361,Umbrella,2025-05-21,521.43,1207000,0,1,0.153
POL-79933222,CUST-245196,Business,2024-07-25,1859.05,591000,0,1,0.195
POL-40158160,CUST-298357,Umbrella,2021-06-14,298.56,4895000,0,1,0.174
POL-90252537,CUST-146770,Umbrella,2025-03-28,245.36,2990000,0,1,0.171
POL-69748476,CUST-773337,Auto,2021-12-01,141.31,337000,4,1,0.079
POL-14123318,CUST-343772,Motorcycle,2019-09-15,147.1,95000,2,1,0.145
POL-78164250,CUST-201908,Umbrella,2024-04-12,348.96,1234000,0,1,0.002
POL-60976401,CUST-102747,Auto,2021-08-21,240.41,366000,3,1,0.075
POL-95514760,CUST-446370,Business,2017-12-26,1000.44,494000,0,1,0.094
POL-10998762,CUST-96729,Motorcycle,2022-07-03,111.89,46000,4,1,0.103
POL-57027331,CUST-931669,Umbrella,2016-07-20,515.67,2099000,0,1,0.205
POL-63921605,CUST-225217,Renters,2017-09-15,26.02,58000,0,1,0.111
POL-10478739,CUST-387233,RV,2023-01-31,924.72,200000,2,1,0.077
POL-54056687,CUST-616813,Umbrella,2024-06-12,585.9,1807000,0,1,0.201
POL-69651618,CUST-816656,Auto,2025-01-01,194.79,152000,3,1,0.101
POL-35392370,CUST-612686,Motorcycle,2022-03-18,123.99,93000,2,1,0.084
POL-85424369,CUST-443990,Renters,2023-12-24,16.9,62000,0,1,0.151
POL-92478411,CUST-976261,Umbrella,2022-12-24,291.56,1225000,0,1,0.233
POL-98209387,CUST-437174,Motorcycle,2023-10-27,49.23,34000,1,1,0.074
POL-19373816,CUST-530354,Boat,2018-04-06,456.91,487000,2,1,0.118
POL-65063976,CUST-745695,Motorcycle,2017-08-27,46.12,51000,1,1,0.026
POL-17365785,CUST-738747,Life,2023-04-13,74.16,155000,0,1,0.228
POL-71020117,CUST-123792,RV,2024-03-22,870.7,116000,2,0,0.002
POL-61127098,CUST-496349,RV,2019-02-10,310.51,174000,2,1,0.124
POL-21050667,CUST-989928,RV,2016-01-18,389.5,279000,1,1,0.149
POL-49570909,CUST-966469,Umbrella,2025-01-01,377.64,4295000,0,1,0.233
POL-80745413,CUST-893719,Renters,2017-07-06,30.61,64000,0,1,0.213
POL-14809069,CUST-126737,Motorcycle,2022-06-12,39.14,25000,2,1,0.132
POL-76740966,CUST-303657,Health,2021-10-12,935.42,301000,0,1,0.108
POL-70166008,CUST-160751,Business,2016-03-06,1958.99,4565000,0,1,0.139
POL-49857504,CUST-319736,Life,2017-06-30,89.49,328000,0,0,0.044
POL-40702879,CUST-308261,Life,2021-11-11,46.6,635000,0,1,0.058
POL-3755114,CUST-829637,Umbrella,2023-10-05,551.46,2518000,0,1,0.245
POL-19077681,CUST-821866,Renters,2017-12-03,16.65,99000,0,0,0.064
POL-6529832,CUST-982327,Umbrella,2022-09-01,314.08,2960000,0,1,0.036
POL-38048350,CUST-226053,Health,2020-09-07,1045.51,90000,0,1,0.236
POL-99275528,CUST-512537,Life,2018-08-10,188.56,519000,0,1,0.134
POL-16418573,CUST-574134,Boat,2015-07-12,609.3,350000,1,1,0.225
POL-9068358,CUST-912708,Motorcycle,2021-06-04,121.7,42000,3,1,0.17
POL-56045988,CUST-504550,Life,2016-04-02,110.62,82000,0,1,0.208
POL-41567482,CUST-593246,RV,2025-03-29,565.65,94000,1,1,0.088
POL-45341868,CUST-819304,Auto,2023-03-10,256.86,57000,1,1,0.097
POL-63783961,CUST-874994,Health,2021-11-29,1026.7,184000,0,1,0.159
POL-18592146,CUST-529283,Auto,2017-10-02,184.39,441000,2,1,0.136
POL-60388500,CUST-699631,Life,2023-05-03,71.68,987000,0,1,0.212
POL-19996104,CUST-908429,Renters,2023-02-18,15.41,93000,0,1,0.129
POL-11987653,CUST-838663,Motorcycle,2021-01-09,82.86,76000,3,1,0.017
POL-51973818,CUST-244131,Motorcycle,2022-06-18,71.44,33000,3,1,0.229
POL-45499525,CUST-567273,Umbrella,2022-03-21,304.66,2793000,0,1,0.133
POL-89985448,CUST-933277,RV,2016-04-09,915.31,230000,1,1,0.155
POL-98772543,CUST-290848,Boat,2023-01-12,622.75,315000,1,1,0.172
POL-22228439,CUST-741561,Umbrella,2016-12-31,296.37,3499000,0,1,0.134
POL-76771841,CUST-660717,RV,2015-12-01,658.74,117000,2,1,0.142
POL-75302098,CUST-676498,Motorcycle,2020-09-30,148.58,79000,2,1,0.191
POL-86424699,CUST-586523,Business,2017-08-07,621.84,2738000,0,1,0.176
POL-25827078,CUST-648758,Boat,2016-12-10,262.79,465000,2,1,0.063
POL-77424245,CUST-794417,Health,2024-09-16,236.43,97000,0,1,0.247
POL-76536905,CUST-547098,RV,2016-05-23,823.39,150000,2,1,0.033
POL-63865585,CUST-527054,Health,2018-09-18,1031.64,390000,0,1,0.112
POL-16144134,CUST-690229,RV,2015-10-23,464.83,199000,1,1,0.028
POL-24124750,CUST-19895,RV,2024-07-16,649.98,153000,1,0,0.142
POL-27622679,CUST-257201,Life,2020-03-03,115.49,590000,0,0,0.178
POL-59623470,CUST-88759,RV,2025-05-09,946.89,94000,1,1,0.204
POL-81450675,CUST-335996,Auto,2024-07-27,129.98,117000,1,1,0.173
POL-79039884,CUST-47168,Motorcycle,2022-04-30,85.36,60000,1,1,0.007
POL-3122340,CUST-356470,Business,2023-11-08,1842.95,4782000,0,0,0.169
POL-24227374,CUST-435092,Motorcycle,2022-12-05,44.6,82000,1,1,0.047
POL-70853774,CUST-332799,Motorcycle,2015-11-26,125.62,48000,1,0,0.059
POL-34517819,CUST-95446,RV,2021-12-28,502.55,134000,1,1,0.021
POL-13332334,CUST-568096,RV,2017-06-11,828.58,256000,2,1,0.196
POL-38299260,CUST-151030,RV,2018-05-09,749.06,101000,2,1,0.217
POL-34299947,CUST-805625,Business,2018-08-08,1132.78,919000,0,1,0.05
POL-20700047,CUST-321697,Auto,2017-01-06,203.4,419000,4,0,0.001
POL-91081300,CUST-177409,Renters,2022-06-03,48.02,87000,0,1,0.209
POL-82473495,CUST-341092,Umbrella,2016-06-30,207.82,3890000,0,1,0.108
POL-3646855,CUST-747949,Motorcycle,2018-07-31,80.65,22000,1,1,0.162
POL-40000149,CUST-408881,Umbrella,2016-06-27,319.64,1363000,0,1,0.176
POL-42955238,CUST-149380,Health,2017-03-04,1186.78,51000,0,1,0.135
POL-43515775,CUST-270463,Home,2022-07-08,379.18,1815000,0,0,0.148
POL-16235817,CUST-54398,Business,2021-11-18,1438.87,4486000,0,1,0.092
POL-32161649,CUST-788669,RV,2018-12-09,832.15,163000,2,1,0.074
POL-31741300,CUST-516926,Life,2025-06-18,91.14,811000,0,1,0.155
POL-67702274,CUST-403752,Life,2024-02-23,92.97,531000,0,1,0.132
POL-36143160,CUST-63577,RV,2017-06-14,603.41,196000,1,1,0.249
POL-62387558,CUST-579989,Boat,2020-11-28,668.95,63000,2,1,0.201
POL-8785652,CUST-507690,Motorcycle,2022-06-02,51.67,69000,1,1,0.224
POL-54692890,CUST-664316,Auto,2015-12-26,267.17,149000,2,1,0.022
POL-2499514,CUST-282234,Motorcycle,2019-06-21,135.74,57000,4,1,0.158
POL-78674767,CUST-707890,Business,2024-12-01,1618.14,1667000,0,1,0.076
POL-33059986,CUST-800040,Home,2017-03-21,487.31,112000,0,1,0.245
POL-87449682,CUST-823356,Business,2024-12-05,1237.09,1268000,0,0,0.196
POL-40884443,CUST-595848,Umbrella,2017-08-18,334.25,2318000,0,0,0.029
POL-59858725,CUST-87984,Boat,2022-05-31,474.15,395000,1,1,0.034
POL-27307523,CUST-820910,Renters,2024-01-03,28.48,34000,0,1,0.024
POL-50104178,CUST-566692,RV,2017-11-30,401.26,74000,2,0,0.109
POL-32905017,CUST-563646,Life,2018-05-10,53.48,682000,0,0,0.084
POL-74511273,CUST-473685,Business,2022-09-14,648.9,548000,0,1,0.22
POL-134359,CUST-852118,Renters,2016-03-15,40.24,58000,0,1,0.033
POL-83312959,CUST-303300,RV,2023-05-26,542.63,127000,2,1,0.209
POL-72871,CUST-63098,Umbrella,2018-05-05,374.05,3121000,0,1,0.211
POL-36682099,CUST-626909,Life,2023-09-12,47.11,962000,0,1,0.208
POL-91267759,CUST-398619,Business,2019-10-05,536.12,518000,0,1,0.1
POL-84853379,CUST-223088,Umbrella,2021-06-21,364.0,4987000,0,1,0.043
POL-68495121,CUST-294976,Life,2025-06-13,73.73,957000,0,1,0.044
POL-21664929,CUST-775089,Life,2016-04-07,185.92,691000,0,1,0.18
POL-75575530,CUST-73332,Renters,2024-07-30,15.18,22000,0,1,0.163
POL-12041357,CUST-414507,RV,2020-08-10,427.94,231000,2,1,0.06
POL-18743541,CUST-760294,Life,2017-08-02,198.9,126000,0,1,0.233
POL-37508257,CUST-920942,Umbrella,2024-12-16,202.5,1276000,0,1,0.088
POL-28299831,CUST-640098,RV,2022-11-04,749.04,247000,1,1,0.144
POL-42722031,CUST-926869,Auto,2024-01-30,244.81,467000,4,1,0.027
POL-85251058,CUST-274056,Home,2021-04-28,320.49,996000,0,1,0.22
POL-36643203,CUST-257874,Umbrella,2023-03-13,290.97,4426000,0,1,0.11
POL-45852776,CUST-220855,Business,2020-12-18,772.33,468000,0,1,0.018
POL-80465362,CUST-344412,Motorcycle,2023-04-26,101.24,99000,1,1,0.121
POL-92857872,CUST-140221,Home,2015-10-06,714.08,1304000,0,1,0.14
POL-81709974,CUST-499676,Umbrella,2015-07-12,479.65,1952000,0,1,0.035
POL-1285619,CUST-705383,Business,2015-07-26,1543.81,3566000,0,1,0.143
POL-55453803,CUST-582788,Motorcycle,2018-06-12,71.35,88000,3,1,0.118
POL-52719526,CUST-564271,Home,2023-10-24,389.39,1637000,0,1,0.156
POL-87120361,CUST-682902,RV,2016-11-15,947.99,174000,1,1,0.203
POL-72296289,CUST-32450,Home,2016-10-23,249.25,1716000,0,1,0.018
POL-90227319,CUST-129410,Renters,2023-01-25,26.63,30000,0,1,0.14
POL-50516391,CUST-867661,Business,2021-07-01,1306.56,1637000,0,1,0.223
POL-51908845,CUST-185793,Health,2021-08-01,1170.82,461000,0,1,0.09
POL-16745522,CUST-485168,Renters,2015-08-21,33.34,42000,0,1,0.23
POL-25902794,CUST-466173,Motorcycle,2021-10-18,93.59,63000,3,0,0.109
POL-29732013,CUST-779243,Motorcycle,2015-08-27,83.74,87000,2,0,0.249
POL-37733231,CUST-713612,Renters,2015-10-30,47.58,76000,0,1,0.076
POL-25704262,CUST-94336,Life,2021-07-31,80.64,289000,0,1,0.245
POL-96342764,CUST-231890,Renters,2020-08-25,29.21,28000,0,1,0.083
POL-66277877,CUST-380632,Auto,2019-06-24,200.29,258000,3,1,0.098
POL-37682480,CUST-516777,Boat,2016-02-13,571.92,210000,1,1,0.099
POL-957697,CUST-205611,Health,2019-01-19,764.57,432000,0,1,0.149
POL-14890990,CUST-912173,RV,2022-03-26,955.84,287000,2,1,0.123
POL-76383608,CUST-524629,Renters,2020-03-18,40.57,97000,0,0,0.025
POL-22881048,CUST-578588,Health,2023-11-24,299.73,94000,0,0,0.116
POL-88562013,CUST-774703,RV,2018-10-16,958.98,75000,1,1,0.201
POL-90217874,CUST-715531,Boat,2025-02-12,609.19,53000,1,1,0.006
POL-23559082,CUST-68535,Business,2025-02-08,1241.9,2061000,0,1,0.23
POL-8730772,CUST-133620,Renters,2017-09-03,39.45,21000,0,1,0.25
POL-76491124,CUST-897034,Home,2019-11-29,566.8,482000,0,1,0.078
POL-70206603,CUST-764305,Business,2019-05-16,1214.69,599000,0,1,0.215
POL-25749878,CUST-888843,Auto,2020-02-28,101.31,83000,3,1,0.18
POL-93010981,CUST-710656,Life,2015-11-20,183.64,414000,0,0,0.164
POL-82470962,CUST-265206,Business,2024-07-23,1019.26,2950000,0,1,0.071
POL-60924933,CUST-2049,Boat,2025-01-08,259.94,257000,1,1,0.116
POL-86029038,CUST-705796,RV,2022-10-04,334.66,143000,2,1,0.228
POL-43352227,CUST-453559,Home,2016-05-17,133.7,923000,0,1,0.169
POL-36780435,CUST-127630,Health,2022-06-01,1169.83,455000,0,1,0.051
POL-62624210,CUST-519647,Business,2024-04-23,737.03,2427000,0,1,0.234
POL-69425047,CUST-795891,Health,2021-08-23,628.41,316000,0,1,0.243
POL-96800547,CUST-235455,Renters,2016-03-26,17.25,81000,0,1,0.153
POL-37303539,CUST-963003,Home,2016-04-16,768.79,1471000,0,1,0.154
POL-71458898,CUST-470665,Life,2022-08-22,192.97,427000,0,1,0.188
POL-692467,CUST-410893,Umbrella,2020-11-15,474.41,2428000,0,1,0.09
POL-44923454,CUST-85782,Home,2018-10-21,123.28,955000,0,0,0.142
POL-3405363,CUST-773266,Business,2025-03-22,526.1,261000,0,1,0.107
POL-92549695,CUST-444407,RV,2019-05-02,341.15,193000,2,1,0.119
POL-33552306,CUST-206440,Auto,2016-10-04,290.14,494000,2,0,0.125
POL-44187782,CUST-325903,Life,2018-04-17,150.41,278000,0,1,0.143
POL-84019584,CUST-655669,Renters,2016-07-24,25.74,59000,0,1,0.005
POL-3741017,CUST-503281,Motorcycle,2017-02-20,88.89,59000,2,1,0.002
POL-3224383,CUST-621313,Life,2022-11-04,135.75,919000,0,1,0.123
POL-33609390,CUST-259159,Motorcycle,2021-03-07,67.57,27000,4,1,0.026
POL-63562365,CUST-249937,RV,2017-04-30,478.34,203000,1,1,0.165
POL-7305854,CUST-861545,Business,2021-04-16,1904.91,1354000,0,1,0.055
POL-69749603,CUST-832685,Umbrella,2021-03-02,542.4,1293000,0,1,0.197
POL-9785926,CUST-813432,Business,2019-07-10,579.67,3638000,0,1,0.012
POL-12840710,CUST-655725,Health,2022-12-14,205.62,451000,0,0,0.139
POL-77703269,CUST-130889,Motorcycle,2023-02-02,91.25,42000,1,1,0.226
POL-8145263,CUST-961244,Home,2016-12-12,368.82,1031000,0,1,0.034
POL-50653117,CUST-328497,Auto,2016-01-23,156.03,381000,3,0,0.231
POL-17117564,CUST-65014,Boat,2016-08-07,400.45,485000,2,1,0.141
POL-7353632,CUST-316115,Life,2023-01-04,40.35,672000,0,1,0.193
POL-8830219,CUST-106773,Renters,2022-11-03,20.86,16000,0,1,0.211
POL-75062345,CUST-54738,Motorcycle,2016-06-10,110.52,33000,1,1,0.035
POL-51198088,CUST-421195,Umbrella,2020-07-05,341.49,1782000,0,1,0.115
POL-82852868,CUST-788490,Boat,2017-02-14,733.96,389000,1,1,0.111
POL-31287760,CUST-906580,Home,2022-06-27,660.81,1865000,0,1,0.178
POL-60855827,CUST-402569,RV,2015-09-03,304.28,100000,2,1,0.042
POL-57459379,CUST-922682,Business,2023-05-23,1951.11,1534000,0,1,0.227
POL-45582551,CUST-682540,RV,2017-03-20,849.97,187000,2,1,0.172
POL-60945151,CUST-542337,Business,2015-12-08,688.93,993000,0,1,0.126
POL-78894973,CUST-201831,Health,2021-01-28,735.53,224000,0,1,0.02
POL-13782772,CUST-12885,Business,2017-05-01,2261.45,4873000,0,1,0.173
POL-79575878,CUST-827763,Boat,2016-08-22,300.49,387000,1,1,0.129
POL-76935230,CUST-132101,Auto,2018-10-15,282.61,430000,3,0,0.12
POL-34398138,CUST-372654,Business,2024-02-25,2216.16,663000,0,1,0.094
POL-64612320,CUST-759822,Life,2022-08-28,113.99,660000,0,1,0.043
POL-24954217,CUST-254963,RV,2023-01-21,493.28,281000,2,1,0.164
POL-5915081,CUST-63429,RV,2017-11-01,396.67,239000,2,1,0.013
POL-41831217,CUST-612916,RV,2017-08-31,449.63,127000,1,1,0.21
POL-68870570,CUST-683362,Health,2022-11-28,335.27,132000,0,1,0.022
POL-41766978,CUST-612018,Renters,2021-07-30,32.05,47000,0,1,0.183
POL-19545414,CUST-154569,RV,2024-09-12,823.44,67000,2,0,0.239
POL-41429578,CUST-632636,Business,2023-06-25,1704.89,1747000,0,1,0.168
POL-39065941,CUST-386746,Auto,2021-04-29,114.45,357000,2,0,0.069
POL-69481912,CUST-614926,Life,2015-08-19,63.33,188000,0,1,0.11
POL-7693044,CUST-248918,Umbrella,2017-12-14,540.19,1533000,0,1,0.026
POL-75088096,CUST-900414,Umbrella,2024-02-14,487.14,1174000,0,1,0.19
POL-56648087,CUST-360517,RV,2016-06-03,365.48,138000,1,1,0.099
POL-26893461,CUST-671670,Auto,2018-10-26,264.19,457000,1,1,0.198
POL-9180999,CUST-358143,Health,2018-12-01,1134.9,281000,0,1,0.089
POL-89638670,CUST-498833,Business,2018-09-18,691.91,4607000,0,1,0.192
POL-80498733,CUST-726048,Auto,2023-06-12,255.98,339000,1,1,0.221
POL-77632976,CUST-593595,Home,2021-02-15,428.77,893000,0,1,0.01
POL-82691963,CUST-314186,Life,2021-03-15,126.86,607000,0,1,0.236
POL-44106502,CUST-170162,Auto,2022-08-13,151.19,467000,3,1,0.097
POL-60975394,CUST-918663,Life,2017-04-11,51.4,135000,0,1,0.051
POL-66562688,CUST-230063,Home,2016-03-18,393.86,129000,0,1,0.092
POL-85733862,CUST-233858,RV,2015-07-22,919.36,271000,2,1,0.227
POL-62617503,CUST-654227,Boat,2019-05-30,772.43,485000,1,1,0.175
POL-32080592,CUST-504098,Life,2019-02-13,39.72,587000,0,1,0.091
POL-99332042,CUST-394172,Auto,2021-02-17,161.86,175000,3,1,0.009
POL-53729043,CUST-193194,Motorcycle,2018-12-26,76.98,36000,3,1,0.047
POL-48696493,CUST-10372,Health,2015-08-10,767.55,230000,0,1,0.162
POL-48034735,CUST-31475,Motorcycle,2016-09-30,50.07,35000,2,1,0.096
POL-15460445,CUST-149319,Motorcycle,2024-12-05,135.85,25000,1,1,0.037
POL-59110577,CUST-203846,Health,2020-06-08,985.83,399000,0,1,0.207
POL-48306200,CUST-46037,Umbrella,2025-06-16,576.34,3327000,0,1,0.067
POL-26725819,CUST-207434,Life,2015-12-31,42.75,590000,0,1,0.159
POL-23373562,CUST-229580,Auto,2020-04-29,224.13,283000,1,1,0.233
POL-96480625,CUST-182750,Life,2019-12-14,136.91,810000,0,1,0.205
POL-74424395,CUST-257912,Home,2021-04-10,560.61,1297000,0,1,0.066
POL-26305005,CUST-22536,Health,2018-07-13,759.71,472000,0,1,0.033
POL-35136671,CUST-954884,Renters,2018-06-28,48.15,34000,0,1,0.167
POL-2817734,CUST-871834,Umbrella,2017-03-19,412.65,1943000,0,1,0.237
POL-50858151,CUST-686680,Auto,2017-10-29,298.41,151000,1,1,0.209
POL-45417034,CUST-981586,RV,2017-05-19,649.66,57000,2,0,0.067
POL-40946121,CUST-478364,Boat,2019-01-26,667.02,230000,2,1,0.199
POL-49612328,CUST-848809,Motorcycle,2019-07-31,100.42,45000,3,0,0.09
POL-88705666,CUST-179683,Health,2021-10-29,636.59,346000,0,1,0.214
POL-83644995,CUST-924491,Motorcycle,2024-06-16,76.4,88000,4,0,0.016
POL-95421039,CUST-68553,Health,2022-11-15,1105.94,116000,0,1,0.086
POL-19385367,CUST-925602,Umbrella,2017-07-05,208.85,3927000,0,0,0.143
POL-25453201,CUST-200992,Business,2017-09-19,2334.13,2670000,0,1,0.204
POL-50760544,CUST-728082,Life,2024-07-21,158.07,675000,0,1,0.197
POL-42674742,CUST-628672,Umbrella,2021-11-10,430.29,2665000,0,1,0.112
POL-85381661,CUST-256428,Home,2022-10-20,697.41,602000,0,1,0.218
POL-82681879,CUST-615855,Renters,2016-04-12,19.78,58000,0,1,0.147
POL-71869344,CUST-308472,Home,2018-09-17,285.99,907000,0,1,0.203
POL-43980546,CUST-259178,Auto,2018-01-08,349.38,164000,2,1,0.224
POL-84484575,CUST-834259,Motorcycle,2016-05-25,127.99,49000,3,1,0.053
POL-16972976,CUST-892865,Auto,2020-04-04,202.26,241000,2,1,0.114
POL-78394188,CUST-928864,Home,2024-02-21,772.74,1527000,0,0,0.007
POL-28083391,CUST-762627,Home,2023-10-24,446.98,1213000,0,1,0.23
POL-63171894,CUST-829420,Life,2016-11-16,188.09,133000,0,1,0.137
POL-22472549,CUST-533320,Home,2016-08-06,741.31,1268000,0,1,0.039
POL-86580039,CUST-787623,Umbrella,2022-02-04,526.26,3760000,0,1,0.224
POL-50233144,CUST-522807,Motorcycle,2024-02-26,136.7,76000,4,1,0.211
POL-62312899,CUST-187693,Boat,2024-04-27,229.17,286000,1,1,0.041
POL-95628369,CUST-392040,Auto,2020-12-19,266.71,240000,3,1,0.205
POL-93215510,CUST-506773,Health,2024-06-07,1104.94,293000,0,1,0.144
POL-63586743,CUST-281370,Motorcycle,2023-11-29,111.84,63000,2,1,0.001
POL-53814070,CUST-669102,Renters,2025-05-19,46.89,95000,0,1,0.231
POL-87206259,CUST-38382,Umbrella,2025-06-05,526.12,4413000,0,1,0.134
POL-29464318,CUST-938354,Auto,2019-01-07,330.44,218000,3,1,0.165
POL-60677159,CUST-905097,Auto,2018-12-12,89.82,105000,4,1,0.045
POL-53136795,CUST-229212,Life,2019-06-25,36.5,245000,0,1,0.166
POL-57045601,CUST-931878,Health,2020-09-12,319.92,64000,0,1,0.057
POL-76688035,CUST-164845,Business,2021-11-28,1884.6,1135000,0,1,0.054
POL-34162336,CUST-577295,Motorcycle,2021-11-09,93.49,92000,1,1,0.041
POL-18029509,CUST-788133,Auto,2016-12-07,133.58,129000,4,1,0.088
POL-39600674,CUST-466097,Life,2016-12-03,115.67,460000,0,1,0.18
POL-47187591,CUST-241358,Business,2024-04-26,1789.75,4929000,0,1,0.214
POL-5522109,CUST-487853,Health,2025-06-05,543.97,427000,0,1,0.154
POL-83366096,CUST-352713,Health,2024-03-17,1109.54,128000,0,1,0.16
POL-60552489,CUST-490262,Boat,2022-09-28,336.1,348000,1,1,0.151
POL-54888712,CUST-385364,Life,2022-11-07,25.25,431000,0,1,0.173
POL-42549761,CUST-286281,Health,2023-12-16,981.86,168000,0,1,0.106
POL-3317620,CUST-188288,Home,2021-12-30,455.09,173000,0,1,0.023
POL-31378816,CUST-278527,Auto,2023-01-03,228.83,266000,1,1,0.097
POL-48196637,CUST-945265,Boat,2016-10-13,672.75,88000,1,1,0.05
POL-39529512,CUST-883533,Auto,2016-11-23,106.64,283000,1,1,0.025
POL-68825641,CUST-573206,RV,2024-01-11,455.58,196000,1,1,0.241
POL-37101128,CUST-971616,Boat,2016-10-27,599.73,466000,2,0,0.191
POL-13208247,CUST-124348,RV,2019-05-15,901.67,254000,2,1,0.081
POL-48350177,CUST-40140,Renters,2016-09-15,19.59,38000,0,0,0.241
POL-26884696,CUST-349970,Life,2024-10-12,49.79,219000,0,0,0.127
POL-90611371,CUST-345234,Home,2018-11-02,628.07,712000,0,1,0.038
POL-40629797,CUST-781410,RV,2019-09-30,993.27,275000,1,1,0.166
POL-25587594,CUST-739919,Life,2020-02-29,56.26,421000,0,1,0.094
POL-96124771,CUST-775758,Business,2017-11-02,2485.81,2931000,0,1,0.164
POL-35049006,CUST-8948,Motorcycle,2024-09-24,59.07,93000,4,1,0.061
POL-37828631,CUST-862253,Home,2020-08-02,472.1,669000,0,1,0.198
POL-54198613,CUST-991758,Renters,2021-05-22,18.66,41000,0,1,0.167
POL-77840078,CUST-794617,Health,2022-05-25,1056.77,210000,0,1,0.163
POL-63351303,CUST-685864,Umbrella,2015-09-11,259.4,4727000,0,1,0.055
POL-20036175,CUST-907507,Motorcycle,2024-03-19,50.94,97000,1,1,0.072
POL-30545068,CUST-237949,Motorcycle,2022-04-04,57.51,72000,3,1,0.078
POL-63678024,CUST-245076,Renters,2019-01-24,42.68,16000,0,1,0.063
POL-78786294,CUST-824154,Home,2024-04-08,659.5,1413000,0,1,0.092
POL-62912993,CUST-757607,Motorcycle,2024-11-22,147.28,45000,1,1,0.192
POL-45722553,CUST-830382,Umbrella,2023-05-06,331.98,2139000,0,1,0.233
POL-42020192,CUST-886887,Home,2016-12-14,503.36,888000,0,1,0.053
POL-57551618,CUST-807540,Umbrella,2018-09-09,380.34,3083000,0,1,0.046
POL-28129989,CUST-459990,Boat,2022-08-07,682.06,450000,1,1,0.042
POL-74953463,CUST-31566,Life,2023-02-24,141.67,125000,0,1,0.163
POL-18649583,CUST-605561,Home,2021-11-13,195.17,1488000,0,1,0.077
POL-41013170,CUST-989178,Health,2017-09-04,771.57,444000,0,1,0.226
POL-67082048,CUST-849767,Business,2015-08-29,1307.07,4563000,0,1,0.113
POL-45610169,CUST-236444,Auto,2021-07-11,232.93,299000,4,1,0.041
POL-57139083,CUST-719074,Boat,2022-08-16,735.92,146000,1,1,0.246
POL-92679838,CUST-563718,Life,2022-05-10,48.07,734000,0,1,0.191
POL-43765651,CUST-615467,Boat,2020-08-03,775.49,390000,2,1,0.105
POL-76178952,CUST-823507,Health,2015-11-21,1040.66,159000,0,0,0.171
POL-18674348,CUST-161156,Renters,2016-01-16,22.11,89000,0,1,0.192
POL-76261289,CUST-660434,Umbrella,2021-02-10,323.51,1130000,0,0,0.168
POL-52463815,CUST-399841,Business,2025-04-03,1773.87,1624000,0,1,0.036
POL-52430296,CUST-66803,Life,2018-12-19,46.18,123000,0,1,0.006
POL-51866272,CUST-197487,Umbrella,2024-08-02,394.52,2586000,0,1,0.071
POL-14581193,CUST-344815,Boat,2023-07-28,679.72,174000,2,1,0.012
POL-60604045,CUST-670043,Life,2025-03-07,98.65,639000,0,1,0.077
POL-12514663,CUST-179750,RV,2020-09-04,765.77,164000,2,1,0.143
POL-90581603,CUST-579764,Business,2017-04-08,1400.28,2696000,0,1,0.022
POL-4302906,CUST-866621,Health,2018-07-07,585.66,232000,0,1,0.248
POL-3602203,CUST-195760,Renters,2023-10-22,45.03,14000,0,1,0.061
POL-9326928,CUST-955614,Umbrella,2018-11-17,479.61,2972000,0,1,0.147
POL-38093356,CUST-215893,Motorcycle,2022-01-21,147.01,84000,4,1,0.241
POL-39071522,CUST-691609,Boat,2019-06-17,247.45,488000,2,1,0.174
POL-9392480,CUST-476749,Health,2024-05-31,521.1,76000,0,1,0.148
POL-49479669,CUST-543719,Auto,2016-06-21,128.4,208000,1,1,0.04
POL-23062057,CUST-342645,Motorcycle,2015-09-06,110.93,66000,3,1,0.02
POL-52493261,CUST-164663,Umbrella,2022-06-26,445.63,4843000,0,1,0.212
POL-17332564,CUST-562511,Business,2017-05-18,2026.9,3401000,0,1,0.07
POL-64189781,CUST-779241,Motorcycle,2022-08-11,59.76,53000,3,1,0.236
POL-52209742,CUST-947480,Renters,2016-08-30,41.09,50000,0,1,0.196
POL-17439215,CUST-912732,Renters,2019-01-03,36.42,62000,0,1,0.151
POL-41574904,CUST-453195,Health,2018-12-29,952.98,177000,0,1,0.236
POL-21311258,CUST-633035,Renters,2023-07-28,24.65,69000,0,1,0.144
POL-41649604,CUST-616029,Renters,2025-04-11,45.7,45000,0,1,0.19
POL-67441055,CUST-751589,RV,2018-12-12,419.94,109000,1,1,0.125
POL-36969062,CUST-211500,Life,2023-04-20,130.95,550000,0,1,0.055
POL-19151794,CUST-467383,Business,2015-08-15,1838.02,4573000,0,1,0.221
POL-53584671,CUST-634229,Business,2016-07-31,2216.27,2362000,0,1,0.039
POL-70579265,CUST-344867,Auto,2019-09-10,349.38,424000,4,1,0.173
POL-65895351,CUST-482559,Home,2025-03-06,702.29,1697000,0,1,0.082
POL-77327229,CUST-40983,RV,2023-05-14,543.42,125000,2,1,0.118
POL-38642865,CUST-677693,Business,2017-01-16,763.82,1154000,0,1,0.003
POL-46544270,CUST-734335,Renters,2023-04-04,24.73,67000,0,1,0.095
POL-52491260,CUST-642805,Home,2020-07-21,203.87,1381000,0,1,0.014
POL-55707438,CUST-261236,Auto,2018-06-22,118.19,412000,3,1,0.195
POL-82911191,CUST-768862,Health,2018-07-19,933.84,292000,0,1,0.098
POL-61448654,CUST-403350,Umbrella,2022-11-04,411.51,3495000,0,1,0.083
POL-93754040,CUST-596236,Umbrella,2018-08-12,451.2,4521000,0,1,0.001
POL-52821563,CUST-732582,Motorcycle,2017-02-12,146.5,20000,2,0,0.065
POL-32171352,CUST-928557,Umbrella,2016-03-27,421.02,1793000,0,1,0.082
POL-36745629,CUST-925426,Motorcycle,2018-03-07,56.55,19000,2,0,0.138
POL-39176757,CUST-699040,Auto,2024-08-22,318.95,181000,2,1,0.102
POL-93689878,CUST-761830,Life,2016-08-17,30.86,311000,0,1,0.114
POL-66234781,CUST-431256,Life,2019-03-10,71.4,268000,0,1,0.005
POL-16271298,CUST-386643,Health,2024-11-24,863.29,424000,0,1,0.126
POL-14123001,CUST-528896,Motorcycle,2016-10-17,123.77,81000,1,1,0.198
POL-55042162,CUST-472840,Umbrella,2021-01-14,484.3,4763000,0,1,0.215
POL-33925761,CUST-217445,Motorcycle,2018-04-19,120.39,17000,2,1,0.163
POL-5990830,CUST-484617,Boat,2024-02-07,462.89,175000,1,1,0.047
POL-9824132,CUST-669900,Auto,2015-12-13,161.57,466000,3,1,0.057
POL-51157834,CUST-360351,Umbrella,2023-05-09,578.9,1685000,0,1,0.14
POL-26092407,CUST-415943,Renters,2022-04-15,29.77,54000,0,1,0.188
POL-1441144,CUST-262779,Life,2016-02-19,59.82,190000,0,1,0.038
POL-95173737,CUST-961687,Health,2017-06-11,209.32,59000,0,1,0.1
POL-43904009,CUST-702855,Home,2017-10-25,250.87,1941000,0,1,0.005
POL-65063283,CUST-483767,Health,2023-05-23,453.64,296000,0,1,0.184
POL-11079489,CUST-575069,Home,2016-08-27,569.23,997000,0,1,0.091
POL-95775292,CUST-996166,Auto,2019-08-13,198.14,249000,2,1,0.152
POL-18824809,CUST-493656,Umbrella,2022-12-09,500.36,2322000,0,1,0.187
POL-21658249,CUST-178875,Life,2020-03-29,73.65,438000,0,1,0.02
POL-81468625,CUST-105397,Life,2015-10-20,184.29,820000,0,1,0.192
POL-39479427,CUST-130182,Boat,2018-07-05,302.38,40000,1,1,0.229
POL-99515262,CUST-409835,Life,2024-08-03,33.17,616000,0,1,0.017
POL-10413322,CUST-704005,Business,2018-05-11,2119.0,237000,0,1,0.179
POL-90916826,CUST-286525,Life,2015-09-07,140.84,189000,0,1,0.22
POL-59144114,CUST-375481,Auto,2018-02-07,198.62,486000,4,0,0.065
POL-29081281,CUST-749115,RV,2018-07-09,623.8,253000,1,1,0.119
POL-90602889,CUST-558155,Boat,2016-01-30,392.67,162000,2,1,0.197
POL-59332039,CUST-730587,Business,2019-03-04,2371.43,1634000,0,0,0.013
POL-85200126,CUST-850931,Umbrella,2016-04-21,455.93,1954000,0,1,0.23
POL-86035199,CUST-694723,Life,2024-05-22,163.01,542000,0,1,0.085
POL-52427912,CUST-723880,Home,2017-03-29,225.92,764000,0,1,0.201
POL-59590884,CUST-54961,Business,2020-09-26,2063.88,2979000,0,1,0.19
POL-6531664,CUST-809930,Renters,2015-07-28,39.94,76000,0,1,0.037
POL-27076822,CUST-973938,Health,2021-11-30,685.47,379000,0,1,0.143
POL-50283960,CUST-952900,Home,2019-09-28,656.1,309000,0,1,0.021
POL-26841625,CUST-95825,Auto,2019-07-21,112.19,265000,1,1,0.087
POL-56597298,CUST-29301,RV,2015-10-07,591.15,291000,1,1,0.223
POL-45247029,CUST-860384,Home,2015-09-28,418.09,204000,0,1,0.121
POL-91262622,CUST-701444,Auto,2018-10-05,295.44,143000,2,1,0.147
POL-29604115,CUST-925143,Business,2016-07-26,1734.5,3078000,0,1,0.08
POL-89135168,CUST-176037,Home,2017-02-19,445.79,462000,0,1,0.226
POL-5907259,CUST-435872,Motorcycle,2018-05-02,119.81,43000,2,1,0.045
POL-14453078,CUST-855244,Auto,2024-03-18,177.39,177000,2,1,0.094
POL-43309319,CUST-589356,Motorcycle,2021-01-21,111.5,100000,3,1,0.162
POL-83842238,CUST-217180,Health,2018-09-19,1108.77,438000,0,1,0.173
POL-53024581,CUST-984532,Health,2024-09-16,402.36,202000,0,1,0.111
POL-16214033,CUST-243697,Auto,2022-10-09,162.28,466000,4,1,0.145
POL-14211686,CUST-373897,Umbrella,2019-02-17,204.7,2949000,0,1,0.042
POL-23303091,CUST-15722,Umbrella,2020-12-29,445.54,2583000,0,1,0.171
POL-87777422,CUST-331601,Home,2022-05-02,528.45,1935000,0,1,0.197
POL-52235749,CUST-223103,Boat,2015-09-12,498.1,352000,1,1,0.159
POL-29540811,CUST-69223,Health,2023-04-19,359.96,363000,0,1,0.104
POL-87234140,CUST-654216,Renters,2020-03-25,21.47,75000,0,1,0.199
POL-5897385,CUST-70601,Life,2021-10-08,184.61,645000,0,1,0.105
POL-55176483,CUST-316181,Motorcycle,2019-03-19,71.91,21000,2,1,0.033
POL-13665188,CUST-747143,Umbrella,2023-12-29,429.08,4890000,0,1,0.148
POL-76397410,CUST-179787,Home,2024-08-12,149.94,1913000,0,0,0.192
POL-12716400,CUST-629006,Health,2019-10-12,242.04,360000,0,1,0.189
POL-84674464,CUST-730139,Business,2021-01-04,1304.45,3757000,0,1,0.167
POL-90986267,CUST-969464,Life,2022-02-07,138.01,231000,0,1,0.181
POL-44566533,CUST-183847,Life,2017-10-03,32.48,445000,0,1,0.166
POL-89438746,CUST-505550,Business,2020-11-25,1528.74,4724000,0,1,0.049
POL-44977061,CUST-18506,Home,2016-08-22,256.12,1229000,0,1,0.01
POL-60251890,CUST-400945,Renters,2025-06-12,35.09,39000,0,1,0.039
POL-85978796,CUST-777848,Home,2024-03-09,223.75,418000,0,1,0.207
POL-67567894,CUST-616005,Home,2019-06-13,360.48,721000,0,1,0.228
POL-31219836,CUST-22243,Home,2015-09-20,597.86,1229000,0,1,0.109
POL-41452961,CUST-247879,Motorcycle,2017-08-08,94.29,63000,3,1,0.026
POL-32688154,CUST-649871,Business,2022-10-13,719.47,2841000,0,1,0.134
POL-8042731,CUST-144237,Motorcycle,2016-11-04,67.12,50000,2,1,0.168
POL-66937935,CUST-311023,Auto,2021-11-12,294.55,118000,4,1,0.131
POL-20356881,CUST-394000,Health,2018-12-06,1031.91,323000,0,1,0.184
POL-86173002,CUST-39748,Motorcycle,2018-12-21,106.54,47000,4,1,0.194
POL-97349248,CUST-627127,Home,2019-07-18,517.06,1619000,0,1,0.074
POL-99221211,CUST-919949,Life,2023-01-16,44.56,198000,0,1,0.109
POL-18021013,CUST-291636,Life,2021-01-31,56.33,253000,0,1,0.076
POL-86382807,CUST-825198,Home,2020-11-23,131.83,442000,0,1,0.133
POL-69910371,CUST-830241,Home,2016-03-02,296.98,1118000,0,0,0.229
POL-86979318,CUST-852188,Business,2022-07-21,2044.97,1039000,0,1,0.216
POL-3180065,CUST-240134,Boat,2020-05-26,292.05,424000,2,1,0.149
POL-46000229,CUST-254016,Business,2021-02-16,1055.37,4520000,0,1,0.04
POL-72385198,CUST-56700,Health,2018-12-29,310.89,338000,0,1,0.055
POL-92254533,CUST-730100,Motorcycle,2019-09-20,80.67,13000,2,1,0.016
POL-81612860,CUST-915098,Umbrella,2019-04-12,574.5,4137000,0,1,0.084
POL-69990777,CUST-337260,RV,2021-12-25,577.22,279000,1,1,0.158
POL-59372673,CUST-660374,Umbrella,2018-08-13,523.85,2133000,0,1,0.132
POL-8672730,CUST-912121,Health,2015-08-06,749.83,51000,0,0,0.138
POL-9393216,CUST-999986,Life,2023-11-09,186.86,933000,0,1,0.043
POL-6993664,CUST-665181,Business,2018-10-07,2034.61,624000,0,1,0.1
POL-27409946,CUST-131660,Motorcycle,2017-11-25,49.68,70000,4,0,0.214
POL-23310374,CUST-621418,Life,2017-01-20,172.67,983000,0,1,0.218
POL-27430524,CUST-247789,Business,2024-10-30,2285.91,1810000,0,1,0.121
POL-10491063,CUST-446944,Home,2024-02-16,453.96,1432000,0,1,0.158
POL-41803852,CUST-172132,RV,2023-06-10,939.14,247000,2,1,0.114
POL-32873271,CUST-444613,Health,2018-11-08,634.05,210000,0,0,0.027
POL-81315976,CUST-261063,Home,2018-06-30,232.91,1492000,0,1,0.039
POL-38299416,CUST-604422,Health,2020-08-25,916.9,130000,0,1,0.135
POL-85309294,CUST-211184,RV,2023-02-13,811.76,109000,2,1,0.115
POL-64581639,CUST-83902,Business,2020-02-13,1956.65,631000,0,1,0.081
POL-53451468,CUST-396065,Auto,2021-08-11,189.64,495000,4,1,0.024
POL-63178094,CUST-462816,Auto,2018-05-07,194.07,355000,3,1,0.042
POL-67819218,CUST-638996,RV,2022-09-07,665.85,274000,2,1,0.019
POL-20921653,CUST-859416,Life,2022-11-13,106.74,516000,0,0,0.029
POL-2658997,CUST-798940,RV,2023-09-11,786.36,142000,2,1,0.133
POL-57364292,CUST-895528,Health,2021-12-25,741.02,207000,0,1,0.124
POL-40296396,CUST-624094,Auto,2016-11-28,347.48,456000,2,1,0.094
POL-20508295,CUST-579707,Motorcycle,2024-08-19,94.06,32000,3,1,0.024
POL-34533110,CUST-398930,Umbrella,2018-06-25,379.29,2292000,0,1,0.148
POL-41050127,CUST-475637,Life,2023-05-20,85.1,284000,0,1,0.168
POL-50351362,CUST-589448,Auto,2020-04-23,286.28,412000,3,1,0.145
POL-9655576,CUST-349421,Business,2023-09-03,544.95,2349000,0,1,0.036
POL-95947337,CUST-492053,Business,2017-10-26,1324.01,2654000,0,1,0.109
POL-20766764,CUST-960633,Business,2018-10-28,1292.71,281000,0,1,0.138
POL-561104,CUST-13457,Business,2018-09-20,1414.57,4278000,0,1,0.088
POL-98028419,CUST-760579,Business,2024-01-05,2201.22,2484000,0,1,0.019
POL-65961801,CUST-424206,RV,2021-11-10,435.48,209000,2,1,0.116
POL-52968985,CUST-778246,Renters,2022-07-26,44.36,78000,0,0,0.086
POL-51544630,CUST-513331,Motorcycle,2021-11-03,117.97,80000,1,0,0.073
POL-86040102,CUST-616886,Business,2020-09-23,1567.41,2325000,0,1,0.002
POL-54866540,CUST-927989,Business,2016-09-14,833.33,4418000,0,1,0.219
POL-16707088,CUST-403519,Umbrella,2016-02-26,585.94,1496000,0,1,0.247
POL-21791910,CUST-203663,Life,2025-02-11,94.73,531000,0,1,0.1
POL-34260204,CUST-808735,RV,2022-12-01,721.28,66000,1,1,0.045
POL-68398476,CUST-743575,RV,2021-06-03,883.49,144000,1,1,0.0
POL-85225538,CUST-721933,RV,2023-10-22,701.19,100000,1,1,0.076
POL-93476663,CUST-60507,RV,2021-10-03,685.75,212000,2,1,0.214
POL-56913730,CUST-771399,Home,2022-01-18,487.33,972000,0,0,0.059
POL-32528051,CUST-500931,Life,2019-09-10,186.95,519000,0,1,0.229
POL-48508204,CUST-661601,Auto,2016-01-30,80.17,49000,3,1,0.19
POL-93613029,CUST-698011,Motorcycle,2015-12-22,42.22,88000,3,1,0.004
POL-35075212,CUST-634845,Umbrella,2018-01-03,354.96,1407000,0,1,0.192
POL-91411196,CUST-154525,Health,2023-03-30,1025.47,334000,0,1,0.224
POL-33207452,CUST-631399,Renters,2019-10-27,30.12,85000,0,1,0.19
POL-88933292,CUST-882393,Auto,2025-05-01,256.48,303000,4,1,0.22
POL-1655896,CUST-122400,Auto,2018-03-29,88.43,356000,2,1,0.222
POL-86489553,CUST-746176,Home,2017-01-23,133.32,669000,0,0,0.076
POL-53373950,CUST-740367,Renters,2022-01-12,19.6,88000,0,0,0.098
POL-10784168,CUST-543725,Renters,2025-06-19,38.28,65000,0,1,0.232
POL-56766698,CUST-173878,Umbrella,2018-09-15,265.93,4943000,0,1,0.035
POL-33939802,CUST-725443,Life,2022-10-03,45.45,411000,0,1,0.109
POL-67195678,CUST-559102,Boat,2020-08-19,282.16,248000,1,1,0.214
POL-78662295,CUST-322939,Home,2022-01-02,526.29,796000,0,1,0.233
POL-97663808,CUST-911650,Renters,2022-06-30,30.39,14000,0,1,0.077
POL-14666517,CUST-667083,Motorcycle,2017-01-02,66.43,48000,3,1,0.056
POL-46223620,CUST-853779,Motorcycle,2025-03-27,69.15,23000,2,1,0.078
POL-36107432,CUST-785100,Boat,2017-12-02,698.26,97000,2,1,0.087
POL-53414658,CUST-732964,Home,2019-01-21,216.36,1838000,0,1,0.149
POL-861718,CUST-176578,Auto,2020-09-25,280.08,232000,2,1,0.237
POL-211873,CUST-101576,Home,2023-11-10,750.51,1734000,0,1,0.231
POL-93458046,CUST-438136,Life,2016-09-05,135.83,536000,0,1,0.106
POL-55947629,CUST-686315,Renters,2024-06-04,33.76,82000,0,1,0.154
POL-98387263,CUST-451883,RV,2020-05-25,524.69,227000,2,1,0.043
POL-23676181,CUST-392850,Business,2018-05-25,1837.19,1529000,0,1,0.087
POL-94495615,CUST-140857,Umbrella,2018-08-31,240.56,1485000,0,0,0.082
POL-65293067,CUST-190824,Umbrella,2018-11-11,445.98,2882000,0,1,0.084
POL-14795927,CUST-472552,Auto,2024-01-17,222.86,359000,1,1,0.15
POL-28531115,CUST-194655,Renters,2025-02-20,30.69,50000,0,1,0.058
POL-7916438,CUST-786343,Umbrella,2018-11-29,455.45,2496000,0,1,0.074
POL-25754346,CUST-271950,RV,2018-08-08,812.26,274000,2,1,0.197
POL-59153839,CUST-657286,Boat,2022-06-13,271.45,329000,2,1,0.245
POL-85420677,CUST-174195,Boat,2017-05-08,319.66,177000,1,1,0.058
POL-39342650,CUST-89870,RV,2016-11-06,674.02,108000,1,1,0.054
POL-16734478,CUST-290206,Home,2021-12-02,711.69,244000,0,1,0.06
POL-45922853,CUST-31107,RV,2016-08-02,942.91,98000,2,0,0.128
POL-31511655,CUST-501111,RV,2025-06-16,674.46,96000,1,1,0.044
POL-90302303,CUST-797477,RV,2023-09-30,632.65,53000,2,1,0.109
POL-1275951,CUST-64022,Umbrella,2017-03-17,473.71,2315000,0,1,0.111
POL-969945,CUST-697640,Renters,2020-01-08,29.3,97000,0,1,0.082
POL-5618266,CUST-101546,Health,2025-05-27,682.63,472000,0,1,0.013
POL-70106555,CUST-830248,RV,2019-01-31,695.17,78000,2,1,0.12
POL-50421010,CUST-632275,Renters,2015-08-14,24.77,60000,0,1,0.184
POL-35679876,CUST-977407,Boat,2024-05-04,645.38,110000,2,1,0.016
POL-63516094,CUST-793679,Renters,2023-10-05,22.86,62000,0,1,0.151
POL-81117376,CUST-450314,Renters,2021-03-24,46.1,92000,0,1,0.065
POL-49765936,CUST-714982,Umbrella,2021-03-21,221.06,3464000,0,1,0.198
POL-42308622,CUST-856526,Auto,2021-04-30,110.28,304000,3,1,0.144
POL-48480869,CUST-697385,RV,2019-07-27,934.14,268000,2,1,0.176
POL-50792779,CUST-640479,RV,2022-04-10,716.12,224000,2,0,0.043
POL-47785434,CUST-915488,Renters,2016-06-19,28.65,77000,0,1,0.074
POL-13445578,CUST-3234,Business,2021-02-10,1948.39,4989000,0,1,0.043
POL-93725349,CUST-421326,Umbrella,2023-04-08,529.55,4732000,0,1,0.159
POL-3446768,CUST-631147,Business,2017-11-08,1197.06,4461000,0,1,0.13
POL-71219864,CUST-293042,Home,2017-08-01,689.81,208000,0,1,0.018
POL-49449823,CUST-473870,Business,2019-09-21,1425.52,4620000,0,1,0.224
POL-69110587,CUST-433194,Home,2023-07-30,674.0,728000,0,1,0.047
POL-419981,CUST-669068,Business,2018-09-09,2314.61,3890000,0,1,0.116
POL-2232081,CUST-664563,Umbrella,2020-12-21,500.25,3219000,0,1,0.241
POL-6141035,CUST-846785,Umbrella,2021-08-15,524.35,4313000,0,1,0.231
POL-90990146,CUST-465888,Motorcycle,2021-01-11,89.56,31000,4,0,0.026
POL-81438353,CUST-508072,Life,2019-06-20,152.07,719000,0,1,0.132
POL-99214366,CUST-642349,Umbrella,2022-04-20,500.79,4561000,0,1,0.194
POL-46752592,CUST-448702,Business,2016-11-16,991.52,4225000,0,1,0.02
POL-88360765,CUST-898734,Umbrella,2023-08-05,430.58,4722000,0,1,0.184
POL-98553090,CUST-403553,Business,2017-03-15,1813.38,4905000,0,1,0.042
POL-81493489,CUST-204553,Home,2020-06-29,411.71,1310000,0,1,0.079
POL-69800523,CUST-918797,RV,2017-12-05,903.01,292000,2,1,0.055
POL-96189232,CUST-529149,Umbrella,2025-03-22,235.77,4477000,0,1,0.186
POL-17161260,CUST-522112,RV,2016-01-13,825.6,248000,2,0,0.003
POL-40446284,CUST-872786,Umbrella,2016-12-22,278.06,3824000,0,1,0.187
POL-62653244,CUST-176216,Home,2024-10-29,185.3,606000,0,1,0.02
POL-15526124,CUST-505590,Health,2023-02-01,1158.53,329000,0,1,0.143
POL-32333267,CUST-255177,Boat,2024-09-09,384.42,364000,2,1,0.061
POL-22875131,CUST-789842,Motorcycle,2019-02-04,35.07,18000,3,1,0.199
POL-14155900,CUST-456018,RV,2017-01-05,802.03,61000,2,1,0.22
POL-21506414,CUST-974130,Renters,2015-12-28,22.43,70000,0,1,0.017
POL-51471131,CUST-803533,Umbrella,2021-01-17,573.07,4335000,0,1,0.124
POL-29578370,CUST-754109,Motorcycle,2020-04-06,120.9,28000,4,1,0.173
POL-89379971,CUST-499439,RV,2019-11-16,804.44,155000,1,1,0.06
POL-89318726,CUST-142350,Business,2017-08-02,620.71,160000,0,1,0.136
POL-85033398,CUST-760652,Motorcycle,2024-08-02,40.84,93000,3,1,0.062
POL-12138886,CUST-834184,Umbrella,2023-11-11,544.31,4441000,0,1,0.146
POL-30038761,CUST-977042,Business,2021-02-25,871.87,3008000,0,1,0.029
POL-80621827,CUST-67808,Motorcycle,2025-04-16,64.82,61000,1,1,0.21
POL-50601468,CUST-954379,Health,2021-05-01,671.54,145000,0,1,0.214
POL-87767609,CUST-673292,RV,2021-12-26,716.15,251000,2,1,0.086
POL-58648080,CUST-847718,Health,2025-01-19,494.99,323000,0,1,0.202
POL-30004485,CUST-271679,Renters,2019-06-19,17.4,100000,0,1,0.009
POL-39054205,CUST-91939,Home,2017-06-17,536.42,1561000,0,1,0.237
POL-11964091,CUST-356765,Health,2017-05-22,534.76,479000,0,1,0.075
POL-99940902,CUST-987766,Renters,2018-09-11,16.5,59000,0,0,0.009
POL-76885150,CUST-385600,RV,2017-06-20,682.8,85000,2,0,0.002
POL-42060116,CUST-398663,Life,2017-08-29,110.16,269000,0,1,0.233
POL-98907445,CUST-1760,RV,2025-04-22,910.65,119000,2,1,0.113
POL-8306055,CUST-618722,RV,2020-10-12,828.48,110000,2,1,0.232
POL-25482265,CUST-888268,Business,2024-08-09,1323.52,477000,0,1,0.101
POL-56867849,CUST-335169,Business,2022-02-04,1753.39,130000,0,1,0.043
POL-91174393,CUST-979291,RV,2021-09-14,834.47,123000,2,1,0.218
POL-69759849,CUST-695984,Umbrella,2017-08-22,244.75,3965000,0,1,0.208
POL-14305720,CUST-414515,Umbrella,2019-04-10,415.06,4744000,0,1,0.211
POL-72248455,CUST-893766,Home,2015-08-26,417.46,1963000,0,1,0.16
POL-42402900,CUST-151729,Motorcycle,2023-05-01,126.73,83000,1,1,0.189
POL-29380829,CUST-524112,Renters,2020-07-17,42.15,15000,0,1,0.237
POL-19787096,CUST-630682,Business,2023-04-01,1507.75,4485000,0,0,0.127
POL-19578433,CUST-783349,Health,2020-04-24,748.38,282000,0,1,0.09
POL-80380354,CUST-335690,RV,2016-01-29,455.71,111000,1,1,0.19
POL-67428032,CUST-722049,Boat,2020-09-30,208.35,157000,1,1,0.002
POL-36702178,CUST-888845,Auto,2017-08-05,248.13,84000,3,1,0.206
POL-64194023,CUST-661732,Motorcycle,2025-04-04,146.32,34000,2,1,0.087
POL-66441201,CUST-305654,Life,2019-03-01,194.73,325000,0,1,0.212
POL-7893691,CUST-849566,Health,2021-11-25,1094.44,370000,0,1,0.163
POL-20495346,CUST-868100,Boat,2021-02-28,477.1,29000,2,1,0.017
POL-98335705,CUST-979823,Auto,2019-01-28,270.96,284000,3,1,0.054
POL-94007091,CUST-771464,Renters,2019-04-28,27.99,41000,0,1,0.161
POL-24027688,CUST-898397,Auto,2016-05-21,247.77,400000,3,1,0.159
POL-97629366,CUST-410840,Life,2023-10-15,50.23,341000,0,1,0.116
POL-88483078,CUST-956695,Business,2020-07-31,1960.38,4781000,0,1,0.186
POL-2894515,CUST-574559,Renters,2018-03-15,45.29,85000,0,1,0.046
POL-45286423,CUST-442957,Umbrella,2022-03-02,231.25,3080000,0,1,0.198
POL-46748995,CUST-794520,Life,2023-07-19,75.68,328000,0,1,0.173
POL-52487600,CUST-75312,Health,2022-02-24,372.39,102000,0,1,0.207
POL-97543351,CUST-296788,Auto,2024-06-21,89.57,185000,4,1,0.025
POL-93466046,CUST-967902,Motorcycle,2020-04-18,55.81,72000,1,1,0.1
POL-94101212,CUST-897845,Life,2018-10-24,34.82,209000,0,1,0.008
POL-52851244,CUST-102046,Umbrella,2024-10-25,511.77,1992000,0,1,0.201
POL-43408507,CUST-788808,Life,2017-09-20,37.26,428000,0,1,0.24
POL-7264306,CUST-891090,Business,2025-05-14,562.35,2943000,0,1,0.151
POL-61408972,CUST-686433,Auto,2020-08-31,96.18,284000,2,1,0.239
POL-77464756,CUST-144243,Business,2018-04-12,2431.39,318000,0,1,0.054
POL-93409569,CUST-505876,Boat,2023-01-04,253.69,420000,1,1,0.043
POL-19437798,CUST-219955,Home,2020-06-11,176.41,1234000,0,1,0.142
POL-26260378,CUST-771037,RV,2019-03-16,630.83,70000,2,1,0.046
POL-48617120,CUST-761221,Auto,2015-08-25,297.15,158000,3,1,0.177
POL-13683207,CUST-711267,Renters,2025-04-15,41.02,25000,0,0,0.028
POL-50540462,CUST-996564,Life,2018-01-02,120.75,122000,0,1,0.002
POL-91193599,CUST-882544,Renters,2022-10-04,25.72,63000,0,1,0.245
POL-7560687,CUST-100713,Health,2018-05-10,959.58,204000,0,1,0.233
POL-63602527,CUST-188358,Life,2021-07-17,57.14,201000,0,1,0.099
POL-15750026,CUST-540472,Life,2016-05-21,84.91,275000,0,0,0.067
POL-79643778,CUST-454894,Home,2021-04-02,199.34,1636000,0,0,0.166
POL-84150830,CUST-757649,Auto,2018-01-08,237.5,185000,4,1,0.119
POL-32883478,CUST-35644,Life,2022-05-14,90.77,74000,0,1,0.046
POL-32327067,CUST-415912,Umbrella,2017-07-07,326.32,1942000,0,0,0.118
POL-40626311,CUST-721403,Home,2023-10-22,556.08,1364000,0,1,0.18
POL-87616925,CUST-781399,Auto,2018-06-05,342.04,380000,2,1,0.086
POL-92851132,CUST-833958,Umbrella,2021-11-17,433.74,2471000,0,1,0.009
POL-62233240,CUST-906908,Home,2017-01-06,174.41,1500000,0,1,0.239
POL-36938871,CUST-663049,RV,2021-12-29,707.01,271000,1,1,0.107
POL-49301266,CUST-12166,Motorcycle,2023-01-24,149.2,47000,4,1,0.139
POL-15653496,CUST-86651,RV,2017-07-14,772.13,83000,1,1,0.25
POL-65661787,CUST-672566,Auto,2017-07-27,215.05,166000,3,1,0.006
POL-30190270,CUST-24145,Health,2024-03-01,638.32,395000,0,1,0.022
POL-76904329,CUST-600446,Business,2025-06-23,719.07,373000,0,1,0.155
POL-36738721,CUST-727424,Business,2023-08-26,761.26,3767000,0,1,0.013
POL-79574873,CUST-189893,Business,2017-02-06,1973.95,4538000,0,0,0.192
POL-64987079,CUST-675908,Health,2022-01-09,593.04,433000,0,1,0.208
POL-40045650,CUST-599180,Umbrella,2022-11-14,591.86,2169000,0,1,0.127
POL-13346779,CUST-341027,Renters,2017-08-16,30.72,15000,0,1,0.029
POL-95800338,CUST-953030,Business,2016-07-28,2430.93,3541000,0,1,0.108
POL-24815495,CUST-425019,Life,2024-08-20,150.02,60000,0,1,0.249
POL-52854477,CUST-583071,Health,2015-10-30,943.48,308000,0,1,0.186
POL-71147161,CUST-512295,Auto,2024-08-14,177.01,197000,1,1,0.19
POL-69645728,CUST-877809,Auto,2016-07-31,96.46,35000,4,1,0.073
POL-72340910,CUST-748420,Motorcycle,2025-06-10,84.41,88000,1,1,0.001
POL-27845315,CUST-690573,RV,2017-08-09,700.22,254000,1,1,0.03
POL-24248334,CUST-903876,Auto,2017-06-28,86.25,474000,1,1,0.188
POL-714575,CUST-581667,Life,2018-07-22,168.57,196000,0,1,0.05
POL-42184106,CUST-129022,Boat,2023-02-07,645.3,330000,2,1,0.154
POL-17289389,CUST-603016,Motorcycle,2016-02-28,31.07,54000,3,1,0.211
POL-87595925,CUST-169041,Home,2019-01-01,759.96,1917000,0,0,0.106
POL-75496963,CUST-269232,Renters,2016-12-26,28.6,15000,0,1,0.23
POL-11356205,CUST-130775,Business,2016-02-02,1530.1,1938000,0,1,0.03
POL-40074450,CUST-381219,Home,2024-02-08,606.11,612000,0,0,0.021
POL-23032191,CUST-443601,Home,2024-10-02,466.37,279000,0,1,0.166
POL-33331239,CUST-315201,RV,2015-06-30,752.03,232000,2,1,0.035
POL-69718468,CUST-948562,Business,2016-04-11,2425.71,2692000,0,1,0.005
POL-88470632,CUST-560046,Renters,2020-06-26,43.17,97000,0,1,0.091
POL-18771026,CUST-605103,Umbrella,2023-01-23,505.06,2165000,0,1,0.007
POL-93294943,CUST-328137,Umbrella,2023-11-02,350.02,3411000,0,1,0.063
POL-47260360,CUST-635617,Business,2024-05-20,2281.14,2393000,0,1,0.108
POL-68530276,CUST-220032,Life,2024-08-25,150.32,150000,0,1,0.034
POL-88934947,CUST-859584,Auto,2017-03-06,298.73,395000,1,1,0.038
POL-31823071,CUST-38518,Life,2016-04-02,139.21,588000,0,1,0.231
POL-19014267,CUST-314267,Renters,2018-09-10,48.89,30000,0,0,0.098
POL-18013093,CUST-631394,Auto,2019-02-26,223.34,288000,1,1,0.172
POL-28996393,CUST-620529,Life,2024-11-19,106.82,878000,0,0,0.159
POL-37231423,CUST-134733,Health,2021-08-08,611.59,134000,0,0,0.056
POL-9980384,CUST-576558,Boat,2022-09-03,210.44,179000,1,1,0.024
POL-34987131,CUST-400327,RV,2019-10-31,965.29,195000,2,1,0.029
POL-53695060,CUST-478221,Motorcycle,2018-04-09,142.59,92000,2,1,0.244
POL-34115380,CUST-709388,Umbrella,2016-11-28,425.78,2203000,0,1,0.223
POL-93216275,CUST-150202,Home,2022-09-23,718.36,228000,0,1,0.043
POL-27348593,CUST-73985,Auto,2024-08-10,151.42,239000,1,1,0.032
POL-84975906,CUST-730650,Health,2020-01-28,722.37,290000,0,1,0.022
POL-95891180,CUST-390219,Life,2018-10-08,60.09,998000,0,1,0.184
POL-88223735,CUST-679237,Motorcycle,2025-01-30,38.24,22000,2,1,0.226
POL-81194302,CUST-172011,RV,2024-03-11,800.73,53000,2,1,0.109
POL-20601268,CUST-331727,Umbrella,2022-08-19,289.76,4418000,0,1,0.183
POL-50860721,CUST-27168,Renters,2022-11-14,25.92,16000,0,0,0.076
POL-10405175,CUST-283246,Life,2019-09-14,181.42,511000,0,1,0.055
POL-71332718,CUST-115333,Renters,2017-08-12,28.4,13000,0,1,0.022
POL-54597257,CUST-69163,Health,2024-10-27,206.84,312000,0,1,0.2
POL-85923168,CUST-93296,Health,2021-02-04,1164.04,212000,0,1,0.037
POL-44763940,CUST-815866,Health,2021-08-31,549.72,271000,0,1,0.25
POL-19640030,CUST-911060,RV,2020-02-21,418.35,296000,2,1,0.187
POL-36728250,CUST-10342,Life,2019-05-02,169.56,751000,0,0,0.099
POL-50621018,CUST-233020,Auto,2017-02-27,217.53,469000,4,1,0.097
POL-14093227,CUST-820755,Umbrella,2021-12-07,572.75,4285000,0,1,0.038
POL-23586265,CUST-552049,Life,2017-08-05,73.31,130000,0,0,0.155
POL-79031028,CUST-861240,Boat,2020-09-15,730.32,239000,2,1,0.211
POL-12823236,CUST-554654,Business,2023-10-28,1086.9,4018000,0,1,0.166
POL-94013550,CUST-599951,Business,2021-06-05,620.18,1842000,0,1,0.009
POL-74026745,CUST-284220,Home,2020-04-16,664.39,736000,0,1,0.121
POL-6437523,CUST-179041,Renters,2017-03-06,49.07,26000,0,1,0.216
POL-52286305,CUST-189448,Health,2020-11-25,507.6,211000,0,1,0.22
POL-99495217,CUST-710737,Motorcycle,2021-05-13,95.72,24000,2,1,0.198
POL-74044121,CUST-623501,Motorcycle,2024-07-15,131.22,89000,3,1,0.064
POL-64003316,CUST-621082,Life,2022-05-05,28.01,469000,0,1,0.069
POL-34770583,CUST-9958,Renters,2017-08-30,37.5,22000,0,1,0.025
POL-95727125,CUST-163044,Business,2024-03-25,1486.12,1741000,0,1,0.02
POL-19148862,CUST-397201,Life,2017-08-23,106.13,53000,0,1,0.107
POL-98706720,CUST-280357,Renters,2025-02-23,22.89,99000,0,1,0.072
POL-97364126,CUST-670242,RV,2016-05-23,864.4,240000,1,1,0.069
POL-94959366,CUST-815297,Motorcycle,2021-10-16,94.42,63000,4,1,0.194
POL-91028506,CUST-638271,Umbrella,2019-09-24,538.7,4425000,0,1,0.011
POL-94863313,CUST-480024,Home,2022-08-10,212.7,1942000,0,1,0.049
POL-58916214,CUST-371197,Renters,2018-08-10,17.88,34000,0,1,0.007
POL-67408068,CUST-300752,Motorcycle,2023-06-20,36.11,90000,4,1,0.236
POL-57413657,CUST-545883,Boat,2020-03-08,285.37,399000,2,1,0.015
POL-40961563,CUST-666511,Life,2019-05-21,35.93,783000,0,1,0.149
POL-41025192,CUST-426261,RV,2016-12-21,879.65,213000,1,1,0.202
POL-12098465,CUST-665506,Auto,2020-10-24,333.36,135000,3,0,0.119
POL-10293588,CUST-765411,Home,2016-11-04,268.49,1673000,0,1,0.187
POL-12567290,CUST-173133,Business,2019-07-30,2145.27,4754000,0,1,0.195
POL-7705644,CUST-88693,Home,2025-04-12,719.24,1689000,0,1,0.232
POL-74378065,CUST-974744,Umbrella,2020-05-10,473.5,3587000,0,0,0.248
POL-1435415,CUST-994466,RV,2023-11-17,480.86,203000,2,1,0.159
POL-90869839,CUST-533392,RV,2022-09-15,530.06,146000,1,1,0.019
POL-64378331,CUST-521986,Boat,2017-10-24,404.44,202000,1,1,0.006
POL-91955499,CUST-709649,Life,2024-04-03,122.67,759000,0,1,0.111
POL-93668130,CUST-130748,Auto,2024-07-20,207.35,434000,4,1,0.014
POL-1865661,CUST-646223,Health,2022-05-23,667.95,268000,0,1,0.007
POL-978481,CUST-748851,RV,2018-09-23,377.75,211000,2,0,0.039
POL-94300263,CUST-560280,Health,2022-09-21,876.85,447000,0,1,0.247
POL-32779491,CUST-774879,Renters,2021-05-13,31.84,26000,0,1,0.121
POL-91815408,CUST-638785,Health,2024-06-23,240.32,270000,0,1,0.027
POL-81520297,CUST-470445,Auto,2016-03-19,129.16,175000,1,1,0.179
POL-90532832,CUST-975370,Umbrella,2018-05-12,513.75,2953000,0,1,0.125
POL-30208193,CUST-183305,Auto,2024-05-26,125.82,160000,3,1,0.192
POL-49264742,CUST-880184,Health,2016-10-08,1076.34,148000,0,1,0.206
POL-68945564,CUST-370453,Motorcycle,2017-10-05,100.21,60000,4,1,0.212
POL-56736822,CUST-519577,Renters,2016-05-11,28.94,72000,0,1,0.2
POL-22881970,CUST-391416,Umbrella,2021-12-10,226.52,3599000,0,1,0.061
POL-45360034,CUST-958445,Umbrella,2017-06-02,478.79,4941000,0,1,0.036
POL-72359410,CUST-892104,Umbrella,2019-09-28,221.97,1484000,0,1,0.224
POL-38931830,CUST-313710,Life,2017-07-01,92.97,55000,0,1,0.002
POL-39398948,CUST-277611,Health,2023-09-18,563.98,476000,0,1,0.192
POL-299883,CUST-773876,Life,2019-02-12,74.36,272000,0,1,0.174
POL-52830980,CUST-228026,Business,2025-03-03,1576.39,1963000,0,1,0.072
POL-86298460,CUST-540571,Renters,2020-09-05,32.62,39000,0,1,0.075
POL-62150455,CUST-935847,Home,2016-02-05,617.01,1360000,0,1,0.019
POL-7717080,CUST-373024,Auto,2023-10-19,165.43,145000,1,1,0.092
POL-82615071,CUST-482716,Home,2015-08-05,363.94,1609000,0,1,0.202
POL-40043946,CUST-371083,RV,2021-01-30,992.41,233000,2,1,0.199
POL-691813,CUST-366709,Health,2017-04-25,867.75,372000,0,1,0.058
POL-53964665,CUST-371754,RV,2018-08-29,363.5,51000,2,1,0.03
POL-13601326,CUST-451730,Renters,2015-08-24,46.92,65000,0,1,0.248
POL-26513965,CUST-88860,Boat,2023-11-12,503.34,449000,2,1,0.031
POL-69030673,CUST-942155,Boat,2024-06-29,348.07,202000,2,1,0.229
POL-55125778,CUST-129858,Home,2018-02-09,195.77,1716000,0,1,0.112
POL-927505,CUST-163190,Boat,2023-10-14,397.71,77000,1,1,0.093
POL-30345988,CUST-493563,Business,2019-10-01,1495.5,926000,0,1,0.065
POL-50238966,CUST-313823,Motorcycle,2022-03-21,132.49,94000,1,1,0.203
POL-57491018,CUST-935532,Boat,2021-09-10,296.47,410000,2,1,0.074
POL-71998064,CUST-850965,Renters,2018-08-05,30.23,58000,0,1,0.106
POL-14588794,CUST-459876,Boat,2020-01-29,481.14,44000,2,1,0.025
POL-21721032,CUST-146668,Boat,2022-12-20,322.14,459000,2,1,0.096
POL-58245146,CUST-6092,Renters,2021-07-06,41.41,73000,0,1,0.16
POL-95189821,CUST-208105,Health,2021-08-09,681.15,429000,0,1,0.024
POL-25443261,CUST-298739,Umbrella,2017-05-17,322.76,1957000,0,1,0.194
POL-17942270,CUST-413711,Boat,2016-03-06,377.9,63000,2,1,0.081
POL-99847787,CUST-347302,Boat,2022-08-28,603.03,226000,1,1,0.043
POL-21516779,CUST-698566,Renters,2016-01-12,41.97,62000,0,1,0.101
POL-64329883,CUST-697557,Life,2018-11-17,181.36,245000,0,1,0.208
POL-15944033,CUST-441550,Auto,2020-01-06,201.15,250000,3,1,0.111
POL-73836349,CUST-519640,Motorcycle,2023-10-24,111.98,29000,4,0,0.215
POL-43605688,CUST-787574,Health,2017-08-29,1143.08,159000,0,1,0.242
POL-67358318,CUST-761260,Motorcycle,2022-04-18,87.11,28000,3,1,0.054
POL-17638581,CUST-115063,RV,2022-02-09,601.87,182000,2,1,0.102
POL-2839001,CUST-132250,Auto,2017-04-30,295.28,296000,4,1,0.058
POL-46187078,CUST-524288,Auto,2018-02-20,267.36,434000,3,1,0.065
POL-91863668,CUST-247993,Umbrella,2015-09-22,515.28,3883000,0,1,0.209
POL-91041269,CUST-870145,Life,2016-05-18,108.0,656000,0,1,0.021
POL-57668666,CUST-626090,Umbrella,2021-04-24,438.47,2885000,0,1,0.064
POL-58294586,CUST-503518,Auto,2015-08-18,164.85,382000,3,1,0.014
POL-37879379,CUST-509533,Boat,2020-06-01,500.11,487000,2,1,0.085
POL-57572954,CUST-259781,Renters,2016-11-24,20.56,20000,0,1,0.216
POL-97878086,CUST-536073,Health,2018-02-01,1031.17,326000,0,1,0.211
POL-33482865,CUST-294795,Boat,2018-09-03,326.03,236000,1,1,0.052
POL-35370495,CUST-735005,Auto,2017-06-13,270.66,117000,2,1,0.027
POL-89433358,CUST-860471,Home,2019-09-14,685.14,1841000,0,1,0.222
POL-26630469,CUST-496912,Motorcycle,2022-10-17,102.81,74000,1,1,0.014
POL-94106082,CUST-765939,Renters,2017-03-31,20.52,81000,0,1,0.072
POL-82020513,CUST-189989,RV,2024-01-15,582.9,195000,1,1,0.044
POL-79349010,CUST-659457,Home,2018-09-14,684.88,1313000,0,1,0.146
POL-30787425,CUST-126312,Life,2018-01-09,57.76,992000,0,1,0.103
POL-53859314,CUST-40230,Business,2017-09-29,2089.43,217000,0,1,0.245
POL-25793612,CUST-974230,Renters,2020-02-25,21.45,62000,0,1,0.207
POL-57217417,CUST-18519,Auto,2017-12-24,194.02,38000,1,1,0.221
POL-12205146,CUST-906336,Auto,2018-11-21,328.83,448000,1,1,0.049
POL-51050068,CUST-427082,Auto,2016-05-11,319.81,384000,1,0,0.073
POL-41130478,CUST-734169,Health,2024-06-04,408.68,267000,0,1,0.046
POL-29766168,CUST-352508,Renters,2019-06-07,28.19,39000,0,1,0.216
POL-64316496,CUST-64329,Boat,2022-09-28,295.95,171000,2,1,0.06
POL-57320744,CUST-675149,RV,2024-03-02,303.73,108000,1,1,0.189
POL-40841111,CUST-115400,Umbrella,2016-05-15,304.04,1655000,0,1,0.154
POL-48798364,CUST-294184,Business,2020-01-28,2135.25,4714000,0,1,0.175
POL-95507402,CUST-438382,Health,2021-06-19,938.16,168000,0,1,0.175
POL-42928316,CUST-938586,Boat,2019-09-11,308.11,477000,1,1,0.143
POL-24394290,CUST-42875,Motorcycle,2016-04-20,56.67,95000,1,1,0.193
POL-6996855,CUST-692511,Motorcycle,2015-07-03,37.14,66000,4,1,0.161
POL-28451145,CUST-299176,Life,2020-12-18,104.38,224000,0,1,0.076
POL-37602351,CUST-952612,Health,2023-07-11,788.11,189000,0,1,0.157
POL-57835429,CUST-193818,Umbrella,2017-03-17,209.36,4032000,0,1,0.215
POL-65939337,CUST-381242,Motorcycle,2019-10-14,66.16,10000,4,1,0.248
POL-40850064,CUST-116946,Motorcycle,2021-03-07,131.58,13000,2,1,0.003
POL-89784619,CUST-14325,Home,2017-02-21,495.53,1867000,0,1,0.149
POL-17489655,CUST-347300,Life,2024-11-17,57.58,132000,0,0,0.194
POL-99494541,CUST-849383,Renters,2021-08-17,45.87,41000,0,1,0.07
POL-99714647,CUST-816639,RV,2021-08-22,700.7,59000,1,1,0.039
POL-81163313,CUST-389642,Health,2024-06-28,447.27,141000,0,1,0.042
POL-87274855,CUST-289351,Umbrella,2019-07-19,226.89,1646000,0,1,0.226
POL-78427071,CUST-402704,Umbrella,2019-01-25,337.62,1249000,0,1,0.221
POL-14276138,CUST-136823,Health,2016-12-23,1189.31,199000,0,1,0.179
POL-5508152,CUST-615054,Auto,2017-07-16,141.03,237000,3,1,0.052
POL-25894291,CUST-738889,Health,2018-09-25,955.05,179000,0,1,0.041
POL-13238889,CUST-78516,Health,2023-01-28,594.11,136000,0,1,0.033
POL-83082165,CUST-359554,RV,2024-10-16,318.66,198000,1,1,0.208
POL-97354917,CUST-497233,Renters,2020-08-15,41.34,22000,0,1,0.145
POL-71612882,CUST-755781,Boat,2018-12-06,668.05,419000,2,1,0.219
POL-5880227,CUST-134041,Business,2018-02-08,1729.58,573000,0,1,0.061
POL-56131539,CUST-577236,Boat,2018-10-03,440.89,64000,2,1,0.147
POL-75208373,CUST-364211,Renters,2019-10-16,20.6,12000,0,1,0.149
POL-60194264,CUST-660460,Renters,2021-09-20,37.43,84000,0,1,0.112
POL-58535809,CUST-70997,Business,2017-06-28,2471.97,920000,0,1,0.045
POL-56237786,CUST-549205,Boat,2023-09-16,245.61,145000,1,1,0.058
POL-2935999,CUST-175044,Motorcycle,2024-01-24,45.37,66000,3,1,0.038
POL-93510326,CUST-135197,RV,2020-02-27,740.69,155000,2,1,0.224
POL-6099554,CUST-593677,Life,2020-06-02,147.71,984000,0,1,0.03
POL-93120707,CUST-199429,Health,2016-07-11,226.45,349000,0,1,0.165
POL-66441251,CUST-717953,RV,2022-04-03,931.67,133000,1,1,0.048
POL-68919151,CUST-78628,Home,2024-07-20,143.96,1549000,0,1,0.083
POL-58753131,CUST-787195,Auto,2018-04-23,165.8,167000,2,1,0.035
POL-51559796,CUST-589822,Business,2024-02-27,1779.69,2612000,0,1,0.21
POL-53801036,CUST-636714,RV,2022-02-17,895.95,177000,2,1,0.065
POL-27772949,CUST-193007,Business,2020-02-11,2447.65,3240000,0,1,0.063
POL-21475246,CUST-599678,Life,2015-07-22,51.83,148000,0,1,0.059
POL-79472028,CUST-730565,Renters,2019-03-14,36.99,99000,0,1,0.233
POL-68826270,CUST-477564,Home,2015-08-24,513.49,1643000,0,0,0.002
POL-94993136,CUST-755582,RV,2024-01-24,638.17,61000,2,1,0.096
POL-34740194,CUST-318148,Business,2024-06-04,896.55,1853000,0,1,0.189
POL-39777260,CUST-742658,Business,2019-03-30,1679.14,4782000,0,1,0.024
POL-74108442,CUST-124888,Business,2020-01-23,2385.51,1492000,0,1,0.179
POL-30055302,CUST-47828,Renters,2018-05-28,48.6,46000,0,1,0.13
POL-31972914,CUST-306019,RV,2024-07-27,849.93,144000,1,1,0.135
POL-85847718,CUST-155335,Umbrella,2016-02-27,479.79,3980000,0,1,0.034
POL-17847118,CUST-283571,Life,2020-03-20,28.15,583000,0,1,0.121
POL-86223229,CUST-261103,Business,2016-05-15,2057.84,3140000,0,1,0.054
POL-71752116,CUST-121828,Umbrella,2019-01-24,494.85,1336000,0,1,0.098
POL-87059725,CUST-364340,RV,2015-07-08,411.32,98000,2,1,0.027
POL-43561957,CUST-87289,Life,2021-10-09,86.72,884000,0,1,0.159
POL-35438604,CUST-757155,Life,2024-11-02,157.46,364000,0,1,0.138
POL-54806853,CUST-941973,Health,2017-10-07,788.98,182000,0,1,0.162
POL-43571790,CUST-60045,Home,2020-07-05,695.76,456000,0,1,0.061
POL-47712141,CUST-229931,Renters,2015-09-02,18.05,85000,0,1,0.149
POL-23721002,CUST-268422,Auto,2020-04-01,243.48,368000,4,1,0.208
POL-72127089,CUST-689247,Boat,2015-10-05,223.85,240000,2,1,0.23
POL-14286501,CUST-757703,Umbrella,2025-06-01,531.21,1221000,0,0,0.09
POL-87754868,CUST-269845,Health,2021-12-28,385.11,300000,0,1,0.162
POL-27670193,CUST-856526,Auto,2024-11-12,273.64,347000,1,1,0.19
POL-29613670,CUST-340014,Business,2023-01-06,939.21,3210000,0,1,0.135
POL-27369495,CUST-609918,Life,2020-01-25,48.53,362000,0,1,0.023
POL-20889845,CUST-467723,Business,2022-03-22,944.39,149000,0,1,0.105
POL-97953695,CUST-761566,Auto,2019-06-08,331.58,100000,4,1,0.009
POL-49478024,CUST-155539,Motorcycle,2022-11-16,63.72,25000,4,1,0.014
POL-12575001,CUST-520052,Motorcycle,2023-08-23,134.44,61000,3,1,0.131
POL-61658297,CUST-194015,Umbrella,2018-07-31,204.13,3401000,0,1,0.116
POL-25348349,CUST-597329,Health,2018-06-28,471.38,97000,0,1,0.106
POL-97909147,CUST-189170,Life,2023-11-02,175.04,756000,0,1,0.246
POL-2824921,CUST-325226,Health,2020-04-16,986.5,110000,0,1,0.234
POL-23855089,CUST-857210,Business,2018-04-07,1017.95,881000,0,0,0.075
POL-92256813,CUST-637347,Health,2022-03-14,915.42,254000,0,1,0.225
POL-9321974,CUST-150494,Renters,2018-09-09,19.07,36000,0,1,0.116
POL-57229772,CUST-257167,Motorcycle,2016-09-19,92.8,72000,4,1,0.188
POL-86586373,CUST-422056,Motorcycle,2023-03-27,133.04,37000,3,1,0.045
POL-97214829,CUST-552367,Auto,2017-03-13,301.07,486000,4,1,0.118
POL-97544696,CUST-786897,Umbrella,2017-10-30,240.03,3309000,0,1,0.25
POL-80972685,CUST-104574,Boat,2015-09-11,571.83,321000,1,1,0.174
POL-51538339,CUST-21722,Auto,2021-12-03,318.2,175000,2,1,0.067
POL-1818926,CUST-800530,Renters,2017-05-13,17.72,75000,0,1,0.067
POL-17740771,CUST-260406,Motorcycle,2016-03-27,123.71,36000,4,1,0.112
POL-35924244,CUST-149564,Auto,2016-11-30,124.69,483000,3,1,0.092
POL-1261132,CUST-830116,Health,2015-09-21,578.5,449000,0,1,0.14
POL-72795691,CUST-771889,Auto,2017-04-20,155.84,270000,2,1,0.108
POL-94953104,CUST-89092,Renters,2021-04-01,17.21,12000,0,0,0.001
POL-18687147,CUST-503762,Umbrella,2018-12-08,290.85,4667000,0,1,0.221
POL-59636452,CUST-855076,Boat,2025-01-25,645.15,165000,1,1,0.182
POL-41256515,CUST-347871,Health,2018-04-08,521.29,359000,0,1,0.209
POL-20738427,CUST-255652,Auto,2023-08-22,237.02,141000,4,1,0.065
POL-72950883,CUST-725657,Motorcycle,2016-06-11,35.99,74000,4,1,0.073
POL-84219725,CUST-570019,Boat,2020-01-16,503.11,299000,2,1,0.114
POL-2846476,CUST-864996,Motorcycle,2017-08-02,117.33,21000,4,1,0.241
POL-13799637,CUST-571098,Umbrella,2016-04-01,551.39,2075000,0,1,0.212
POL-13766187,CUST-536391,Life,2020-07-16,143.9,457000,0,1,0.101
POL-19036775,CUST-1269,Home,2022-07-23,357.42,723000,0,1,0.022
POL-3221342,CUST-237686,Umbrella,2019-04-23,526.59,4131000,0,1,0.008
POL-51725238,CUST-154535,Auto,2022-10-05,120.27,274000,2,1,0.027
POL-87961547,CUST-300780,RV,2021-07-03,515.65,61000,2,1,0.209
POL-91860958,CUST-403433,Motorcycle,2019-05-03,32.45,41000,3,1,0.221
POL-66011040,CUST-177795,Auto,2017-05-28,171.11,44000,2,1,0.111
POL-30134894,CUST-106678,Motorcycle,2017-05-14,101.06,42000,2,1,0.121
POL-47957055,CUST-79995,Boat,2020-04-15,599.52,37000,2,1,0.198
POL-15884798,CUST-378004,Home,2021-03-03,483.6,384000,0,1,0.046
POL-5817913,CUST-633870,Motorcycle,2016-12-07,136.54,72000,3,1,0.154
POL-23899852,CUST-449449,RV,2018-01-23,616.49,220000,2,1,0.126
POL-44942009,CUST-628738,Umbrella,2024-07-08,470.5,4390000,0,1,0.097
POL-91191995,CUST-445901,Health,2018-07-30,772.64,157000,0,1,0.203
POL-89559917,CUST-720540,RV,2018-01-18,785.52,278000,2,0,0.006
POL-83853635,CUST-857276,Umbrella,2020-08-15,519.53,3675000,0,1,0.005
POL-46759534,CUST-917925,Renters,2020-05-17,34.99,28000,0,1,0.174
POL-36385523,CUST-960741,Auto,2017-04-05,150.84,474000,4,1,0.191
POL-88816127,CUST-387042,RV,2023-12-27,905.02,229000,2,1,0.098
POL-95469966,CUST-837480,Life,2020-01-04,171.81,850000,0,1,0.191
POL-292428,CUST-903572,Business,2016-10-16,2361.87,224000,0,1,0.236
POL-88027250,CUST-153709,Business,2018-01-08,1662.71,4370000,0,1,0.02
POL-19834720,CUST-409573,Business,2020-12-10,2132.8,1440000,0,1,0.14
POL-96817080,CUST-835558,Motorcycle,2023-02-03,114.29,37000,2,1,0.114
POL-9034683,CUST-118661,Auto,2023-08-19,224.15,456000,3,1,0.043
POL-57371791,CUST-762008,Business,2025-04-28,1083.87,353000,0,1,0.174
POL-19416986,CUST-94840,RV,2020-03-25,780.87,224000,1,0,0.022
POL-17117558,CUST-190706,Health,2020-12-27,1157.64,209000,0,1,0.16
POL-47326346,CUST-334826,Auto,2022-01-16,110.5,213000,4,1,0.248
POL-56885777,CUST-504667,Business,2023-11-25,859.26,2952000,0,1,0.11
POL-80764593,CUST-832046,Auto,2022-07-15,179.32,343000,2,0,0.068
POL-18551745,CUST-841105,RV,2021-03-02,938.72,245000,2,1,0.061
POL-51430248,CUST-438996,Auto,2019-09-05,268.29,435000,1,1,0.135
POL-66719940,CUST-564917,Motorcycle,2024-11-02,86.58,11000,4,1,0.238
POL-66115841,CUST-558339,Renters,2024-07-28,38.22,99000,0,1,0.221
POL-30885447,CUST-403310,RV,2024-08-12,705.93,248000,1,1,0.163
POL-77975659,CUST-749649,Renters,2016-11-30,45.89,86000,0,0,0.165
POL-70725487,CUST-605947,RV,2022-09-02,365.21,50000,1,0,0.194
POL-94367587,CUST-91488,Home,2019-03-23,433.17,1356000,0,0,0.103
POL-48547818,CUST-3005,Renters,2019-06-30,16.49,16000,0,1,0.128
POL-2302458,CUST-380002,RV,2018-12-14,322.01,218000,1,1,0.101
POL-63609317,CUST-140082,RV,2024-12-28,415.92,298000,2,1,0.163
POL-7996341,CUST-955632,Renters,2017-05-14,44.15,79000,0,1,0.237
POL-48433612,CUST-889980,Auto,2021-06-08,203.56,296000,3,0,0.046
POL-39553600,CUST-482752,Boat,2017-11-11,578.81,72000,1,1,0.001
POL-74021128,CUST-976582,Business,2017-12-11,1870.85,3329000,0,1,0.043
POL-32547451,CUST-220974,Boat,2022-08-28,443.69,94000,1,1,0.133
POL-7498162,CUST-783281,Auto,2019-04-25,144.83,88000,4,1,0.189
POL-15735123,CUST-729578,Life,2017-11-02,199.0,492000,0,1,0.225
POL-50661928,CUST-768691,Renters,2017-12-05,24.82,39000,0,1,0.149
POL-93431984,CUST-445339,Life,2015-12-10,137.34,400000,0,0,0.17
POL-7258943,CUST-735473,Boat,2021-10-25,739.99,68000,1,1,0.187
POL-88952439,CUST-609859,Life,2017-04-18,77.19,740000,0,1,0.054
POL-63998578,CUST-878116,Business,2016-09-30,537.13,855000,0,0,0.039
POL-4051460,CUST-154021,Health,2018-03-08,658.53,180000,0,1,0.138
POL-18961944,CUST-82830,Renters,2021-09-15,34.95,63000,0,1,0.232
POL-10343529,CUST-13083,Auto,2019-08-30,147.48,223000,4,1,0.23
POL-55900995,CUST-156989,Renters,2025-03-05,23.48,52000,0,1,0.191
POL-63050755,CUST-779677,Renters,2018-08-06,16.47,57000,0,1,0.191
POL-70793145,CUST-732497,Renters,2017-11-16,32.54,20000,0,1,0.204
POL-63107095,CUST-431512,Umbrella,2020-08-03,511.55,2168000,0,1,0.243
POL-59589132,CUST-819354,Motorcycle,2021-03-26,129.25,46000,2,1,0.219
POL-38489493,CUST-116671,Business,2015-09-20,1403.54,4281000,0,1,0.092
POL-8053170,CUST-923960,Motorcycle,2018-02-22,79.33,36000,2,1,0.01
POL-81090807,CUST-787619,Motorcycle,2016-01-15,126.82,89000,4,1,0.018
POL-67551168,CUST-168137,Umbrella,2018-06-12,432.59,3378000,0,1,0.242
POL-53202657,CUST-873128,Life,2015-09-05,48.61,103000,0,0,0.046
POL-91255108,CUST-994303,RV,2022-09-13,570.87,93000,2,1,0.032
POL-74377548,CUST-745964,Motorcycle,2023-03-22,80.03,20000,4,0,0.142
POL-76781282,CUST-526251,Motorcycle,2019-11-19,51.23,55000,4,1,0.148
POL-95207723,CUST-238356,Business,2020-09-12,1814.61,1395000,0,1,0.184
POL-21045425,CUST-285031,RV,2022-09-13,473.56,134000,2,1,0.1
POL-69994685,CUST-395900,RV,2017-01-21,624.79,180000,2,1,0.093
POL-99741856,CUST-222155,Motorcycle,2017-08-15,31.48,26000,2,1,0.043
POL-83086647,CUST-58716,RV,2022-04-22,963.27,262000,2,1,0.203
POL-52652401,CUST-192616,Home,2019-03-21,329.16,1365000,0,1,0.047
POL-81212919,CUST-882600,Business,2025-01-03,669.28,1157000,0,1,0.007
POL-92935924,CUST-491190,Home,2016-10-21,302.72,204000,0,1,0.165
POL-42035604,CUST-684405,Boat,2023-08-13,757.97,102000,1,0,0.076
POL-51065827,CUST-172830,Health,2022-05-21,1052.91,199000,0,1,0.141
POL-49858951,CUST-678058,Health,2016-06-03,500.52,59000,0,1,0.203
POL-26136297,CUST-283031,Boat,2022-09-17,392.84,497000,2,1,0.148
POL-14012339,CUST-81588,RV,2017-05-03,604.35,136000,2,1,0.186
POL-80958813,CUST-816628,Life,2021-08-30,76.95,62000,0,1,0.242
POL-3764654,CUST-251165,Life,2021-03-14,34.73,242000,0,1,0.208
POL-21845331,CUST-567875,Auto,2020-04-17,233.96,279000,4,1,0.236
POL-8766990,CUST-222203,Home,2017-04-21,535.67,647000,0,1,0.155
POL-41489399,CUST-196863,Life,2015-09-06,185.19,646000,0,0,0.207
POL-27075194,CUST-669399,RV,2024-11-17,944.85,264000,1,1,0.214
POL-32257238,CUST-282243,Motorcycle,2016-01-17,94.07,11000,1,1,0.091
POL-76520583,CUST-592232,Auto,2016-12-09,201.11,239000,4,1,0.132
POL-75663810,CUST-828611,Business,2016-04-03,1166.41,4129000,0,1,0.191
POL-6131148,CUST-50382,Renters,2023-09-22,44.74,11000,0,1,0.199
POL-12510559,CUST-989341,Renters,2020-11-04,32.18,26000,0,1,0.079
POL-1137995,CUST-373973,Home,2020-09-28,559.65,1111000,0,1,0.079
POL-53436961,CUST-524514,Motorcycle,2020-04-18,41.63,17000,4,1,0.049
POL-42207776,CUST-788363,Life,2018-10-22,37.82,417000,0,1,0.105
POL-97400211,CUST-373122,Business,2022-02-20,2023.59,1604000,0,0,0.037
POL-94309000,CUST-707459,Umbrella,2017-09-11,533.33,4121000,0,1,0.149
POL-44468774,CUST-427070,Home,2017-02-24,513.55,1181000,0,1,0.052
POL-13556377,CUST-526570,Auto,2024-01-23,131.27,409000,2,1,0.213
POL-3178988,CUST-615698,Renters,2018-01-18,24.63,69000,0,1,0.152
POL-64015552,CUST-614841,Renters,2021-12-29,32.27,13000,0,1,0.24
POL-38939164,CUST-169054,Motorcycle,2016-02-17,133.92,40000,3,0,0.231
POL-91586685,CUST-485602,Auto,2018-01-26,266.79,272000,4,1,0.194
POL-84013952,CUST-97822,Business,2016-10-31,642.58,4053000,0,1,0.244
POL-28943676,CUST-846699,RV,2019-06-07,897.33,144000,1,1,0.06
POL-96442757,CUST-168870,Life,2017-11-21,176.18,672000,0,1,0.067
POL-69296719,CUST-764118,Motorcycle,2024-01-10,53.11,44000,1,1,0.018
POL-45823984,CUST-469217,Umbrella,2024-05-24,403.55,2444000,0,1,0.185
POL-45502589,CUST-304969,Home,2017-09-22,324.67,1851000,0,1,0.068
POL-83680829,CUST-897531,Business,2021-08-15,1284.8,3168000,0,1,0.167
POL-5370440,CUST-933945,Motorcycle,2022-10-28,35.63,74000,4,1,0.071
POL-32092885,CUST-218964,Business,2022-02-01,991.66,206000,0,1,0.08
POL-20454970,CUST-594438,Renters,2016-10-08,19.1,46000,0,0,0.249
POL-13073617,CUST-843816,Health,2023-12-16,804.21,463000,0,1,0.037
POL-19142470,CUST-803541,Home,2015-09-30,662.99,151000,0,1,0.147
POL-73435357,CUST-909674,Motorcycle,2020-10-04,122.27,15000,2,1,0.229
POL-66962870,CUST-98685,RV,2016-12-22,688.28,229000,2,1,0.173
POL-42106611,CUST-177961,Auto,2023-03-26,258.22,305000,1,1,0.08
POL-21672470,CUST-71472,Business,2020-07-09,1895.63,860000,0,0,0.096
POL-77378080,CUST-380977,Motorcycle,2020-04-04,115.12,37000,2,1,0.086
POL-11976146,CUST-74589,Motorcycle,2021-07-03,45.86,17000,2,1,0.117
POL-95382503,CUST-809438,Renters,2018-07-17,44.75,76000,0,0,0.225
POL-34620670,CUST-496250,Motorcycle,2023-05-01,88.49,76000,4,0,0.011
POL-59330327,CUST-681880,Life,2019-11-06,32.18,763000,0,1,0.15
POL-16638464,CUST-596360,Business,2017-11-18,685.31,2467000,0,1,0.02
POL-5314034,CUST-381128,Health,2023-10-19,880.75,126000,0,1,0.095
POL-53813150,CUST-428902,Home,2020-05-15,334.7,678000,0,1,0.14
POL-59166889,CUST-384546,Umbrella,2017-09-08,265.2,2675000,0,1,0.165
POL-83836675,CUST-998291,Home,2024-03-18,515.8,946000,0,1,0.249
POL-50154896,CUST-87546,Life,2020-10-29,50.68,379000,0,1,0.226
POL-67906443,CUST-471955,Auto,2022-07-10,208.53,168000,3,1,0.074
POL-91611060,CUST-44748,Auto,2019-12-19,313.16,381000,2,0,0.224
POL-99461048,CUST-828994,Home,2016-06-18,410.66,233000,0,1,0.186
POL-93918223,CUST-861127,Business,2019-08-29,1644.59,2146000,0,1,0.105
POL-1066084,CUST-162070,Boat,2025-01-12,682.34,239000,1,1,0.045
POL-39011805,CUST-394077,Umbrella,2017-04-14,481.25,3417000,0,1,0.001
POL-76522053,CUST-418675,Health,2018-03-09,1176.22,122000,0,1,0.018
POL-29937437,CUST-407081,RV,2016-09-25,510.84,84000,2,1,0.139
POL-89811868,CUST-98045,Boat,2023-05-11,203.56,229000,2,1,0.232
POL-62529032,CUST-491246,Auto,2021-06-06,186.21,47000,4,1,0.108
POL-62391513,CUST-114419,Auto,2024-08-06,180.16,93000,1,1,0.107
POL-24195880,CUST-767324,Auto,2016-12-14,248.44,333000,1,1,0.054
POL-53277039,CUST-805533,Auto,2017-05-03,239.94,111000,1,1,0.059
POL-26772544,CUST-421024,Auto,2022-11-11,118.65,96000,1,1,0.085
POL-8653222,CUST-332697,Health,2021-01-31,967.39,291000,0,1,0.142
POL-81117090,CUST-509917,Business,2021-04-26,1233.34,1040000,0,1,0.206
POL-94259880,CUST-777293,Motorcycle,2019-02-10,35.0,92000,4,1,0.216
POL-15344634,CUST-291897,Boat,2023-08-06,409.29,452000,2,0,0.165
POL-5138168,CUST-571559,Renters,2023-03-24,43.4,93000,0,1,0.034
POL-63077976,CUST-152582,Umbrella,2018-02-21,314.33,3336000,0,0,0.07
POL-42974720,CUST-595807,Renters,2019-02-15,47.4,40000,0,1,0.031
POL-80675244,CUST-811813,Auto,2016-01-10,250.27,88000,4,1,0.088
POL-8375220,CUST-981949,Health,2021-12-18,483.39,490000,0,1,0.191
POL-57728351,CUST-496405,Motorcycle,2021-08-23,147.64,31000,2,1,0.171
POL-7258161,CUST-221766,Life,2019-02-15,46.59,696000,0,1,0.079
POL-91760827,CUST-443464,Motorcycle,2015-11-19,75.59,41000,4,1,0.105
POL-33832435,CUST-666566,Life,2020-01-31,79.18,494000,0,1,0.003
POL-11219432,CUST-148622,Boat,2018-06-28,718.22,106000,2,0,0.102
POL-36762949,CUST-424745,Life,2016-09-02,59.43,889000,0,0,0.091
POL-40042087,CUST-916220,Umbrella,2016-11-18,210.87,2571000,0,0,0.17
POL-56334114,CUST-550269,Home,2023-03-05,408.85,1525000,0,1,0.238
POL-89878149,CUST-936455,Motorcycle,2019-02-19,89.65,22000,3,1,0.087
POL-24706569,CUST-870893,Boat,2019-11-28,543.25,221000,1,1,0.076
POL-12407255,CUST-938429,Health,2016-05-28,445.29,221000,0,1,0.142
POL-45905032,CUST-789762,Auto,2022-10-13,271.61,164000,3,1,0.17
POL-22083283,CUST-208252,Umbrella,2020-07-17,477.76,4850000,0,1,0.014
POL-56250794,CUST-505020,Boat,2021-06-08,273.86,411000,1,1,0.233
POL-71874437,CUST-722291,Business,2023-08-01,1563.03,3747000,0,0,0.234
POL-93508160,CUST-458001,Motorcycle,2018-03-24,99.69,66000,3,1,0.031
POL-92999656,CUST-598020,Health,2021-07-11,394.81,219000,0,1,0.124
POL-1332984,CUST-588155,RV,2022-02-11,622.0,193000,1,1,0.117
POL-10443308,CUST-757830,Life,2018-11-14,194.85,832000,0,1,0.212
POL-82746890,CUST-151642,Home,2025-05-02,479.44,612000,0,1,0.201
POL-89129018,CUST-863506,Home,2020-12-31,494.56,444000,0,1,0.09
POL-1904117,CUST-157817,Boat,2020-11-16,345.14,124000,1,1,0.151
POL-19795314,CUST-523706,Boat,2023-04-19,327.62,383000,1,1,0.25
POL-15248056,CUST-830489,Motorcycle,2020-11-16,64.69,15000,2,1,0.23
POL-35272780,CUST-545984,Umbrella,2022-05-29,296.03,1687000,0,1,0.234
POL-60473000,CUST-989146,Boat,2015-07-22,425.64,476000,1,1,0.11
POL-85133372,CUST-471155,Health,2017-08-19,821.95,422000,0,1,0.18
POL-13078988,CUST-38258,Umbrella,2025-05-01,460.68,1196000,0,1,0.172
POL-25186888,CUST-440586,Auto,2019-03-19,235.31,157000,1,1,0.154
POL-22293702,CUST-630134,Health,2024-10-13,961.15,142000,0,1,0.073
POL-29009455,CUST-364994,Health,2021-12-01,1161.53,309000,0,1,0.151
POL-25656926,CUST-712641,RV,2019-01-23,404.55,209000,1,1,0.121
POL-1928845,CUST-388241,Umbrella,2025-04-22,544.81,2377000,0,1,0.173
POL-2173155,CUST-316611,Life,2021-09-06,181.92,110000,0,0,0.111
POL-67388734,CUST-858837,Motorcycle,2020-09-18,98.21,90000,1,1,0.24
POL-93860758,CUST-523376,Home,2017-08-13,120.62,1603000,0,1,0.197
POL-55573350,CUST-430321,Health,2023-04-02,413.44,131000,0,1,0.19
POL-47272989,CUST-868415,Life,2021-06-23,184.88,567000,0,1,0.117
POL-57156511,CUST-548583,Health,2024-09-20,1139.23,267000,0,1,0.127
POL-15217605,CUST-971347,Auto,2021-03-16,337.83,236000,3,1,0.007
POL-61582256,CUST-449192,Boat,2018-06-26,202.07,318000,2,1,0.095
POL-23742466,CUST-579604,Auto,2021-11-03,170.47,189000,2,1,0.199
POL-72848400,CUST-457049,Life,2018-04-05,135.28,139000,0,1,0.009
POL-38255801,CUST-886142,Boat,2021-12-25,674.65,181000,1,1,0.124
POL-85108432,CUST-297007,Auto,2022-12-08,262.36,480000,4,1,0.19
POL-11760181,CUST-845089,RV,2017-03-07,416.9,169000,2,1,0.142
POL-12031000,CUST-681180,Auto,2017-04-05,307.3,250000,2,1,0.01
POL-82713066,CUST-977793,Motorcycle,2015-10-10,52.91,77000,3,1,0.198
POL-13915063,CUST-520518,Motorcycle,2022-06-28,135.96,44000,4,1,0.071
POL-13381785,CUST-664299,Boat,2024-10-04,360.36,337000,2,1,0.052
POL-67560039,CUST-609467,RV,2023-01-18,947.72,204000,2,1,0.21
POL-89618537,CUST-303986,Renters,2016-01-18,44.47,88000,0,1,0.064
POL-28436861,CUST-233705,RV,2022-08-25,599.07,204000,2,1,0.004
POL-74032876,CUST-399591,Renters,2023-03-24,35.9,97000,0,1,0.206
POL-26247650,CUST-897940,Motorcycle,2017-06-10,65.59,27000,2,1,0.244
POL-16702129,CUST-367645,Renters,2023-06-25,46.26,23000,0,1,0.039
POL-55423162,CUST-952100,RV,2023-05-21,710.01,295000,1,1,0.228
POL-1020743,CUST-985259,Umbrella,2022-03-24,446.37,3359000,0,0,0.057
POL-30056261,CUST-532216,Auto,2021-11-12,81.1,63000,2,1,0.109
POL-35917890,CUST-922334,Life,2020-04-26,49.06,252000,0,1,0.243
POL-41258084,CUST-879214,Renters,2019-12-29,47.87,49000,0,1,0.222
POL-90368905,CUST-253288,Life,2022-07-19,84.68,800000,0,1,0.126
POL-55640853,CUST-34261,Boat,2015-07-25,238.53,294000,1,0,0.032
POL-3522788,CUST-160825,Boat,2015-10-04,515.52,311000,2,1,0.164
POL-69654067,CUST-859868,Renters,2021-11-11,17.36,78000,0,1,0.174
POL-44975010,CUST-178688,Health,2020-11-22,897.91,184000,0,1,0.093
POL-57716265,CUST-253578,Renters,2025-03-24,31.36,85000,0,1,0.243
POL-52527771,CUST-202019,Renters,2024-12-12,28.7,99000,0,1,0.107
POL-6923083,CUST-840257,Boat,2022-03-08,574.12,322000,2,1,0.17
POL-57593155,CUST-135130,Health,2025-04-28,1171.07,499000,0,1,0.23
POL-97725633,CUST-182155,Life,2022-02-18,60.23,893000,0,1,0.21
POL-42698007,CUST-542404,Auto,2022-05-08,234.96,99000,4,1,0.1
POL-58707047,CUST-242189,Auto,2018-03-10,106.72,194000,3,0,0.183
POL-95297923,CUST-840089,RV,2017-03-09,584.45,123000,2,1,0.232
POL-67680235,CUST-124122,Motorcycle,2017-08-22,68.7,57000,4,1,0.248
POL-52614983,CUST-883981,Life,2025-04-22,69.58,502000,0,1,0.002
POL-74209721,CUST-166779,Motorcycle,2019-12-03,92.85,54000,4,1,0.214
POL-27348550,CUST-97784,Renters,2020-12-23,38.92,57000,0,1,0.096
POL-3441373,CUST-458669,Renters,2017-01-29,26.38,30000,0,1,0.064
POL-84408740,CUST-807437,Renters,2015-09-09,24.1,77000,0,1,0.118
POL-3733713,CUST-648124,Renters,2018-02-05,15.17,36000,0,1,0.102
POL-10572666,CUST-599569,RV,2024-09-28,998.68,54000,1,1,0.205
POL-3394349,CUST-778399,Auto,2021-12-31,277.15,262000,1,0,0.102
POL-60895423,CUST-665282,Auto,2017-09-18,318.11,181000,3,1,0.053
POL-25039011,CUST-251366,Motorcycle,2021-08-02,37.29,16000,3,1,0.135
POL-39852264,CUST-203244,RV,2019-04-07,456.34,210000,2,1,0.053
POL-32917490,CUST-761593,Business,2024-08-07,524.23,3734000,0,1,0.206
POL-34960996,CUST-691281,Boat,2021-12-04,557.83,480000,2,1,0.068
POL-36905154,CUST-86993,Life,2016-05-16,122.17,165000,0,1,0.097
POL-84213304,CUST-24264,Renters,2017-12-09,33.43,49000,0,1,0.011
POL-13880694,CUST-116320,Health,2025-05-07,553.94,454000,0,1,0.173
POL-79979598,CUST-128643,Renters,2023-04-21,49.57,12000,0,1,0.125
POL-19036823,CUST-296183,Health,2017-04-25,773.04,405000,0,1,0.084
POL-24243439,CUST-97283,RV,2019-12-13,331.61,222000,2,1,0.179
POL-66336447,CUST-885652,Renters,2016-10-22,24.46,95000,0,1,0.214
POL-27913590,CUST-409783,Health,2021-08-22,1169.45,235000,0,0,0.15
POL-65905864,CUST-834080,Life,2017-03-16,83.12,344000,0,1,0.218
POL-55531931,CUST-77149,Boat,2015-11-13,314.73,189000,1,1,0.024
POL-83977718,CUST-80019,Boat,2023-10-09,598.99,272000,2,1,0.115
POL-92252731,CUST-440304,Business,2019-01-26,1230.6,1054000,0,1,0.017
POL-42088657,CUST-664327,Motorcycle,2021-11-16,118.54,79000,2,1,0.125
POL-21622965,CUST-188540,Life,2023-03-01,171.84,386000,0,1,0.13
POL-1361006,CUST-947533,Motorcycle,2020-07-29,113.56,46000,1,1,0.04
POL-88538924,CUST-594850,Health,2018-07-14,368.32,275000,0,1,0.161
POL-15731275,CUST-359462,RV,2016-01-11,563.72,213000,2,1,0.105
POL-64949433,CUST-643830,Boat,2021-05-23,375.52,296000,1,1,0.246
POL-673042,CUST-166082,Health,2024-10-15,899.79,251000,0,1,0.211
POL-99548863,CUST-266863,Health,2024-05-15,857.2,387000,0,0,0.022
POL-25883252,CUST-635553,Home,2017-07-24,787.21,1211000,0,0,0.2
POL-71934552,CUST-24157,Home,2015-12-30,428.12,1150000,0,1,0.195
POL-68685213,CUST-797925,Motorcycle,2024-04-21,128.8,55000,3,1,0.137
POL-29032170,CUST-908983,Auto,2018-01-31,332.06,105000,2,1,0.181
POL-15406645,CUST-942221,Health,2021-09-13,853.76,112000,0,1,0.126
POL-3959103,CUST-343450,Business,2019-03-09,553.95,1371000,0,1,0.057
POL-29495837,CUST-87496,Business,2017-11-07,613.23,3694000,0,1,0.068
POL-35915393,CUST-286960,RV,2017-08-24,739.38,167000,1,1,0.138
POL-26741208,CUST-999533,Boat,2023-09-08,790.66,330000,2,1,0.018
POL-46782042,CUST-742479,Boat,2017-01-21,452.43,190000,2,1,0.131
POL-87499829,CUST-308617,RV,2024-11-15,678.55,230000,1,1,0.187
POL-66545378,CUST-457244,Boat,2023-06-10,508.51,210000,1,1,0.151
POL-53679326,CUST-967152,RV,2024-03-19,706.72,147000,2,1,0.207
POL-33566934,CUST-181361,Health,2018-10-11,705.53,339000,0,1,0.103
POL-92215290,CUST-887132,RV,2018-11-10,316.0,91000,1,1,0.1
POL-52724203,CUST-107892,Life,2020-04-10,66.61,469000,0,1,0.045
POL-78863503,CUST-326720,Business,2025-06-03,555.71,2900000,0,1,0.137
POL-27626276,CUST-757135,RV,2018-04-24,369.84,293000,2,1,0.196
POL-58179582,CUST-925743,Home,2023-10-17,457.52,381000,0,1,0.007
POL-56873060,CUST-625297,Boat,2023-01-31,204.23,236000,2,1,0.212
POL-42781724,CUST-653169,Business,2020-02-12,573.3,1093000,0,1,0.147
POL-81509842,CUST-401652,Health,2017-04-28,681.05,127000,0,1,0.036
POL-26806068,CUST-594691,RV,2022-10-18,724.69,111000,1,1,0.177
POL-50192126,CUST-941510,Motorcycle,2021-06-30,109.36,90000,4,0,0.061
POL-60317901,CUST-175373,Umbrella,2016-08-02,217.7,3059000,0,1,0.128
POL-68633149,CUST-265356,Motorcycle,2016-01-25,133.47,40000,2,1,0.173
POL-55003534,CUST-307729,Auto,2025-06-23,296.1,257000,2,1,0.191
POL-47278642,CUST-417654,Health,2024-07-08,300.15,223000,0,1,0.011
POL-15388056,CUST-188643,Umbrella,2016-01-02,375.99,4796000,0,1,0.032
POL-57631320,CUST-829314,Home,2020-12-25,467.36,1396000,0,1,0.219
POL-48015656,CUST-257234,Health,2018-08-28,716.58,423000,0,1,0.066
POL-28881529,CUST-688866,Renters,2016-09-23,27.87,77000,0,1,0.026
POL-49924201,CUST-152085,Home,2021-10-25,317.95,747000,0,1,0.238
POL-16415312,CUST-10100,Home,2020-11-03,626.78,576000,0,0,0.198
POL-92381044,CUST-11430,Auto,2020-11-29,133.58,306000,4,1,0.157
POL-28692049,CUST-487982,Motorcycle,2021-02-01,128.3,80000,1,1,0.146
POL-43159218,CUST-942401,Boat,2025-02-23,727.0,261000,2,1,0.218
POL-75382123,CUST-69452,Life,2019-06-14,65.62,367000,0,1,0.157
POL-38066060,CUST-631035,Umbrella,2022-01-19,370.54,2224000,0,1,0.244
POL-70767956,CUST-228026,Business,2019-02-07,2120.41,308000,0,0,0.247
POL-75290602,CUST-291554,Motorcycle,2017-03-30,117.08,66000,3,1,0.017
POL-77034049,CUST-936026,Health,2016-10-06,1137.63,371000,0,1,0.055
POL-91554196,CUST-792934,Boat,2022-09-01,503.62,134000,1,1,0.236
POL-42652151,CUST-852905,Umbrella,2022-11-24,381.2,4846000,0,1,0.228
POL-26595298,CUST-206698,Life,2020-12-09,140.95,295000,0,1,0.098
POL-66294734,CUST-522873,RV,2016-05-03,841.82,105000,1,1,0.207
POL-36831418,CUST-441699,Umbrella,2016-04-15,423.68,4866000,0,1,0.076
POL-16655437,CUST-474779,Life,2017-07-10,199.29,288000,0,1,0.075
POL-80722659,CUST-342753,Motorcycle,2018-05-28,132.54,59000,1,1,0.157
POL-31732012,CUST-604413,Renters,2022-01-02,33.81,86000,0,1,0.097
POL-38257007,CUST-18702,Boat,2015-11-09,746.23,182000,2,1,0.212
POL-623711,CUST-955927,Renters,2025-04-15,28.61,26000,0,1,0.158
POL-38166934,CUST-137424,Umbrella,2023-05-08,417.91,3728000,0,1,0.157
POL-4967155,CUST-939345,Renters,2022-05-06,40.93,90000,0,1,0.016
POL-70801688,CUST-41020,Auto,2024-07-26,170.9,110000,2,1,0.166
POL-86540325,CUST-17062,Motorcycle,2021-03-26,97.75,19000,3,1,0.025
POL-63068018,CUST-99740,Renters,2016-09-03,44.32,98000,0,1,0.175
POL-97073464,CUST-315619,Auto,2022-07-22,270.41,159000,2,1,0.203
POL-42572475,CUST-790303,Renters,2020-03-01,15.9,27000,0,1,0.18
POL-53733308,CUST-83641,Life,2021-05-17,118.8,353000,0,1,0.249
POL-42033591,CUST-517806,Health,2024-12-16,970.65,65000,0,1,0.106
POL-52791522,CUST-312941,Umbrella,2016-04-17,587.7,4142000,0,1,0.182
POL-66214520,CUST-889897,Business,2023-03-24,1268.94,1670000,0,1,0.223
POL-50184824,CUST-983253,Motorcycle,2017-07-23,75.25,70000,1,1,0.094
POL-3930993,CUST-234896,Motorcycle,2017-03-29,79.66,20000,1,1,0.078
POL-1395331,CUST-145473,Motorcycle,2016-04-22,139.83,46000,2,1,0.23
POL-43333406,CUST-903231,Life,2017-04-13,163.85,929000,0,1,0.17
POL-30379009,CUST-178458,Health,2022-11-27,468.66,358000,0,1,0.018
POL-25657019,CUST-759282,Health,2016-12-27,925.2,272000,0,1,0.223
POL-72149862,CUST-5181,Boat,2021-10-08,414.85,413000,1,1,0.216
POL-34854691,CUST-926227,Business,2016-05-21,644.33,1356000,0,1,0.069
POL-14871807,CUST-50335,Motorcycle,2016-03-23,44.44,49000,1,1,0.053
POL-10071990,CUST-276537,Umbrella,2020-09-01,225.07,2275000,0,1,0.227
POL-92331273,CUST-642515,Motorcycle,2021-02-04,135.8,28000,4,1,0.028
POL-36226982,CUST-732603,Motorcycle,2021-12-13,59.56,27000,4,1,0.142
POL-18490280,CUST-611795,Umbrella,2018-05-23,494.03,3696000,0,1,0.153
POL-16092896,CUST-132423,Umbrella,2023-05-01,342.41,4179000,0,1,0.046
POL-19864422,CUST-789614,Boat,2020-12-04,425.38,487000,2,1,0.075
POL-55471370,CUST-667841,Auto,2025-06-06,87.11,475000,3,1,0.045
POL-89689017,CUST-128317,Umbrella,2023-02-04,337.31,4056000,0,1,0.052
POL-70811787,CUST-252207,Renters,2024-05-15,42.28,100000,0,1,0.137
POL-64146251,CUST-693390,Boat,2025-04-28,284.41,305000,1,1,0.075
POL-37653656,CUST-337548,Health,2023-10-31,1156.7,85000,0,1,0.09
POL-30310459,CUST-96258,Motorcycle,2023-09-15,117.75,21000,3,1,0.073
POL-39759879,CUST-745937,Health,2019-12-25,348.82,99000,0,1,0.174
POL-47380159,CUST-585645,Business,2016-11-25,1415.98,4437000,0,1,0.206
POL-88514011,CUST-678569,Health,2019-08-14,263.53,411000,0,1,0.003
POL-93276632,CUST-81806,Umbrella,2018-12-30,314.17,2849000,0,1,0.109
POL-66384860,CUST-63194,Home,2016-10-08,459.68,209000,0,1,0.201
POL-1762024,CUST-703069,RV,2019-02-09,336.12,76000,2,0,0.021
POL-62834081,CUST-858271,Health,2019-03-04,782.3,220000,0,1,0.016
POL-25221850,CUST-511333,Health,2022-01-16,633.13,330000,0,1,0.158
POL-45694444,CUST-218797,Auto,2017-04-09,211.19,313000,1,1,0.024
POL-68978156,CUST-900159,Business,2024-06-20,1842.78,4500000,0,1,0.075
POL-41852500,CUST-742929,Umbrella,2020-10-28,504.39,4519000,0,1,0.161
POL-87951446,CUST-161479,Auto,2023-03-21,118.55,249000,2,1,0.202
POL-14181508,CUST-958529,Home,2024-01-28,360.6,652000,0,1,0.186
POL-29364802,CUST-961226,Auto,2017-09-15,189.15,53000,2,1,0.046
POL-51751100,CUST-474409,RV,2021-09-05,602.22,138000,2,0,0.005
POL-27248980,CUST-817911,Umbrella,2024-03-24,566.2,1579000,0,1,0.185
POL-25226688,CUST-71973,Home,2022-04-20,302.49,422000,0,1,0.102
POL-56786713,CUST-172172,Auto,2020-03-21,107.84,65000,3,1,0.147
POL-77476147,CUST-679878,Life,2020-09-19,28.34,952000,0,1,0.223
POL-19768893,CUST-483345,Health,2017-03-25,1048.8,322000,0,1,0.034
POL-99995696,CUST-115552,Life,2017-04-25,73.63,83000,0,0,0.058
POL-2226394,CUST-937529,Business,2019-08-02,760.98,1577000,0,1,0.094
POL-25102710,CUST-279714,Auto,2023-05-02,105.81,373000,1,1,0.028
POL-63919907,CUST-694037,Health,2015-12-24,456.03,211000,0,1,0.144
POL-60752435,CUST-369053,Health,2024-07-10,427.82,141000,0,1,0.129
POL-15881472,CUST-971954,Home,2020-01-05,657.62,432000,0,1,0.149
POL-11283250,CUST-371643,Umbrella,2024-11-08,532.96,2727000,0,1,0.083
POL-28463020,CUST-157936,Health,2022-11-01,504.28,312000,0,1,0.193
POL-67402853,CUST-451777,Renters,2022-03-31,36.33,66000,0,1,0.043
POL-44793758,CUST-55739,Business,2024-02-19,1524.0,3702000,0,1,0.043
POL-36586258,CUST-387743,Auto,2023-01-01,277.01,331000,3,1,0.188
POL-6594707,CUST-680129,Boat,2017-02-26,575.06,480000,1,1,0.143
POL-98247592,CUST-973099,Umbrella,2021-12-31,270.94,2979000,0,1,0.089
POL-26029062,CUST-308287,Home,2022-09-06,334.23,472000,0,0,0.245
POL-54048419,CUST-185225,Motorcycle,2018-09-19,74.51,54000,1,1,0.191
POL-71076709,CUST-636955,Motorcycle,2020-03-09,145.25,58000,2,1,0.128
POL-69607791,CUST-454626,Business,2023-11-22,2332.24,3594000,0,1,0.067
POL-91423818,CUST-52294,Umbrella,2017-05-08,287.67,2696000,0,1,0.174
POL-14909280,CUST-230246,Life,2019-09-23,75.5,513000,0,1,0.237
POL-7132030,CUST-938536,Motorcycle,2017-06-14,82.12,52000,2,1,0.14
POL-77206131,CUST-279108,Motorcycle,2016-02-06,45.27,93000,3,1,0.039
POL-8837886,CUST-557980,Health,2019-07-22,1077.43,421000,0,1,0.097
POL-36971545,CUST-237465,Business,2017-03-18,801.47,966000,0,1,0.02
POL-52601013,CUST-411970,Boat,2022-05-17,718.05,391000,2,0,0.186
POL-29512907,CUST-769575,RV,2017-03-20,951.85,135000,2,1,0.165
POL-66460815,CUST-215697,Motorcycle,2020-01-21,95.82,76000,4,1,0.144
POL-27323438,CUST-364519,Motorcycle,2018-05-27,124.18,62000,2,1,0.118
POL-94738032,CUST-625279,Health,2020-05-23,815.91,444000,0,1,0.137
POL-98500011,CUST-3257,Home,2020-05-23,390.7,843000,0,1,0.168
POL-24840859,CUST-527685,RV,2017-02-04,358.31,153000,1,1,0.022
POL-99199081,CUST-320155,Health,2023-08-09,223.12,473000,0,1,0.033
POL-22848229,CUST-330419,Auto,2019-07-21,207.31,112000,1,0,0.068
POL-22366774,CUST-196444,Business,2016-09-03,1347.22,4143000,0,0,0.226
POL-61098100,CUST-148723,Auto,2021-02-21,230.1,98000,4,1,0.143
POL-89393218,CUST-497654,Home,2015-09-17,192.27,357000,0,0,0.1
POL-44835989,CUST-21838,Health,2022-10-10,792.15,206000,0,1,0.111
POL-35410956,CUST-924065,Life,2018-07-07,81.58,341000,0,1,0.187
POL-22914336,CUST-712195,Life,2016-10-20,93.01,787000,0,1,0.188
POL-79726022,CUST-369249,Health,2015-08-29,1117.16,150000,0,1,0.115
POL-78270257,CUST-1055,Business,2023-07-22,2221.15,2621000,0,1,0.099
POL-33220287,CUST-495523,Business,2023-10-20,1024.53,770000,0,0,0.027
POL-6063489,CUST-858706,Motorcycle,2017-05-09,114.3,60000,3,1,0.022
POL-76137251,CUST-713080,Motorcycle,2015-10-16,84.18,98000,1,1,0.222
POL-30640252,CUST-550784,Health,2020-06-09,418.45,166000,0,1,0.008
POL-22455261,CUST-791666,Motorcycle,2024-01-20,42.89,56000,1,1,0.194
POL-12604400,CUST-104849,Health,2017-12-26,767.69,193000,0,1,0.008
POL-98809274,CUST-351983,Home,2020-09-03,236.28,586000,0,1,0.068
POL-65855518,CUST-770509,Boat,2023-03-12,750.59,245000,2,1,0.051
POL-73244637,CUST-269840,Renters,2021-06-17,33.67,23000,0,1,0.206
POL-34029139,CUST-381985,RV,2023-10-08,858.0,120000,1,1,0.239
POL-1820133,CUST-867958,Motorcycle,2023-04-19,89.23,38000,1,1,0.063
POL-40417525,CUST-744653,RV,2021-06-29,363.8,155000,1,0,0.145
POL-69502107,CUST-812149,Business,2021-03-03,1825.83,797000,0,1,0.012
POL-15134534,CUST-283049,Renters,2023-09-25,37.97,31000,0,1,0.01
POL-97739435,CUST-670879,RV,2024-04-29,693.27,281000,2,1,0.231
POL-19850853,CUST-430250,Motorcycle,2015-11-05,139.92,14000,1,1,0.151
POL-88498728,CUST-148513,Health,2019-03-29,491.98,114000,0,0,0.192
POL-66817911,CUST-32405,Renters,2021-07-27,32.57,53000,0,1,0.065
POL-77522039,CUST-777007,Life,2019-08-26,199.37,270000,0,1,0.019
POL-48240526,CUST-216329,Auto,2022-10-27,267.75,321000,1,1,0.235
POL-26017047,CUST-965368,Business,2017-01-04,699.38,4660000,0,1,0.02
POL-85729393,CUST-113174,Boat,2021-12-02,259.33,393000,1,1,0.029
POL-84139980,CUST-711774,Life,2020-02-26,161.97,153000,0,1,0.077
POL-60299910,CUST-918649,Auto,2024-10-05,349.02,184000,4,1,0.001
POL-23481693,CUST-278196,RV,2024-06-16,688.95,222000,1,1,0.03
POL-44452330,CUST-410020,RV,2021-06-05,621.56,216000,2,1,0.227
POL-37077262,CUST-324348,Home,2022-08-04,640.82,1374000,0,1,0.109
POL-5516345,CUST-607667,RV,2018-09-26,557.95,150000,2,1,0.047
POL-94198784,CUST-359949,Home,2024-05-04,267.19,1754000,0,0,0.009
POL-58177965,CUST-833966,Boat,2017-08-02,381.0,83000,2,1,0.144
POL-76056143,CUST-831023,Renters,2023-03-27,20.93,94000,0,1,0.087
POL-38709538,CUST-115543,Auto,2021-05-25,100.56,150000,1,0,0.054
POL-66964850,CUST-972274,Auto,2015-08-20,190.96,373000,4,0,0.046
POL-62588071,CUST-713999,Home,2017-12-30,384.56,631000,0,1,0.084
POL-70220858,CUST-303858,Umbrella,2018-01-18,270.2,3751000,0,1,0.078
POL-89163564,CUST-170505,Home,2024-12-27,101.41,1427000,0,1,0.122
POL-65340518,CUST-302262,Home,2020-08-28,753.97,1078000,0,1,0.149
POL-39557552,CUST-16349,Business,2016-08-04,1051.83,4510000,0,0,0.09
POL-5496631,CUST-227882,Motorcycle,2023-03-20,102.54,76000,2,0,0.008
POL-79600725,CUST-129431,Home,2020-04-22,513.59,1418000,0,1,0.085
POL-65547434,CUST-320677,Boat,2016-05-25,408.72,373000,2,1,0.091
POL-57756952,CUST-369366,RV,2015-07-31,507.37,88000,1,1,0.181
POL-6697739,CUST-263647,Boat,2015-07-03,293.64,237000,1,1,0.09
POL-47005495,CUST-921406,Umbrella,2017-11-01,210.36,2606000,0,1,0.119
POL-67376391,CUST-697644,Auto,2020-04-24,102.41,475000,3,1,0.056
POL-20808715,CUST-90181,Motorcycle,2025-01-12,91.11,65000,2,1,0.197
POL-19145387,CUST-768661,RV,2020-02-05,611.56,262000,1,1,0.001
POL-57988874,CUST-613652,Motorcycle,2018-11-03,79.1,89000,1,1,0.247
POL-39030787,CUST-229489,Home,2016-11-12,440.1,1225000,0,1,0.118
POL-63508844,CUST-978253,Life,2016-01-15,58.63,805000,0,1,0.088
POL-33383774,CUST-851138,Life,2021-07-11,49.5,200000,0,1,0.045
POL-56715484,CUST-418500,RV,2022-01-24,408.52,53000,2,1,0.217
POL-35065845,CUST-964893,RV,2017-02-28,434.82,209000,2,1,0.068
POL-80133190,CUST-325830,Auto,2020-08-18,276.1,316000,3,1,0.201
POL-75686398,CUST-456986,Health,2018-06-10,573.03,460000,0,1,0.029
POL-77600317,CUST-145936,Health,2020-12-23,547.03,66000,0,1,0.236
POL-33557176,CUST-142282,Umbrella,2018-11-20,277.7,4271000,0,0,0.232
POL-74394708,CUST-209215,Life,2022-07-29,159.08,606000,0,1,0.231
POL-40935883,CUST-89755,Auto,2020-08-12,293.72,254000,3,1,0.175
POL-76056500,CUST-972154,Umbrella,2020-07-20,582.6,3334000,0,0,0.15
POL-73260153,CUST-192279,Boat,2023-05-04,514.51,40000,1,0,0.004
POL-58638761,CUST-100707,Home,2021-11-21,116.61,729000,0,1,0.072
POL-70675216,CUST-463367,Umbrella,2017-11-07,297.03,1324000,0,1,0.218
POL-67620927,CUST-980292,Life,2020-10-27,162.66,585000,0,1,0.024
POL-62864748,CUST-371399,Renters,2021-07-29,25.08,83000,0,1,0.114
POL-62619624,CUST-440932,Life,2022-10-08,121.36,234000,0,1,0.127
POL-61912488,CUST-29017,RV,2022-06-22,948.44,109000,1,1,0.189
POL-3546316,CUST-804016,Boat,2024-12-31,788.8,318000,1,1,0.057
POL-11868737,CUST-792572,RV,2022-08-27,709.63,80000,1,1,0.206
POL-82571893,CUST-950899,Business,2017-11-19,1950.77,3830000,0,1,0.229
POL-32567348,CUST-608512,Health,2020-08-20,1022.02,261000,0,1,0.003
POL-50078131,CUST-133457,Umbrella,2024-03-16,421.02,2445000,0,0,0.196
POL-75910137,CUST-920445,Business,2024-09-25,1644.33,275000,0,1,0.07
POL-7185483,CUST-792026,Business,2020-06-25,2289.59,106000,0,1,0.151
POL-16902822,CUST-422515,Motorcycle,2022-03-04,97.97,16000,3,1,0.038
POL-62117013,CUST-846705,Business,2015-08-05,2102.01,3700000,0,1,0.017
POL-61769783,CUST-879962,Auto,2024-04-21,184.9,245000,4,1,0.113
POL-11362751,CUST-57349,Renters,2016-06-01,27.99,16000,0,1,0.08
POL-87225409,CUST-112248,Boat,2020-02-02,448.62,142000,2,1,0.017
POL-79770922,CUST-102130,Business,2021-03-02,2297.84,591000,0,1,0.055
POL-75892528,CUST-504855,Auto,2020-06-08,218.25,127000,4,1,0.154
POL-8169131,CUST-127341,Life,2021-02-16,137.03,940000,0,1,0.067
POL-90518180,CUST-535634,Boat,2025-06-09,664.32,287000,1,1,0.219
POL-94163489,CUST-215025,Auto,2016-05-24,223.51,379000,2,1,0.035
POL-19347740,CUST-589351,Renters,2024-04-10,21.09,50000,0,1,0.192
POL-18307667,CUST-234402,Renters,2023-12-02,17.8,27000,0,1,0.18
POL-40385068,CUST-658756,Umbrella,2018-02-15,298.64,4662000,0,1,0.027
POL-96521610,CUST-982024,RV,2020-10-12,536.63,170000,2,1,0.146
POL-65089577,CUST-653959,Auto,2015-08-09,183.73,462000,4,1,0.095
POL-15395963,CUST-70403,Life,2018-11-28,73.57,437000,0,1,0.06
POL-20538276,CUST-633120,Health,2015-06-30,421.62,126000,0,1,0.084
POL-69769403,CUST-101568,Business,2017-07-21,1082.23,1621000,0,0,0.212
POL-27419830,CUST-108639,Umbrella,2019-09-13,456.01,4866000,0,1,0.131
POL-3309323,CUST-873176,Health,2023-07-21,246.09,61000,0,0,0.035
POL-59567958,CUST-409693,Motorcycle,2024-02-05,77.08,91000,1,1,0.025
POL-16349251,CUST-314492,Renters,2016-06-09,48.29,89000,0,1,0.033
POL-64923735,CUST-192984,Renters,2022-05-17,18.05,71000,0,1,0.192
POL-73379415,CUST-272914,Home,2019-06-28,351.43,605000,0,1,0.225
POL-88336648,CUST-647137,Motorcycle,2022-12-18,102.49,72000,1,1,0.247
POL-58029531,CUST-153350,Umbrella,2017-08-03,500.61,1904000,0,1,0.058
POL-24804490,CUST-148568,Life,2015-11-11,112.52,367000,0,1,0.234
POL-22921098,CUST-536362,Umbrella,2019-08-03,203.04,1634000,0,1,0.024
POL-26890661,CUST-499288,Business,2024-10-16,597.5,4936000,0,1,0.061
POL-38927998,CUST-303509,Umbrella,2023-09-01,447.6,3053000,0,1,0.021
POL-79022539,CUST-516910,Auto,2017-03-12,80.56,364000,1,1,0.145
POL-89617131,CUST-288548,Umbrella,2021-09-28,372.11,2580000,0,1,0.21
POL-51783989,CUST-731541,Motorcycle,2022-02-23,115.87,99000,3,1,0.016
POL-62272153,CUST-437147,Umbrella,2017-04-26,341.56,3515000,0,1,0.182
POL-19886575,CUST-29329,Business,2022-09-20,2495.0,1296000,0,1,0.071
POL-61348545,CUST-125961,Umbrella,2020-04-25,490.78,1911000,0,1,0.059
POL-52268329,CUST-11554,Motorcycle,2025-02-02,108.11,71000,4,0,0.134
POL-40635970,CUST-35739,Home,2025-05-15,299.4,890000,0,1,0.183
POL-5721942,CUST-952220,Health,2023-01-20,643.94,460000,0,1,0.154
POL-18697002,CUST-490636,Umbrella,2021-07-12,278.32,3576000,0,1,0.026
POL-37165431,CUST-9563,Home,2023-04-17,569.06,1146000,0,1,0.105
POL-48016078,CUST-524957,Motorcycle,2018-03-09,70.8,55000,2,1,0.162
POL-28290431,CUST-365779,Motorcycle,2024-01-20,38.03,13000,2,1,0.205
POL-52428709,CUST-537966,Umbrella,2024-06-04,390.72,1230000,0,1,0.019
POL-23420574,CUST-687781,Business,2016-07-24,619.75,1208000,0,1,0.169
POL-47226789,CUST-687796,Motorcycle,2018-01-25,87.42,82000,4,1,0.157
POL-45538877,CUST-481801,Boat,2025-01-27,579.57,132000,2,1,0.038
POL-37358181,CUST-823091,Boat,2017-11-16,273.86,212000,1,1,0.035
POL-52872219,CUST-71523,RV,2020-08-24,804.32,220000,2,1,0.228
POL-50536025,CUST-494668,Home,2023-09-21,158.19,1874000,0,1,0.078
POL-77314639,CUST-742916,Auto,2018-07-24,90.81,416000,2,1,0.084
POL-88436745,CUST-550957,Health,2024-02-13,769.8,332000,0,1,0.174
POL-17370722,CUST-731663,Health,2019-11-26,903.04,88000,0,1,0.065
POL-79034390,CUST-608934,Umbrella,2021-01-02,439.78,3627000,0,1,0.095
POL-78449352,CUST-647469,Business,2021-05-31,917.38,4116000,0,1,0.134
POL-9069088,CUST-47111,Renters,2022-05-12,18.61,96000,0,1,0.2
POL-98365153,CUST-166911,Boat,2015-12-30,447.64,324000,1,1,0.085
POL-12957438,CUST-697576,Health,2019-06-08,1119.35,123000,0,1,0.025
POL-67032883,CUST-979615,Renters,2017-04-20,38.36,14000,0,1,0.201
POL-43440826,CUST-796822,Life,2023-08-07,147.56,462000,0,1,0.108
POL-98334222,CUST-834252,Health,2019-06-07,1071.5,243000,0,1,0.036
POL-14150817,CUST-943502,Life,2019-07-09,198.85,381000,0,0,0.055
POL-97732404,CUST-935825,Health,2018-06-15,689.01,487000,0,1,0.098
POL-56378982,CUST-967181,Motorcycle,2022-01-10,103.63,64000,3,1,0.128
POL-8311653,CUST-641627,Business,2016-08-02,1351.72,1481000,0,1,0.201
POL-15364411,CUST-39235,Renters,2019-10-03,39.79,26000,0,1,0.102
POL-59260945,CUST-800432,Life,2016-09-24,80.11,483000,0,1,0.243
POL-81407521,CUST-661959,Motorcycle,2021-11-10,69.24,80000,3,1,0.036
POL-23362909,CUST-336759,Auto,2015-12-30,313.92,427000,2,1,0.219
POL-93781379,CUST-471345,Boat,2017-04-28,307.59,146000,2,1,0.153
POL-17880034,CUST-668357,Business,2021-12-01,2055.25,2259000,0,1,0.067
POL-74687900,CUST-209436,Life,2025-04-03,37.77,653000,0,1,0.109
POL-33889297,CUST-514958,Umbrella,2018-10-28,560.41,1780000,0,1,0.049
POL-91113573,CUST-299986,Boat,2022-12-08,476.88,474000,1,1,0.086
POL-27003632,CUST-778204,Boat,2019-05-01,633.82,268000,1,1,0.216
POL-58258950,CUST-853370,Renters,2018-04-02,39.43,17000,0,1,0.051
POL-25809507,CUST-90196,Business,2024-06-26,1559.4,885000,0,1,0.139
POL-3253847,CUST-659675,Life,2025-05-25,160.48,252000,0,1,0.183
POL-27318624,CUST-34853,Life,2017-02-16,146.35,645000,0,1,0.067
POL-702802,CUST-377027,Home,2017-11-19,602.44,928000,0,1,0.191
POL-76275267,CUST-573131,Boat,2022-06-08,207.05,128000,2,1,0.168
POL-45729498,CUST-194305,RV,2016-09-19,598.44,51000,1,1,0.035
POL-66595544,CUST-199372,Life,2024-06-23,29.74,932000,0,1,0.222
POL-76553774,CUST-867776,RV,2019-01-09,504.52,291000,2,1,0.204
POL-67222987,CUST-369209,RV,2023-07-21,442.48,247000,1,1,0.113
POL-83010827,CUST-943462,Business,2021-07-23,1262.05,4374000,0,1,0.244
POL-18505072,CUST-840534,RV,2024-12-30,723.68,181000,1,1,0.095
POL-58905216,CUST-448278,Umbrella,2016-08-20,456.05,2062000,0,1,0.072
POL-9511690,CUST-596799,Motorcycle,2021-11-22,135.2,89000,2,1,0.246
POL-17071472,CUST-820392,Motorcycle,2016-10-27,63.59,17000,1,1,0.036
POL-40027348,CUST-105814,Business,2024-04-17,1239.18,885000,0,0,0.233
POL-66936024,CUST-241773,Umbrella,2017-07-01,219.97,3739000,0,0,0.219
POL-80730565,CUST-566795,Home,2016-05-14,175.8,796000,0,1,0.027
POL-3025600,CUST-234903,Umbrella,2021-02-14,514.83,3225000,0,1,0.224
POL-33739900,CUST-409391,Auto,2020-06-04,226.04,51000,2,0,0.183
POL-9120472,CUST-914822,Business,2021-07-31,1777.84,400000,0,1,0.16
POL-38663966,CUST-78409,Auto,2018-03-06,156.1,168000,2,1,0.101
POL-77222958,CUST-253124,RV,2024-08-01,537.95,230000,1,1,0.048
POL-82040231,CUST-524337,Home,2024-04-20,292.11,1454000,0,1,0.078
POL-53582355,CUST-648696,Umbrella,2020-10-21,340.91,1209000,0,1,0.156
POL-73275043,CUST-731400,Auto,2016-06-15,107.84,236000,3,1,0.112
POL-78218402,CUST-493856,Boat,2017-05-18,704.48,261000,2,1,0.241
POL-87675315,CUST-31434,Business,2019-12-20,574.4,3980000,0,1,0.164
POL-45371664,CUST-441875,Motorcycle,2016-01-16,137.69,79000,2,1,0.026
POL-26912165,CUST-350791,Home,2019-12-07,174.69,1182000,0,0,0.106
POL-18695003,CUST-214154,RV,2016-07-03,984.44,80000,1,1,0.118
POL-98498722,CUST-345620,Motorcycle,2024-10-19,82.62,86000,2,1,0.04
POL-31624005,CUST-517530,Home,2016-07-21,433.54,187000,0,1,0.216
POL-75679497,CUST-948252,Umbrella,2016-09-25,587.86,3249000,0,1,0.047
POL-46418606,CUST-74200,Umbrella,2016-02-04,457.45,1281000,0,1,0.105
POL-80282015,CUST-775201,Boat,2022-07-29,623.35,311000,2,1,0.238
POL-74011044,CUST-502028,Health,2016-11-11,778.5,361000,0,1,0.127
POL-36307023,CUST-758466,Renters,2017-09-11,20.57,62000,0,1,0.024
POL-13966860,CUST-37329,Boat,2016-03-15,401.09,48000,1,1,0.135
POL-68129491,CUST-236186,Renters,2023-12-10,47.52,66000,0,1,0.151
POL-57917038,CUST-500792,Health,2021-06-14,204.3,457000,0,1,0.038
POL-30568777,CUST-22484,RV,2020-08-27,538.68,91000,2,1,0.188
POL-3537149,CUST-811192,Motorcycle,2016-06-07,101.1,95000,2,1,0.017
POL-71697212,CUST-637679,Umbrella,2018-10-30,524.4,3978000,0,1,0.08
POL-91528600,CUST-716801,RV,2021-12-12,559.43,129000,2,1,0.06
POL-74154752,CUST-505595,RV,2015-10-20,626.98,100000,1,1,0.141
POL-51959009,CUST-802875,Boat,2016-05-18,275.04,404000,1,1,0.191
POL-93340448,CUST-131320,Health,2021-11-29,755.57,425000,0,1,0.238
POL-94131964,CUST-447567,Boat,2022-10-21,481.49,417000,1,1,0.19
POL-18491234,CUST-121197,Renters,2024-11-03,19.91,27000,0,1,0.12
POL-15836692,CUST-940726,RV,2022-12-11,945.08,102000,1,1,0.015
POL-47216333,CUST-203052,Boat,2021-09-30,744.44,102000,1,1,0.035
POL-58589370,CUST-962664,Renters,2021-05-01,19.93,49000,0,1,0.122
POL-31966664,CUST-243304,Auto,2016-06-23,174.18,370000,4,1,0.173
POL-79002900,CUST-10537,Boat,2017-01-21,791.27,74000,2,0,0.169
POL-55440710,CUST-783785,Business,2019-05-11,1761.79,1009000,0,1,0.177
POL-76242194,CUST-48003,Motorcycle,2024-08-12,71.98,62000,4,1,0.102
POL-96613524,CUST-262062,Auto,2015-09-30,243.96,404000,4,1,0.059
POL-10282645,CUST-59406,Renters,2016-06-17,42.26,12000,0,1,0.178
POL-58861974,CUST-189365,Life,2017-08-25,53.26,914000,0,1,0.236
POL-5867922,CUST-329384,Motorcycle,2020-04-19,111.86,58000,2,1,0.156
POL-80854908,CUST-687036,Life,2021-06-10,47.26,143000,0,1,0.19
POL-39246971,CUST-136017,Health,2019-08-25,1184.07,419000,0,1,0.005
POL-64250209,CUST-689525,Renters,2022-04-05,31.74,42000,0,1,0.191
POL-88126056,CUST-80534,Umbrella,2017-07-29,397.14,3687000,0,1,0.021
POL-33581121,CUST-983952,Umbrella,2016-10-16,214.86,3945000,0,1,0.017
POL-27630190,CUST-518970,Life,2024-09-28,98.34,82000,0,1,0.034
POL-29566459,CUST-465087,Umbrella,2021-07-26,424.21,4011000,0,1,0.065
POL-49248998,CUST-818107,Boat,2020-08-23,745.84,338000,2,1,0.23
POL-39283302,CUST-911182,Health,2024-11-15,420.66,202000,0,1,0.178
POL-70711829,CUST-936355,Umbrella,2019-08-25,396.8,1374000,0,1,0.027
POL-42796523,CUST-731666,Business,2020-01-17,1305.84,4883000,0,1,0.063
POL-67571298,CUST-109448,Health,2024-09-14,1170.3,423000,0,1,0.103
POL-46524622,CUST-944164,Motorcycle,2016-05-30,132.37,99000,2,1,0.006
POL-94690831,CUST-996738,Health,2022-06-25,291.62,309000,0,1,0.204
POL-37551952,CUST-82256,Motorcycle,2023-10-07,80.79,29000,2,1,0.135
POL-18405476,CUST-882298,Renters,2018-12-15,45.04,88000,0,0,0.247
POL-30942008,CUST-319751,Boat,2024-05-10,601.89,177000,1,1,0.009
POL-28289021,CUST-128710,Life,2024-11-25,28.64,460000,0,1,0.022
POL-97295874,CUST-856036,Motorcycle,2021-10-29,124.79,52000,1,1,0.14
POL-4814077,CUST-246525,Umbrella,2017-11-28,311.92,4456000,0,1,0.219
POL-87229186,CUST-801313,Motorcycle,2022-12-25,144.52,37000,1,1,0.174
POL-15332850,CUST-22323,Health,2023-03-19,1188.35,218000,0,1,0.211
POL-4530678,CUST-283428,Health,2023-12-25,581.39,424000,0,1,0.224
POL-78952257,CUST-402838,Auto,2020-03-22,104.14,56000,1,1,0.147
POL-11340498,CUST-62621,RV,2020-08-08,874.53,204000,1,1,0.111
POL-81838954,CUST-402586,Home,2020-03-29,608.98,1798000,0,0,0.213
POL-2529799,CUST-904682,RV,2023-12-03,977.02,95000,1,1,0.238
POL-51628627,CUST-465588,Home,2022-01-01,334.57,1947000,0,0,0.189
POL-30124961,CUST-215723,Business,2016-03-31,1865.89,2030000,0,1,0.066
POL-24753345,CUST-691982,Health,2021-12-12,833.36,269000,0,1,0.061
POL-71469858,CUST-54798,Motorcycle,2022-10-29,77.27,80000,1,1,0.203
POL-4201833,CUST-567855,Life,2020-09-07,197.38,757000,0,1,0.13
POL-3488600,CUST-954260,Umbrella,2021-05-30,541.22,4629000,0,1,0.076
POL-35236547,CUST-849602,Boat,2021-03-19,736.48,159000,2,1,0.218
POL-3670202,CUST-357506,Health,2019-03-06,273.65,484000,0,1,0.022
POL-57384680,CUST-820628,Umbrella,2022-11-17,472.35,4971000,0,1,0.195
POL-14657945,CUST-580170,Health,2016-06-18,208.37,371000,0,1,0.232
POL-96810847,CUST-977768,Business,2022-02-04,1395.73,4326000,0,1,0.035
POL-71774457,CUST-486017,RV,2020-05-19,709.17,83000,2,1,0.106
POL-76853413,CUST-754157,Health,2022-09-14,674.37,264000,0,1,0.089
POL-69647305,CUST-272735,Auto,2025-02-28,284.52,79000,4,1,0.107
POL-51176016,CUST-490033,Home,2018-04-05,456.36,1104000,0,1,0.224
POL-17699655,CUST-951805,RV,2019-07-19,679.88,107000,2,0,0.108
POL-37674933,CUST-838429,RV,2015-10-02,934.24,225000,2,1,0.182
POL-11480563,CUST-262073,Motorcycle,2020-02-29,135.49,94000,2,1,0.1
POL-39704948,CUST-353928,Business,2024-09-22,817.83,3666000,0,1,0.111
POL-52962477,CUST-40481,RV,2025-03-17,307.84,233000,1,1,0.099
POL-48545863,CUST-281802,Motorcycle,2020-02-28,148.74,53000,2,1,0.229
POL-87648351,CUST-849618,Business,2019-10-03,1851.96,4611000,0,0,0.0
POL-16684124,CUST-321802,Renters,2015-09-14,35.33,42000,0,1,0.141
POL-88687917,CUST-336581,Home,2025-03-01,194.91,816000,0,1,0.12
POL-23996035,CUST-465367,Life,2019-12-29,100.92,683000,0,1,0.095
POL-2317495,CUST-461278,Auto,2023-05-14,228.24,124000,3,0,0.133
POL-62604450,CUST-38801,Umbrella,2015-08-24,211.73,1304000,0,0,0.235
POL-64452414,CUST-668722,Renters,2021-08-06,19.37,68000,0,1,0.237
POL-29238325,CUST-428459,Motorcycle,2024-12-17,69.56,82000,2,1,0.238
POL-77788611,CUST-984439,Life,2016-06-28,128.29,955000,0,1,0.099
POL-37103909,CUST-940619,Home,2016-11-05,474.07,1026000,0,1,0.029
POL-42147927,CUST-999600,Renters,2024-11-15,33.4,15000,0,1,0.163
POL-59114791,CUST-188538,Auto,2016-07-31,81.18,341000,2,1,0.149
POL-37063466,CUST-272148,Life,2019-11-19,116.5,519000,0,1,0.222
POL-17075512,CUST-238466,Umbrella,2023-11-30,455.78,1209000,0,1,0.161
POL-19716823,CUST-913560,Life,2018-06-18,128.19,69000,0,1,0.183
POL-31228768,CUST-120005,Life,2016-05-03,84.48,64000,0,1,0.127
POL-24730353,CUST-717688,Auto,2016-02-24,213.22,115000,1,1,0.161
POL-59097257,CUST-608059,Umbrella,2024-02-11,259.69,1760000,0,1,0.213
POL-5631183,CUST-580290,Motorcycle,2020-11-21,102.57,26000,1,1,0.222
POL-8162164,CUST-997933,Auto,2019-05-16,291.26,286000,2,1,0.034
POL-34553693,CUST-16901,Renters,2019-11-25,42.49,60000,0,1,0.106
POL-72536810,CUST-753212,Renters,2021-07-03,39.56,85000,0,1,0.06
POL-80608327,CUST-246097,Renters,2016-04-02,49.79,53000,0,1,0.195
POL-14651674,CUST-81242,Home,2021-06-11,664.73,1699000,0,1,0.098
POL-59567530,CUST-118680,Business,2024-02-13,1234.96,3523000,0,1,0.227
POL-10395193,CUST-248490,Renters,2024-03-09,16.74,60000,0,1,0.123
POL-43726665,CUST-598071,Health,2018-12-18,561.89,209000,0,1,0.093
POL-91404455,CUST-436175,Renters,2021-10-23,26.56,19000,0,1,0.164
POL-86152618,CUST-447191,RV,2016-09-15,982.63,224000,2,1,0.218
POL-19203803,CUST-25894,Health,2020-04-23,866.26,190000,0,1,0.197
POL-81465696,CUST-826450,RV,2021-01-18,818.99,110000,2,1,0.236
POL-44961030,CUST-427963,Life,2021-08-15,174.57,923000,0,1,0.109
POL-63174275,CUST-988261,Motorcycle,2021-11-13,129.58,78000,3,1,0.007
POL-83472202,CUST-32670,Boat,2020-06-30,483.66,300000,2,1,0.127
POL-49432646,CUST-46777,Business,2018-03-22,1081.46,1434000,0,1,0.163
POL-20141148,CUST-956167,Business,2020-06-10,1621.71,2212000,0,1,0.218
POL-14258231,CUST-638622,Motorcycle,2015-12-05,149.62,54000,1,1,0.191
POL-42024344,CUST-535608,Renters,2019-02-03,26.17,18000,0,1,0.18
POL-78045796,CUST-747467,Business,2024-02-20,849.74,2358000,0,1,0.041
POL-28839191,CUST-397242,Auto,2021-05-06,93.81,128000,3,1,0.246
POL-4375434,CUST-688976,Business,2025-05-28,2016.97,4858000,0,1,0.117
POL-51148988,CUST-799656,Health,2018-01-17,1114.68,307000,0,0,0.211
POL-10376565,CUST-980961,Business,2016-10-29,1129.46,2997000,0,1,0.242
POL-75887023,CUST-527953,Auto,2019-04-25,145.26,40000,1,1,0.084
POL-84600705,CUST-574863,Umbrella,2025-04-07,243.98,1161000,0,1,0.172
POL-72338977,CUST-768654,Auto,2022-08-09,160.97,205000,1,1,0.24
POL-70834264,CUST-836979,Home,2017-07-22,318.16,820000,0,1,0.016
POL-81483852,CUST-495273,Boat,2016-05-14,557.98,430000,1,1,0.188
POL-69838315,CUST-462440,Business,2024-05-31,2216.94,2873000,0,1,0.199
POL-36129093,CUST-204497,Home,2020-11-19,178.17,601000,0,1,0.144
POL-39334559,CUST-955325,Renters,2025-04-12,49.78,32000,0,1,0.046
POL-44115287,CUST-254880,Boat,2019-08-24,690.27,103000,2,1,0.095
POL-30989625,CUST-477963,Life,2021-08-26,166.07,411000,0,1,0.013
POL-15490996,CUST-726739,Umbrella,2020-11-06,398.36,3217000,0,1,0.179
POL-59727893,CUST-768394,Umbrella,2019-08-05,339.42,2435000,0,0,0.065
POL-48570867,CUST-83561,Motorcycle,2022-06-20,147.22,89000,1,1,0.081
POL-75223282,CUST-530205,Home,2021-06-25,433.65,1991000,0,0,0.086
POL-48626679,CUST-685066,Umbrella,2016-10-17,325.07,3870000,0,1,0.113
POL-81231063,CUST-241539,Auto,2023-09-24,329.43,244000,2,1,0.136
POL-56217126,CUST-240924,Home,2023-02-17,391.01,519000,0,1,0.063
POL-16814965,CUST-970684,Home,2025-03-06,798.38,394000,0,1,0.167
POL-32875817,CUST-814165,Boat,2024-08-21,424.73,247000,1,1,0.064
POL-90476858,CUST-613160,Home,2022-06-05,221.66,990000,0,1,0.064
POL-81274963,CUST-272922,Home,2017-11-04,457.81,1743000,0,1,0.098
POL-45844991,CUST-329089,Auto,2020-05-16,239.07,56000,4,1,0.021
POL-10939544,CUST-428346,Motorcycle,2017-07-02,58.86,41000,3,0,0.109
POL-67783433,CUST-155607,Boat,2022-08-28,764.61,188000,2,1,0.082
POL-66330432,CUST-663360,Business,2025-04-17,2143.01,4629000,0,1,0.205
POL-24147877,CUST-918977,Motorcycle,2018-11-11,82.89,99000,1,0,0.238
POL-2082019,CUST-174872,Health,2023-03-21,480.4,170000,0,1,0.133
POL-56186977,CUST-276169,RV,2017-07-19,671.41,60000,2,1,0.213
POL-95480058,CUST-975306,Home,2024-12-05,560.3,1464000,0,1,0.036
POL-99704175,CUST-105901,Business,2023-06-27,2131.82,3462000,0,1,0.012
POL-4573558,CUST-874364,Life,2017-08-23,121.77,874000,0,1,0.027
POL-3212026,CUST-723566,Renters,2022-10-31,19.64,57000,0,1,0.11
POL-9799868,CUST-138808,Boat,2018-05-02,310.88,345000,1,1,0.083
POL-71042742,CUST-963246,Business,2024-04-02,548.57,2493000,0,1,0.049
POL-56688023,CUST-371581,Home,2022-02-04,464.94,1583000,0,1,0.075
POL-53998141,CUST-730782,Motorcycle,2017-08-29,135.95,59000,2,0,0.021
POL-32404844,CUST-746568,Auto,2024-12-19,265.13,474000,2,1,0.146
POL-15975888,CUST-353169,Boat,2020-06-26,271.22,362000,1,1,0.102
POL-79386833,CUST-638328,Business,2021-03-21,729.38,4023000,0,1,0.097
POL-96929303,CUST-47435,Umbrella,2017-04-29,523.56,4816000,0,1,0.214
POL-99153134,CUST-965448,RV,2016-09-30,378.08,162000,1,1,0.021
POL-60249712,CUST-954911,Auto,2021-07-13,277.41,281000,2,1,0.039
POL-84668837,CUST-471600,Home,2022-06-13,515.59,616000,0,1,0.225
POL-38827999,CUST-794464,Umbrella,2022-11-27,377.06,3850000,0,1,0.195
POL-93967669,CUST-141144,Home,2023-08-11,641.01,853000,0,1,0.128
POL-97134371,CUST-803162,Boat,2018-08-12,492.39,257000,2,1,0.149
POL-11246035,CUST-159652,Business,2024-02-28,2180.98,779000,0,1,0.049
POL-79665373,CUST-621856,Renters,2015-08-17,24.6,17000,0,1,0.247
POL-90450278,CUST-680950,Auto,2021-10-14,115.35,364000,4,1,0.13
POL-50918794,CUST-336002,RV,2023-03-18,646.06,211000,1,1,0.186
POL-23719260,CUST-533376,Renters,2022-12-15,37.33,17000,0,1,0.079
POL-13005510,CUST-243545,Motorcycle,2020-03-30,84.31,62000,1,1,0.195
POL-66208728,CUST-357687,Renters,2020-07-20,15.3,37000,0,1,0.171
POL-75716426,CUST-542824,Boat,2016-04-25,607.65,181000,1,1,0.181
POL-77823224,CUST-532915,Health,2024-06-05,988.81,334000,0,1,0.011
POL-38286573,CUST-338480,Health,2022-10-02,1030.1,399000,0,1,0.043
POL-42758855,CUST-794086,Auto,2022-01-10,315.26,189000,1,1,0.07
POL-19219517,CUST-43971,Auto,2018-07-12,107.15,188000,2,1,0.025
POL-57785785,CUST-544352,RV,2019-01-29,760.27,94000,2,1,0.043
POL-77193691,CUST-922310,RV,2020-03-24,818.16,230000,1,1,0.168
POL-13350172,CUST-364218,RV,2020-11-03,385.09,254000,2,1,0.21
POL-22225454,CUST-124309,Health,2020-05-03,737.47,405000,0,1,0.021
POL-36755323,CUST-510274,Boat,2020-05-22,794.21,412000,2,1,0.116
POL-30015561,CUST-928355,RV,2022-12-17,714.76,130000,2,1,0.046
POL-38718971,CUST-984827,Auto,2018-05-17,86.25,93000,1,1,0.179
POL-81358784,CUST-790069,Auto,2019-11-28,340.96,30000,4,1,0.06
POL-31094836,CUST-698806,RV,2017-04-19,555.63,258000,1,1,0.168
POL-18925119,CUST-100638,Business,2020-03-26,1141.28,1612000,0,1,0.002
POL-74110122,CUST-879535,Umbrella,2019-01-05,232.37,1462000,0,1,0.146
POL-22662988,CUST-28678,Home,2024-02-23,535.55,1775000,0,1,0.09
POL-72454722,CUST-564045,Umbrella,2016-03-02,368.13,2982000,0,1,0.099
POL-894575,CUST-512088,Umbrella,2018-10-24,355.79,1482000,0,1,0.113
POL-49598894,CUST-213008,Boat,2015-12-07,246.95,255000,2,1,0.203
POL-76660490,CUST-447220,RV,2020-04-15,650.33,247000,1,1,0.06
POL-69913195,CUST-132307,Umbrella,2023-01-23,360.32,1564000,0,1,0.191
POL-39586388,CUST-962587,Motorcycle,2023-03-20,140.84,68000,2,0,0.093
POL-96133569,CUST-740632,Boat,2017-05-11,324.48,77000,1,1,0.213
POL-59647037,CUST-932057,Boat,2017-07-14,648.46,457000,1,1,0.035
POL-66203639,CUST-275834,Renters,2022-11-06,38.35,19000,0,1,0.197
POL-18363405,CUST-291979,Motorcycle,2016-12-20,51.11,66000,2,1,0.0
POL-47475650,CUST-842678,Home,2017-06-22,150.13,1059000,0,1,0.024
POL-99895239,CUST-831856,Renters,2016-11-02,21.09,98000,0,1,0.046
POL-97624820,CUST-77961,RV,2019-04-12,458.73,208000,2,0,0.184
POL-21035567,CUST-531691,Health,2021-01-21,1087.18,268000,0,1,0.007
POL-37058592,CUST-475491,Renters,2021-03-13,28.59,59000,0,1,0.141
POL-90205248,CUST-814791,Business,2024-03-20,1521.03,4152000,0,0,0.054
POL-94866405,CUST-721354,RV,2016-10-02,691.11,111000,1,1,0.135
POL-5148168,CUST-454429,Boat,2020-11-06,609.75,361000,1,1,0.057
POL-94637414,CUST-832776,Home,2017-03-15,635.86,1309000,0,0,0.187
POL-42617779,CUST-199647,Life,2024-05-12,161.41,791000,0,0,0.148
POL-88735423,CUST-878323,Life,2024-12-27,109.45,110000,0,1,0.15
POL-85160766,CUST-657756,Renters,2016-02-06,17.25,45000,0,1,0.186
POL-33005982,CUST-143523,Life,2015-08-18,126.33,136000,0,1,0.043
POL-50493924,CUST-914478,RV,2025-06-20,409.81,176000,1,1,0.005
POL-90375189,CUST-205183,RV,2019-03-29,379.95,233000,2,1,0.212
POL-63097822,CUST-158789,Boat,2020-01-03,400.8,260000,2,1,0.119
POL-25112788,CUST-769194,Renters,2023-09-26,35.36,69000,0,1,0.014
POL-37929886,CUST-138193,Life,2023-12-11,187.73,191000,0,1,0.031
POL-85197752,CUST-918409,Renters,2018-11-14,34.12,64000,0,1,0.247
POL-69297448,CUST-898794,Umbrella,2017-01-01,406.71,1398000,0,1,0.134
POL-429189,CUST-455416,Home,2019-02-19,796.43,1969000,0,0,0.108
POL-65859451,CUST-584829,Boat,2016-08-20,326.76,445000,2,1,0.061
POL-95293313,CUST-186767,Motorcycle,2019-01-15,54.01,22000,2,1,0.245
POL-56124397,CUST-721401,Umbrella,2016-02-26,533.12,2882000,0,1,0.186
POL-82326231,CUST-398763,Motorcycle,2019-12-20,42.4,88000,3,1,0.054
POL-31503019,CUST-668692,RV,2025-06-05,654.98,73000,1,1,0.172
POL-64992661,CUST-556228,Business,2021-06-04,1796.54,549000,0,1,0.245
POL-40278816,CUST-881529,Life,2018-07-22,147.1,169000,0,1,0.161
POL-39207134,CUST-700423,Auto,2019-06-09,214.89,248000,4,1,0.199
POL-65796479,CUST-835448,Life,2023-09-30,45.11,283000,0,1,0.173
POL-80241009,CUST-374475,Motorcycle,2022-03-02,140.51,42000,1,1,0.215
POL-64553231,CUST-309767,Umbrella,2024-09-26,307.1,1154000,0,1,0.011
POL-29384358,CUST-117825,Business,2017-02-18,2169.59,2136000,0,1,0.041
POL-56316956,CUST-468894,Umbrella,2020-05-19,499.89,2558000,0,1,0.083
POL-33204963,CUST-694595,Health,2021-01-10,541.75,271000,0,0,0.205
POL-15544987,CUST-184753,Health,2022-09-21,880.08,357000,0,1,0.208
POL-42802832,CUST-692702,Life,2023-05-26,109.32,342000,0,0,0.054
POL-46651206,CUST-730824,Life,2017-06-04,50.46,388000,0,1,0.223
POL-94599178,CUST-134278,Home,2022-04-07,406.56,671000,0,1,0.15
POL-65655873,CUST-630255,Life,2023-09-21,81.47,973000,0,1,0.157
POL-92237366,CUST-246268,Renters,2022-07-03,44.12,65000,0,1,0.226
POL-39047995,CUST-280938,Home,2015-12-26,673.23,482000,0,1,0.101
POL-28871061,CUST-933034,Auto,2024-02-16,112.81,309000,4,1,0.15
POL-8160875,CUST-589569,Umbrella,2022-06-14,303.28,4460000,0,1,0.193
POL-35112062,CUST-707777,Renters,2020-12-28,26.14,22000,0,1,0.054
POL-55194233,CUST-410389,Auto,2020-11-23,242.84,30000,4,1,0.13
POL-57069281,CUST-418045,Umbrella,2023-01-05,510.07,3608000,0,1,0.147
POL-7332766,CUST-281351,Renters,2019-12-05,27.68,86000,0,1,0.034
POL-97735584,CUST-229583,Renters,2023-10-02,47.01,14000,0,1,0.187
POL-85398202,CUST-858285,Business,2021-04-10,2232.49,1003000,0,1,0.159
POL-41407598,CUST-469380,Health,2016-04-08,528.62,449000,0,0,0.105
POL-29703731,CUST-600315,RV,2022-06-19,345.06,280000,1,1,0.155
POL-71942460,CUST-216217,Health,2018-04-29,1134.31,287000,0,1,0.173
POL-82316265,CUST-640419,Home,2017-05-15,435.18,575000,0,1,0.244
POL-17342988,CUST-634347,Life,2021-02-06,78.49,732000,0,1,0.043
POL-2673605,CUST-996439,Renters,2024-09-03,18.29,91000,0,1,0.198
POL-50893769,CUST-94636,Health,2015-11-08,1010.76,82000,0,1,0.228
POL-47338677,CUST-804092,Life,2021-02-28,153.37,505000,0,1,0.225
POL-8518098,CUST-686745,Home,2024-11-24,724.09,309000,0,1,0.078
POL-69611890,CUST-220686,Renters,2016-04-30,20.89,82000,0,1,0.068
POL-71869924,CUST-208079,Auto,2021-08-26,122.48,172000,2,1,0.188
POL-71900277,CUST-414739,Auto,2018-03-01,268.38,186000,4,1,0.175
POL-38948304,CUST-840208,Home,2019-05-25,182.61,1643000,0,1,0.164
POL-50181317,CUST-347605,Umbrella,2018-03-28,366.61,2149000,0,1,0.201
POL-28939368,CUST-579811,Renters,2022-07-11,18.61,75000,0,1,0.155
POL-1830849,CUST-37827,Business,2019-09-22,1913.36,1715000,0,1,0.08
POL-70673067,CUST-107500,Life,2015-11-01,77.51,391000,0,0,0.171
POL-53410254,CUST-829783,Business,2024-01-10,611.61,1602000,0,1,0.019
POL-5675419,CUST-164569,Home,2023-09-29,119.01,519000,0,1,0.08
POL-40462140,CUST-25422,Renters,2020-04-23,21.34,86000,0,1,0.044
POL-84765944,CUST-809932,Life,2019-05-29,67.33,451000,0,1,0.108
POL-4533608,CUST-285693,Motorcycle,2019-09-13,101.99,32000,3,1,0.134
POL-50715072,CUST-687106,Home,2017-08-06,498.08,295000,0,1,0.156
POL-17608451,CUST-858045,RV,2022-04-24,847.7,100000,1,1,0.198
POL-11397317,CUST-80244,Renters,2020-02-01,19.44,96000,0,1,0.037
POL-67714140,CUST-757190,Auto,2016-10-01,182.21,378000,2,1,0.047
POL-2705048,CUST-15457,Motorcycle,2022-07-24,52.96,49000,2,0,0.064
POL-81184526,CUST-963614,Boat,2024-09-15,422.56,412000,2,1,0.153
POL-12825399,CUST-771619,Auto,2018-01-28,217.09,432000,3,1,0.044
POL-26076367,CUST-871861,Health,2022-02-23,927.46,143000,0,1,0.155
POL-43449866,CUST-445804,Life,2020-10-20,122.03,410000,0,1,0.067
POL-99788647,CUST-24570,Umbrella,2024-03-17,528.48,1091000,0,1,0.087
POL-36782333,CUST-481197,RV,2020-08-19,743.52,295000,2,1,0.22
POL-13378718,CUST-277107,Boat,2018-12-10,706.12,479000,1,1,0.107
POL-63270284,CUST-394873,Business,2025-04-18,2247.25,3640000,0,1,0.052
POL-57651154,CUST-97582,Business,2020-06-12,692.25,4045000,0,1,0.011
POL-54536785,CUST-588247,Boat,2019-04-11,274.76,313000,1,1,0.191
POL-64874074,CUST-298239,Business,2020-03-25,1180.45,1244000,0,1,0.237
POL-67993829,CUST-256496,Health,2024-07-25,1134.56,199000,0,1,0.153
POL-2310226,CUST-521178,Motorcycle,2021-12-31,110.04,78000,4,1,0.147
POL-50028002,CUST-799749,Business,2022-03-11,1658.78,3933000,0,1,0.175
POL-95909134,CUST-113565,Boat,2024-10-16,620.17,473000,1,1,0.217
POL-30072939,CUST-605950,Motorcycle,2023-03-10,100.11,21000,3,1,0.227
POL-53331228,CUST-808667,Home,2015-12-01,118.42,1691000,0,1,0.131
POL-60006771,CUST-387786,Boat,2019-06-11,261.58,231000,2,1,0.105
POL-75585152,CUST-114240,Umbrella,2023-08-09,200.02,2421000,0,1,0.182
POL-44618734,CUST-150755,Motorcycle,2020-10-11,143.24,100000,1,1,0.166
POL-12802899,CUST-588130,Renters,2016-11-30,34.7,100000,0,1,0.071
POL-27874581,CUST-906837,Health,2018-05-16,1169.66,243000,0,1,0.16
POL-79646079,CUST-262111,Motorcycle,2023-10-29,99.06,53000,1,1,0.248
POL-18969067,CUST-422780,Renters,2016-12-02,26.35,12000,0,1,0.195
POL-70250319,CUST-758154,Motorcycle,2023-07-20,132.82,86000,2,1,0.078
POL-31196194,CUST-61795,Life,2025-02-17,169.34,836000,0,0,0.225
POL-33826068,CUST-431865,RV,2023-11-20,604.24,174000,1,1,0.2
POL-99389721,CUST-354280,Home,2020-10-16,310.46,170000,0,1,0.083
POL-4900250,CUST-337057,Health,2018-01-20,738.92,420000,0,0,0.107
POL-80360192,CUST-426282,Life,2025-02-09,157.22,967000,0,1,0.129
POL-35989798,CUST-723934,Home,2015-08-03,540.43,1695000,0,1,0.129
POL-75485324,CUST-833298,Renters,2019-01-20,35.05,63000,0,1,0.217
POL-73227680,CUST-524094,Motorcycle,2023-10-22,53.5,77000,3,1,0.18
POL-87511116,CUST-247190,Home,2020-10-26,115.21,267000,0,1,0.035
POL-61924305,CUST-743302,RV,2020-12-19,704.67,208000,2,1,0.202
POL-69045775,CUST-581757,Health,2023-09-17,201.53,204000,0,1,0.126
POL-14098750,CUST-446380,Umbrella,2016-11-17,258.97,4642000,0,0,0.122
POL-50423728,CUST-133465,Umbrella,2016-10-23,409.67,4183000,0,1,0.223
POL-21755769,CUST-545195,Motorcycle,2015-09-22,69.31,29000,1,0,0.187
POL-22306580,CUST-206954,Health,2017-07-23,453.73,407000,0,1,0.157
POL-15255803,CUST-40959,Renters,2022-12-09,29.1,88000,0,1,0.185
POL-66462542,CUST-179015,Health,2022-09-16,432.63,332000,0,1,0.241
POL-65389988,CUST-146659,Health,2024-06-01,422.35,281000,0,1,0.022
POL-56122786,CUST-418807,Auto,2024-10-19,201.09,140000,1,1,0.075
POL-39829248,CUST-123295,Umbrella,2015-08-26,384.39,4717000,0,1,0.169
POL-39490030,CUST-754914,Life,2022-11-25,92.92,461000,0,1,0.078
POL-70126092,CUST-338046,Auto,2020-02-08,217.55,498000,4,1,0.066
POL-75673348,CUST-681805,Boat,2021-10-25,779.71,475000,2,1,0.171
POL-18994170,CUST-304293,Health,2018-04-26,1140.95,490000,0,1,0.084
POL-91942348,CUST-214393,Business,2024-05-24,1208.28,1696000,0,1,0.115
POL-69709974,CUST-633882,Renters,2021-10-22,45.74,14000,0,0,0.196
POL-63365536,CUST-485365,Boat,2019-10-08,433.58,245000,2,1,0.066
POL-44315629,CUST-972113,Life,2019-01-28,28.94,959000,0,1,0.117
POL-22043679,CUST-549850,Home,2017-10-17,315.69,1034000,0,1,0.075
POL-1318177,CUST-333120,Home,2023-07-22,321.96,1088000,0,1,0.163
POL-24055277,CUST-157652,Health,2022-07-29,259.39,358000,0,1,0.008
POL-8999031,CUST-5874,Auto,2023-07-01,234.16,171000,1,1,0.093
POL-94148989,CUST-196790,Umbrella,2020-10-18,490.39,1629000,0,1,0.073
POL-93153166,CUST-98406,Renters,2018-11-19,27.02,79000,0,0,0.2
POL-61551388,CUST-347115,Motorcycle,2024-08-22,73.85,55000,2,0,0.216
POL-8201748,CUST-655331,Life,2017-02-07,189.76,501000,0,0,0.158
POL-79786327,CUST-164052,Auto,2023-06-20,312.66,44000,3,1,0.214
POL-47036977,CUST-667254,Business,2016-08-17,1973.73,688000,0,1,0.061
POL-30337167,CUST-361714,Renters,2025-01-02,35.47,97000,0,1,0.105
POL-25855792,CUST-287918,Home,2015-09-25,520.0,1705000,0,1,0.142
POL-57198985,CUST-612859,Motorcycle,2020-04-29,130.03,21000,1,1,0.171
POL-49294789,CUST-654836,Umbrella,2020-09-10,400.95,4141000,0,0,0.197
POL-34191883,CUST-588368,Renters,2022-05-09,29.06,20000,0,1,0.077
POL-86114007,CUST-691397,Boat,2024-09-11,455.03,74000,2,1,0.167
POL-10398669,CUST-621427,Renters,2018-12-09,40.22,86000,0,1,0.168
POL-13821242,CUST-766150,Motorcycle,2018-02-01,95.71,29000,1,1,0.178
POL-37579022,CUST-186987,Umbrella,2019-03-05,361.65,3518000,0,1,0.004
POL-75653133,CUST-107292,Business,2019-12-19,635.6,1476000,0,1,0.173
POL-70104308,CUST-615846,Auto,2017-08-25,277.1,326000,2,1,0.227
POL-44313350,CUST-603618,Auto,2022-01-03,165.2,464000,4,1,0.156
POL-98954103,CUST-913662,Motorcycle,2020-03-17,50.97,30000,1,1,0.089
POL-28092671,CUST-176264,Health,2023-07-19,1075.67,329000,0,1,0.008
POL-31115834,CUST-226957,Boat,2015-07-16,384.52,480000,1,1,0.148
POL-82533661,CUST-153607,Home,2017-01-17,277.33,1638000,0,1,0.085
POL-22121549,CUST-498560,Renters,2017-12-06,30.93,50000,0,1,0.001
POL-43397675,CUST-81566,Umbrella,2015-07-01,442.28,2183000,0,1,0.233
POL-18384463,CUST-536561,Life,2016-05-19,185.36,287000,0,1,0.12
POL-57096991,CUST-697137,Health,2022-12-22,1038.3,93000,0,1,0.187
POL-43901191,CUST-317255,Motorcycle,2023-07-08,79.63,75000,4,1,0.051
POL-15743269,CUST-252468,Health,2024-01-03,1118.67,90000,0,1,0.047
POL-52780673,CUST-395637,Life,2025-01-08,87.18,442000,0,1,0.225
POL-94790544,CUST-497526,Motorcycle,2022-01-19,122.69,80000,1,1,0.238
POL-41843964,CUST-879387,RV,2021-07-13,843.07,146000,1,1,0.122
POL-42543251,CUST-556464,Business,2024-05-16,1155.74,586000,0,1,0.131
POL-81252861,CUST-883101,Home,2016-10-27,741.67,1262000,0,0,0.083
POL-22295753,CUST-991418,RV,2019-02-18,887.65,277000,1,1,0.086
POL-95475469,CUST-149824,Business,2020-03-20,855.63,4613000,0,1,0.213
POL-75227139,CUST-463100,Business,2022-12-06,940.68,4567000,0,1,0.143
POL-93294709,CUST-827289,RV,2023-10-31,924.07,251000,1,1,0.248
POL-91988480,CUST-126080,RV,2019-10-03,345.52,118000,2,1,0.032
POL-58440193,CUST-683768,Business,2024-12-25,2464.06,1552000,0,1,0.039
POL-23892421,CUST-26524,Business,2021-06-01,2252.6,4917000,0,1,0.21
POL-62555645,CUST-808184,Auto,2021-09-18,306.91,411000,1,1,0.129
POL-97776474,CUST-444677,Life,2021-05-18,107.63,253000,0,1,0.248
POL-82808874,CUST-586986,Renters,2019-02-17,40.33,22000,0,1,0.021
POL-51332565,CUST-392383,Umbrella,2018-09-28,344.98,4561000,0,1,0.016
POL-1432428,CUST-205349,Health,2018-07-16,238.99,81000,0,1,0.074
POL-48451442,CUST-551553,Boat,2023-01-05,464.57,71000,1,1,0.154
POL-753570,CUST-614663,Motorcycle,2018-10-22,73.27,82000,3,1,0.078
POL-44084020,CUST-98679,Boat,2020-10-09,444.07,465000,2,1,0.2
POL-34059134,CUST-527217,Umbrella,2021-10-08,595.18,2273000,0,1,0.14
POL-81439883,CUST-286290,Life,2015-09-18,129.59,153000,0,1,0.235
POL-86868145,CUST-288307,Business,2016-01-24,1033.8,1381000,0,1,0.077
POL-53458116,CUST-46050,Home,2023-08-21,754.45,1639000,0,1,0.006
POL-36798988,CUST-655643,Home,2019-10-19,742.4,1669000,0,1,0.16
POL-76796822,CUST-863319,Business,2016-06-19,686.57,594000,0,1,0.222
POL-96372289,CUST-972632,RV,2016-01-05,745.51,92000,2,1,0.185
POL-81543479,CUST-662951,Motorcycle,2023-07-03,94.27,65000,2,1,0.021
POL-65807017,CUST-182212,Boat,2023-03-24,413.5,360000,2,1,0.196
POL-86912487,CUST-787046,Business,2023-07-19,1636.96,3300000,0,0,0.008
POL-13943515,CUST-40048,Health,2024-10-10,831.43,310000,0,1,0.233
POL-3870432,CUST-642693,Home,2021-10-12,622.03,123000,0,1,0.058
POL-94709340,CUST-771957,Umbrella,2018-02-05,396.91,4188000,0,1,0.157
POL-17669523,CUST-86847,Auto,2018-07-03,269.93,108000,2,1,0.24
POL-16029189,CUST-58770,Boat,2022-08-19,747.72,165000,2,1,0.184
POL-85560869,CUST-745108,Renters,2023-01-14,43.18,83000,0,1,0.031
POL-42176116,CUST-102210,Business,2016-07-21,1199.3,2577000,0,1,0.225
POL-37242488,CUST-893990,Auto,2024-09-30,169.42,293000,1,1,0.037
POL-87926734,CUST-643829,RV,2018-10-18,579.6,261000,2,1,0.138
POL-44649538,CUST-877944,Life,2015-10-11,163.48,922000,0,1,0.003
POL-95201836,CUST-177433,Umbrella,2020-11-16,538.88,4718000,0,1,0.113
POL-96923390,CUST-990171,Motorcycle,2025-06-23,113.11,90000,3,1,0.145
POL-69302042,CUST-14859,Renters,2021-09-21,45.47,93000,0,1,0.182
POL-55885406,CUST-878409,RV,2022-05-09,531.34,153000,2,1,0.023
POL-8718099,CUST-202312,Motorcycle,2016-07-16,69.51,56000,4,1,0.055
POL-19798986,CUST-764366,RV,2024-01-10,644.5,183000,2,1,0.095
POL-11270088,CUST-180968,Motorcycle,2020-01-11,113.67,90000,2,1,0.097
POL-5973820,CUST-288909,Auto,2023-01-14,192.51,92000,2,1,0.006
POL-92437991,CUST-530019,Home,2018-11-15,794.6,1776000,0,1,0.048
POL-23215400,CUST-666160,Motorcycle,2022-06-16,31.09,47000,4,1,0.069
POL-41763795,CUST-287061,Boat,2015-07-20,741.53,67000,1,1,0.004
POL-47068114,CUST-123432,Umbrella,2025-01-11,248.5,4024000,0,1,0.214
POL-62579321,CUST-595772,RV,2021-04-20,710.8,251000,2,1,0.14
POL-75992639,CUST-975461,Business,2016-12-15,1079.7,716000,0,1,0.188
POL-11832897,CUST-121909,Renters,2023-05-16,31.09,84000,0,1,0.239
POL-24494865,CUST-764989,Health,2017-01-12,507.63,117000,0,1,0.147
POL-24918714,CUST-332924,Home,2016-12-17,770.12,957000,0,1,0.16
POL-22727871,CUST-827050,Business,2015-11-01,1162.76,1954000,0,1,0.183
POL-29195825,CUST-668934,Boat,2015-09-02,204.7,317000,2,1,0.19
POL-61787010,CUST-85222,Motorcycle,2021-11-12,127.76,79000,4,1,0.083
POL-41309843,CUST-877981,Life,2019-09-10,128.78,225000,0,1,0.166
POL-99067510,CUST-139182,RV,2018-09-29,764.48,279000,1,1,0.041
POL-7158543,CUST-397735,RV,2020-10-10,930.75,249000,1,1,0.039
POL-23891297,CUST-292514,Umbrella,2020-05-17,283.87,2832000,0,1,0.129
POL-75838379,CUST-330868,Motorcycle,2017-11-18,94.22,49000,4,1,0.102
POL-30327888,CUST-875849,Boat,2022-07-15,501.43,345000,2,1,0.2
POL-36614518,CUST-926488,Health,2018-09-11,679.63,191000,0,1,0.144
POL-23771581,CUST-309258,Business,2018-11-18,1449.89,1329000,0,1,0.089
POL-93624671,CUST-460952,Health,2019-11-27,281.16,300000,0,1,0.086
POL-12403336,CUST-513682,Umbrella,2019-12-29,439.88,1665000,0,0,0.175
POL-77671284,CUST-381276,Boat,2021-07-14,364.72,396000,2,0,0.022
POL-86144415,CUST-548450,Home,2021-06-05,594.03,711000,0,0,0.096
POL-84694930,CUST-720413,Life,2023-02-22,99.99,389000,0,1,0.21
POL-4929963,CUST-995796,Home,2018-05-24,652.94,1398000,0,1,0.064
POL-51765186,CUST-163267,Health,2025-06-13,468.22,263000,0,1,0.08
POL-76331139,CUST-220895,Umbrella,2024-08-23,511.46,2828000,0,1,0.028
POL-46563019,CUST-677388,Motorcycle,2022-11-15,82.87,88000,4,1,0.181
POL-27843059,CUST-358802,Auto,2020-05-27,232.75,133000,3,1,0.205
POL-74036002,CUST-870168,Auto,2024-01-24,305.47,233000,2,1,0.021
POL-12181265,CUST-538205,Umbrella,2020-01-26,430.24,3736000,0,1,0.043
POL-34656876,CUST-228856,Renters,2019-01-29,20.06,79000,0,1,0.135
POL-35010146,CUST-32975,Health,2023-06-14,505.31,398000,0,1,0.12
POL-69394567,CUST-690311,Motorcycle,2017-06-15,96.4,84000,3,1,0.174
POL-63781582,CUST-146606,Home,2018-08-31,663.13,1933000,0,1,0.008
POL-78761749,CUST-338680,Auto,2023-06-11,294.28,128000,3,1,0.018
POL-75667851,CUST-396267,Umbrella,2021-10-29,548.19,2840000,0,1,0.094
POL-43268043,CUST-735354,RV,2016-01-26,579.39,246000,2,1,0.086
POL-84486312,CUST-376317,Renters,2017-04-10,24.54,12000,0,1,0.146
POL-21307131,CUST-441878,Motorcycle,2015-08-18,34.91,67000,4,1,0.233
POL-44924348,CUST-353026,Motorcycle,2023-08-01,105.96,28000,4,1,0.157
POL-25113682,CUST-957505,Health,2017-03-13,595.09,415000,0,1,0.075
POL-41107619,CUST-170651,Business,2021-08-01,625.93,1385000,0,1,0.205
POL-73387315,CUST-195203,Umbrella,2023-06-08,363.51,4099000,0,1,0.171
POL-58922751,CUST-848530,RV,2015-11-12,555.1,61000,1,0,0.22
POL-79668254,CUST-603943,Umbrella,2023-04-05,587.94,4031000,0,1,0.196
POL-98107100,CUST-418731,Health,2022-11-22,757.08,60000,0,1,0.113
POL-32693925,CUST-264843,Umbrella,2023-07-20,419.61,1375000,0,0,0.097
POL-80657059,CUST-354291,Motorcycle,2021-11-04,61.18,90000,3,1,0.16
POL-91074223,CUST-420639,Renters,2023-09-14,25.1,62000,0,1,0.14
POL-5386018,CUST-974116,Auto,2020-08-07,304.42,460000,3,1,0.195
POL-68043121,CUST-113094,Business,2019-06-24,1893.93,939000,0,1,0.016
POL-57162555,CUST-811673,Boat,2022-08-27,424.79,61000,1,1,0.172
POL-77509126,CUST-420216,Renters,2020-01-28,18.36,50000,0,1,0.041
POL-22015192,CUST-537085,Health,2015-12-24,872.18,275000,0,0,0.155
POL-40343535,CUST-929662,Life,2018-04-28,116.0,756000,0,1,0.129
POL-26637137,CUST-997713,Umbrella,2024-05-29,465.19,2996000,0,1,0.111
POL-18729977,CUST-136200,Umbrella,2025-02-26,351.69,2339000,0,1,0.009
POL-7220926,CUST-94789,Auto,2021-02-28,177.64,184000,3,1,0.177
POL-18986566,CUST-840422,Renters,2020-10-02,22.79,67000,0,1,0.164
POL-61567486,CUST-415229,Home,2021-05-19,335.4,961000,0,1,0.044
POL-61819038,CUST-884,Life,2018-04-22,152.04,920000,0,1,0.192
POL-26898109,CUST-925845,Auto,2018-01-01,211.46,389000,2,1,0.028
POL-40437430,CUST-322465,Health,2018-06-03,559.94,293000,0,1,0.249
POL-24775741,CUST-247656,Auto,2016-11-10,109.64,200000,3,1,0.215
POL-58592599,CUST-94546,Renters,2018-12-14,36.51,44000,0,1,0.018
POL-20688043,CUST-717974,Renters,2019-08-28,39.3,73000,0,1,0.088
POL-50232033,CUST-5184,Umbrella,2024-12-09,387.32,3099000,0,1,0.064
POL-21384884,CUST-361456,Health,2023-08-13,542.61,390000,0,0,0.158
POL-63189799,CUST-576537,Renters,2017-03-11,18.33,80000,0,1,0.162
POL-93788630,CUST-222813,Boat,2022-03-13,328.4,374000,2,1,0.215
POL-89716075,CUST-394570,RV,2023-07-12,556.7,148000,2,1,0.208
POL-94787794,CUST-254533,Business,2023-05-18,2071.51,2986000,0,1,0.149
POL-52019290,CUST-134744,Boat,2017-02-14,417.28,288000,1,1,0.101
POL-17921592,CUST-419308,Life,2020-11-28,162.8,607000,0,1,0.066
POL-38009735,CUST-859613,Home,2021-01-21,643.69,961000,0,1,0.053
POL-80119779,CUST-412982,Renters,2022-09-19,30.54,49000,0,1,0.025
POL-9617612,CUST-363716,Motorcycle,2024-07-30,126.82,68000,1,1,0.245
POL-89909325,CUST-776396,Business,2023-10-20,1478.28,2160000,0,0,0.031
POL-3609956,CUST-232463,Umbrella,2025-06-20,485.46,3399000,0,1,0.01
POL-31562316,CUST-387063,Health,2018-07-11,699.31,199000,0,1,0.192
POL-45614022,CUST-525814,Auto,2021-08-28,113.12,38000,2,1,0.097
POL-81948851,CUST-628275,Auto,2015-07-09,101.01,207000,1,1,0.01
POL-10370954,CUST-676936,Home,2022-04-08,406.83,174000,0,0,0.115
POL-18532770,CUST-524235,Renters,2019-05-29,35.11,74000,0,1,0.175
POL-5938855,CUST-221493,Life,2018-09-10,190.23,378000,0,1,0.024
POL-58438483,CUST-97360,Life,2020-08-18,44.22,887000,0,1,0.203
POL-51548537,CUST-685815,Health,2021-04-09,864.58,454000,0,1,0.146
POL-57138006,CUST-158070,Boat,2018-07-21,441.08,156000,2,0,0.198
POL-41754071,CUST-405605,Boat,2020-05-04,799.91,218000,2,1,0.149
POL-4674355,CUST-273698,Auto,2023-09-02,212.04,263000,2,1,0.135
POL-24094492,CUST-171487,Renters,2022-09-01,42.27,38000,0,1,0.086
POL-91582094,CUST-542479,Home,2022-04-08,627.3,1384000,0,1,0.068
POL-62400868,CUST-845392,Auto,2017-04-21,242.97,474000,3,1,0.159
POL-46477836,CUST-719391,Business,2016-11-24,953.42,3499000,0,1,0.231
POL-88029193,CUST-904361,Umbrella,2017-03-21,391.91,4238000,0,1,0.104
POL-1640743,CUST-168698,Home,2022-05-17,765.49,662000,0,1,0.006
POL-17279124,CUST-602597,Auto,2020-12-02,259.33,264000,2,1,0.194
POL-51538303,CUST-719636,Motorcycle,2024-02-13,131.22,83000,2,1,0.006
POL-1555403,CUST-509754,Life,2023-03-25,195.5,409000,0,1,0.248
POL-56701227,CUST-808829,Motorcycle,2022-04-30,58.47,72000,3,1,0.2
POL-40661866,CUST-445625,Life,2016-06-02,180.11,956000,0,1,0.098
POL-99598279,CUST-664920,Business,2019-11-23,707.37,1159000,0,1,0.239
POL-81018658,CUST-846331,Life,2017-06-19,38.22,707000,0,1,0.081
POL-67385565,CUST-390935,Life,2023-02-25,165.89,137000,0,0,0.146
POL-95566173,CUST-351339,RV,2023-07-20,697.33,88000,2,1,0.216
POL-48970920,CUST-117096,Motorcycle,2024-08-05,147.21,52000,4,0,0.157
POL-56917057,CUST-557540,Renters,2018-07-15,28.21,59000,0,1,0.045
POL-90559239,CUST-83895,Umbrella,2022-01-06,312.07,4878000,0,1,0.13
POL-933716,CUST-353491,RV,2018-01-19,766.01,250000,2,1,0.096
POL-26523174,CUST-539907,Boat,2019-11-18,312.55,35000,2,1,0.052
POL-58369685,CUST-50901,RV,2023-03-27,370.19,205000,1,1,0.238
POL-37811007,CUST-41779,Motorcycle,2023-05-26,91.56,23000,3,1,0.235
POL-65715873,CUST-482607,Renters,2017-07-24,28.37,28000,0,1,0.237
POL-6720752,CUST-932358,Renters,2021-09-27,38.17,42000,0,1,0.081
POL-33866730,CUST-446381,Auto,2021-10-10,322.84,83000,2,1,0.135
POL-90596467,CUST-310529,Motorcycle,2021-03-26,31.37,10000,4,1,0.099
POL-72846470,CUST-280216,Renters,2015-11-23,31.4,73000,0,1,0.143
POL-39357964,CUST-374221,Motorcycle,2018-07-14,109.37,73000,4,1,0.136
POL-2351359,CUST-468472,Boat,2022-08-03,426.33,413000,2,1,0.105
POL-39954382,CUST-666876,Boat,2021-01-06,613.43,59000,2,1,0.023
POL-79964091,CUST-117108,Life,2016-02-06,32.31,622000,0,1,0.129
POL-98234534,CUST-38390,RV,2021-07-27,334.53,129000,1,1,0.203
POL-99143992,CUST-415461,Health,2024-07-13,244.72,484000,0,1,0.097
POL-23519462,CUST-88129,Renters,2019-09-21,37.9,63000,0,1,0.107
POL-12693316,CUST-132177,Renters,2024-08-05,18.82,90000,0,1,0.009
POL-84949087,CUST-517420,Health,2017-12-14,809.23,61000,0,1,0.228
POL-36869104,CUST-362163,Business,2022-10-29,566.38,4836000,0,1,0.188
POL-92474935,CUST-647224,Auto,2023-04-15,141.96,94000,3,1,0.25
POL-98339688,CUST-860341,Business,2019-08-24,1401.26,545000,0,1,0.017
POL-76379051,CUST-480687,Umbrella,2024-05-26,423.46,1419000,0,1,0.248
POL-10272507,CUST-342452,Life,2016-03-08,126.43,537000,0,0,0.116
POL-5138845,CUST-153878,Life,2021-11-01,45.63,398000,0,0,0.017
POL-51259494,CUST-537533,Health,2017-03-19,837.62,259000,0,1,0.195
POL-45335089,CUST-972491,Umbrella,2016-10-31,581.04,2684000,0,1,0.035
POL-56711004,CUST-420205,Home,2020-08-18,396.41,1641000,0,0,0.006
POL-24686713,CUST-996523,RV,2015-11-16,618.85,258000,2,1,0.035
POL-96850701,CUST-684610,Business,2019-11-12,963.81,3187000,0,1,0.189
POL-58174698,CUST-122080,Renters,2016-11-03,21.72,91000,0,1,0.001
POL-76624246,CUST-273652,Umbrella,2018-10-02,379.45,4714000,0,1,0.213
POL-82621946,CUST-539009,Boat,2020-08-26,386.9,158000,2,1,0.193
POL-32715893,CUST-727981,Umbrella,2024-08-31,248.85,4675000,0,1,0.02
POL-50229157,CUST-601186,Auto,2016-04-28,324.98,426000,1,1,0.136
POL-28884898,CUST-797671,Health,2023-07-16,286.78,223000,0,1,0.238
POL-36881253,CUST-783149,Business,2022-12-05,1913.07,4850000,0,1,0.233
POL-37158689,CUST-525927,Umbrella,2018-08-26,523.21,4617000,0,1,0.025
POL-81151067,CUST-418036,Boat,2016-04-09,248.87,280000,1,1,0.086
POL-91027570,CUST-298752,RV,2018-07-30,616.33,65000,2,1,0.063
POL-677940,CUST-426962,Motorcycle,2020-02-18,30.58,22000,4,1,0.202
POL-2512414,CUST-820039,RV,2019-01-07,713.42,105000,1,1,0.14
POL-88209607,CUST-136070,Home,2022-07-17,629.24,1051000,0,1,0.101
POL-35843284,CUST-484904,Boat,2020-03-02,719.4,253000,1,1,0.07
POL-13038943,CUST-232074,Renters,2020-11-26,26.36,96000,0,1,0.233
POL-2425706,CUST-743449,Boat,2019-04-27,605.79,375000,1,1,0.16
POL-29669864,CUST-66817,Boat,2021-01-06,656.18,48000,1,1,0.066
POL-97732513,CUST-746621,Motorcycle,2020-05-22,119.81,69000,3,0,0.246
POL-78908503,CUST-441203,Renters,2023-05-01,49.81,55000,0,1,0.0
POL-72673252,CUST-407937,RV,2021-01-31,496.63,190000,1,1,0.175
POL-74847472,CUST-13177,Boat,2023-08-02,635.22,139000,1,1,0.248
POL-45714018,CUST-335169,Motorcycle,2021-04-30,32.34,55000,3,1,0.013
POL-59644085,CUST-159151,Business,2021-05-21,2058.9,4996000,0,1,0.09
POL-99666213,CUST-523212,Business,2023-05-09,1936.24,2607000,0,1,0.103
POL-71436092,CUST-731618,Home,2019-01-28,173.63,207000,0,1,0.248
POL-90326645,CUST-409008,Boat,2018-05-21,435.32,487000,2,1,0.168
POL-54081453,CUST-33833,Umbrella,2019-11-04,367.33,2935000,0,1,0.141
POL-10550656,CUST-662054,Boat,2025-03-19,291.02,228000,1,1,0.084
POL-75339864,CUST-362072,Auto,2023-10-09,284.72,329000,1,1,0.064
POL-27857050,CUST-784346,Motorcycle,2016-11-27,93.41,56000,4,1,0.108
POL-49552038,CUST-318801,Business,2024-07-02,1957.83,1627000,0,0,0.238
POL-42323961,CUST-473431,Motorcycle,2020-06-16,38.12,78000,2,0,0.195
POL-3968089,CUST-163473,Boat,2023-06-12,220.26,427000,2,1,0.223
POL-22378699,CUST-654589,Boat,2025-06-11,557.69,271000,1,1,0.051
POL-75818579,CUST-452492,Business,2021-06-22,2286.16,3508000,0,1,0.056
POL-3141814,CUST-787887,Boat,2022-07-24,553.56,486000,2,1,0.196
POL-74684043,CUST-780195,Auto,2020-04-28,335.52,423000,2,0,0.031
POL-31503392,CUST-393514,RV,2023-11-04,717.95,95000,1,1,0.008
POL-17676124,CUST-396811,RV,2024-08-21,976.79,221000,1,1,0.041
POL-13016411,CUST-414973,Health,2017-08-05,884.41,457000,0,1,0.197
POL-28360899,CUST-116006,Health,2019-03-17,816.78,170000,0,1,0.095
POL-38835762,CUST-187299,Motorcycle,2025-03-15,127.73,14000,4,1,0.244
POL-98577647,CUST-420601,Health,2018-03-14,880.05,51000,0,1,0.086
POL-54830114,CUST-369124,Life,2024-11-07,58.38,509000,0,1,0.098
POL-56127168,CUST-944199,Life,2019-03-14,129.79,145000,0,1,0.086
POL-42869611,CUST-807927,Boat,2020-03-27,629.24,50000,1,1,0.215
POL-84594167,CUST-110770,Renters,2021-09-02,23.88,83000,0,1,0.133
POL-67418191,CUST-561645,Umbrella,2020-11-24,298.16,1488000,0,0,0.158
POL-52636618,CUST-236033,RV,2024-07-20,848.31,117000,1,1,0.241
POL-66415389,CUST-793591,Life,2022-05-14,117.65,57000,0,1,0.244
POL-38424310,CUST-866268,Motorcycle,2023-05-21,121.22,50000,2,1,0.2
POL-21067861,CUST-968790,Boat,2023-02-20,534.28,247000,2,1,0.007
POL-53694387,CUST-302417,Life,2018-07-07,32.36,807000,0,1,0.033
POL-71493180,CUST-870177,Home,2015-07-20,274.37,258000,0,0,0.009
POL-62279909,CUST-688065,Home,2021-03-05,535.0,1604000,0,0,0.14
POL-91717922,CUST-951352,Motorcycle,2018-06-04,140.7,88000,2,1,0.118
POL-51452825,CUST-608339,RV,2017-03-01,843.72,92000,2,1,0.199
POL-56139192,CUST-430224,Home,2022-08-09,276.12,430000,0,1,0.142
POL-85418427,CUST-30451,Motorcycle,2018-09-15,50.84,25000,4,0,0.144
POL-18598824,CUST-639323,Renters,2019-04-23,25.51,66000,0,1,0.049
POL-10805307,CUST-628692,Life,2024-01-21,119.83,581000,0,1,0.001
POL-98267240,CUST-428631,Umbrella,2025-03-14,231.43,1173000,0,1,0.122
POL-43623487,CUST-639434,Umbrella,2015-11-18,473.91,1629000,0,0,0.037
POL-22341731,CUST-596960,Life,2019-09-30,152.86,738000,0,1,0.021
POL-91853655,CUST-95385,Boat,2023-07-10,416.51,217000,2,1,0.069
POL-3049361,CUST-779055,Boat,2021-10-16,571.71,370000,1,1,0.222
POL-74095884,CUST-536174,Motorcycle,2022-02-12,79.81,71000,3,1,0.004
POL-21659959,CUST-480005,Home,2018-10-11,348.86,951000,0,1,0.143
POL-97047484,CUST-917137,Renters,2021-10-09,24.65,17000,0,1,0.18
POL-23516421,CUST-495104,Auto,2019-07-26,209.95,427000,3,1,0.136
POL-43315309,CUST-139093,Health,2018-11-22,401.66,350000,0,0,0.127
POL-8699029,CUST-937894,Boat,2020-06-23,285.06,150000,1,1,0.177
POL-27784045,CUST-605659,Auto,2016-01-07,195.09,442000,1,1,0.084
POL-61631831,CUST-256950,Business,2023-05-04,807.06,1229000,0,1,0.019
POL-32465073,CUST-835456,RV,2023-01-15,539.57,234000,1,1,0.115
POL-61928895,CUST-524513,Home,2018-07-03,355.49,1615000,0,1,0.108
POL-81068419,CUST-878576,Business,2017-05-20,2462.43,4155000,0,1,0.007
POL-21376399,CUST-256757,Life,2021-02-16,86.32,649000,0,1,0.03
POL-96911408,CUST-73234,RV,2023-05-11,408.32,240000,2,1,0.057
POL-4338261,CUST-715153,Life,2015-08-11,194.67,522000,0,1,0.208
POL-69762014,CUST-493050,Business,2022-05-28,1794.89,1758000,0,1,0.146
POL-9444312,CUST-821079,RV,2022-01-18,413.07,288000,1,1,0.241
POL-34900534,CUST-926266,Umbrella,2022-08-03,565.79,4400000,0,1,0.107
POL-16237925,CUST-750565,Health,2024-08-19,1002.07,389000,0,1,0.071
POL-95934029,CUST-24872,Life,2024-07-31,195.38,998000,0,1,0.084
POL-64532898,CUST-867962,Boat,2022-12-14,381.62,475000,1,0,0.241
POL-39320837,CUST-851089,Life,2016-07-05,77.33,900000,0,1,0.06
POL-97328057,CUST-806104,Motorcycle,2022-04-09,49.01,27000,3,1,0.129
POL-48771134,CUST-418832,RV,2016-03-03,466.41,68000,1,1,0.144
POL-84458947,CUST-681186,Boat,2024-03-12,636.57,149000,2,1,0.115
POL-57524179,CUST-825673,Life,2022-12-24,179.33,320000,0,1,0.159
POL-13908045,CUST-153075,Health,2017-08-08,829.66,230000,0,1,0.156
POL-77821046,CUST-790183,Boat,2019-12-17,511.34,111000,2,1,0.028
POL-96904423,CUST-177160,Motorcycle,2017-05-24,120.32,50000,2,1,0.217
POL-55417567,CUST-688428,Auto,2021-09-23,305.43,347000,1,1,0.057
POL-19052219,CUST-957323,RV,2021-04-10,753.09,218000,2,1,0.118
POL-64772268,CUST-220290,Motorcycle,2019-08-18,145.32,92000,1,1,0.142
POL-13035991,CUST-346057,Auto,2019-12-29,242.38,245000,3,1,0.119
POL-61504202,CUST-942874,Life,2016-10-02,75.4,226000,0,1,0.174
POL-32846895,CUST-793751,Life,2023-11-09,47.03,324000,0,1,0.231
POL-45961908,CUST-309636,Health,2019-12-01,612.59,364000,0,1,0.149
POL-44380596,CUST-825621,Home,2023-01-22,602.48,663000,0,0,0.157
POL-93893578,CUST-270450,Auto,2023-02-26,326.34,381000,3,1,0.06
POL-36950003,CUST-623303,Home,2025-02-27,626.5,487000,0,1,0.099
POL-18793298,CUST-155214,Home,2016-02-07,281.04,1917000,0,1,0.143
POL-38712477,CUST-27200,Auto,2024-05-15,317.28,357000,1,1,0.031
POL-49774794,CUST-590913,Business,2019-04-03,2094.37,1924000,0,0,0.153
POL-95805034,CUST-305364,Renters,2021-08-30,30.69,50000,0,1,0.144
POL-96077973,CUST-165992,Health,2020-09-16,1034.06,449000,0,1,0.081
POL-85079890,CUST-319544,Motorcycle,2025-02-24,112.13,73000,4,1,0.021
POL-95707821,CUST-461229,Umbrella,2023-07-31,299.68,3496000,0,1,0.042
POL-20728758,CUST-779860,Motorcycle,2020-07-05,122.3,31000,3,1,0.195
POL-19666405,CUST-636956,Motorcycle,2017-09-05,68.93,16000,2,1,0.141
POL-51570031,CUST-269804,Business,2020-06-19,575.87,566000,0,1,0.211
POL-3758727,CUST-892253,Motorcycle,2019-05-16,38.11,95000,3,1,0.113
POL-78279855,CUST-317672,Boat,2019-02-04,349.65,412000,2,1,0.165
POL-78414664,CUST-12652,Auto,2018-01-06,272.89,174000,2,1,0.031
POL-48876968,CUST-756169,Business,2019-11-27,1485.42,1305000,0,1,0.187
POL-69366132,CUST-425558,Motorcycle,2024-02-23,83.14,58000,3,0,0.056
POL-83008294,CUST-943722,Health,2023-08-10,505.78,171000,0,1,0.1
POL-46199559,CUST-675127,Auto,2018-05-23,154.84,473000,2,1,0.168
POL-78803982,CUST-894026,Life,2018-02-22,163.46,772000,0,1,0.128
POL-42184126,CUST-548759,RV,2024-01-07,785.74,138000,2,1,0.207
POL-50731447,CUST-907446,RV,2021-11-11,369.03,108000,1,1,0.12
POL-87023621,CUST-177336,Renters,2023-10-01,26.91,92000,0,1,0.17
POL-64699989,CUST-183906,Auto,2024-06-05,128.81,146000,4,1,0.211
POL-50985606,CUST-14923,Life,2023-09-23,76.3,549000,0,0,0.005
POL-45951720,CUST-235746,Business,2016-08-05,1577.47,1701000,0,1,0.115
POL-27706466,CUST-235206,Auto,2020-10-02,145.27,207000,1,1,0.018
POL-37354880,CUST-638206,Auto,2018-01-17,113.89,456000,2,1,0.205
POL-87241075,CUST-206508,Boat,2017-07-12,625.22,217000,2,1,0.215
POL-66946493,CUST-481633,Auto,2021-07-23,297.07,165000,1,1,0.038
POL-85716350,CUST-950326,Renters,2025-03-07,48.12,62000,0,1,0.02
POL-70345971,CUST-941762,Business,2015-09-13,812.54,3223000,0,1,0.033
POL-99506052,CUST-212368,Health,2019-05-19,710.69,476000,0,1,0.122
POL-89153332,CUST-34435,RV,2021-09-05,352.76,74000,1,1,0.183
POL-84074257,CUST-103641,Umbrella,2022-04-10,561.37,2465000,0,1,0.056
POL-68104290,CUST-70461,Renters,2021-02-05,36.39,43000,0,0,0.244
POL-74260585,CUST-560730,Business,2020-02-10,1925.9,4046000,0,1,0.173
POL-10663234,CUST-836677,Umbrella,2024-08-22,343.18,4982000,0,1,0.233
POL-59946046,CUST-594230,Motorcycle,2016-06-11,125.71,33000,2,0,0.102
POL-33282231,CUST-256578,Auto,2024-05-22,306.77,251000,1,1,0.034
POL-99245390,CUST-191558,Home,2019-11-07,569.95,1930000,0,1,0.091
POL-30647266,CUST-723137,Motorcycle,2019-08-30,58.49,27000,1,1,0.0
POL-23814342,CUST-42187,Motorcycle,2023-04-02,142.75,51000,1,1,0.014
POL-74084918,CUST-290955,Business,2020-01-06,1624.75,3333000,0,1,0.09
POL-99738596,CUST-199244,Motorcycle,2017-01-17,101.48,70000,1,1,0.171
POL-17790417,CUST-547941,Motorcycle,2016-07-29,32.88,76000,1,1,0.148
POL-8169177,CUST-217822,Home,2020-08-23,130.89,697000,0,1,0.104
POL-32741152,CUST-614127,Home,2019-05-14,694.71,1637000,0,1,0.037
POL-64059746,CUST-486823,RV,2025-05-19,667.11,196000,1,1,0.052
POL-72066013,CUST-924467,Renters,2017-03-01,42.97,61000,0,1,0.096
POL-42796441,CUST-828391,Health,2016-05-12,754.86,110000,0,1,0.127
POL-26363828,CUST-501532,RV,2016-09-25,813.7,73000,2,0,0.233
POL-59310555,CUST-87436,Auto,2017-06-22,348.11,354000,1,1,0.095
POL-26494075,CUST-104727,Motorcycle,2023-08-04,121.05,80000,2,1,0.044
POL-79104690,CUST-225437,Auto,2024-09-20,83.25,107000,4,1,0.0
POL-40260078,CUST-596985,RV,2023-10-13,378.58,225000,2,1,0.158
POL-78076270,CUST-450631,Boat,2015-08-28,326.47,245000,2,1,0.129
POL-96634274,CUST-929580,Auto,2017-05-22,339.05,141000,1,1,0.151
POL-86251983,CUST-204261,RV,2023-01-09,832.16,203000,2,1,0.064
POL-66454,CUST-263976,Renters,2023-04-04,36.26,37000,0,1,0.223
POL-80712387,CUST-283894,Renters,2022-06-03,28.56,45000,0,1,0.236
POL-84708592,CUST-185107,Motorcycle,2023-11-15,93.22,65000,4,1,0.217
POL-68087711,CUST-506755,Umbrella,2021-01-31,505.14,4746000,0,1,0.106
POL-38085045,CUST-997652,Umbrella,2024-03-29,372.44,2473000,0,1,0.199
POL-35460310,CUST-909389,Motorcycle,2020-08-03,54.87,50000,2,0,0.022
POL-33423167,CUST-357713,Auto,2024-07-18,327.35,369000,4,1,0.233
POL-90978487,CUST-588528,Auto,2020-03-05,274.33,96000,3,1,0.24
POL-41446973,CUST-656326,Motorcycle,2024-01-19,69.75,38000,2,1,0.176
POL-14961257,CUST-793365,Boat,2022-12-24,676.76,35000,1,1,0.124
POL-65441939,CUST-6833,RV,2018-08-05,636.72,205000,1,1,0.027
POL-68390365,CUST-493361,Renters,2020-12-03,34.16,98000,0,1,0.213
POL-21895055,CUST-187480,Life,2023-12-05,70.96,110000,0,1,0.094
POL-57984060,CUST-705666,Renters,2016-08-10,26.8,13000,0,1,0.249
POL-12692698,CUST-970242,Renters,2020-09-03,35.64,14000,0,1,0.186
POL-45960407,CUST-668868,Auto,2023-01-12,259.77,332000,2,1,0.124
POL-24515629,CUST-202999,Boat,2024-08-27,342.14,292000,2,1,0.094
POL-31112045,CUST-223573,Motorcycle,2017-05-05,55.75,37000,3,1,0.055
POL-67347727,CUST-320218,Auto,2020-09-19,87.42,329000,1,1,0.078
POL-71189018,CUST-494797,Business,2020-12-08,1114.43,1996000,0,0,0.123
POL-91905095,CUST-314637,Renters,2017-03-30,18.72,84000,0,1,0.161
POL-76639453,CUST-704524,Umbrella,2019-01-26,596.15,2734000,0,1,0.038
POL-43455060,CUST-163984,Business,2018-02-14,1493.06,1733000,0,1,0.13
POL-53182430,CUST-823982,Motorcycle,2018-10-04,48.81,54000,2,1,0.082
POL-21198772,CUST-639760,Motorcycle,2018-06-01,36.68,32000,2,1,0.032
POL-43712198,CUST-541554,Renters,2018-03-02,16.36,60000,0,1,0.113
POL-87710027,CUST-624143,Home,2023-07-21,229.12,265000,0,1,0.13
POL-97504923,CUST-282468,Auto,2022-08-02,303.04,79000,2,1,0.127
POL-35279856,CUST-494908,Auto,2019-05-21,170.94,241000,4,1,0.177
POL-49766743,CUST-152029,Home,2020-08-28,694.86,556000,0,1,0.122
POL-44791430,CUST-762010,RV,2020-09-13,505.74,122000,2,1,0.008
POL-42325110,CUST-471552,RV,2021-07-07,567.13,101000,2,1,0.035
POL-57082519,CUST-590648,Motorcycle,2020-09-24,103.38,82000,3,1,0.039
POL-55985387,CUST-5948,Life,2022-03-10,53.01,322000,0,1,0.037
POL-7423236,CUST-428645,RV,2022-05-14,680.95,153000,1,1,0.061
POL-86676830,CUST-844492,Boat,2021-07-05,340.82,65000,2,1,0.057
POL-61322699,CUST-804308,Home,2017-11-15,686.32,1928000,0,1,0.133
POL-2614510,CUST-858294,Life,2020-02-27,91.55,449000,0,1,0.203
POL-27999031,CUST-694214,Renters,2018-12-07,42.58,89000,0,1,0.167
POL-39566968,CUST-872993,Motorcycle,2019-11-06,30.77,21000,1,1,0.233
POL-3178141,CUST-337479,Home,2021-11-05,711.35,1291000,0,1,0.031
POL-51325709,CUST-341505,Home,2022-10-07,670.21,1787000,0,1,0.031
POL-75158204,CUST-774915,Umbrella,2024-12-26,538.8,2587000,0,0,0.169
POL-28854107,CUST-647554,Life,2018-11-20,180.47,812000,0,1,0.14
POL-59069644,CUST-898004,Health,2024-01-19,489.47,74000,0,1,0.02
POL-14339094,CUST-78042,Home,2020-02-26,238.6,246000,0,1,0.028
POL-21530932,CUST-341293,RV,2019-08-18,743.44,132000,1,0,0.085
POL-96806412,CUST-621742,Home,2023-08-27,588.19,585000,0,1,0.159
POL-6174008,CUST-819176,Boat,2023-06-27,724.32,375000,1,1,0.113
POL-92315082,CUST-953037,RV,2022-02-16,552.81,50000,2,1,0.202
POL-33533779,CUST-293750,Motorcycle,2023-10-12,84.39,49000,4,1,0.017
POL-50334193,CUST-62198,Health,2025-06-18,304.57,474000,0,1,0.191
POL-7531569,CUST-670699,Motorcycle,2017-03-21,62.61,72000,2,0,0.038
POL-37050296,CUST-564024,Umbrella,2021-04-28,464.56,2981000,0,1,0.198
POL-58804057,CUST-968471,Boat,2021-10-11,635.39,39000,1,1,0.248
POL-14902300,CUST-494761,Boat,2020-04-30,359.31,349000,2,1,0.236
POL-9930603,CUST-340310,Health,2017-10-11,808.46,421000,0,1,0.187
POL-20370571,CUST-916403,Business,2022-07-14,1077.86,1659000,0,1,0.101
POL-79162732,CUST-313372,Renters,2018-01-19,17.48,61000,0,1,0.042
POL-26842781,CUST-589128,Boat,2025-04-05,410.36,59000,1,1,0.231
POL-58822422,CUST-257138,Motorcycle,2016-12-27,58.97,100000,1,1,0.249
POL-76870944,CUST-573136,Business,2021-01-26,1312.09,2887000,0,1,0.197
POL-74715577,CUST-556822,Life,2019-12-06,81.37,465000,0,1,0.233
POL-92552536,CUST-22913,Auto,2020-06-13,96.59,256000,3,0,0.1
POL-9127329,CUST-913021,Business,2017-11-18,1100.63,4810000,0,1,0.159
POL-48483417,CUST-949069,Business,2020-10-31,2132.62,2379000,0,1,0.129
POL-28831688,CUST-193084,Boat,2023-01-29,207.27,366000,1,1,0.027
POL-62857705,CUST-238742,Auto,2020-12-16,328.77,264000,4,1,0.018
POL-48614170,CUST-349188,Boat,2023-05-02,769.81,426000,1,1,0.078
POL-90955166,CUST-738260,Renters,2018-11-17,35.84,36000,0,1,0.234
POL-34273540,CUST-632938,Boat,2019-11-25,516.68,83000,1,1,0.143
POL-18826712,CUST-124980,Motorcycle,2015-11-20,129.86,15000,3,1,0.043
POL-57355386,CUST-415559,Home,2022-06-25,287.63,716000,0,1,0.243
POL-6446622,CUST-872073,Umbrella,2023-10-08,333.68,3483000,0,1,0.07
POL-8091497,CUST-957331,Health,2024-06-25,433.29,397000,0,1,0.166
POL-50126880,CUST-16988,Motorcycle,2024-03-17,148.19,55000,3,0,0.057
POL-58680918,CUST-33642,Home,2025-02-12,436.03,1525000,0,1,0.053
POL-43898593,CUST-828519,Health,2024-01-27,560.19,51000,0,1,0.189
POL-66036393,CUST-296376,Renters,2024-08-29,36.6,87000,0,1,0.096
POL-44795511,CUST-665189,Motorcycle,2025-04-09,147.59,38000,4,1,0.239
POL-98574037,CUST-79222,Business,2016-08-20,1455.25,3928000,0,1,0.249
POL-12367293,CUST-585410,Health,2025-02-09,1161.53,209000,0,1,0.174
POL-71371946,CUST-165909,Life,2017-05-28,72.78,569000,0,1,0.038
POL-11774955,CUST-601804,Health,2024-03-24,992.78,476000,0,1,0.087
POL-81877039,CUST-681756,RV,2023-06-18,563.28,136000,1,1,0.038
POL-9809109,CUST-804378,Boat,2018-09-28,595.31,228000,2,1,0.065
POL-37160179,CUST-488337,Home,2022-10-28,793.72,606000,0,1,0.05
POL-99178390,CUST-159598,Home,2023-03-04,726.18,1110000,0,0,0.098
POL-9801355,CUST-190498,Auto,2021-02-11,196.21,217000,3,1,0.025
POL-45608488,CUST-476102,Health,2025-04-12,1024.76,292000,0,1,0.03
POL-92957341,CUST-775378,Home,2024-06-21,372.01,811000,0,1,0.174
POL-2883470,CUST-420967,Business,2022-11-06,1614.58,1677000,0,0,0.093
POL-39435019,CUST-6662,Renters,2025-04-09,28.76,63000,0,1,0.148
POL-2532910,CUST-8952,Business,2022-02-16,1395.72,952000,0,0,0.166
POL-43269689,CUST-447898,Umbrella,2019-04-29,344.25,1021000,0,1,0.058
POL-34742654,CUST-897135,Health,2018-01-20,450.54,119000,0,1,0.21
POL-78433683,CUST-707304,Home,2019-04-14,607.01,929000,0,1,0.187
POL-71452723,CUST-479989,Life,2021-01-18,88.37,182000,0,1,0.213
POL-77099818,CUST-970306,Auto,2018-11-25,168.9,351000,2,1,0.013
POL-95952852,CUST-909370,Auto,2021-07-11,260.04,436000,1,1,0.187
POL-20482267,CUST-198020,Home,2025-04-22,672.58,989000,0,1,0.018
POL-27668202,CUST-323466,Business,2018-01-06,1419.35,4813000,0,1,0.063
POL-13542098,CUST-27498,Business,2018-08-01,1753.6,787000,0,1,0.022
POL-80788531,CUST-990374,Health,2024-07-26,201.21,403000,0,1,0.128
POL-17089076,CUST-566310,Health,2016-03-01,730.86,209000,0,1,0.094
POL-9296843,CUST-343367,Business,2021-06-03,1748.99,4803000,0,1,0.12
POL-30884016,CUST-690138,Health,2020-11-09,873.85,164000,0,1,0.066
POL-27071907,CUST-317644,Renters,2019-01-17,33.52,75000,0,1,0.236
POL-56946385,CUST-284245,Boat,2018-04-09,769.21,153000,2,1,0.235
POL-29156896,CUST-809862,Umbrella,2019-06-16,489.86,1294000,0,1,0.032
POL-3663666,CUST-143982,Home,2021-07-16,640.47,1212000,0,1,0.22
POL-16523557,CUST-874677,Auto,2022-12-21,190.88,419000,1,1,0.246
POL-3412336,CUST-465517,Renters,2021-11-15,19.25,60000,0,1,0.157
POL-51058647,CUST-51604,Health,2019-01-16,1028.47,132000,0,1,0.065
POL-58860762,CUST-418568,Home,2023-02-04,583.19,1015000,0,1,0.106
POL-27599495,CUST-808435,Health,2018-11-15,516.86,378000,0,1,0.017
POL-79217610,CUST-854064,Boat,2021-12-19,460.73,33000,1,1,0.195
POL-12462359,CUST-183602,Home,2017-08-12,599.11,1640000,0,1,0.045
POL-77618586,CUST-759712,Umbrella,2024-02-11,255.96,4774000,0,1,0.221
POL-16334801,CUST-170795,Motorcycle,2024-04-12,126.61,23000,2,1,0.151
POL-16154220,CUST-986391,Boat,2019-01-22,549.9,342000,2,1,0.041
POL-99407286,CUST-634229,Life,2023-10-25,79.78,695000,0,1,0.064
POL-42530857,CUST-435293,Renters,2021-08-03,38.93,46000,0,1,0.062
POL-28229673,CUST-95201,Motorcycle,2018-09-28,122.01,81000,4,1,0.218
POL-48299387,CUST-501197,Home,2024-02-12,152.07,1742000,0,0,0.055
POL-68281290,CUST-117432,Motorcycle,2019-11-02,60.9,89000,1,1,0.125
POL-2167007,CUST-7608,Home,2023-04-08,688.64,765000,0,1,0.148
POL-56373318,CUST-419753,Auto,2021-12-16,288.15,229000,2,1,0.133
POL-47604491,CUST-377898,Business,2017-03-12,604.26,3089000,0,1,0.172
POL-8765169,CUST-455238,Auto,2020-10-07,272.57,165000,4,0,0.117
POL-30784021,CUST-735276,Home,2020-08-10,388.72,1959000,0,1,0.099
POL-87299591,CUST-674844,Auto,2016-12-05,138.42,125000,3,1,0.018
POL-63265064,CUST-16619,Auto,2022-02-14,127.31,192000,3,1,0.147
POL-97929161,CUST-678805,Boat,2020-03-02,481.04,144000,2,0,0.199
POL-6089390,CUST-147572,Health,2020-12-28,801.64,238000,0,0,0.213
POL-23804639,CUST-592004,Umbrella,2019-09-24,505.46,1283000,0,1,0.161
POL-17172930,CUST-543814,Life,2015-08-26,69.6,523000,0,1,0.021
POL-18820058,CUST-728833,Home,2018-02-21,435.64,554000,0,0,0.241
POL-5233258,CUST-64153,Boat,2023-06-27,207.11,397000,2,1,0.089
POL-99300880,CUST-693058,Boat,2019-01-23,717.71,80000,1,1,0.237
POL-49889271,CUST-647553,Renters,2020-06-24,40.56,31000,0,1,0.008
POL-21136969,CUST-439604,Auto,2022-07-20,226.62,215000,4,0,0.008
POL-23439445,CUST-981772,RV,2018-06-05,789.6,202000,1,1,0.249
POL-20317946,CUST-778008,RV,2024-04-25,397.52,172000,1,0,0.21
POL-48998598,CUST-921779,Life,2018-08-01,164.89,91000,0,1,0.171
POL-21793431,CUST-31436,RV,2017-05-09,667.33,72000,1,1,0.057
POL-27390737,CUST-320932,Motorcycle,2023-12-16,147.79,48000,3,1,0.001
POL-83928021,CUST-391311,Life,2022-05-12,26.15,697000,0,1,0.006
POL-83471826,CUST-336669,Renters,2020-01-02,19.82,72000,0,1,0.168
POL-3466848,CUST-347688,Motorcycle,2015-12-23,111.83,31000,4,1,0.107
POL-63149753,CUST-35885,Health,2015-12-24,829.23,221000,0,1,0.156
POL-54714435,CUST-48758,Umbrella,2017-12-12,341.39,1383000,0,1,0.005
POL-50605018,CUST-799541,Umbrella,2024-09-02,554.0,1136000,0,1,0.155
POL-22782148,CUST-165855,RV,2024-06-05,838.01,236000,1,1,0.219
POL-2005006,CUST-365603,Health,2017-03-13,890.08,57000,0,1,0.003
POL-12364660,CUST-440279,Boat,2019-04-13,280.78,151000,2,1,0.186
POL-15087493,CUST-498796,RV,2016-08-15,461.64,235000,1,1,0.171
POL-55710670,CUST-897728,Renters,2023-05-24,21.91,70000,0,1,0.051
POL-59111612,CUST-140934,Home,2024-08-16,786.43,1710000,0,1,0.212
POL-41799545,CUST-499377,RV,2015-07-04,321.1,209000,1,1,0.177
POL-34475383,CUST-134425,Health,2023-06-25,323.97,491000,0,1,0.107
POL-88097063,CUST-566216,Motorcycle,2020-12-26,130.34,72000,3,1,0.052
POL-82357282,CUST-700901,Auto,2021-09-17,148.64,171000,3,1,0.005
POL-64127867,CUST-516740,Home,2017-02-17,405.13,653000,0,1,0.001
POL-26345208,CUST-131945,RV,2025-03-18,501.18,257000,2,1,0.025
POL-69086432,CUST-136113,Home,2019-03-23,442.86,728000,0,1,0.236
POL-30273055,CUST-691231,Life,2017-12-02,115.25,665000,0,1,0.024
POL-99748634,CUST-99393,Umbrella,2016-11-21,202.43,4431000,0,1,0.152
POL-37889634,CUST-930000,Motorcycle,2022-05-13,103.83,64000,1,1,0.193
POL-33524742,CUST-237212,Home,2017-04-13,330.93,441000,0,1,0.093
POL-24780183,CUST-765492,Health,2019-10-04,896.31,120000,0,1,0.245
POL-44107402,CUST-744971,Auto,2020-08-13,167.58,464000,2,0,0.162
POL-89705272,CUST-619482,Renters,2023-05-10,23.23,46000,0,1,0.239
POL-69377728,CUST-605203,Renters,2024-05-03,32.39,63000,0,1,0.085
POL-17677427,CUST-343874,Health,2020-01-12,795.81,74000,0,1,0.022
POL-50300871,CUST-693320,Umbrella,2022-09-03,510.52,4427000,0,1,0.127
POL-77761531,CUST-772182,Motorcycle,2017-12-18,130.18,71000,4,1,0.138
POL-51677853,CUST-662574,Life,2016-01-28,95.33,282000,0,1,0.111
POL-26561171,CUST-191021,RV,2016-04-23,711.29,112000,1,1,0.241
POL-19187023,CUST-665458,RV,2015-09-26,923.63,183000,1,1,0.148
POL-31920912,CUST-169748,Home,2016-01-27,685.74,1005000,0,1,0.222
POL-43289563,CUST-12281,Renters,2022-03-30,43.94,27000,0,1,0.248
POL-64528712,CUST-507348,Health,2025-03-23,567.98,418000,0,1,0.173
POL-25199145,CUST-659253,Renters,2021-05-05,38.13,58000,0,1,0.045
POL-54446341,CUST-474065,Umbrella,2025-04-24,494.58,2479000,0,1,0.111
POL-60826614,CUST-651493,Boat,2019-02-23,497.56,343000,1,1,0.047
POL-73266696,CUST-461229,Boat,2019-12-19,793.66,443000,1,1,0.076
POL-99986896,CUST-292872,Umbrella,2017-07-01,387.09,1599000,0,1,0.063
POL-45278396,CUST-353637,Home,2024-03-30,161.43,916000,0,1,0.142
POL-34263695,CUST-357546,Umbrella,2018-08-30,587.19,3393000,0,1,0.237
POL-73672216,CUST-478482,Home,2023-10-14,714.74,1483000,0,0,0.042
POL-89659144,CUST-897805,Home,2017-02-18,643.61,522000,0,1,0.13
POL-69668788,CUST-275632,Motorcycle,2021-04-26,37.29,77000,2,1,0.108
POL-49046143,CUST-447232,Home,2016-07-26,190.93,1164000,0,1,0.222
POL-72923013,CUST-132359,Business,2015-12-04,1734.86,2007000,0,1,0.247
POL-30484208,CUST-479653,Boat,2017-02-06,368.46,498000,1,1,0.187
POL-16143405,CUST-577204,Business,2017-05-20,1708.6,4120000,0,1,0.215
POL-16951598,CUST-915728,Business,2020-07-10,753.29,982000,0,1,0.232
POL-41208923,CUST-474548,Motorcycle,2021-05-29,142.2,39000,2,1,0.121
POL-74262472,CUST-985188,RV,2022-11-30,917.35,227000,2,1,0.036
POL-67742871,CUST-191482,Umbrella,2016-11-26,493.55,4957000,0,1,0.154
POL-68572457,CUST-204344,Motorcycle,2022-04-04,91.5,24000,3,1,0.242
POL-91345145,CUST-232634,Boat,2017-11-26,437.56,152000,1,1,0.224
POL-26665991,CUST-769038,Auto,2015-10-11,254.16,272000,2,1,0.071
POL-70541440,CUST-630127,Business,2021-07-07,2460.44,2593000,0,1,0.078
POL-75548877,CUST-901697,Renters,2018-01-28,45.43,51000,0,1,0.212
POL-70470377,CUST-49278,Auto,2024-07-08,202.01,330000,2,1,0.034
POL-48674884,CUST-565661,Umbrella,2024-07-24,313.92,1974000,0,1,0.113
POL-93106132,CUST-993172,Umbrella,2019-05-31,597.41,1458000,0,1,0.008
POL-22381271,CUST-392662,Renters,2024-07-10,23.73,86000,0,1,0.129
POL-13440304,CUST-713447,Business,2018-03-12,1531.45,4862000,0,1,0.116
POL-85215820,CUST-665124,Business,2018-04-24,1908.09,4901000,0,0,0.091
POL-96111431,CUST-159437,Umbrella,2019-05-05,380.18,4172000,0,1,0.168
POL-81827925,CUST-444612,Umbrella,2024-09-10,366.66,4344000,0,1,0.095
POL-37369085,CUST-51288,RV,2018-12-07,516.6,266000,1,0,0.169
POL-39795077,CUST-408705,Boat,2022-04-24,704.6,389000,1,1,0.111
POL-56541115,CUST-937159,Home,2024-05-15,664.46,1862000,0,1,0.239
POL-62814453,CUST-337558,Home,2023-08-08,716.11,1539000,0,1,0.048
POL-96844485,CUST-983714,Auto,2017-10-22,253.32,26000,4,1,0.054
POL-47461,CUST-78507,Business,2020-08-06,813.44,1700000,0,1,0.178
POL-95071927,CUST-582753,Umbrella,2019-10-08,313.01,1991000,0,0,0.102
POL-28018594,CUST-967890,Business,2020-10-17,1708.03,1190000,0,0,0.083
POL-7948672,CUST-791852,Auto,2016-08-18,276.57,143000,1,1,0.241
POL-18831186,CUST-150776,Motorcycle,2022-06-22,67.81,31000,4,1,0.174
POL-21508787,CUST-801733,Umbrella,2023-09-04,523.54,2194000,0,1,0.039
POL-52511111,CUST-824508,Business,2019-08-14,1879.94,1680000,0,1,0.032
POL-86716010,CUST-439363,Renters,2018-03-16,31.87,20000,0,1,0.198
POL-79378566,CUST-202764,Umbrella,2022-02-22,554.49,3454000,0,1,0.089
POL-47030876,CUST-73957,Umbrella,2019-09-21,337.87,2894000,0,0,0.01
POL-37073335,CUST-147262,Life,2019-05-06,31.43,481000,0,1,0.063
POL-16572053,CUST-761244,Health,2022-04-28,618.1,212000,0,1,0.233
POL-90236903,CUST-159222,Umbrella,2025-06-17,425.44,4353000,0,1,0.098
POL-59509638,CUST-149326,Life,2018-12-29,43.86,641000,0,1,0.166
POL-43952205,CUST-11292,Home,2020-03-06,769.59,409000,0,1,0.183
POL-69876471,CUST-326275,Auto,2017-06-27,307.54,195000,1,1,0.101
POL-13772377,CUST-809142,Life,2024-05-30,54.55,207000,0,0,0.135
POL-31162829,CUST-692502,Health,2023-07-05,856.22,382000,0,1,0.097
POL-40107238,CUST-862181,Renters,2022-12-13,29.67,56000,0,1,0.001
POL-72646617,CUST-778999,Renters,2017-08-13,27.98,52000,0,1,0.085
POL-20626125,CUST-73822,Umbrella,2023-03-23,220.42,2711000,0,1,0.083
POL-36521017,CUST-995610,Auto,2021-04-20,214.93,280000,3,0,0.054
POL-51204292,CUST-878683,Life,2016-03-10,110.43,949000,0,0,0.144
POL-15144802,CUST-657350,Business,2019-11-03,623.43,3548000,0,1,0.13
POL-57164749,CUST-613394,Health,2023-06-06,600.31,248000,0,1,0.246
POL-95262464,CUST-725024,Life,2018-05-11,190.91,495000,0,1,0.141
POL-39071710,CUST-235545,Life,2023-10-14,190.72,243000,0,1,0.141
POL-13831159,CUST-92875,Umbrella,2024-05-21,579.56,3838000,0,1,0.026
POL-32385743,CUST-911591,Business,2021-08-29,574.25,3977000,0,1,0.18
POL-94167029,CUST-453485,Umbrella,2023-11-27,471.29,1724000,0,1,0.052
POL-7603772,CUST-669054,Health,2022-09-01,452.85,371000,0,1,0.109
POL-37608285,CUST-883241,Boat,2017-04-13,736.43,85000,2,1,0.018
POL-33778683,CUST-671366,Health,2020-03-09,885.87,446000,0,1,0.058
POL-44134771,CUST-440030,Home,2024-02-18,618.44,430000,0,1,0.094
POL-47870268,CUST-87129,Business,2019-10-08,793.41,121000,0,1,0.056
POL-13573570,CUST-747734,Boat,2015-09-18,251.02,116000,2,1,0.014
POL-32580577,CUST-614239,RV,2023-10-03,388.15,88000,1,1,0.111
POL-29714212,CUST-619796,Renters,2023-11-30,21.36,17000,0,1,0.155
POL-89339143,CUST-278663,Umbrella,2022-11-15,396.4,3271000,0,1,0.111
POL-95097164,CUST-511560,Life,2017-04-06,180.87,202000,0,1,0.048
POL-81421925,CUST-878090,Life,2025-01-11,146.27,594000,0,1,0.187
POL-50442020,CUST-636095,Auto,2025-02-11,339.2,113000,4,0,0.138
POL-89597988,CUST-401171,Renters,2024-04-27,24.05,65000,0,1,0.145
POL-80753748,CUST-113034,Life,2016-03-17,154.61,334000,0,1,0.003
POL-77259150,CUST-99524,Business,2017-03-03,1333.91,263000,0,1,0.222
POL-32026271,CUST-378222,Renters,2017-06-28,30.4,92000,0,1,0.204
POL-90276104,CUST-743760,Umbrella,2025-05-12,270.75,2934000,0,1,0.138
POL-52847572,CUST-753180,Renters,2022-09-02,31.42,82000,0,0,0.065
POL-46614414,CUST-678521,Boat,2016-03-03,202.16,390000,2,1,0.12
POL-61839874,CUST-601195,Boat,2022-12-25,665.26,53000,2,1,0.226
POL-5003131,CUST-985868,RV,2024-05-21,650.09,169000,1,1,0.039
POL-84304617,CUST-780545,RV,2022-04-11,342.91,207000,1,1,0.247
POL-89800835,CUST-952192,Motorcycle,2022-11-03,112.44,19000,4,1,0.109
POL-28996335,CUST-594469,Auto,2015-12-06,172.23,479000,4,1,0.129
POL-3240609,CUST-661149,Motorcycle,2018-07-27,33.99,61000,4,1,0.003
POL-13261275,CUST-306474,Health,2021-02-02,274.27,490000,0,0,0.1
POL-3808371,CUST-764472,Renters,2022-07-03,49.98,86000,0,1,0.159
POL-34026103,CUST-376007,Life,2023-04-06,106.59,599000,0,1,0.031
POL-47295434,CUST-260781,Life,2021-05-06,158.17,325000,0,1,0.171
POL-59862044,CUST-821779,Health,2020-03-13,1182.98,402000,0,1,0.021
POL-43555317,CUST-480462,Motorcycle,2016-04-22,125.02,21000,1,0,0.139
POL-21554308,CUST-219551,Renters,2019-12-21,34.47,78000,0,1,0.233
POL-73454371,CUST-679778,Home,2024-12-29,429.9,1552000,0,1,0.181
POL-99415711,CUST-420815,Motorcycle,2020-12-20,88.31,23000,3,1,0.12
POL-23093235,CUST-885752,Home,2021-06-03,607.17,215000,0,1,0.071
POL-11927856,CUST-349976,Renters,2023-12-30,22.91,66000,0,0,0.145
POL-82732173,CUST-564380,Boat,2021-06-24,558.26,263000,1,1,0.073
POL-42484493,CUST-868937,Home,2019-05-14,568.78,787000,0,0,0.023
POL-13596009,CUST-958578,Business,2020-09-11,2350.31,530000,0,1,0.013
POL-85825759,CUST-425790,Home,2017-01-11,447.45,1645000,0,1,0.182
POL-83456546,CUST-521344,Auto,2020-10-25,180.5,103000,3,1,0.141
POL-51364639,CUST-211968,Life,2018-08-29,145.06,707000,0,1,0.171
POL-94945095,CUST-509021,Life,2019-12-30,30.74,63000,0,0,0.043
POL-45231541,CUST-845044,Boat,2021-06-16,418.68,352000,2,1,0.115
POL-48514771,CUST-791434,Umbrella,2022-12-10,456.0,4641000,0,1,0.08
POL-22621484,CUST-338438,Boat,2018-03-15,648.9,158000,1,1,0.096
POL-14962673,CUST-199008,Business,2015-10-06,2027.1,2264000,0,1,0.041
POL-41678306,CUST-952977,Renters,2025-05-23,17.92,47000,0,1,0.195
POL-93983051,CUST-673508,Health,2024-02-07,640.81,71000,0,0,0.197
POL-39755786,CUST-793531,Umbrella,2025-01-10,237.17,4767000,0,0,0.06
POL-72243277,CUST-186550,Business,2025-01-07,2034.7,3826000,0,1,0.199
POL-83009769,CUST-729427,Motorcycle,2022-04-06,118.99,90000,4,1,0.029
POL-26658273,CUST-97898,Motorcycle,2016-10-13,122.05,11000,3,1,0.192
POL-95518135,CUST-627016,Boat,2017-01-12,380.71,370000,1,1,0.13
POL-35348929,CUST-152846,Business,2022-05-18,1947.17,4430000,0,1,0.069
POL-71514930,CUST-370985,Business,2021-04-12,1724.55,4424000,0,1,0.239
POL-17855290,CUST-966009,Umbrella,2022-03-30,401.33,1717000,0,1,0.011
POL-13908449,CUST-886056,Umbrella,2022-01-17,377.68,2114000,0,1,0.141
POL-82331842,CUST-597800,Business,2020-06-29,1615.68,1854000,0,1,0.093
POL-43464571,CUST-235745,Health,2016-11-21,517.34,281000,0,1,0.027
POL-5472438,CUST-257848,Home,2023-01-08,163.37,219000,0,0,0.13
POL-20805333,CUST-699946,Home,2024-10-25,773.51,625000,0,1,0.106
POL-3537870,CUST-518513,RV,2020-02-25,726.78,225000,2,1,0.205
POL-93291937,CUST-229612,Home,2019-04-24,269.93,1834000,0,1,0.029
POL-30310745,CUST-461746,Health,2019-09-01,252.32,396000,0,1,0.174
POL-19512130,CUST-13021,Renters,2019-03-02,39.26,80000,0,1,0.19
POL-32706202,CUST-21783,Life,2020-07-17,50.86,950000,0,1,0.039
POL-58914857,CUST-434661,Business,2023-09-18,2435.61,4255000,0,1,0.034
POL-73984321,CUST-595681,Umbrella,2024-12-15,540.62,2244000,0,1,0.041
POL-55341132,CUST-195095,Business,2018-10-06,1534.08,4162000,0,0,0.137
POL-77966489,CUST-419028,Home,2024-04-25,602.78,396000,0,0,0.213
POL-51956191,CUST-783068,Renters,2025-04-13,31.47,100000,0,1,0.182
POL-94857832,CUST-835502,Renters,2019-12-10,30.64,61000,0,1,0.044
POL-35374067,CUST-452266,Health,2021-09-07,1135.48,104000,0,1,0.137
POL-48924311,CUST-943773,Renters,2021-10-16,38.88,34000,0,1,0.107
POL-42970439,CUST-566618,Boat,2019-06-27,309.9,201000,1,1,0.086
POL-10340193,CUST-726871,Life,2021-07-26,133.76,991000,0,1,0.112
POL-43172816,CUST-901717,Motorcycle,2017-10-12,104.36,76000,4,1,0.135
POL-72246104,CUST-607081,Boat,2019-09-11,764.42,198000,2,1,0.128
POL-12968305,CUST-962046,Boat,2017-09-07,655.1,61000,1,1,0.029
POL-95073653,CUST-498847,Business,2024-02-16,2352.41,1242000,0,1,0.145
POL-42075215,CUST-109898,Health,2024-08-07,615.95,52000,0,1,0.241
POL-96651024,CUST-365263,Motorcycle,2019-05-15,51.84,69000,3,1,0.016
POL-30059912,CUST-487888,Business,2024-12-01,917.59,3261000,0,1,0.129
POL-77075758,CUST-877252,Auto,2020-01-27,109.94,466000,3,1,0.132
POL-61772215,CUST-648865,Renters,2016-05-25,31.75,42000,0,1,0.197
POL-66724054,CUST-619774,Umbrella,2022-12-10,362.85,4863000,0,1,0.245
POL-8678217,CUST-999464,Motorcycle,2022-11-30,96.53,63000,2,1,0.175
POL-2968249,CUST-587159,Health,2018-05-29,1067.81,83000,0,0,0.203
POL-75027178,CUST-681865,Auto,2023-02-14,257.45,201000,3,1,0.217
POL-46654498,CUST-499779,Health,2016-06-21,302.14,68000,0,1,0.033
POL-8559981,CUST-715136,Renters,2018-01-03,23.44,17000,0,1,0.11
POL-8779551,CUST-753788,Life,2021-07-10,166.47,732000,0,1,0.227
POL-76471037,CUST-264253,Home,2020-03-10,475.83,1433000,0,1,0.071
POL-95779406,CUST-626774,Boat,2015-12-18,723.32,210000,2,1,0.016
POL-57825027,CUST-738425,Home,2023-11-04,191.04,260000,0,1,0.175
POL-53183240,CUST-225657,Boat,2017-10-05,526.72,123000,2,1,0.199
POL-41584044,CUST-564548,Motorcycle,2023-03-09,79.94,52000,3,1,0.215
POL-44363421,CUST-243861,Umbrella,2020-09-04,405.44,2580000,0,1,0.108
POL-68176556,CUST-992233,Renters,2025-03-09,17.8,14000,0,1,0.214
POL-19358634,CUST-803524,RV,2022-06-02,423.21,87000,1,0,0.229
POL-91445454,CUST-615380,RV,2024-09-03,793.43,150000,2,1,0.228
POL-909370,CUST-639206,Umbrella,2020-11-03,533.67,3573000,0,1,0.147
POL-95578284,CUST-791115,Business,2016-05-24,1551.94,2702000,0,1,0.125
POL-78845892,CUST-125497,Life,2021-08-03,198.87,932000,0,1,0.072
POL-82389614,CUST-66719,Auto,2016-09-13,168.65,48000,2,1,0.055
POL-55527409,CUST-765859,Life,2024-07-03,167.54,617000,0,1,0.226
POL-98322047,CUST-204072,Home,2018-03-27,654.87,1683000,0,1,0.052
POL-80735381,CUST-811319,Life,2019-09-22,185.64,268000,0,1,0.236
POL-24325365,CUST-30919,RV,2018-07-18,605.54,127000,1,1,0.232
POL-97800045,CUST-125304,Boat,2023-11-30,527.08,96000,2,0,0.176
POL-11959568,CUST-98735,Umbrella,2021-02-19,274.46,1604000,0,1,0.185
POL-77041363,CUST-734976,Auto,2022-05-11,275.04,103000,1,1,0.228
POL-54703681,CUST-399812,Boat,2022-01-31,536.62,461000,2,1,0.02
POL-18590430,CUST-888422,Auto,2023-07-25,189.81,374000,2,1,0.066
POL-24560448,CUST-100519,Umbrella,2021-05-02,525.31,4164000,0,1,0.239
POL-47668359,CUST-186028,Umbrella,2020-10-14,392.14,2435000,0,1,0.043
POL-33824764,CUST-523954,Life,2022-10-25,175.29,943000,0,1,0.125
POL-24772080,CUST-273159,Auto,2017-01-13,95.1,198000,2,1,0.089
POL-26925055,CUST-237649,Business,2022-04-28,1439.63,611000,0,0,0.194
POL-86869105,CUST-663756,Health,2021-06-20,945.46,401000,0,1,0.043
POL-45596469,CUST-473670,Umbrella,2016-11-17,526.33,4398000,0,1,0.228
POL-70312275,CUST-270289,Renters,2017-02-03,39.82,43000,0,1,0.182
POL-81357341,CUST-63859,Life,2015-11-03,82.94,404000,0,1,0.103
POL-7938468,CUST-715873,Business,2024-12-20,1952.89,1970000,0,0,0.199
POL-12816494,CUST-176698,Boat,2021-11-03,589.54,179000,1,1,0.119
POL-71017414,CUST-13189,RV,2015-07-10,676.21,68000,2,1,0.105
POL-43870361,CUST-403443,Renters,2015-07-28,28.99,95000,0,1,0.132
POL-3711597,CUST-838900,Umbrella,2020-09-14,352.05,1043000,0,1,0.241
POL-75613530,CUST-393044,RV,2025-02-26,769.84,285000,2,1,0.108
POL-23138191,CUST-197637,Health,2016-09-03,407.23,423000,0,1,0.212
POL-24398998,CUST-561212,Life,2023-12-20,74.6,682000,0,1,0.134
POL-46338397,CUST-101675,Boat,2019-03-17,217.4,371000,2,1,0.06
POL-80492828,CUST-392343,Business,2018-02-15,1023.54,2724000,0,1,0.148
POL-23746912,CUST-934739,Renters,2025-04-04,48.56,65000,0,1,0.122
POL-94807049,CUST-887067,Auto,2022-12-28,251.77,337000,3,1,0.021
POL-68092509,CUST-156080,Auto,2018-07-06,140.86,153000,1,1,0.06
POL-4072389,CUST-652300,RV,2023-01-24,649.16,277000,2,1,0.056
POL-72154087,CUST-931380,Umbrella,2016-02-25,369.72,3620000,0,1,0.223
POL-41831014,CUST-980452,RV,2017-07-16,842.54,70000,1,1,0.004
POL-14465305,CUST-366009,Home,2020-06-13,356.18,558000,0,1,0.07
POL-79202730,CUST-543674,Health,2018-07-25,526.08,290000,0,1,0.159
POL-13384402,CUST-521824,Boat,2018-05-05,494.6,293000,2,1,0.08
POL-81000851,CUST-162794,Motorcycle,2018-10-12,73.9,67000,3,1,0.229
POL-61024383,CUST-973714,Renters,2021-03-26,27.37,75000,0,1,0.086
POL-52190005,CUST-822149,Business,2024-10-25,1241.71,3186000,0,1,0.086
POL-15620477,CUST-701188,Health,2023-02-11,888.33,253000,0,1,0.178
POL-8786373,CUST-354779,Home,2024-12-04,410.18,730000,0,1,0.219
POL-49082552,CUST-148249,Renters,2019-09-06,46.41,83000,0,1,0.086
POL-65869786,CUST-197488,Life,2019-07-26,145.69,187000,0,1,0.166
POL-5582167,CUST-375727,Umbrella,2022-05-16,257.36,4913000,0,1,0.113
POL-64481336,CUST-850297,RV,2016-06-28,751.67,181000,1,1,0.019
POL-69772254,CUST-95371,Umbrella,2017-03-04,238.51,1281000,0,1,0.177
POL-70778039,CUST-590344,Home,2020-12-11,309.56,885000,0,1,0.178
POL-94248481,CUST-557764,Umbrella,2025-04-11,259.58,4372000,0,1,0.197
POL-52906603,CUST-793691,Life,2024-05-14,107.88,454000,0,1,0.22
POL-86328642,CUST-210692,Boat,2024-10-15,321.49,294000,1,1,0.014
POL-42992142,CUST-142056,Umbrella,2020-04-19,473.28,2015000,0,1,0.234
POL-26580682,CUST-307189,Life,2023-02-11,154.12,348000,0,1,0.071
POL-54255917,CUST-456276,Life,2022-09-30,126.98,860000,0,1,0.072
POL-11058049,CUST-514290,Auto,2021-11-28,235.49,72000,2,1,0.022
POL-65933037,CUST-109385,RV,2015-11-25,930.82,145000,1,1,0.143
POL-75330101,CUST-507620,Business,2020-12-17,1636.37,326000,0,1,0.204
POL-41056878,CUST-521786,Business,2022-02-08,2326.2,843000,0,1,0.228
POL-91811958,CUST-732851,Health,2020-05-18,1104.24,220000,0,1,0.002
POL-70806579,CUST-871636,RV,2016-06-06,930.03,73000,1,1,0.076
POL-25243522,CUST-992770,Health,2016-03-14,461.99,313000,0,1,0.118
POL-41220925,CUST-935426,Health,2017-01-04,414.34,452000,0,1,0.108
POL-76675220,CUST-569153,Life,2025-06-27,181.19,498000,0,1,0.022
POL-86024494,CUST-328889,Boat,2018-06-11,343.53,455000,1,1,0.029
POL-71711476,CUST-29321,Auto,2016-04-22,288.78,350000,1,1,0.177
POL-40660713,CUST-403598,RV,2016-04-18,358.51,109000,1,1,0.148
POL-47213180,CUST-563886,Renters,2018-09-11,34.62,31000,0,1,0.238
POL-91827121,CUST-916146,Auto,2016-05-20,230.14,363000,1,1,0.169
POL-99125172,CUST-533069,Renters,2022-11-15,43.33,31000,0,1,0.206
POL-23929694,CUST-533458,Home,2024-05-28,573.27,1922000,0,1,0.128
POL-91420175,CUST-733146,Home,2021-10-20,569.49,503000,0,1,0.241
POL-28788785,CUST-103442,Health,2016-04-02,294.1,129000,0,1,0.108
POL-24924955,CUST-935703,Motorcycle,2023-04-10,88.69,49000,1,0,0.021
POL-95618129,CUST-335869,Health,2019-04-06,890.78,345000,0,1,0.029
POL-95836098,CUST-213498,RV,2016-09-25,855.23,176000,2,1,0.203
POL-27747762,CUST-598889,Auto,2023-12-02,110.24,404000,2,1,0.006
POL-6071188,CUST-966877,Health,2015-10-04,472.43,469000,0,1,0.092
POL-27652856,CUST-944054,Auto,2021-12-25,338.7,65000,3,1,0.119
POL-38982422,CUST-4968,Motorcycle,2017-06-21,71.39,75000,4,1,0.176
POL-88529233,CUST-853161,Umbrella,2019-08-01,482.99,3739000,0,1,0.057
POL-23764288,CUST-408856,Motorcycle,2021-02-13,120.71,37000,1,1,0.209
POL-49899973,CUST-962156,Boat,2019-05-19,775.81,289000,1,1,0.243
POL-6007154,CUST-163503,Auto,2022-05-01,165.17,491000,4,0,0.243
POL-80363084,CUST-258131,Health,2017-11-26,959.69,351000,0,1,0.215
POL-56752704,CUST-713446,Health,2019-11-20,260.43,259000,0,1,0.006
POL-95317729,CUST-905700,Umbrella,2025-03-14,437.52,2178000,0,1,0.149
POL-27498028,CUST-985947,Motorcycle,2020-10-05,77.67,89000,2,1,0.034
POL-54922351,CUST-723812,Health,2020-02-17,418.2,292000,0,1,0.123
POL-55819457,CUST-863559,Umbrella,2015-09-01,409.17,1037000,0,1,0.145
POL-50617768,CUST-291595,Home,2022-07-13,292.04,202000,0,1,0.049
POL-65527308,CUST-265735,Life,2018-09-19,62.84,276000,0,1,0.2
POL-84092385,CUST-726163,Motorcycle,2015-09-02,70.52,80000,4,1,0.22
POL-5610213,CUST-729810,RV,2022-03-22,785.44,195000,1,1,0.163
POL-17299087,CUST-695167,Health,2023-02-18,668.12,364000,0,1,0.21
POL-9465618,CUST-668568,Boat,2019-04-15,311.9,300000,2,0,0.21
POL-15472405,CUST-166643,Life,2017-06-09,145.03,627000,0,0,0.186
POL-8925521,CUST-192265,Umbrella,2023-10-21,326.55,4650000,0,1,0.155
POL-43940007,CUST-175496,Home,2024-08-17,725.92,983000,0,1,0.241
POL-91389602,CUST-749756,Renters,2019-11-09,33.18,32000,0,1,0.059
POL-38226119,CUST-562309,Boat,2022-04-08,525.6,133000,2,1,0.22
POL-38212434,CUST-897065,Health,2020-05-13,345.37,176000,0,1,0.008
POL-35097827,CUST-113762,Health,2025-03-11,611.19,280000,0,1,0.078
POL-53003418,CUST-862849,Motorcycle,2017-07-10,137.83,46000,4,1,0.236
POL-11610244,CUST-581697,Renters,2018-12-06,18.44,40000,0,1,0.022
POL-26949332,CUST-133289,Auto,2023-12-19,188.09,80000,4,1,0.223
POL-4790926,CUST-491737,Business,2024-04-23,1384.53,3452000,0,1,0.065
POL-14675889,CUST-116818,RV,2023-08-22,511.34,184000,1,1,0.194
POL-5104468,CUST-873563,Renters,2019-05-20,42.97,58000,0,1,0.136
POL-24760262,CUST-87669,Renters,2022-02-04,39.9,60000,0,1,0.018
POL-32447383,CUST-457125,RV,2016-08-21,566.85,77000,2,1,0.008
POL-58801935,CUST-774212,Health,2021-10-20,1077.45,90000,0,1,0.152
POL-59327432,CUST-626001,Motorcycle,2017-12-03,119.82,13000,3,1,0.177
POL-88969812,CUST-978966,Renters,2016-03-11,28.27,56000,0,0,0.044
POL-25363046,CUST-805882,Motorcycle,2024-01-23,90.09,42000,4,1,0.064
POL-97295794,CUST-333364,Health,2019-01-27,699.83,97000,0,0,0.202
POL-76343225,CUST-14901,Health,2016-03-27,490.07,469000,0,1,0.158
POL-45814884,CUST-901238,Umbrella,2018-02-02,312.32,2418000,0,1,0.089
POL-23559104,CUST-367124,Motorcycle,2019-10-05,124.55,14000,1,1,0.002
POL-26930692,CUST-945357,Home,2023-05-09,164.9,968000,0,1,0.034
POL-52520989,CUST-398494,Boat,2016-06-14,665.26,141000,2,1,0.118
POL-39165484,CUST-530154,Renters,2018-02-05,39.04,23000,0,1,0.182
POL-30230610,CUST-192899,Boat,2016-07-29,646.25,446000,1,1,0.133
POL-45082208,CUST-689975,RV,2018-10-19,557.36,256000,1,0,0.081
POL-3397006,CUST-913663,Boat,2022-12-17,212.89,439000,1,1,0.195
POL-9312412,CUST-884392,Business,2022-12-27,1647.17,3509000,0,1,0.227
POL-80753445,CUST-554231,Auto,2019-09-04,226.77,62000,2,1,0.173
POL-74739562,CUST-168923,Renters,2020-05-22,44.96,13000,0,1,0.204
POL-73433653,CUST-332979,Renters,2017-12-06,34.67,35000,0,1,0.24
POL-14947264,CUST-718025,Boat,2016-06-16,220.36,387000,2,1,0.122
POL-55019090,CUST-543211,Business,2016-08-07,1161.44,4935000,0,1,0.177
POL-2343684,CUST-648634,Renters,2024-07-31,43.4,88000,0,0,0.064
POL-97184286,CUST-978112,Business,2018-05-20,1997.69,3688000,0,1,0.073
POL-49710508,CUST-40296,Home,2020-12-18,786.68,1676000,0,1,0.211
POL-13930806,CUST-717557,Umbrella,2017-12-07,537.9,1547000,0,1,0.042
POL-792100,CUST-399731,Auto,2019-06-20,341.15,84000,4,0,0.186
POL-75525880,CUST-61255,Home,2015-07-21,553.85,1037000,0,1,0.077
POL-76095382,CUST-125453,Business,2022-02-01,1824.53,2487000,0,1,0.08
POL-84327199,CUST-36904,Life,2019-04-25,65.99,757000,0,1,0.102
POL-73226848,CUST-77514,Health,2025-01-30,750.8,482000,0,1,0.07
POL-87088867,CUST-864024,RV,2015-10-30,724.23,238000,1,1,0.171
POL-76704340,CUST-676111,Auto,2023-08-07,94.32,258000,1,1,0.241
POL-37912273,CUST-718914,Home,2022-01-22,187.81,1593000,0,1,0.159
POL-60353847,CUST-954456,Umbrella,2022-01-27,379.39,4993000,0,1,0.185
POL-91654759,CUST-514391,Auto,2019-07-15,311.24,483000,3,1,0.022
POL-46324745,CUST-667625,Renters,2019-09-30,21.08,94000,0,1,0.2
POL-64307616,CUST-964088,Umbrella,2023-03-27,485.45,4246000,0,1,0.249
POL-60964805,CUST-562513,RV,2018-02-05,441.4,106000,2,1,0.134
POL-30043274,CUST-151422,Boat,2021-08-14,627.77,476000,2,1,0.143
POL-85509203,CUST-766486,RV,2020-05-16,387.29,105000,1,0,0.104
POL-52137114,CUST-269705,Umbrella,2018-06-17,351.34,3673000,0,1,0.178
POL-49402605,CUST-775952,Home,2018-03-22,679.56,816000,0,1,0.032
POL-57946703,CUST-844576,Home,2015-11-07,685.05,1915000,0,0,0.117
POL-19325175,CUST-44622,Auto,2020-08-05,262.29,299000,3,1,0.18
POL-55079123,CUST-745208,Auto,2023-04-26,211.66,327000,1,1,0.104
POL-30465492,CUST-421769,Home,2024-09-14,310.49,942000,0,1,0.095
POL-84087394,CUST-370085,Home,2017-08-14,777.49,1322000,0,1,0.06
POL-54464528,CUST-441597,Business,2019-01-13,1414.95,2645000,0,1,0.192
POL-61818207,CUST-769077,Boat,2022-08-07,327.73,409000,2,0,0.046
POL-59578294,CUST-998636,Boat,2023-03-10,799.99,376000,2,0,0.14
POL-62212219,CUST-381220,Boat,2022-02-06,475.09,55000,2,1,0.222
POL-43756453,CUST-697694,Life,2021-03-29,84.61,231000,0,1,0.024
POL-17866349,CUST-758443,Home,2022-04-12,625.68,1625000,0,1,0.207
POL-27637454,CUST-257957,RV,2024-07-04,978.24,248000,1,1,0.143
POL-95642192,CUST-200241,Business,2019-03-09,620.81,3532000,0,1,0.103
POL-26119029,CUST-994055,Auto,2025-02-28,120.07,251000,3,0,0.211
POL-62193264,CUST-574835,RV,2021-09-04,994.93,267000,2,1,0.102
POL-50307037,CUST-675282,Motorcycle,2022-06-09,120.96,98000,2,0,0.192
POL-28657321,CUST-411911,Auto,2020-09-18,303.86,124000,4,1,0.189
POL-63113531,CUST-113927,Business,2017-11-24,2185.56,278000,0,1,0.203
POL-87541827,CUST-474291,Boat,2024-09-23,512.11,57000,2,0,0.176
POL-83697650,CUST-432136,Motorcycle,2020-08-08,120.18,86000,2,1,0.125
POL-26764323,CUST-227727,Auto,2016-05-11,234.07,491000,2,1,0.068
POL-74046990,CUST-933153,Life,2021-03-28,142.67,775000,0,1,0.181
POL-88536920,CUST-402957,RV,2018-02-27,608.18,157000,1,1,0.087
POL-57953043,CUST-189074,Boat,2024-04-18,679.07,378000,2,1,0.099
POL-3199132,CUST-727679,Boat,2023-01-11,279.94,272000,2,1,0.069
POL-51804106,CUST-594954,Business,2019-01-02,1519.66,4312000,0,1,0.249
POL-36684386,CUST-782208,Renters,2018-06-04,32.44,86000,0,1,0.215
POL-20918595,CUST-672386,Auto,2025-01-28,132.33,200000,2,1,0.015
POL-77184473,CUST-819838,Motorcycle,2022-05-01,147.0,62000,2,1,0.031
POL-20224364,CUST-431268,Motorcycle,2018-11-10,109.6,44000,3,1,0.232
POL-62891711,CUST-257633,Boat,2020-11-16,333.61,30000,1,0,0.115
POL-65321753,CUST-331575,Renters,2017-09-18,42.14,15000,0,1,0.057
POL-98692660,CUST-658595,Home,2024-07-08,402.88,819000,0,1,0.037
POL-90756606,CUST-101779,Boat,2016-02-04,439.83,276000,2,1,0.086
POL-11509178,CUST-22508,RV,2016-08-09,440.07,249000,1,1,0.2
POL-7080348,CUST-347611,Health,2015-08-22,599.44,452000,0,1,0.233
POL-42049592,CUST-976814,Health,2017-01-08,336.0,278000,0,1,0.248
POL-27247147,CUST-779704,Life,2021-07-24,51.15,422000,0,1,0.04
POL-28589967,CUST-322501,RV,2018-01-20,461.61,87000,1,1,0.044
POL-48712990,CUST-653505,Umbrella,2016-08-13,500.37,1872000,0,1,0.058
POL-78309134,CUST-948452,Health,2020-11-10,917.46,482000,0,1,0.175
POL-63765142,CUST-355069,Auto,2023-02-03,81.86,388000,3,1,0.052
POL-38888385,CUST-317970,Auto,2018-06-22,135.19,259000,1,1,0.048
POL-75415271,CUST-167575,Health,2017-03-21,882.8,381000,0,1,0.222
POL-21911949,CUST-435353,RV,2018-01-29,447.38,124000,2,1,0.192
POL-71444791,CUST-954446,Home,2017-07-04,189.52,1454000,0,1,0.137
POL-21244038,CUST-588947,Auto,2022-06-18,152.73,140000,4,1,0.131
POL-84380335,CUST-492377,Umbrella,2024-11-21,501.1,3882000,0,1,0.119
POL-92605361,CUST-889186,Motorcycle,2020-04-11,98.56,61000,1,1,0.163
POL-15214980,CUST-696117,Motorcycle,2019-09-26,65.5,57000,3,1,0.208
POL-59713989,CUST-101784,Life,2017-12-27,41.78,563000,0,1,0.135
POL-18199754,CUST-922989,Health,2016-02-29,663.57,401000,0,1,0.072
POL-63459898,CUST-397798,Umbrella,2021-12-22,282.5,1610000,0,1,0.113
POL-22878479,CUST-804402,Business,2023-08-10,1357.35,4540000,0,1,0.051
POL-78675126,CUST-721547,Life,2015-10-31,117.08,633000,0,1,0.201
POL-59181497,CUST-613302,Auto,2021-08-28,139.66,265000,4,0,0.169
POL-24405301,CUST-469063,RV,2025-03-22,903.76,228000,1,1,0.093
POL-66003853,CUST-992586,Health,2015-10-31,364.98,361000,0,1,0.189
POL-46147922,CUST-928622,Motorcycle,2025-02-18,145.67,58000,1,1,0.182
POL-11409917,CUST-929552,Life,2021-04-10,83.03,465000,0,1,0.219
POL-9246258,CUST-185844,RV,2021-10-14,583.35,226000,1,1,0.114
POL-83756036,CUST-314682,Renters,2017-10-15,32.3,72000,0,1,0.074
POL-20063671,CUST-116362,Business,2022-03-10,1654.01,4562000,0,1,0.036
POL-85123938,CUST-336276,Business,2018-11-05,1216.75,847000,0,1,0.0
POL-95483589,CUST-831292,RV,2020-06-19,534.46,131000,1,1,0.095
POL-47608618,CUST-632094,Life,2016-11-27,43.05,420000,0,1,0.1
POL-2141515,CUST-652069,Boat,2023-11-29,376.97,325000,2,1,0.151
POL-22690870,CUST-382956,Business,2022-08-07,1173.63,2525000,0,1,0.139
POL-25772910,CUST-538362,Umbrella,2019-10-17,328.15,4121000,0,1,0.091
POL-69851147,CUST-948206,Umbrella,2020-04-05,279.35,2971000,0,1,0.123
POL-65714214,CUST-334042,Auto,2015-11-22,94.47,412000,1,1,0.037
POL-6980807,CUST-680950,Boat,2018-05-01,764.01,224000,2,1,0.186
POL-94021516,CUST-321531,Life,2019-07-22,86.41,459000,0,1,0.115
POL-60254507,CUST-453980,Life,2019-12-20,54.75,815000,0,1,0.23
POL-5429877,CUST-286089,Boat,2021-03-27,360.74,137000,1,1,0.098
POL-88504582,CUST-84142,Home,2023-04-15,506.18,170000,0,1,0.076
POL-73990759,CUST-32897,RV,2021-02-26,601.55,239000,1,1,0.052
POL-83774633,CUST-11196,Life,2017-09-18,97.34,369000,0,0,0.112
POL-2578612,CUST-317414,RV,2025-04-02,920.6,215000,1,1,0.129
POL-26795548,CUST-948473,Business,2021-12-20,1226.13,2444000,0,1,0.248
POL-51005009,CUST-407263,Auto,2023-06-29,292.46,348000,1,1,0.124
POL-93320013,CUST-704542,Motorcycle,2016-02-08,65.12,96000,3,1,0.14
POL-93530441,CUST-393364,Auto,2020-02-03,157.1,419000,4,1,0.179
POL-49230243,CUST-842159,Motorcycle,2021-03-15,82.24,85000,3,1,0.123
POL-56977334,CUST-426974,Health,2024-03-19,888.67,173000,0,1,0.192
POL-17762391,CUST-988708,Auto,2021-04-24,280.93,437000,3,1,0.236
POL-96518264,CUST-274294,Auto,2021-05-20,257.98,229000,4,1,0.247
POL-25891060,CUST-512575,RV,2024-11-21,433.97,192000,2,1,0.111
POL-35792181,CUST-87352,Business,2020-04-14,1557.33,4628000,0,1,0.244
POL-90168533,CUST-88914,Renters,2023-02-23,23.59,45000,0,1,0.152
POL-68288809,CUST-939334,Motorcycle,2020-11-29,90.97,91000,2,1,0.099
POL-3088008,CUST-850138,Umbrella,2017-06-04,223.1,2006000,0,1,0.215
POL-14367955,CUST-254763,Business,2017-09-05,2157.4,3371000,0,1,0.201
POL-23770928,CUST-391526,Life,2016-10-04,71.41,283000,0,1,0.219
POL-20670352,CUST-599689,Umbrella,2016-08-06,300.45,2702000,0,1,0.044
POL-11728894,CUST-905645,Home,2019-07-11,230.67,314000,0,1,0.097
POL-1294562,CUST-758232,Health,2016-10-10,704.4,83000,0,1,0.136
POL-98851829,CUST-846186,Health,2015-09-21,530.12,213000,0,1,0.073
POL-82874168,CUST-73801,Motorcycle,2021-04-18,30.08,49000,1,1,0.101
POL-78216040,CUST-656541,Boat,2018-02-24,365.72,251000,1,1,0.22
POL-84691777,CUST-915827,Motorcycle,2023-05-02,39.73,33000,1,1,0.011
POL-89246477,CUST-110973,Health,2021-02-14,927.02,478000,0,1,0.175
POL-7538528,CUST-738352,Umbrella,2017-07-26,420.5,2715000,0,1,0.178
POL-26779296,CUST-962595,Home,2017-11-07,546.93,1994000,0,1,0.011
POL-24907429,CUST-96158,Renters,2016-11-15,19.29,78000,0,1,0.054
POL-515548,CUST-454001,Umbrella,2017-01-19,252.41,3281000,0,1,0.179
POL-28215122,CUST-52427,Motorcycle,2019-06-17,30.15,39000,3,1,0.0
POL-51928966,CUST-335968,Auto,2016-11-04,125.18,203000,4,1,0.13
POL-25855513,CUST-499168,Home,2024-07-01,794.06,1954000,0,1,0.046
POL-95058044,CUST-519360,Renters,2018-11-06,43.37,71000,0,1,0.135
POL-62976361,CUST-302056,Umbrella,2018-08-29,423.57,2614000,0,1,0.164
POL-59393536,CUST-193910,Home,2016-07-14,518.42,1374000,0,1,0.145
POL-847369,CUST-83422,Health,2024-02-17,1113.35,378000,0,1,0.093
POL-26537596,CUST-276049,Umbrella,2018-06-26,334.42,3414000,0,1,0.203
POL-72745798,CUST-603386,Business,2017-12-10,945.22,4935000,0,1,0.11
POL-93947983,CUST-130034,RV,2018-09-18,603.17,223000,2,1,0.002
POL-25259577,CUST-196134,Auto,2016-10-12,253.34,345000,2,1,0.051
POL-30563463,CUST-170313,Life,2020-12-17,156.46,941000,0,1,0.179
POL-85268109,CUST-876651,Umbrella,2022-03-17,206.91,4852000,0,0,0.025
POL-80739206,CUST-432308,Motorcycle,2020-07-16,40.05,87000,2,1,0.035
POL-85979202,CUST-299266,Health,2024-02-11,479.45,235000,0,1,0.034
POL-57246989,CUST-263139,Business,2019-03-17,2243.07,2325000,0,1,0.013
POL-98709509,CUST-252466,Health,2021-05-11,678.0,405000,0,1,0.232
POL-937251,CUST-686651,Boat,2024-07-08,417.93,316000,2,1,0.179
POL-37775463,CUST-790937,Renters,2019-10-10,33.93,61000,0,1,0.017
POL-8677624,CUST-64612,Life,2018-03-28,183.4,877000,0,0,0.033
POL-66293229,CUST-360944,Auto,2016-07-24,255.41,56000,4,1,0.208
POL-83194239,CUST-792356,Home,2016-07-09,400.53,1128000,0,1,0.042
POL-10730923,CUST-706776,Home,2022-10-23,488.06,201000,0,1,0.016
POL-1610470,CUST-780422,Home,2023-01-29,729.45,1499000,0,1,0.216
POL-42734662,CUST-616708,Health,2016-12-29,1074.8,372000,0,1,0.232
POL-93694171,CUST-714164,Health,2021-08-23,259.29,220000,0,1,0.219
POL-76396882,CUST-275185,RV,2016-08-12,838.29,202000,1,1,0.197
POL-60503600,CUST-375508,Health,2020-12-02,315.02,199000,0,1,0.085
POL-49720070,CUST-523968,Motorcycle,2023-09-01,96.6,76000,1,1,0.22
POL-65644207,CUST-328702,Motorcycle,2020-08-07,105.99,85000,4,1,0.012
POL-99988094,CUST-199528,Renters,2024-10-12,27.58,55000,0,1,0.016
POL-78816559,CUST-178837,Auto,2019-05-17,307.49,441000,4,1,0.031
POL-92726279,CUST-370037,Renters,2016-03-21,42.16,83000,0,1,0.063
POL-62403836,CUST-922720,Motorcycle,2022-06-18,130.78,81000,1,1,0.125
POL-43535905,CUST-968303,Home,2023-05-07,279.66,1787000,0,1,0.21
POL-62226540,CUST-910879,Renters,2022-05-09,29.87,53000,0,1,0.142
POL-60690090,CUST-160101,Umbrella,2023-05-24,211.93,2694000,0,1,0.17
POL-99033784,CUST-787010,Umbrella,2017-11-28,531.45,4824000,0,1,0.103
POL-56317377,CUST-995763,Life,2022-01-19,146.15,529000,0,1,0.1
POL-18714249,CUST-826556,Business,2015-11-29,1615.0,4683000,0,0,0.087
POL-51198338,CUST-912523,Auto,2020-11-18,211.52,99000,3,1,0.036
POL-53609010,CUST-383474,Business,2018-01-13,1815.85,2536000,0,1,0.114
POL-58301666,CUST-829816,Boat,2015-09-24,744.62,119000,2,1,0.169
POL-20272064,CUST-621739,RV,2018-06-07,501.36,156000,2,1,0.22
POL-29124413,CUST-99453,Umbrella,2018-08-15,278.1,1402000,0,1,0.214
POL-52518275,CUST-495230,Renters,2015-10-09,32.34,79000,0,0,0.1
POL-36358251,CUST-353700,Boat,2018-01-16,793.54,377000,2,1,0.08
POL-2909930,CUST-521480,Auto,2018-11-09,116.38,435000,4,1,0.202
POL-21248859,CUST-318266,Motorcycle,2022-03-02,40.18,61000,4,1,0.18
POL-37268182,CUST-238801,Motorcycle,2024-11-02,82.25,35000,3,1,0.032
POL-65301591,CUST-636302,Motorcycle,2018-09-22,135.14,88000,4,1,0.011
POL-58096981,CUST-456243,Motorcycle,2023-12-26,74.35,31000,4,1,0.205
POL-65409954,CUST-698130,Renters,2018-03-19,16.57,18000,0,1,0.205
POL-47428438,CUST-111161,Boat,2016-07-05,771.11,133000,1,1,0.037
POL-43390242,CUST-740319,Life,2016-08-18,72.87,263000,0,1,0.085
POL-81579904,CUST-303375,Motorcycle,2023-08-09,129.74,10000,3,1,0.131
POL-31561623,CUST-543962,Business,2017-11-25,1117.8,3376000,0,1,0.113
POL-29045233,CUST-436569,Home,2023-11-26,353.38,1881000,0,1,0.193
POL-1740480,CUST-322969,Auto,2023-11-02,249.0,409000,2,1,0.192
POL-45443506,CUST-661084,Health,2018-03-11,918.99,320000,0,1,0.23
POL-91812652,CUST-648523,Auto,2020-10-11,168.93,460000,2,1,0.037
POL-82091154,CUST-127766,Life,2022-10-16,47.2,803000,0,1,0.002
POL-71086637,CUST-295590,Home,2017-09-11,718.23,1942000,0,1,0.229
POL-97275204,CUST-391490,Health,2021-04-18,925.54,466000,0,1,0.227
POL-49602515,CUST-592789,Home,2017-09-03,296.73,165000,0,1,0.135
POL-8472493,CUST-18570,Boat,2023-07-20,507.2,164000,1,1,0.159
POL-49661702,CUST-437256,Boat,2023-02-06,555.04,310000,1,1,0.076
POL-28112706,CUST-990460,Life,2019-09-06,41.92,170000,0,1,0.133
POL-92379616,CUST-244777,Health,2021-01-15,292.73,308000,0,1,0.141
POL-85076782,CUST-960220,RV,2020-10-23,356.57,79000,1,0,0.201
POL-37652279,CUST-581955,Business,2023-08-05,1265.73,2707000,0,1,0.102
POL-77473129,CUST-832378,Boat,2021-04-16,511.59,348000,2,1,0.17
POL-93728205,CUST-203819,Umbrella,2021-02-15,401.57,2894000,0,0,0.194
POL-43195660,CUST-819561,Umbrella,2017-08-27,546.74,2749000,0,1,0.176
POL-30726021,CUST-742501,RV,2025-03-24,665.87,190000,1,1,0.189
POL-33433510,CUST-512321,Boat,2019-07-11,694.38,103000,2,1,0.187
POL-63049118,CUST-933816,Life,2025-01-28,136.89,262000,0,1,0.017
POL-42071895,CUST-535780,Boat,2015-10-28,782.0,381000,1,1,0.083
POL-51558846,CUST-786633,Health,2017-02-12,451.77,242000,0,1,0.184
POL-83699114,CUST-337279,Life,2018-01-06,114.39,545000,0,1,0.247
POL-71032794,CUST-514788,Boat,2016-11-16,438.03,253000,2,0,0.177
POL-80879572,CUST-944169,RV,2023-05-14,389.95,193000,2,1,0.177
POL-8982581,CUST-471319,RV,2020-01-07,612.72,240000,1,1,0.118
POL-25928411,CUST-829718,Health,2022-02-13,272.26,491000,0,1,0.179
POL-95550623,CUST-150033,Motorcycle,2020-03-11,96.65,89000,2,1,0.194
POL-7921698,CUST-496759,Life,2021-09-06,94.32,150000,0,1,0.009
POL-29975290,CUST-663821,Renters,2019-09-09,39.92,21000,0,1,0.239
POL-43917970,CUST-373470,Health,2015-07-18,203.79,479000,0,1,0.201
POL-75413975,CUST-153218,Home,2023-09-14,294.15,700000,0,1,0.148
POL-42954460,CUST-508242,Business,2020-02-18,1263.9,2666000,0,1,0.115
POL-81170992,CUST-926116,Renters,2020-11-02,47.61,38000,0,1,0.199
POL-26851375,CUST-864169,Boat,2024-08-13,258.01,89000,2,1,0.205
POL-80206794,CUST-634473,Renters,2018-09-11,42.49,69000,0,1,0.108
POL-39677387,CUST-769046,Business,2017-07-16,1434.81,874000,0,1,0.011
POL-98716451,CUST-927750,Health,2016-07-10,991.82,209000,0,1,0.075
POL-70263274,CUST-837653,Business,2018-10-23,1492.67,4653000,0,1,0.203
POL-37910637,CUST-260284,Motorcycle,2024-01-26,105.23,80000,1,1,0.119
POL-56772934,CUST-734680,Motorcycle,2021-11-21,36.44,27000,1,1,0.148
POL-40020641,CUST-273665,Boat,2015-09-05,564.2,139000,2,1,0.23
POL-19335352,CUST-310486,RV,2018-12-20,389.29,287000,2,1,0.011
POL-3868320,CUST-683288,Health,2015-12-04,414.39,134000,0,1,0.057
POL-10564233,CUST-386538,Business,2022-08-30,1142.99,4770000,0,1,0.22
POL-19812515,CUST-468383,Auto,2023-05-28,158.26,133000,1,0,0.183
POL-74526321,CUST-164603,RV,2021-12-28,452.84,154000,2,1,0.118
POL-42156045,CUST-112978,Boat,2023-01-18,353.5,266000,1,1,0.096
POL-61195665,CUST-289353,Umbrella,2020-02-23,360.89,1016000,0,1,0.112
POL-94797542,CUST-636005,Life,2018-11-09,53.36,626000,0,1,0.03
POL-38220213,CUST-170814,Life,2023-03-16,162.8,726000,0,1,0.03
POL-17251767,CUST-338484,Health,2025-06-21,1058.72,314000,0,1,0.24
POL-16631582,CUST-54970,Life,2015-10-13,109.13,879000,0,1,0.11
POL-74165377,CUST-500277,Motorcycle,2021-01-18,61.37,38000,2,1,0.003
POL-19025744,CUST-330583,Renters,2021-10-07,40.27,57000,0,1,0.25
POL-73836812,CUST-26702,Motorcycle,2021-11-15,98.39,97000,1,0,0.1
POL-86748718,CUST-339617,Motorcycle,2022-11-18,33.9,46000,3,0,0.024
POL-23890545,CUST-342475,Health,2022-03-22,452.37,189000,0,1,0.085
POL-86385345,CUST-296651,Renters,2016-01-30,35.24,84000,0,1,0.242
POL-75915813,CUST-793238,Renters,2021-01-02,49.35,67000,0,1,0.039
POL-5285691,CUST-926164,Renters,2025-03-01,21.35,14000,0,1,0.187
POL-7497292,CUST-757886,Boat,2024-03-13,534.4,71000,2,1,0.005
POL-66662806,CUST-66980,RV,2017-09-26,797.22,296000,1,1,0.063
POL-18778595,CUST-158932,RV,2016-08-24,366.39,231000,2,1,0.145
POL-70166422,CUST-171318,Umbrella,2017-03-26,495.25,4440000,0,1,0.156
POL-12329160,CUST-791317,Umbrella,2019-06-29,429.09,2082000,0,1,0.156
POL-47926605,CUST-354584,Boat,2021-08-15,544.28,128000,1,1,0.213
POL-55383843,CUST-360262,Health,2016-11-15,1109.59,257000,0,1,0.124
POL-66096285,CUST-420017,Boat,2016-09-04,439.85,249000,2,1,0.092
POL-8341692,CUST-550166,Health,2024-10-07,560.88,343000,0,1,0.052
POL-86143448,CUST-828090,Renters,2022-07-30,18.13,44000,0,0,0.018
POL-93225836,CUST-162512,Umbrella,2022-03-25,288.02,4414000,0,0,0.006
POL-12008959,CUST-853922,RV,2024-10-25,756.65,260000,2,1,0.197
POL-60196402,CUST-166786,Life,2019-01-07,58.6,687000,0,1,0.17
POL-34997902,CUST-238442,Boat,2017-06-15,709.71,85000,2,1,0.008
POL-7585204,CUST-676078,Home,2019-07-25,157.4,1379000,0,1,0.077
POL-3251451,CUST-55032,Auto,2024-12-24,163.11,121000,2,1,0.063
POL-64249118,CUST-44454,Business,2019-05-01,812.57,726000,0,1,0.146
POL-29393803,CUST-795373,Auto,2016-03-18,103.5,478000,4,1,0.233
POL-20485751,CUST-912767,Renters,2019-06-14,43.89,89000,0,1,0.21
POL-67187230,CUST-334977,Business,2017-11-01,1641.37,851000,0,1,0.226
POL-52012760,CUST-792684,Health,2020-12-26,730.32,64000,0,1,0.153
POL-2584460,CUST-535032,Business,2022-03-24,1261.78,2039000,0,1,0.045
POL-66065625,CUST-24655,Auto,2020-06-02,237.69,232000,1,1,0.045
POL-73823922,CUST-71262,Health,2022-07-21,658.07,277000,0,1,0.169
POL-26860242,CUST-618312,Auto,2016-03-05,178.24,444000,4,1,0.11
POL-28029575,CUST-240654,Life,2016-02-08,181.77,431000,0,1,0.117
POL-65963322,CUST-7499,Umbrella,2025-05-29,344.76,3861000,0,1,0.049
POL-94197251,CUST-84543,Boat,2021-06-08,480.14,87000,1,1,0.077
POL-49407992,CUST-533881,Business,2025-05-21,691.75,4014000,0,1,0.051
POL-53308797,CUST-223114,Life,2018-04-15,152.78,941000,0,1,0.204
POL-71971570,CUST-7706,Business,2018-01-31,1348.02,2955000,0,1,0.138
POL-35654499,CUST-583283,RV,2020-04-12,907.24,230000,2,1,0.009
POL-68569102,CUST-407287,RV,2021-11-10,540.12,209000,2,1,0.087
POL-27056403,CUST-790806,Motorcycle,2018-03-19,148.36,73000,3,1,0.237
POL-44893916,CUST-205282,Health,2019-11-08,1192.86,265000,0,1,0.221
POL-34942491,CUST-411704,Auto,2021-01-21,125.42,130000,2,1,0.21
POL-87303617,CUST-299244,Motorcycle,2017-07-09,136.2,56000,4,1,0.2
POL-3867816,CUST-467186,Umbrella,2023-03-06,407.3,3751000,0,1,0.096
POL-54450900,CUST-214528,Renters,2024-03-14,43.67,93000,0,1,0.111
POL-15125464,CUST-43683,Home,2018-08-21,344.21,1866000,0,1,0.185
POL-14325007,CUST-778896,Renters,2022-01-31,44.88,43000,0,1,0.162
POL-26862689,CUST-796665,Life,2018-12-28,69.31,862000,0,1,0.111
POL-98744321,CUST-783572,Life,2025-03-12,130.09,56000,0,1,0.068
POL-92576653,CUST-706956,RV,2020-07-28,727.8,133000,1,1,0.065
POL-79625763,CUST-857588,Auto,2019-02-20,144.0,447000,3,1,0.217
POL-48444321,CUST-486308,Auto,2020-08-27,288.67,278000,1,1,0.133
POL-86950282,CUST-656531,Health,2016-06-01,929.4,245000,0,0,0.145
POL-76080861,CUST-933449,Life,2019-05-27,151.28,177000,0,1,0.15
POL-29099216,CUST-535926,Renters,2019-10-14,49.16,79000,0,1,0.23
POL-41594284,CUST-12960,Auto,2015-11-24,208.17,265000,2,1,0.201
POL-24282556,CUST-902150,Renters,2019-03-05,18.06,10000,0,1,0.097
POL-27696190,CUST-523860,Life,2021-03-04,166.89,791000,0,1,0.007
POL-96632640,CUST-343260,Home,2022-02-07,132.12,1648000,0,1,0.102
POL-52446166,CUST-631046,RV,2023-04-14,461.32,190000,2,1,0.108
POL-65992475,CUST-503500,Health,2018-04-21,1090.85,257000,0,1,0.162
POL-80093137,CUST-299203,Renters,2025-01-12,39.21,62000,0,1,0.186
POL-10425244,CUST-646311,Health,2019-09-21,418.41,499000,0,0,0.226
POL-36337,CUST-894101,Health,2017-04-26,1022.24,349000,0,1,0.066
POL-83117917,CUST-52458,Umbrella,2016-01-09,437.85,4282000,0,1,0.239
POL-36806704,CUST-975342,Business,2015-09-07,1067.35,686000,0,1,0.022
POL-40727906,CUST-466679,Life,2015-06-30,134.95,507000,0,1,0.201
POL-97810931,CUST-595707,Home,2021-12-25,577.44,1351000,0,1,0.098
POL-13050348,CUST-56138,RV,2018-03-17,483.66,281000,2,1,0.158
POL-28898236,CUST-677141,Health,2021-10-02,718.37,174000,0,1,0.005
POL-56796333,CUST-777882,Home,2018-09-27,284.51,551000,0,1,0.112
POL-10213902,CUST-293578,Umbrella,2021-11-01,307.84,4970000,0,1,0.148
POL-87728193,CUST-23482,Umbrella,2022-08-06,209.17,4391000,0,0,0.167
POL-4696647,CUST-942168,Life,2020-07-21,96.73,245000,0,1,0.007
POL-40540480,CUST-148728,Motorcycle,2017-07-15,133.29,72000,3,1,0.118
POL-61327790,CUST-975307,Boat,2019-12-18,251.12,469000,1,0,0.15
POL-16149750,CUST-964067,Health,2018-12-22,1083.05,259000,0,0,0.216
POL-63955393,CUST-183061,Business,2016-01-04,719.57,1674000,0,1,0.063
POL-15111140,CUST-90277,Business,2015-09-27,1789.22,4470000,0,0,0.24
POL-61101892,CUST-912042,Home,2019-06-28,589.92,534000,0,0,0.062
POL-93270392,CUST-584523,Motorcycle,2025-05-10,142.22,68000,1,1,0.173
POL-36247757,CUST-23654,Auto,2020-02-21,212.11,60000,1,1,0.188
POL-64387599,CUST-66357,Umbrella,2025-01-27,247.64,1126000,0,1,0.067
POL-28920642,CUST-68322,Boat,2018-02-06,221.49,264000,1,1,0.17
POL-91002205,CUST-395758,Renters,2022-04-04,30.45,45000,0,1,0.049
POL-4987687,CUST-521586,Auto,2016-01-01,141.56,296000,3,1,0.108
POL-62505408,CUST-432458,Umbrella,2022-11-07,463.97,3894000,0,1,0.217
POL-1780943,CUST-604777,Renters,2018-06-21,36.71,73000,0,1,0.014
POL-88128706,CUST-66071,Auto,2016-03-29,131.07,479000,4,1,0.205
POL-95281399,CUST-295246,Health,2020-04-08,991.86,462000,0,1,0.247
POL-27205749,CUST-840896,Health,2023-08-24,939.36,93000,0,1,0.186
POL-3276640,CUST-703848,Umbrella,2020-01-15,498.45,3108000,0,1,0.237
POL-25242303,CUST-246225,Renters,2020-02-13,46.11,82000,0,1,0.143
POL-261534,CUST-681765,Umbrella,2023-02-11,598.61,3465000,0,1,0.05
POL-75593030,CUST-875972,Life,2016-03-30,195.05,85000,0,1,0.222
POL-75020246,CUST-998397,Motorcycle,2022-11-25,30.61,55000,2,1,0.156
POL-31074206,CUST-750328,Auto,2023-10-21,113.53,215000,2,1,0.228
POL-38455675,CUST-381718,Auto,2016-04-18,322.71,343000,4,1,0.055
POL-80268788,CUST-385138,Business,2016-12-30,2145.04,1485000,0,0,0.09
POL-63414545,CUST-571044,Motorcycle,2023-04-04,72.31,10000,2,1,0.149
POL-50099110,CUST-690593,Business,2018-04-13,734.68,3063000,0,1,0.199
POL-97468726,CUST-577790,Auto,2021-10-23,297.16,383000,4,1,0.041
POL-19554945,CUST-336290,Home,2024-09-10,202.18,1417000,0,1,0.054
POL-54626836,CUST-182413,RV,2021-05-23,983.47,136000,1,1,0.032
POL-53925890,CUST-390185,Home,2025-05-13,565.01,1215000,0,1,0.01
POL-46632220,CUST-804586,Motorcycle,2023-06-12,141.99,27000,1,1,0.219
POL-19814990,CUST-853779,Auto,2020-06-20,232.99,54000,3,1,0.072
POL-90692354,CUST-568609,Boat,2023-11-27,330.51,296000,2,1,0.206
POL-48362519,CUST-452682,Business,2022-06-07,1394.14,1816000,0,1,0.131
POL-80819459,CUST-265499,Life,2016-12-18,72.41,802000,0,1,0.17
POL-44668206,CUST-969638,Health,2017-11-01,726.27,105000,0,1,0.021
POL-86632730,CUST-489218,Life,2021-08-05,110.05,951000,0,1,0.191
POL-72371781,CUST-903662,Life,2023-02-28,101.4,338000,0,1,0.147
POL-5738577,CUST-360137,Home,2018-04-15,453.11,487000,0,1,0.091
POL-83894510,CUST-152096,Boat,2024-02-09,611.34,431000,1,1,0.085
POL-72505898,CUST-663431,Auto,2021-04-21,145.79,294000,1,1,0.182
POL-76999716,CUST-146298,Business,2018-03-16,1156.69,2645000,0,1,0.125
POL-93041716,CUST-415603,Motorcycle,2018-12-29,42.4,54000,1,1,0.191
POL-56234015,CUST-923505,RV,2016-11-18,688.08,203000,1,1,0.211
POL-67294573,CUST-570421,Auto,2017-05-25,217.81,96000,3,1,0.178
POL-69735350,CUST-108858,Auto,2016-03-16,144.08,199000,1,1,0.213
POL-542306,CUST-267090,Business,2025-04-13,2360.56,3008000,0,1,0.15
POL-89206059,CUST-988062,Health,2024-11-09,568.27,224000,0,1,0.019
POL-99282365,CUST-237798,Auto,2018-04-18,217.1,398000,2,1,0.112
POL-65656627,CUST-122600,Umbrella,2021-03-10,320.01,4220000,0,1,0.157
POL-98227874,CUST-877101,Boat,2021-01-11,362.91,326000,1,1,0.22
POL-73611807,CUST-982440,Home,2021-11-04,188.33,1179000,0,1,0.213
POL-70212115,CUST-688801,Business,2022-03-19,2124.47,2183000,0,1,0.117
POL-29403268,CUST-605048,Auto,2022-03-05,84.6,58000,3,1,0.223
POL-54760624,CUST-721211,Business,2021-06-19,2466.55,4692000,0,1,0.142
POL-30308351,CUST-671580,Motorcycle,2017-04-21,85.42,45000,1,1,0.033
POL-20897858,CUST-874878,Business,2023-03-18,1181.84,3638000,0,1,0.122
POL-96126990,CUST-625,Life,2018-09-12,82.73,665000,0,1,0.225
POL-14468787,CUST-519257,Life,2024-01-28,160.89,502000,0,1,0.156
POL-9691415,CUST-728694,Auto,2017-12-12,181.41,90000,2,0,0.246
POL-32458322,CUST-792514,Boat,2020-09-15,288.52,278000,2,1,0.201
POL-40648859,CUST-865318,Renters,2022-05-27,43.6,25000,0,1,0.05
POL-72741563,CUST-669252,Home,2019-01-20,447.51,1436000,0,1,0.014
POL-25636468,CUST-24647,Renters,2017-02-19,48.61,54000,0,1,0.198
POL-4173828,CUST-310152,Umbrella,2015-10-08,342.26,2410000,0,1,0.091
POL-27794800,CUST-194735,Motorcycle,2017-07-21,126.17,26000,4,0,0.239
POL-8995520,CUST-265744,Health,2016-09-15,403.54,466000,0,0,0.165
POL-15965592,CUST-442412,Motorcycle,2023-03-12,79.77,17000,3,1,0.075
POL-88796442,CUST-422576,Business,2021-07-29,683.32,4317000,0,1,0.179
POL-93659615,CUST-626587,Renters,2015-09-03,22.03,72000,0,1,0.228
POL-46059442,CUST-406582,Boat,2020-08-07,535.49,427000,1,1,0.18
POL-27977471,CUST-318543,Boat,2021-11-14,549.84,142000,2,1,0.222
POL-83115371,CUST-618335,Business,2022-10-13,1863.3,2135000,0,1,0.167
POL-85257731,CUST-644667,Motorcycle,2023-08-19,34.33,85000,3,1,0.006
POL-91149597,CUST-515200,Home,2016-03-16,123.39,880000,0,1,0.138
POL-67108172,CUST-335158,Business,2016-01-11,656.56,1006000,0,1,0.051
POL-4166161,CUST-268207,Auto,2021-06-22,123.68,174000,1,1,0.177
POL-51506760,CUST-789491,Health,2023-07-20,907.61,349000,0,1,0.125
POL-13154252,CUST-443234,Auto,2024-08-30,129.93,26000,2,1,0.159
POL-83246092,CUST-923413,RV,2025-06-25,418.69,222000,1,1,0.154
POL-91918765,CUST-514125,RV,2021-06-19,508.01,300000,2,1,0.188
POL-50998347,CUST-40550,Motorcycle,2015-12-16,122.75,67000,4,1,0.22
POL-11653940,CUST-497939,Life,2023-10-14,154.35,620000,0,1,0.128
POL-72978870,CUST-96520,Home,2019-10-13,229.92,491000,0,1,0.101
POL-32935623,CUST-759461,Renters,2016-11-26,31.83,30000,0,1,0.103
POL-61026948,CUST-398302,Renters,2017-02-03,44.69,44000,0,1,0.14
POL-32397292,CUST-632929,Life,2021-03-26,158.28,678000,0,1,0.102
POL-4609325,CUST-338556,Boat,2023-06-24,556.33,366000,2,1,0.171
POL-74172174,CUST-814915,RV,2020-10-06,632.06,266000,2,1,0.142
POL-29065567,CUST-643529,Renters,2023-03-03,28.59,68000,0,1,0.076
POL-12744478,CUST-10793,Renters,2022-06-24,28.44,90000,0,1,0.198
POL-79648700,CUST-904624,Business,2017-09-04,1906.28,2191000,0,1,0.082
POL-67953702,CUST-466018,Motorcycle,2015-12-22,78.41,96000,2,1,0.07
POL-67387045,CUST-190036,Life,2016-09-01,134.66,881000,0,1,0.19
POL-36875132,CUST-730994,RV,2023-05-17,957.12,261000,2,1,0.239
POL-52100383,CUST-840231,Motorcycle,2025-02-08,76.86,98000,1,0,0.03
POL-87738439,CUST-759516,RV,2024-08-09,427.44,86000,1,1,0.193
POL-33984506,CUST-614110,Life,2016-04-27,71.6,637000,0,1,0.046
POL-93713040,CUST-541837,Auto,2017-06-30,141.17,134000,2,1,0.139
POL-23342969,CUST-946090,Renters,2023-11-06,16.86,61000,0,1,0.016
POL-39378068,CUST-895017,RV,2023-03-06,589.57,291000,2,1,0.247
POL-5344079,CUST-304387,Umbrella,2018-04-06,398.31,2026000,0,1,0.066
POL-57274946,CUST-115002,Umbrella,2021-02-17,331.14,2615000,0,1,0.228
POL-10310693,CUST-208795,Umbrella,2018-02-15,470.31,2885000,0,1,0.163
POL-65263028,CUST-261140,Umbrella,2023-09-11,530.27,2931000,0,1,0.14
POL-51983019,CUST-813422,Auto,2015-08-04,94.61,210000,3,1,0.184
POL-50562450,CUST-46005,Motorcycle,2018-07-01,106.46,73000,4,1,0.064
POL-24518599,CUST-234275,Business,2020-08-20,1027.94,3575000,0,0,0.041
POL-91675155,CUST-611917,Auto,2021-04-12,179.26,81000,3,0,0.089
POL-30699959,CUST-748502,Renters,2023-11-20,42.99,33000,0,1,0.073
POL-94057102,CUST-994093,Home,2023-01-22,786.48,1170000,0,1,0.063
POL-13628162,CUST-172420,Home,2017-06-20,705.82,388000,0,1,0.081
POL-17716606,CUST-776319,Business,2017-11-10,685.38,4527000,0,1,0.236
POL-3178034,CUST-459378,Auto,2025-01-24,297.21,239000,3,1,0.059
POL-49214371,CUST-832923,Umbrella,2023-12-07,551.65,3296000,0,1,0.136
POL-2756510,CUST-742820,Renters,2022-10-22,49.61,34000,0,1,0.177
POL-93121882,CUST-386178,RV,2024-06-05,907.62,175000,2,1,0.249
POL-14271117,CUST-438959,Life,2024-09-27,174.49,754000,0,1,0.179
POL-4501241,CUST-292450,Renters,2023-07-21,19.51,37000,0,1,0.0
POL-74797064,CUST-736150,Auto,2022-12-01,328.43,415000,1,1,0.123
POL-8984340,CUST-68341,Auto,2022-09-04,178.18,92000,1,1,0.087
POL-35269140,CUST-920420,Renters,2016-12-23,35.31,63000,0,1,0.15
POL-63703158,CUST-420821,Umbrella,2021-07-30,538.9,2984000,0,1,0.045
POL-32646040,CUST-950656,Business,2024-02-14,1740.87,903000,0,0,0.2
POL-16241805,CUST-25280,Health,2017-10-31,516.53,314000,0,1,0.011
POL-11593395,CUST-598129,Auto,2018-04-01,249.43,276000,3,1,0.01
POL-89206598,CUST-206063,Home,2018-09-02,107.59,1675000,0,1,0.222
POL-88565173,CUST-572437,Life,2023-01-30,44.03,626000,0,1,0.072
POL-74808730,CUST-275782,Health,2021-11-04,1023.11,108000,0,1,0.112
POL-8968278,CUST-828373,Life,2023-08-16,32.65,308000,0,1,0.032
POL-78130892,CUST-433330,Renters,2018-08-25,23.71,21000,0,1,0.106
POL-75117177,CUST-41686,Umbrella,2017-06-18,359.26,1181000,0,1,0.05
POL-27172012,CUST-154546,Home,2019-06-12,733.03,846000,0,1,0.006
POL-17879790,CUST-782911,Life,2020-08-08,68.85,392000,0,1,0.037
POL-1502382,CUST-389921,Boat,2022-02-20,764.11,494000,1,1,0.101
POL-68477351,CUST-826369,Boat,2016-07-06,648.43,100000,2,1,0.028
POL-15133395,CUST-550044,Auto,2015-09-13,320.1,212000,4,1,0.01
POL-78594257,CUST-556289,Business,2020-01-07,505.48,3979000,0,0,0.193
POL-40714161,CUST-923150,Life,2015-08-24,39.57,598000,0,1,0.096
POL-42886482,CUST-965457,Business,2017-10-28,905.22,1612000,0,0,0.091
POL-64476742,CUST-840145,Health,2019-08-22,774.35,170000,0,1,0.23
POL-25322457,CUST-696292,Auto,2019-02-16,250.0,219000,3,1,0.184
POL-64193042,CUST-501989,Umbrella,2023-07-28,587.33,4653000,0,1,0.083
POL-13293865,CUST-180793,Auto,2019-02-19,322.02,330000,3,1,0.215
POL-74226771,CUST-664164,RV,2022-02-03,459.04,89000,2,1,0.171
POL-9518525,CUST-153209,Motorcycle,2024-09-14,119.99,54000,3,1,0.143
POL-68433310,CUST-152465,Life,2017-08-26,151.13,369000,0,1,0.194
POL-64114251,CUST-538322,Home,2016-08-25,326.1,739000,0,1,0.008
POL-75988361,CUST-172734,Umbrella,2016-09-23,239.41,3545000,0,1,0.071
POL-84146588,CUST-790011,Umbrella,2019-09-12,489.36,1941000,0,0,0.051
POL-83969764,CUST-379293,Health,2022-07-12,206.51,303000,0,1,0.092
POL-35227919,CUST-426132,Renters,2019-04-30,21.77,17000,0,1,0.205
POL-57964749,CUST-44993,Renters,2016-07-04,19.18,45000,0,1,0.232
POL-52966186,CUST-29009,Auto,2020-12-11,252.74,102000,1,1,0.003
POL-90148139,CUST-761785,Renters,2018-10-08,30.43,25000,0,1,0.085
POL-52449097,CUST-471679,Business,2021-11-06,839.23,1979000,0,1,0.23
POL-17089453,CUST-502651,Business,2019-04-26,1989.7,876000,0,1,0.21
POL-54563778,CUST-677423,RV,2024-02-29,561.88,189000,1,1,0.151
POL-32392187,CUST-628074,Umbrella,2018-03-03,214.72,3535000,0,1,0.238
POL-38604733,CUST-521282,Health,2024-05-11,1167.87,456000,0,1,0.008
POL-58081584,CUST-628958,Home,2016-10-08,786.72,1538000,0,1,0.091
POL-56011264,CUST-69556,Business,2016-01-08,667.92,3274000,0,1,0.137
POL-11387389,CUST-738694,Health,2025-01-18,917.47,89000,0,1,0.053
POL-86087267,CUST-41889,Motorcycle,2017-12-20,64.5,75000,1,1,0.178
POL-37230579,CUST-412370,Renters,2021-10-12,40.29,16000,0,1,0.176
POL-62345086,CUST-681749,Renters,2020-04-09,47.48,57000,0,1,0.245
POL-40734662,CUST-876949,Umbrella,2021-04-20,428.37,4907000,0,1,0.117
POL-81241436,CUST-342976,Boat,2024-08-07,711.5,225000,2,1,0.065
POL-63070505,CUST-536283,Life,2020-09-25,177.14,542000,0,1,0.162
POL-51820639,CUST-794210,Motorcycle,2023-10-17,47.66,34000,4,1,0.165
POL-91561158,CUST-634603,Life,2025-01-08,96.87,847000,0,1,0.233
POL-18423710,CUST-492126,Motorcycle,2025-04-04,124.52,18000,1,1,0.128
POL-12212161,CUST-725010,Auto,2021-03-24,279.67,39000,2,1,0.001
POL-45957495,CUST-558617,Home,2023-10-28,512.7,1871000,0,1,0.204
POL-82727332,CUST-662035,Home,2024-04-15,557.58,203000,0,1,0.049
POL-33768232,CUST-659681,Life,2016-07-25,112.43,476000,0,1,0.132
POL-36406719,CUST-917243,Umbrella,2020-01-21,571.63,4365000,0,1,0.173
POL-79783556,CUST-538462,Boat,2020-05-29,478.96,282000,2,1,0.021
POL-42017078,CUST-971841,Business,2019-05-15,1428.29,3335000,0,1,0.22
POL-32133709,CUST-593509,Home,2021-01-03,173.63,804000,0,1,0.164
POL-46776651,CUST-321228,Business,2018-09-30,2317.52,2666000,0,1,0.241
POL-44962735,CUST-542818,Boat,2018-10-04,321.37,192000,2,1,0.2
POL-37382608,CUST-276729,Home,2022-06-30,793.34,1814000,0,1,0.009
POL-89883548,CUST-691128,Home,2022-09-14,779.65,873000,0,1,0.214
POL-82282678,CUST-933809,Business,2018-09-12,2367.5,3955000,0,1,0.183
POL-92386381,CUST-309345,Business,2017-11-11,849.42,477000,0,1,0.089
POL-92221454,CUST-719301,Motorcycle,2018-09-22,86.04,45000,4,1,0.047
POL-95646376,CUST-569141,RV,2021-08-23,384.45,84000,1,1,0.124
POL-43103015,CUST-214396,RV,2024-11-24,614.49,124000,2,1,0.06
POL-78081032,CUST-545377,Business,2023-05-14,2357.02,2894000,0,1,0.077
POL-15731762,CUST-759790,RV,2018-06-11,464.64,151000,2,1,0.044
POL-85710818,CUST-259026,Life,2020-06-14,160.28,933000,0,1,0.05
POL-80279816,CUST-828317,Motorcycle,2018-12-29,137.05,66000,1,1,0.202
POL-24572290,CUST-930373,Home,2021-03-26,504.13,1292000,0,1,0.146
POL-50331463,CUST-257565,Health,2023-12-12,410.82,175000,0,1,0.053
POL-65007459,CUST-751872,Home,2022-02-26,271.72,1264000,0,1,0.054
POL-76261088,CUST-481379,Umbrella,2020-02-06,456.56,3225000,0,1,0.199
POL-45821856,CUST-153448,Boat,2024-08-20,424.35,148000,2,1,0.044
POL-81333763,CUST-75550,Life,2019-10-29,34.32,677000,0,1,0.194
POL-16700614,CUST-394853,Boat,2019-10-16,352.15,289000,1,1,0.14
POL-52758434,CUST-3425,Motorcycle,2024-11-10,100.91,97000,2,1,0.092
POL-25357498,CUST-851434,Boat,2016-08-16,338.45,112000,1,1,0.055
POL-66445238,CUST-476851,Boat,2019-10-30,586.87,293000,2,1,0.233
POL-78327265,CUST-861046,Health,2024-11-10,767.66,195000,0,1,0.203
POL-68601151,CUST-595018,Boat,2020-03-16,424.11,422000,1,1,0.241
POL-26734831,CUST-278607,Boat,2022-08-24,634.86,434000,1,1,0.051
POL-57405901,CUST-658623,Life,2016-05-11,142.13,272000,0,1,0.08
POL-79896025,CUST-113329,Umbrella,2023-10-28,299.05,4880000,0,1,0.017
POL-58676263,CUST-405678,Umbrella,2023-08-07,397.98,1133000,0,1,0.035
POL-16031606,CUST-146514,Boat,2020-10-26,294.75,349000,2,1,0.183
POL-16497586,CUST-378887,Health,2018-07-29,580.54,418000,0,1,0.113
POL-5507572,CUST-888327,Umbrella,2016-06-02,596.72,1782000,0,1,0.064
POL-37226095,CUST-112681,Health,2016-09-08,776.62,263000,0,1,0.222
POL-71836366,CUST-281452,Boat,2024-10-28,785.89,448000,2,1,0.1
POL-12870221,CUST-970716,Renters,2017-08-29,22.97,86000,0,1,0.068
POL-27500238,CUST-41877,Home,2022-09-11,142.31,1603000,0,1,0.075
POL-8036942,CUST-10334,Boat,2025-02-17,667.71,336000,2,1,0.048
POL-45312695,CUST-654688,Renters,2017-05-22,44.45,30000,0,1,0.239
POL-38143081,CUST-450680,Home,2020-03-17,695.56,1777000,0,1,0.136
POL-30935620,CUST-231145,Business,2019-08-03,1331.32,1053000,0,1,0.039
POL-35800669,CUST-972922,Business,2025-03-14,990.84,3861000,0,0,0.08
POL-47452870,CUST-881609,RV,2024-11-22,514.68,182000,1,1,0.081
POL-20361218,CUST-24069,Boat,2019-07-07,222.55,124000,2,1,0.099
POL-78399260,CUST-332102,Home,2024-11-29,709.45,1856000,0,1,0.21
POL-23064287,CUST-844848,Life,2019-03-27,92.26,367000,0,1,0.084
POL-27265151,CUST-568025,Umbrella,2022-01-05,313.53,1682000,0,1,0.044
POL-21527957,CUST-95606,Home,2015-10-16,681.37,817000,0,1,0.198
POL-99382336,CUST-643964,Business,2025-03-18,1918.39,1523000,0,1,0.062
POL-65264320,CUST-130614,Renters,2020-01-31,15.14,21000,0,1,0.062
POL-33043458,CUST-886447,Renters,2017-02-13,23.02,60000,0,1,0.016
POL-29658559,CUST-253781,Business,2022-05-29,2351.84,2274000,0,1,0.012
POL-81820094,CUST-173688,Auto,2023-04-24,192.62,442000,2,0,0.131
POL-29573751,CUST-293046,Home,2018-06-12,136.03,1312000,0,0,0.089
POL-425250,CUST-250369,Motorcycle,2017-04-27,52.79,27000,1,1,0.191
POL-58410653,CUST-607794,Home,2020-09-27,618.15,101000,0,0,0.041
POL-59883280,CUST-223753,Home,2022-01-26,441.32,938000,0,1,0.129
POL-13470978,CUST-888439,Business,2019-06-11,1174.87,2223000,0,1,0.021
POL-54832587,CUST-747031,Umbrella,2016-11-20,307.93,1804000,0,1,0.049
POL-59395043,CUST-157690,Motorcycle,2023-01-18,73.16,12000,2,1,0.245
POL-82551005,CUST-787159,Business,2022-01-13,2100.25,665000,0,1,0.108
POL-3090576,CUST-567557,Umbrella,2021-12-17,420.77,2842000,0,1,0.025
POL-27531916,CUST-924640,Umbrella,2020-02-12,490.81,3302000,0,1,0.015
POL-58606209,CUST-827942,Umbrella,2023-11-09,271.07,4368000,0,1,0.045
POL-45941216,CUST-337725,Home,2024-05-28,670.11,1909000,0,1,0.171
POL-66978961,CUST-532214,Renters,2015-11-05,20.6,86000,0,0,0.068
POL-59349666,CUST-636017,Home,2022-02-03,303.14,696000,0,1,0.021
POL-50057985,CUST-151535,RV,2018-12-27,973.03,232000,2,0,0.145
POL-80658619,CUST-877594,Business,2016-10-22,741.99,1513000,0,1,0.038
POL-22599802,CUST-826351,Home,2021-12-01,680.19,1821000,0,1,0.027
POL-27800640,CUST-228514,Renters,2022-05-14,46.15,30000,0,1,0.226
POL-47414491,CUST-424780,Renters,2020-11-02,39.56,67000,0,1,0.126
POL-33388761,CUST-749662,RV,2020-02-27,573.7,145000,2,1,0.173
POL-30990266,CUST-397875,Life,2020-06-09,106.09,888000,0,1,0.062
POL-3258266,CUST-719839,Motorcycle,2023-06-26,84.85,98000,3,0,0.238
POL-32758909,CUST-676831,Motorcycle,2025-01-28,67.46,46000,1,0,0.242
POL-60699404,CUST-747707,Health,2016-08-05,995.9,427000,0,1,0.164
POL-52193231,CUST-599425,Home,2015-11-12,168.86,229000,0,1,0.221
POL-48254034,CUST-399476,Health,2021-05-13,302.34,261000,0,1,0.133
POL-65895196,CUST-457485,Life,2015-11-04,180.26,297000,0,1,0.136
POL-56926814,CUST-93806,Auto,2023-01-26,276.36,102000,3,1,0.236
POL-34215552,CUST-365145,Boat,2022-12-07,700.18,355000,1,0,0.04
POL-36120895,CUST-384402,Life,2019-05-20,79.8,926000,0,0,0.22
POL-64227310,CUST-165777,Life,2019-11-30,67.3,495000,0,1,0.01
POL-29412039,CUST-895113,Boat,2018-05-12,484.45,41000,2,1,0.155
POL-86571635,CUST-542291,Health,2025-06-15,851.81,383000,0,0,0.165
POL-26268050,CUST-886993,RV,2024-07-11,645.45,235000,2,1,0.227
POL-51196558,CUST-382281,Renters,2016-02-10,16.81,81000,0,1,0.224
POL-30679513,CUST-94343,Boat,2016-04-23,492.08,95000,1,1,0.163
POL-12398601,CUST-645346,Life,2018-03-12,163.86,934000,0,1,0.005
POL-6719620,CUST-262554,Health,2024-11-24,898.96,465000,0,1,0.018
POL-70498380,CUST-977283,Business,2016-11-03,1929.37,4236000,0,0,0.036
POL-60814164,CUST-156268,Boat,2019-11-01,682.6,97000,2,1,0.108
POL-19009798,CUST-900202,Renters,2020-06-24,45.99,67000,0,1,0.167
POL-37381443,CUST-913318,RV,2022-11-28,714.83,104000,1,1,0.211
POL-30747760,CUST-429354,Health,2018-08-28,780.93,217000,0,1,0.055
POL-22364538,CUST-545792,Home,2020-10-17,663.46,455000,0,1,0.128
POL-31113767,CUST-914159,Health,2016-08-17,1107.84,390000,0,1,0.168
POL-83341780,CUST-54679,Life,2017-01-23,160.99,532000,0,1,0.107
POL-87861865,CUST-821140,Auto,2025-03-27,209.09,412000,1,1,0.163
POL-38687319,CUST-574555,Health,2018-06-27,552.28,289000,0,1,0.058
POL-56809533,CUST-938393,RV,2023-06-30,729.94,146000,1,1,0.02
POL-31708297,CUST-18016,Motorcycle,2018-05-08,111.8,88000,2,1,0.163
POL-80884211,CUST-747140,Umbrella,2018-10-26,299.78,3966000,0,1,0.014
POL-9043872,CUST-810377,Auto,2016-10-20,300.08,473000,1,1,0.094
POL-36110491,CUST-856990,RV,2017-03-21,686.11,253000,2,1,0.165
POL-71666002,CUST-130167,Business,2018-07-14,1723.91,3451000,0,1,0.087
POL-74281278,CUST-797819,Motorcycle,2023-05-13,90.55,64000,2,1,0.059
POL-97067401,CUST-187615,Auto,2021-10-08,299.2,328000,3,1,0.195
POL-71626275,CUST-977430,Renters,2018-02-02,34.34,57000,0,1,0.043
POL-32970120,CUST-825133,Umbrella,2018-09-02,433.08,2412000,0,1,0.204
POL-43684898,CUST-896959,Health,2015-08-23,907.98,439000,0,1,0.017
POL-36552513,CUST-538177,Renters,2018-06-01,18.37,64000,0,1,0.172
POL-67231416,CUST-529016,Home,2015-11-05,744.5,1576000,0,0,0.025
POL-52855703,CUST-141504,Business,2016-06-17,1321.44,2689000,0,1,0.168
POL-6488684,CUST-491852,Motorcycle,2018-05-02,57.53,57000,1,0,0.084
POL-17755795,CUST-253677,Auto,2018-02-22,147.99,283000,2,1,0.23
POL-77022789,CUST-821200,Life,2021-09-27,49.62,323000,0,1,0.217
POL-62062977,CUST-257728,Boat,2020-03-30,705.97,438000,2,1,0.239
POL-23507564,CUST-744708,Health,2023-03-26,1083.52,483000,0,1,0.054
POL-95754912,CUST-260272,RV,2017-05-12,378.43,185000,1,1,0.222
POL-85917615,CUST-635448,RV,2018-04-02,871.21,221000,1,1,0.215
POL-9002523,CUST-395758,Boat,2016-03-18,645.03,471000,2,1,0.239
POL-76959,CUST-301153,Home,2017-10-21,149.42,438000,0,1,0.079
POL-70986823,CUST-837642,Business,2023-05-02,1346.22,4278000,0,1,0.054
POL-90935921,CUST-790897,Home,2023-10-30,314.07,1864000,0,0,0.06
POL-73862129,CUST-567771,Home,2022-03-19,728.37,1222000,0,1,0.04
POL-70471123,CUST-489286,Health,2022-05-13,253.84,276000,0,1,0.084
POL-47504416,CUST-824584,Business,2024-05-02,2277.24,321000,0,1,0.204
POL-96416090,CUST-878316,RV,2025-04-26,366.87,260000,1,1,0.104
POL-33746338,CUST-548898,RV,2022-05-21,966.28,238000,1,1,0.229
POL-22400338,CUST-527593,Life,2022-06-06,36.85,211000,0,1,0.177
POL-16943624,CUST-843934,Auto,2023-12-30,226.87,260000,1,1,0.065
POL-27768710,CUST-76983,Motorcycle,2016-02-11,37.52,93000,4,1,0.16
POL-40056231,CUST-121148,Health,2021-09-29,383.72,84000,0,1,0.152
POL-51347982,CUST-394206,Boat,2022-07-05,717.13,473000,1,1,0.032
POL-50146886,CUST-25035,Auto,2020-08-03,155.63,363000,3,1,0.064
POL-65393775,CUST-208355,Health,2020-11-04,506.79,118000,0,1,0.103
POL-28933373,CUST-456694,Home,2015-10-07,709.55,1788000,0,1,0.211
POL-60389982,CUST-907224,Auto,2017-12-30,97.72,355000,3,1,0.03
POL-87116877,CUST-832318,Umbrella,2017-11-14,346.55,4126000,0,1,0.076
POL-53198642,CUST-256368,Auto,2020-08-18,274.6,423000,2,1,0.032
POL-2198223,CUST-944246,Health,2017-11-30,796.8,237000,0,1,0.215
POL-58925077,CUST-265205,Boat,2019-05-10,278.29,70000,2,1,0.195
POL-53584976,CUST-489002,RV,2023-10-10,860.52,207000,2,1,0.227
POL-49870894,CUST-925246,Boat,2023-05-29,494.66,275000,2,0,0.216
POL-62182980,CUST-136749,Health,2018-12-22,700.1,294000,0,1,0.032
POL-6891577,CUST-257284,Health,2022-07-26,806.47,94000,0,1,0.143
POL-85902415,CUST-967570,Business,2017-12-20,1412.94,1448000,0,1,0.127
POL-39650344,CUST-392204,Health,2017-03-20,238.83,239000,0,1,0.063
POL-47050710,CUST-487681,Umbrella,2016-05-25,495.71,2719000,0,0,0.202
POL-87702160,CUST-914476,Home,2022-01-25,551.64,1758000,0,1,0.181
POL-10485555,CUST-627296,Renters,2022-11-12,18.97,83000,0,1,0.008
POL-47617011,CUST-860979,Business,2020-06-29,1814.64,2715000,0,1,0.01
POL-74035401,CUST-500284,Home,2024-03-18,343.49,1116000,0,1,0.127
POL-64351832,CUST-71046,Business,2016-03-07,885.41,4871000,0,1,0.246
POL-44486784,CUST-202877,Umbrella,2021-06-28,295.37,2641000,0,1,0.008
POL-68010479,CUST-174006,Renters,2020-10-09,43.95,89000,0,1,0.059
POL-13596622,CUST-153028,Life,2015-09-06,103.41,757000,0,1,0.063
POL-36186255,CUST-62796,Motorcycle,2025-01-17,57.35,51000,4,1,0.002
POL-68384832,CUST-229317,Auto,2015-11-30,279.5,358000,1,1,0.049
POL-49830537,CUST-25312,RV,2024-05-10,759.71,99000,1,1,0.087
POL-54145049,CUST-350267,Umbrella,2023-02-14,487.6,4170000,0,1,0.08
POL-46563585,CUST-651975,Renters,2023-04-29,47.79,15000,0,1,0.235
POL-38242277,CUST-385841,RV,2021-01-18,795.74,228000,2,1,0.175
POL-69390232,CUST-614068,RV,2016-05-11,912.17,191000,1,1,0.224
POL-58840762,CUST-795337,Life,2017-08-04,195.62,888000,0,1,0.231
POL-58171060,CUST-800734,Auto,2023-10-15,202.99,98000,1,0,0.005
POL-4852765,CUST-698687,Business,2024-03-27,1120.71,671000,0,0,0.196
POL-97799685,CUST-785317,Renters,2024-10-25,29.09,68000,0,1,0.123
POL-67907156,CUST-70557,Auto,2025-02-16,320.98,172000,1,0,0.006
POL-50724233,CUST-346189,Renters,2018-02-06,34.32,64000,0,1,0.13
POL-98173534,CUST-757641,Renters,2022-12-23,48.29,30000,0,0,0.032
POL-19320840,CUST-149119,Renters,2020-01-14,25.52,75000,0,1,0.065
POL-12507696,CUST-646839,RV,2018-10-31,590.1,72000,1,1,0.245
POL-37011857,CUST-413557,RV,2022-01-09,624.23,254000,1,1,0.039
POL-5622602,CUST-46151,Boat,2019-03-29,665.93,388000,2,1,0.056
POL-1626011,CUST-999879,Auto,2020-08-24,205.17,96000,3,1,0.165
POL-26104468,CUST-438698,RV,2017-10-03,696.41,211000,2,1,0.064
POL-25993176,CUST-437873,Auto,2025-03-06,283.79,360000,1,1,0.24
POL-57299090,CUST-573629,RV,2018-01-27,987.83,260000,2,1,0.149
POL-34245368,CUST-960570,RV,2025-02-27,953.45,200000,1,1,0.21
POL-76098,CUST-69445,Life,2019-01-28,74.64,73000,0,1,0.132
POL-5027929,CUST-278404,Home,2018-04-10,750.36,1526000,0,1,0.023
POL-8870325,CUST-229737,Motorcycle,2023-09-15,122.14,48000,2,1,0.021
POL-22226983,CUST-969745,Renters,2023-06-17,47.28,60000,0,1,0.024
POL-15332633,CUST-83854,Home,2023-11-21,216.24,870000,0,1,0.224
POL-46001399,CUST-646759,Boat,2023-04-24,234.12,154000,2,1,0.19
POL-62938222,CUST-270620,Renters,2021-10-28,21.92,30000,0,1,0.095
POL-74969806,CUST-574541,Boat,2025-04-23,377.61,451000,2,1,0.035
POL-84761786,CUST-697241,Home,2021-02-12,712.74,1509000,0,1,0.031
POL-70693706,CUST-163156,Umbrella,2021-01-18,303.13,3672000,0,1,0.148
POL-91617213,CUST-292515,Auto,2024-05-04,252.82,40000,4,1,0.026
POL-30359901,CUST-854517,Motorcycle,2019-09-01,107.95,37000,1,1,0.09
POL-58233497,CUST-506877,Life,2015-11-15,55.89,758000,0,1,0.041
POL-44044033,CUST-985598,Motorcycle,2020-02-15,124.1,67000,2,1,0.091
POL-40341681,CUST-523107,Health,2024-02-24,760.54,401000,0,1,0.194
POL-6883566,CUST-998349,Home,2022-05-18,186.59,958000,0,1,0.171
POL-34580161,CUST-111669,Business,2020-08-08,1641.75,2710000,0,1,0.035
POL-74492729,CUST-234488,Home,2018-01-04,473.76,1885000,0,1,0.079
POL-33385051,CUST-486903,Boat,2019-03-21,657.91,485000,2,1,0.039
POL-13233496,CUST-731257,RV,2018-02-06,389.08,218000,2,1,0.027
POL-67893186,CUST-380625,Business,2024-09-19,1661.06,2708000,0,0,0.046
POL-99659826,CUST-419273,Health,2022-07-07,333.57,232000,0,1,0.148
POL-76044123,CUST-347302,Umbrella,2022-08-17,404.47,3909000,0,1,0.167
POL-10888977,CUST-254273,Umbrella,2020-07-31,550.36,1719000,0,1,0.008
POL-83625448,CUST-504547,Auto,2018-04-04,330.04,285000,3,1,0.124
POL-42138595,CUST-971111,RV,2016-08-15,361.62,230000,2,1,0.09
POL-58468386,CUST-425642,Renters,2016-06-17,46.92,57000,0,1,0.176
POL-20675696,CUST-434344,Boat,2022-11-05,495.4,278000,2,1,0.227
POL-4106460,CUST-349999,Business,2023-07-18,1281.04,2158000,0,1,0.107
POL-15868079,CUST-322969,Auto,2021-10-17,93.18,30000,4,1,0.218
POL-65299603,CUST-921809,Life,2019-07-03,93.28,623000,0,1,0.24
POL-53196481,CUST-617006,Boat,2023-11-11,418.49,216000,1,1,0.148
POL-54400820,CUST-450998,RV,2019-02-18,546.15,221000,2,1,0.095
POL-38449029,CUST-255051,Business,2019-06-29,701.35,1117000,0,1,0.212
POL-45112093,CUST-166924,Auto,2018-04-19,206.3,476000,3,1,0.244
POL-79650979,CUST-395153,Health,2021-01-21,803.05,73000,0,1,0.109
POL-13510334,CUST-86082,Business,2016-11-25,2167.72,1967000,0,1,0.158
POL-98976207,CUST-8902,Renters,2016-11-22,31.41,68000,0,1,0.099
POL-72527294,CUST-449359,Life,2018-01-17,88.1,986000,0,1,0.177
POL-12390315,CUST-979762,Renters,2023-11-16,22.05,100000,0,1,0.014
POL-6893126,CUST-2188,Life,2018-01-28,90.05,731000,0,1,0.187
POL-23833454,CUST-34272,Business,2023-07-05,1094.29,4366000,0,0,0.065
POL-39114136,CUST-884557,Renters,2017-10-06,47.82,70000,0,1,0.089
POL-91098903,CUST-718968,Health,2021-09-25,627.38,462000,0,1,0.148
POL-89396822,CUST-599782,Renters,2021-07-27,34.95,44000,0,1,0.2
POL-5426400,CUST-173247,Business,2016-12-24,1897.3,3072000,0,1,0.089
POL-44310874,CUST-104827,Boat,2020-10-05,639.83,484000,1,1,0.181
POL-78230615,CUST-86345,Home,2016-02-26,445.11,1933000,0,1,0.182
POL-82458452,CUST-223,Life,2016-03-01,101.9,162000,0,1,0.033
POL-22808207,CUST-940631,Life,2018-10-06,188.06,343000,0,0,0.04
POL-65815017,CUST-112762,Business,2022-02-21,2429.98,3406000,0,1,0.229
POL-79640794,CUST-305584,Boat,2020-01-16,432.48,267000,2,0,0.068
POL-9621170,CUST-872207,Auto,2024-06-10,286.94,170000,1,1,0.231
POL-18604725,CUST-68097,Umbrella,2020-05-01,465.51,1416000,0,1,0.138
POL-81358455,CUST-893801,Health,2023-05-11,704.64,114000,0,0,0.088
POL-21125070,CUST-674720,Life,2019-12-01,148.79,894000,0,1,0.18
POL-12901033,CUST-520529,Life,2024-04-02,31.63,863000,0,1,0.17
POL-92480313,CUST-297477,Umbrella,2019-04-20,435.07,1712000,0,1,0.233
POL-52800378,CUST-893550,Life,2016-01-15,102.41,994000,0,1,0.12
POL-89255940,CUST-170715,Renters,2021-04-03,21.39,92000,0,1,0.175
POL-60734656,CUST-376178,Health,2023-07-15,1110.65,170000,0,1,0.249
POL-41124145,CUST-307917,Boat,2024-02-25,316.12,438000,1,1,0.13
POL-56098929,CUST-846165,Health,2022-04-26,807.91,454000,0,1,0.047
POL-41517045,CUST-698619,Umbrella,2019-06-30,247.88,1050000,0,1,0.0
POL-28259178,CUST-252372,Boat,2021-01-18,653.95,60000,2,1,0.157
POL-19960983,CUST-737394,Renters,2023-05-05,48.38,78000,0,1,0.219
POL-4938897,CUST-83312,Motorcycle,2018-02-18,146.55,55000,2,1,0.017
POL-78877489,CUST-917652,Umbrella,2016-06-29,390.56,1467000,0,0,0.089
POL-19821270,CUST-112904,Auto,2017-06-30,231.29,318000,2,1,0.113
POL-16926163,CUST-156580,Auto,2023-02-17,259.62,323000,3,1,0.156
POL-37913187,CUST-807788,Health,2016-09-28,667.07,496000,0,1,0.057
POL-92304995,CUST-335492,Life,2021-02-25,132.15,252000,0,1,0.069
POL-32112135,CUST-753549,Home,2025-05-07,619.45,1185000,0,1,0.223
POL-58429652,CUST-429790,Life,2023-09-08,144.76,526000,0,1,0.249
POL-86477961,CUST-700731,Business,2017-07-30,1777.8,325000,0,1,0.103
POL-97895787,CUST-616217,Auto,2024-11-19,80.07,56000,4,1,0.007
POL-95175236,CUST-219961,Boat,2020-08-21,251.23,107000,1,1,0.211
POL-88071212,CUST-35479,Renters,2023-07-18,27.15,42000,0,1,0.161
POL-21009229,CUST-409777,Umbrella,2021-09-09,428.09,4240000,0,1,0.059
POL-46316611,CUST-69264,Home,2018-10-01,669.0,1800000,0,1,0.195
POL-4211686,CUST-881979,Business,2016-04-28,1532.19,3997000,0,0,0.029
POL-52285733,CUST-195624,Umbrella,2019-10-14,378.19,3605000,0,1,0.042
POL-62210446,CUST-690308,Auto,2023-12-17,301.14,314000,1,1,0.216
POL-95179391,CUST-904474,Business,2022-04-03,1066.02,662000,0,1,0.003
POL-60345934,CUST-139359,Renters,2020-12-30,19.26,39000,0,0,0.012
POL-94943545,CUST-442864,RV,2021-01-20,737.69,161000,2,1,0.129
POL-76043568,CUST-910304,Boat,2020-11-06,394.73,383000,2,0,0.001
POL-998405,CUST-911395,Umbrella,2018-08-16,430.02,1407000,0,1,0.011
POL-33635013,CUST-435998,Business,2018-04-15,2157.69,3772000,0,1,0.062
POL-65349833,CUST-918050,Motorcycle,2017-01-29,104.64,99000,4,1,0.044
POL-19886742,CUST-44066,Motorcycle,2021-03-08,144.65,24000,1,1,0.172
POL-32215392,CUST-537693,Auto,2017-11-18,163.29,143000,3,1,0.081
POL-37294047,CUST-951380,Auto,2023-12-03,264.13,386000,3,0,0.037
POL-96742043,CUST-189281,Boat,2018-12-07,726.05,162000,1,0,0.151
POL-5160548,CUST-808305,Health,2022-08-08,1058.31,200000,0,1,0.196
POL-84763590,CUST-378250,Motorcycle,2015-08-26,83.9,14000,4,1,0.17
POL-82527384,CUST-391143,Motorcycle,2021-04-30,97.64,57000,3,1,0.155
POL-367395,CUST-109678,Home,2021-03-25,138.22,1454000,0,1,0.109
POL-67253402,CUST-211511,Life,2023-09-16,196.21,354000,0,0,0.126
POL-19838164,CUST-348670,Business,2019-01-31,972.3,4958000,0,1,0.153
POL-36701305,CUST-556656,Umbrella,2024-01-31,286.65,2983000,0,1,0.242
POL-70965631,CUST-619171,Renters,2022-02-20,35.12,24000,0,1,0.066
POL-58376344,CUST-807101,Business,2018-11-03,1543.07,1335000,0,0,0.065
POL-61062690,CUST-754038,Health,2016-02-29,1186.57,280000,0,1,0.068
POL-38949083,CUST-564964,Auto,2024-10-19,159.04,278000,2,1,0.017
POL-5974522,CUST-298304,RV,2023-04-05,886.6,148000,2,1,0.045
POL-2404497,CUST-427123,Motorcycle,2021-02-24,137.99,87000,2,1,0.208
POL-63688669,CUST-869849,Health,2016-07-24,868.23,430000,0,1,0.238
POL-62215698,CUST-958508,Umbrella,2022-08-04,510.53,1494000,0,1,0.097
POL-30996944,CUST-967929,Boat,2025-03-22,794.13,63000,1,1,0.001
POL-79308405,CUST-233727,RV,2020-11-08,846.3,170000,2,1,0.029
POL-35527500,CUST-314869,Health,2023-02-19,341.86,210000,0,1,0.194
POL-30799334,CUST-700901,Motorcycle,2016-02-25,32.37,86000,1,1,0.083
POL-34110350,CUST-413990,Boat,2025-05-09,686.72,137000,2,1,0.012
POL-575125,CUST-556524,Health,2020-01-03,230.83,191000,0,1,0.228
POL-5441743,CUST-232575,Health,2019-05-24,1021.81,263000,0,1,0.047
POL-32075348,CUST-416263,Business,2023-02-19,1531.17,3738000,0,1,0.134
POL-57715067,CUST-50083,Business,2015-07-13,2280.05,3823000,0,1,0.201
POL-36726628,CUST-561258,Auto,2016-10-14,278.82,445000,1,1,0.006
POL-55935917,CUST-17137,Renters,2024-10-16,47.85,23000,0,1,0.197
POL-98348052,CUST-833229,Health,2024-01-11,1071.88,66000,0,0,0.196
POL-80563516,CUST-695535,Business,2020-09-13,658.69,4195000,0,0,0.223
POL-66657301,CUST-608358,Renters,2016-05-13,21.89,83000,0,1,0.165
POL-71684347,CUST-693411,Motorcycle,2019-02-15,58.6,70000,4,1,0.02
POL-38595265,CUST-817548,Umbrella,2024-11-21,556.81,3969000,0,1,0.075
POL-31518806,CUST-970592,Auto,2017-06-19,279.54,159000,3,1,0.109
POL-75263223,CUST-760973,Home,2022-02-10,466.47,709000,0,1,0.181
POL-23788309,CUST-571540,Renters,2021-01-30,17.35,32000,0,1,0.09
POL-1907415,CUST-718362,Health,2018-11-25,827.77,181000,0,1,0.184
POL-10694051,CUST-344745,RV,2022-10-19,650.4,95000,2,1,0.065
POL-64406325,CUST-21695,Business,2019-09-03,844.05,1451000,0,1,0.178
POL-17431859,CUST-976310,Business,2017-03-09,2239.04,4497000,0,1,0.204
POL-22685833,CUST-689393,Life,2019-11-20,46.47,641000,0,1,0.004
POL-90168928,CUST-269581,Home,2020-06-19,248.14,391000,0,1,0.002
POL-21724678,CUST-949962,Renters,2022-07-25,48.18,44000,0,0,0.088
POL-27392942,CUST-764581,Boat,2022-09-30,754.2,278000,1,1,0.207
POL-48510263,CUST-102345,Renters,2018-04-13,18.87,71000,0,1,0.095
POL-41539369,CUST-568663,Auto,2020-05-28,160.11,244000,2,1,0.223
POL-85768162,CUST-71921,Motorcycle,2024-10-29,112.27,51000,3,1,0.1
POL-20880066,CUST-915638,Boat,2016-10-15,651.1,234000,2,1,0.18
POL-446705,CUST-999906,Motorcycle,2017-07-23,78.1,43000,4,0,0.012
POL-8855990,CUST-816489,Umbrella,2019-07-27,250.29,3098000,0,1,0.232
POL-24021010,CUST-118877,Life,2020-02-02,127.57,376000,0,1,0.08
POL-45302488,CUST-127338,Life,2023-03-04,37.36,431000,0,1,0.143
POL-71751708,CUST-487899,RV,2024-01-03,663.59,189000,1,1,0.125
POL-16387650,CUST-504618,Life,2024-03-07,106.9,364000,0,1,0.035
POL-11176055,CUST-373564,Auto,2020-03-24,196.4,385000,3,1,0.104
POL-47411092,CUST-184967,Business,2017-01-21,840.34,4598000,0,1,0.17
POL-25407437,CUST-571793,RV,2022-02-03,602.26,230000,2,1,0.095
POL-97350164,CUST-19112,Boat,2019-10-02,283.82,243000,2,1,0.009
POL-8513830,CUST-170175,Life,2016-12-18,165.02,142000,0,1,0.014
POL-45916044,CUST-168128,Home,2017-12-22,480.79,498000,0,0,0.205
POL-92547123,CUST-560788,Health,2024-05-17,441.81,60000,0,1,0.027
POL-64248731,CUST-969632,Home,2018-10-18,660.68,1166000,0,1,0.005
POL-3998226,CUST-356705,Umbrella,2021-06-21,300.64,3230000,0,1,0.131
POL-58035954,CUST-108600,Umbrella,2022-02-11,348.61,3921000,0,1,0.038
POL-54017185,CUST-222675,Motorcycle,2024-03-18,42.52,20000,3,1,0.152
POL-25520653,CUST-651244,Renters,2018-05-05,27.13,79000,0,1,0.018
POL-78699165,CUST-784056,Boat,2023-09-19,774.59,486000,1,1,0.114
POL-99945400,CUST-237765,Home,2016-08-18,559.71,788000,0,1,0.099
POL-74820714,CUST-808283,Motorcycle,2023-11-26,139.66,67000,2,1,0.051
POL-51979251,CUST-337865,RV,2023-04-14,798.43,201000,2,1,0.186
POL-26724504,CUST-943687,Motorcycle,2021-10-08,109.72,19000,4,1,0.231
POL-4882771,CUST-474909,Umbrella,2016-03-16,577.82,2624000,0,0,0.173
POL-499523,CUST-598673,Business,2018-09-10,1729.46,4992000,0,0,0.194
POL-2297985,CUST-696862,Motorcycle,2021-07-16,45.47,66000,3,1,0.105
POL-87069298,CUST-355179,Life,2021-10-30,128.58,462000,0,1,0.171
POL-998284,CUST-330479,RV,2022-07-25,498.77,163000,2,1,0.121
POL-11438741,CUST-140592,Business,2023-05-18,1415.15,3742000,0,1,0.182
POL-79812369,CUST-545798,Business,2017-02-15,2272.89,508000,0,1,0.219
POL-15635545,CUST-621685,Life,2025-01-16,139.62,906000,0,1,0.203
POL-63542673,CUST-518358,Business,2017-10-20,2018.0,2724000,0,1,0.185
POL-74035112,CUST-761165,Life,2024-11-28,171.42,247000,0,1,0.165
POL-16072981,CUST-655303,Life,2021-04-16,42.65,185000,0,1,0.215
POL-85641687,CUST-332468,Umbrella,2016-01-17,454.78,3400000,0,1,0.069
POL-41883739,CUST-563170,Umbrella,2019-09-05,492.4,2605000,0,1,0.076
POL-39386369,CUST-40830,Renters,2022-09-25,29.6,34000,0,1,0.023
POL-7370298,CUST-984663,Umbrella,2017-04-22,370.01,1910000,0,1,0.059
POL-89231121,CUST-143570,Health,2020-08-07,1185.41,235000,0,1,0.039
POL-50946520,CUST-160470,Health,2019-11-20,931.79,251000,0,1,0.06
POL-45626134,CUST-891013,RV,2020-04-08,363.94,122000,1,1,0.161
POL-9985429,CUST-556754,Umbrella,2022-07-03,325.35,4587000,0,1,0.132
POL-10081316,CUST-522491,Renters,2021-09-06,17.29,46000,0,1,0.015
POL-99137025,CUST-314384,Renters,2020-09-27,33.52,35000,0,1,0.087
POL-3051069,CUST-27417,Boat,2022-06-01,368.01,33000,1,1,0.062
POL-43990376,CUST-193751,Life,2020-05-05,115.21,946000,0,1,0.235
POL-18444834,CUST-976654,Business,2017-01-28,1716.2,4006000,0,1,0.066
POL-80920728,CUST-628669,Auto,2024-06-03,161.62,438000,2,1,0.227
POL-48658243,CUST-118881,Auto,2017-03-13,206.38,75000,2,1,0.082
POL-35460303,CUST-805305,Health,2017-02-10,1138.7,118000,0,1,0.122
POL-42723076,CUST-931563,Health,2021-03-04,689.52,236000,0,1,0.11
POL-24510701,CUST-604411,Home,2017-08-06,406.3,1031000,0,1,0.237
POL-78145345,CUST-839250,Umbrella,2019-02-08,328.2,3338000,0,0,0.072
POL-31074005,CUST-51462,Home,2016-10-31,225.81,917000,0,1,0.026
POL-41807281,CUST-882342,Health,2020-03-13,780.1,469000,0,1,0.186
POL-72652905,CUST-957321,Life,2024-11-07,131.26,238000,0,1,0.013
POL-95672259,CUST-575601,Life,2016-11-06,193.3,413000,0,1,0.16
POL-92674954,CUST-572590,Health,2025-04-25,1084.7,485000,0,1,0.159
POL-74137409,CUST-689857,Business,2020-07-19,601.08,1422000,0,1,0.214
POL-13480253,CUST-938817,RV,2020-07-21,980.7,219000,2,1,0.223
POL-5467685,CUST-327042,Boat,2022-05-12,483.89,138000,1,1,0.151
POL-12477883,CUST-689855,Business,2022-08-22,2229.1,1954000,0,1,0.028
POL-36111036,CUST-777093,Business,2021-02-28,719.28,3804000,0,1,0.061
POL-18373284,CUST-72087,Umbrella,2016-05-18,326.02,3802000,0,0,0.237
POL-78960861,CUST-4204,Life,2017-02-05,39.75,825000,0,1,0.235
POL-64018781,CUST-44590,Life,2017-04-23,197.03,85000,0,1,0.177
POL-48469806,CUST-425709,Umbrella,2023-06-23,439.22,1192000,0,1,0.069
POL-14346658,CUST-277120,Renters,2024-09-17,21.64,43000,0,1,0.098
POL-79303061,CUST-985301,Renters,2018-03-12,23.78,31000,0,1,0.141
POL-33229057,CUST-85992,Motorcycle,2025-01-15,100.59,43000,2,1,0.19
POL-22599555,CUST-194122,Auto,2021-03-05,250.52,268000,2,1,0.222
POL-94046021,CUST-908792,Boat,2025-03-04,438.78,287000,1,1,0.115
POL-84669760,CUST-851703,Auto,2017-04-05,308.74,291000,4,0,0.08
POL-63124701,CUST-229027,Boat,2015-10-12,263.85,340000,1,1,0.188
POL-22732400,CUST-773704,Health,2017-08-25,239.49,73000,0,1,0.225
POL-32022542,CUST-427725,Motorcycle,2024-03-01,55.4,28000,3,1,0.215
POL-91457463,CUST-548379,Boat,2015-08-01,759.1,489000,2,1,0.092
POL-77402122,CUST-833262,Motorcycle,2020-02-22,44.47,32000,3,0,0.164
POL-66122740,CUST-574162,Health,2018-09-07,489.29,471000,0,1,0.054
POL-7968729,CUST-450597,Life,2019-07-17,149.55,910000,0,1,0.162
POL-82310089,CUST-699276,Motorcycle,2019-01-31,132.68,79000,3,0,0.193
POL-25833126,CUST-865101,Umbrella,2022-02-06,318.67,2723000,0,1,0.083
POL-39286375,CUST-360991,Boat,2024-06-21,387.57,132000,2,0,0.189
POL-54293834,CUST-619467,RV,2017-10-23,556.52,256000,2,1,0.169
POL-77622366,CUST-301636,Umbrella,2022-06-30,481.45,3375000,0,1,0.145
POL-33424331,CUST-646326,Umbrella,2020-01-28,515.63,1053000,0,1,0.232
POL-94879097,CUST-440636,Health,2017-08-12,905.34,285000,0,1,0.038
POL-87018401,CUST-634656,Business,2019-10-31,2186.02,2382000,0,1,0.159
POL-194969,CUST-120178,Home,2023-12-17,106.09,435000,0,1,0.222
POL-79287426,CUST-200450,Umbrella,2022-05-23,237.03,2114000,0,1,0.12
POL-92784710,CUST-134418,Business,2019-10-18,1767.8,1761000,0,1,0.033
POL-24744102,CUST-854008,Boat,2025-04-20,437.9,49000,2,1,0.036
POL-16103071,CUST-703619,Motorcycle,2025-05-13,66.83,18000,2,1,0.118
POL-17776946,CUST-745609,RV,2019-09-22,354.23,257000,2,1,0.148
POL-30984920,CUST-262139,Life,2016-03-05,46.33,700000,0,1,0.09
POL-98147047,CUST-75706,Life,2016-04-14,79.49,754000,0,1,0.038
POL-17845866,CUST-228731,Business,2022-03-17,1775.92,376000,0,1,0.247
POL-15114735,CUST-602485,Renters,2020-03-13,34.87,27000,0,1,0.006
POL-87490228,CUST-220415,Motorcycle,2015-07-17,111.22,98000,3,1,0.014
POL-93445620,CUST-14428,RV,2017-05-18,627.49,295000,1,1,0.164
POL-14355076,CUST-357938,Boat,2022-07-11,441.72,385000,1,1,0.244
POL-60005324,CUST-151397,RV,2019-01-02,409.08,130000,2,1,0.098
POL-97215807,CUST-679438,Business,2017-12-29,1117.22,4814000,0,1,0.232
POL-49493703,CUST-340904,Auto,2017-08-03,263.6,321000,3,1,0.102
POL-50831560,CUST-691557,Life,2022-06-27,178.79,830000,0,1,0.182
POL-91310270,CUST-288426,RV,2024-04-27,528.89,202000,1,1,0.158
POL-89002424,CUST-211339,Life,2023-01-14,124.9,881000,0,1,0.095
POL-27753738,CUST-408117,Life,2017-12-22,61.88,866000,0,1,0.112
POL-25233025,CUST-912209,Life,2021-07-02,110.37,713000,0,0,0.179
POL-65755054,CUST-512662,Motorcycle,2019-08-16,140.62,89000,2,1,0.014
POL-58713655,CUST-51310,Renters,2020-02-25,31.36,35000,0,1,0.17
POL-410356,CUST-454341,Renters,2019-10-13,37.33,66000,0,1,0.026
POL-21287616,CUST-64387,Umbrella,2023-05-19,240.05,2251000,0,1,0.186
POL-61572062,CUST-549749,Home,2016-07-04,482.79,894000,0,1,0.099
POL-27358925,CUST-433485,RV,2020-05-30,869.63,151000,2,0,0.154
POL-38548665,CUST-147532,Life,2017-05-16,72.57,313000,0,1,0.246
POL-37490780,CUST-185660,Auto,2020-04-25,283.56,382000,3,1,0.239
POL-1847858,CUST-496221,Business,2022-09-29,1914.55,3599000,0,1,0.057
POL-8763750,CUST-614973,Renters,2024-07-02,24.56,84000,0,0,0.057
POL-46686694,CUST-317923,Health,2023-03-23,1068.83,335000,0,1,0.007
POL-60309806,CUST-210684,Motorcycle,2019-04-23,99.52,35000,3,1,0.146
POL-63999739,CUST-409568,Life,2020-03-07,137.95,878000,0,0,0.123
POL-21536347,CUST-503683,Boat,2020-01-30,561.48,437000,1,1,0.152
POL-58804717,CUST-948758,Auto,2019-03-31,104.59,378000,2,1,0.2
POL-2301266,CUST-818946,Home,2017-10-06,369.89,301000,0,1,0.092
POL-86600010,CUST-509505,Auto,2019-06-25,81.59,105000,2,1,0.091
POL-29376621,CUST-994590,Health,2022-01-13,273.2,152000,0,1,0.206
POL-68410468,CUST-673068,Health,2024-11-17,878.89,203000,0,1,0.148
POL-14740381,CUST-280678,Life,2017-12-15,38.92,559000,0,1,0.061
POL-70065443,CUST-267188,RV,2021-10-20,716.36,162000,2,1,0.208
POL-36482003,CUST-903875,Life,2017-03-05,133.92,684000,0,1,0.212
POL-41636644,CUST-782660,Health,2024-04-12,297.68,455000,0,1,0.159
POL-2724561,CUST-66026,Motorcycle,2022-05-12,138.49,12000,1,1,0.173
POL-14377289,CUST-252943,Business,2025-02-21,1777.71,764000,0,0,0.094
POL-33836123,CUST-849042,Umbrella,2020-04-21,537.16,4706000,0,1,0.189
POL-89717427,CUST-976613,Renters,2019-08-25,44.75,79000,0,1,0.248
POL-82355208,CUST-602316,RV,2024-12-13,936.77,176000,1,1,0.018
POL-24554763,CUST-658001,Renters,2024-07-04,40.16,50000,0,1,0.029
POL-70910956,CUST-3534,Boat,2023-12-13,785.82,56000,2,1,0.121
POL-2626646,CUST-343279,RV,2018-01-11,977.15,288000,1,1,0.013
POL-56334691,CUST-595539,Business,2024-11-30,974.83,4459000,0,1,0.217
POL-196027,CUST-504385,Health,2021-04-19,483.03,424000,0,1,0.029
POL-25148626,CUST-113735,Health,2018-10-13,367.73,249000,0,1,0.003
POL-96754978,CUST-801282,Umbrella,2020-09-14,544.45,4651000,0,1,0.044
POL-33711159,CUST-729837,Home,2022-09-20,482.47,391000,0,1,0.189
POL-78677406,CUST-209156,Life,2020-02-13,149.49,453000,0,1,0.037
POL-89903903,CUST-882806,Auto,2022-05-01,318.7,71000,2,1,0.109
POL-75701752,CUST-374223,Business,2025-02-09,1192.64,2534000,0,1,0.239
POL-50992202,CUST-494775,Health,2017-02-16,367.47,253000,0,1,0.007
POL-32867782,CUST-340488,Home,2018-10-31,380.62,1160000,0,1,0.201
POL-45117017,CUST-374216,Boat,2016-04-09,676.8,414000,2,1,0.238
POL-32368904,CUST-558352,Auto,2023-07-07,128.47,75000,3,1,0.099
POL-66189546,CUST-238632,Renters,2021-03-01,41.39,67000,0,1,0.195
POL-75488785,CUST-17229,Life,2022-10-28,54.95,695000,0,1,0.021
POL-13850251,CUST-592612,Umbrella,2016-10-15,283.49,4595000,0,1,0.236
POL-31045155,CUST-430687,Auto,2017-10-28,177.47,128000,1,1,0.07
POL-27509178,CUST-489771,Home,2016-03-28,142.45,819000,0,1,0.081
POL-71803895,CUST-774494,Umbrella,2022-07-05,201.05,2088000,0,1,0.041
POL-13772773,CUST-714039,Renters,2016-09-23,29.45,74000,0,1,0.058
POL-59227756,CUST-753329,Boat,2024-10-28,502.52,254000,2,1,0.012
POL-29626168,CUST-773874,Auto,2017-10-20,230.97,406000,2,0,0.163
POL-29322608,CUST-388892,Motorcycle,2019-02-22,62.71,49000,1,1,0.127
POL-4914498,CUST-268914,Umbrella,2017-02-20,331.07,4757000,0,1,0.124
POL-78852864,CUST-429012,Life,2015-09-10,102.33,527000,0,1,0.245
POL-37636112,CUST-674254,Health,2017-07-16,1129.85,122000,0,1,0.141
POL-28062838,CUST-98023,Home,2023-02-23,692.73,1247000,0,0,0.033
POL-31770612,CUST-641491,Umbrella,2021-04-16,243.18,4152000,0,1,0.207
POL-12550720,CUST-844539,Renters,2017-07-07,15.97,36000,0,1,0.134
POL-80305616,CUST-562971,Home,2019-10-02,720.06,1351000,0,1,0.007
POL-5928471,CUST-499135,Renters,2019-08-06,16.45,51000,0,1,0.169
POL-72621876,CUST-175151,Renters,2020-03-16,44.96,72000,0,1,0.18
POL-65706214,CUST-856755,Boat,2015-08-08,229.41,231000,2,1,0.235
POL-55272067,CUST-930577,Boat,2019-03-05,540.04,292000,2,0,0.158
POL-13434328,CUST-93019,Home,2021-02-13,214.47,1747000,0,1,0.207
POL-78232723,CUST-240469,Boat,2024-01-23,642.97,342000,1,1,0.074
POL-37268231,CUST-97,Home,2025-04-15,758.02,1238000,0,0,0.13
POL-93466418,CUST-365909,Business,2022-10-04,624.88,1143000,0,1,0.188
POL-60714168,CUST-583309,Renters,2021-07-25,43.73,54000,0,1,0.125
POL-3610372,CUST-774793,Motorcycle,2018-04-15,85.77,65000,1,1,0.085
POL-84182224,CUST-599475,Renters,2017-02-24,34.76,14000,0,1,0.01
POL-89563301,CUST-288628,Life,2015-11-09,163.28,522000,0,1,0.083
POL-23094606,CUST-862258,Boat,2018-10-08,722.0,270000,1,1,0.038
POL-31436416,CUST-773298,Health,2018-03-01,755.12,182000,0,1,0.088
POL-98306463,CUST-188105,Health,2016-04-05,505.33,315000,0,1,0.11
POL-28061024,CUST-207245,Life,2018-10-29,81.45,249000,0,1,0.015
POL-39594225,CUST-483241,Umbrella,2017-10-01,454.44,3703000,0,1,0.133
POL-88806672,CUST-471300,RV,2016-07-14,694.82,174000,1,1,0.126
POL-83033289,CUST-141049,Life,2019-05-01,196.23,230000,0,1,0.219
POL-15821079,CUST-760997,Health,2016-01-11,414.96,430000,0,1,0.118
POL-49209911,CUST-657594,Auto,2018-12-19,124.12,497000,3,1,0.204
POL-92175332,CUST-452798,Health,2020-08-03,775.33,260000,0,1,0.049
POL-92330674,CUST-66341,Business,2018-02-10,2099.82,2686000,0,1,0.072
POL-63582971,CUST-396452,Renters,2018-03-14,24.33,99000,0,1,0.146
POL-23001583,CUST-392729,Health,2015-08-16,519.1,448000,0,1,0.169
POL-71542030,CUST-183601,Life,2016-02-03,149.27,682000,0,1,0.183
POL-14565901,CUST-88947,Motorcycle,2022-08-24,109.38,63000,2,1,0.039
POL-28425325,CUST-76769,Health,2018-03-04,533.49,168000,0,1,0.214
POL-55707449,CUST-113707,Auto,2018-02-09,333.55,356000,2,1,0.026
POL-30770370,CUST-733675,Motorcycle,2022-11-20,53.33,45000,1,1,0.173
POL-35720719,CUST-748365,Life,2018-04-27,41.08,468000,0,1,0.064
POL-95794186,CUST-581956,Umbrella,2024-05-05,270.82,4664000,0,1,0.1
POL-79414336,CUST-942643,RV,2024-07-10,689.62,98000,1,1,0.115
POL-44298465,CUST-929445,Renters,2025-06-15,24.66,58000,0,1,0.179
POL-21125488,CUST-869034,Renters,2023-03-15,22.12,48000,0,0,0.021
POL-88653040,CUST-594850,Home,2024-07-23,427.03,656000,0,1,0.066
POL-60271621,CUST-445525,Business,2019-02-28,1164.9,2523000,0,1,0.203
POL-82000153,CUST-877333,RV,2018-06-03,672.04,128000,1,1,0.192
POL-37470286,CUST-331067,Motorcycle,2023-01-24,58.52,24000,3,1,0.156
POL-81373700,CUST-224549,Home,2019-12-03,785.09,955000,0,1,0.123
POL-26342866,CUST-425529,Business,2015-11-01,847.27,2211000,0,1,0.072
POL-50402263,CUST-810085,Business,2020-07-09,1692.46,4304000,0,0,0.043
POL-62393578,CUST-972289,Boat,2024-08-08,637.06,194000,1,1,0.155
POL-78034525,CUST-120950,RV,2017-01-15,917.51,148000,1,1,0.214
POL-7219866,CUST-240897,Auto,2017-08-25,205.47,449000,1,1,0.245
POL-15188734,CUST-587270,Home,2024-07-27,657.86,562000,0,1,0.12
POL-52963261,CUST-953504,Business,2023-08-25,854.84,2068000,0,1,0.239
POL-95623282,CUST-773442,RV,2025-05-16,420.06,135000,1,0,0.006
POL-7090950,CUST-543114,RV,2017-10-17,364.25,116000,2,0,0.226
POL-72346760,CUST-918341,Health,2018-07-21,942.79,331000,0,1,0.206
POL-16968753,CUST-252164,Motorcycle,2019-06-09,142.77,50000,2,1,0.247
POL-68238437,CUST-899996,Home,2016-05-10,744.64,1425000,0,1,0.106
POL-9955322,CUST-253225,Business,2024-09-28,1278.51,322000,0,1,0.216
POL-74125405,CUST-87627,Motorcycle,2024-08-30,59.08,68000,3,1,0.22
POL-70474490,CUST-563679,Life,2021-04-06,164.82,884000,0,1,0.228
POL-34850736,CUST-273825,Business,2017-01-31,2411.5,410000,0,1,0.002
POL-73673108,CUST-142795,Home,2021-02-21,694.65,658000,0,1,0.087
POL-5908071,CUST-448497,Auto,2018-07-11,107.64,497000,2,1,0.035
POL-27554949,CUST-146499,Health,2023-11-02,281.4,73000,0,1,0.064
POL-93788062,CUST-667155,Auto,2019-03-31,130.56,277000,2,1,0.203
POL-69518752,CUST-155002,RV,2017-01-05,590.94,275000,1,1,0.028
POL-9587874,CUST-442627,Life,2023-01-07,35.51,460000,0,1,0.066
POL-10758474,CUST-773577,Business,2024-10-17,1595.99,1283000,0,1,0.213
POL-61860844,CUST-172631,Business,2020-12-19,1290.06,3294000,0,1,0.204
POL-45322842,CUST-31415,Boat,2020-03-11,503.15,162000,1,1,0.015
POL-1547478,CUST-817939,Home,2016-01-21,300.14,684000,0,1,0.034
POL-89238969,CUST-724443,Motorcycle,2015-12-16,31.66,72000,2,1,0.042
POL-97051500,CUST-31821,RV,2015-11-27,942.15,68000,2,1,0.042
POL-43284762,CUST-172935,Umbrella,2016-11-30,495.95,3972000,0,1,0.068
POL-10880118,CUST-86646,Umbrella,2025-06-17,463.88,3926000,0,1,0.224
POL-64529182,CUST-999385,Boat,2018-09-25,621.4,344000,1,1,0.007
POL-58918771,CUST-821716,Umbrella,2017-03-01,399.56,3411000,0,1,0.205
POL-86912383,CUST-389587,RV,2024-08-30,894.03,105000,2,1,0.004
POL-84670720,CUST-784829,Renters,2016-06-19,40.2,23000,0,1,0.147
POL-96532800,CUST-157050,Business,2015-12-07,1045.19,4592000,0,1,0.001
POL-41989214,CUST-397457,Renters,2021-07-03,43.61,40000,0,1,0.244
POL-67648431,CUST-676968,Umbrella,2017-06-14,589.23,2819000,0,1,0.219
POL-39210089,CUST-273472,RV,2020-06-04,548.9,195000,2,1,0.241
POL-11413934,CUST-572286,Motorcycle,2018-03-15,116.0,91000,4,1,0.077
POL-80577383,CUST-700599,Boat,2018-01-04,744.32,231000,1,0,0.082
POL-72479365,CUST-499938,Home,2025-04-19,658.04,283000,0,1,0.125
POL-65919584,CUST-547589,Life,2020-05-18,93.15,746000,0,1,0.078
POL-20210136,CUST-184260,Renters,2016-10-17,47.02,79000,0,1,0.196
POL-67298838,CUST-651852,Renters,2020-05-29,27.08,48000,0,1,0.087
POL-42159618,CUST-397877,Business,2016-03-19,1766.4,2798000,0,1,0.06
POL-5420136,CUST-531778,Life,2023-06-21,165.19,722000,0,1,0.193
POL-62721659,CUST-27526,Business,2022-11-21,1161.7,3852000,0,1,0.104
POL-80424826,CUST-51226,Umbrella,2016-03-30,509.38,2354000,0,1,0.056
POL-88857117,CUST-273977,Renters,2015-07-17,34.6,56000,0,1,0.187
POL-50720307,CUST-362127,Umbrella,2019-09-03,230.42,1715000,0,0,0.235
POL-11903576,CUST-379025,RV,2021-04-20,880.61,160000,2,1,0.211
POL-36920520,CUST-555782,Auto,2024-04-08,102.22,283000,3,1,0.213
POL-54382788,CUST-396069,Boat,2018-01-16,553.39,358000,1,1,0.141
POL-16501040,CUST-247256,Motorcycle,2025-01-26,69.33,31000,2,1,0.099
POL-20035090,CUST-836449,Renters,2022-07-09,38.75,87000,0,0,0.141
POL-68676872,CUST-238912,Auto,2020-01-29,118.4,455000,2,1,0.085
POL-49602348,CUST-693448,Auto,2020-12-18,198.17,56000,3,1,0.086
POL-49151960,CUST-325191,Home,2016-04-29,758.94,693000,0,1,0.141
POL-77420166,CUST-393557,Umbrella,2018-05-22,387.91,2343000,0,1,0.174
POL-74161109,CUST-748985,Umbrella,2016-03-16,227.68,1846000,0,1,0.152
POL-83888349,CUST-492588,Boat,2016-02-29,425.07,155000,2,1,0.071
POL-54590632,CUST-218016,Home,2016-05-24,318.61,1616000,0,1,0.042
POL-55053892,CUST-631350,Renters,2019-08-01,17.08,56000,0,1,0.099
POL-61743329,CUST-648115,Health,2024-12-27,404.49,264000,0,1,0.132
POL-2280944,CUST-809884,Boat,2021-07-14,515.35,124000,2,1,0.045
POL-24798930,CUST-131875,Motorcycle,2024-06-09,138.23,89000,2,1,0.173
POL-8148595,CUST-280819,Auto,2016-08-03,157.45,398000,1,1,0.201
POL-16429653,CUST-907281,Motorcycle,2016-04-16,35.79,42000,2,0,0.184
POL-33932270,CUST-875454,Health,2022-02-26,261.16,477000,0,1,0.07
POL-16678492,CUST-933447,RV,2024-06-26,755.07,115000,2,1,0.216
POL-71040051,CUST-774379,Auto,2024-12-12,259.54,380000,1,1,0.23
POL-35112407,CUST-655966,Home,2015-07-30,255.76,1260000,0,1,0.183
POL-86406343,CUST-186064,Home,2019-11-23,121.99,604000,0,0,0.121
POL-63571122,CUST-522659,Motorcycle,2024-10-21,89.84,70000,4,1,0.213
POL-69211163,CUST-203272,Umbrella,2019-09-24,506.1,2913000,0,1,0.089
POL-96392675,CUST-800957,Renters,2021-12-04,26.58,18000,0,1,0.225
POL-70910084,CUST-679207,RV,2018-09-08,377.58,137000,2,1,0.193
POL-53647995,CUST-280808,Home,2016-08-01,175.52,206000,0,1,0.156
POL-20785082,CUST-705691,Business,2019-08-13,1130.27,1823000,0,1,0.012
POL-18991936,CUST-730484,Business,2016-08-10,1963.17,1235000,0,1,0.062
POL-83090797,CUST-710832,Home,2022-04-20,244.04,1523000,0,1,0.017
POL-97440676,CUST-179171,RV,2020-07-07,520.43,246000,1,1,0.036
POL-76694751,CUST-676526,Renters,2024-05-14,15.61,28000,0,1,0.106
POL-54712677,CUST-312042,Motorcycle,2020-09-21,82.8,24000,3,1,0.031
POL-2779565,CUST-254506,Renters,2018-03-11,25.7,76000,0,1,0.039
POL-96232919,CUST-136850,Motorcycle,2022-08-20,145.1,84000,2,1,0.064
POL-96938683,CUST-760457,Life,2021-10-04,104.3,971000,0,1,0.145
POL-57832948,CUST-224263,Health,2024-06-24,254.53,356000,0,1,0.109
POL-41551799,CUST-816101,Umbrella,2017-04-06,530.02,4851000,0,1,0.042
POL-11028439,CUST-484405,Auto,2019-10-11,122.57,413000,3,1,0.052
POL-52369622,CUST-305791,Boat,2016-03-09,661.05,109000,2,1,0.134
POL-21028161,CUST-371904,RV,2022-02-15,990.45,197000,1,1,0.223
POL-39005267,CUST-908353,Business,2021-11-06,2407.43,2618000,0,1,0.09
POL-25043563,CUST-422868,Home,2016-03-18,368.87,1621000,0,1,0.146
POL-96787641,CUST-708576,Business,2019-05-23,1052.6,3402000,0,1,0.073
POL-45624728,CUST-569868,Renters,2021-10-09,30.14,52000,0,1,0.206
POL-39437611,CUST-200982,Auto,2018-09-03,88.15,63000,3,1,0.218
POL-89746613,CUST-88716,RV,2015-11-21,562.98,191000,2,1,0.123
POL-50636474,CUST-322677,Auto,2023-06-27,292.62,288000,4,1,0.15
POL-37552461,CUST-905009,Umbrella,2022-06-28,505.8,1524000,0,1,0.075
POL-68851029,CUST-603675,Boat,2020-06-08,763.33,417000,1,1,0.036
POL-67808988,CUST-960783,Umbrella,2024-07-07,561.48,4116000,0,1,0.126
POL-30315274,CUST-766278,Auto,2015-11-16,95.47,387000,3,1,0.115
POL-49442025,CUST-253171,Auto,2017-05-07,303.74,285000,2,1,0.213
POL-93604271,CUST-525304,Auto,2024-12-14,261.69,80000,4,1,0.166
POL-23951774,CUST-870753,Auto,2024-04-26,281.56,333000,2,1,0.186
POL-44500052,CUST-760736,Motorcycle,2020-03-06,136.23,56000,4,1,0.044
POL-62502873,CUST-639731,Umbrella,2017-10-11,315.43,1752000,0,1,0.178
POL-90419501,CUST-721690,Health,2016-07-16,1069.2,449000,0,1,0.1
POL-5038665,CUST-303768,RV,2021-04-11,536.92,74000,2,1,0.106
POL-39107858,CUST-250417,Motorcycle,2016-06-21,92.53,77000,1,1,0.186
POL-29008943,CUST-219086,Home,2018-12-22,584.8,865000,0,1,0.169
POL-26082385,CUST-868772,Home,2021-07-14,701.72,969000,0,1,0.146
POL-34590202,CUST-615641,Renters,2024-06-11,49.31,84000,0,1,0.234
POL-95144002,CUST-128115,Health,2020-11-07,588.01,264000,0,1,0.085
POL-97771040,CUST-232656,Umbrella,2022-03-17,325.43,3918000,0,1,0.216
POL-13713785,CUST-94432,Home,2017-11-24,253.36,1331000,0,1,0.246
POL-95469812,CUST-628993,Life,2017-02-06,48.05,439000,0,0,0.128
POL-70626900,CUST-489108,Umbrella,2023-03-25,357.97,2695000,0,1,0.032
POL-73065167,CUST-50678,Life,2017-08-07,137.22,501000,0,0,0.113
POL-32359400,CUST-622138,Renters,2018-11-15,34.53,61000,0,1,0.138
POL-84674420,CUST-711755,RV,2017-01-18,637.21,248000,2,1,0.021
POL-66113110,CUST-227312,Motorcycle,2018-11-11,141.57,18000,3,1,0.157
POL-54357442,CUST-675312,Renters,2017-10-14,39.8,61000,0,1,0.208
POL-30295304,CUST-41115,Life,2020-12-27,56.58,414000,0,1,0.183
POL-4665068,CUST-758498,Motorcycle,2022-05-30,60.05,41000,1,0,0.034
POL-11256208,CUST-962729,Renters,2016-10-19,29.19,11000,0,1,0.098
POL-66661435,CUST-795238,Home,2024-01-31,627.2,290000,0,1,0.126
POL-52256420,CUST-99937,Motorcycle,2021-01-23,59.25,99000,1,1,0.091
POL-67200602,CUST-900075,Umbrella,2023-05-07,290.49,2629000,0,1,0.197
POL-74161981,CUST-755274,Life,2022-06-03,58.71,483000,0,1,0.104
POL-1125006,CUST-11190,Health,2024-05-31,841.17,235000,0,1,0.093
POL-28011716,CUST-860198,Business,2018-08-21,1962.82,1494000,0,1,0.13
POL-3945762,CUST-614560,Home,2015-12-12,101.31,725000,0,1,0.21
POL-44907705,CUST-816455,Auto,2017-04-23,138.61,415000,2,1,0.005
POL-15034348,CUST-576444,Life,2022-07-21,78.99,599000,0,1,0.111
POL-80154379,CUST-549317,Motorcycle,2017-09-01,54.84,53000,2,1,0.057
POL-32800911,CUST-721836,Umbrella,2015-09-19,535.62,1339000,0,1,0.129
POL-44808851,CUST-495214,Life,2021-11-29,27.25,305000,0,1,0.135
POL-35418333,CUST-764685,Motorcycle,2023-12-15,132.83,98000,3,1,0.246
POL-80003444,CUST-125515,Life,2020-04-26,140.73,639000,0,1,0.23
POL-412599,CUST-925138,Home,2022-07-24,597.12,297000,0,1,0.041
POL-52581326,CUST-385776,Home,2019-02-16,426.64,1768000,0,1,0.202
POL-17975283,CUST-928916,Health,2021-05-17,837.55,272000,0,1,0.057
POL-10234362,CUST-326346,Business,2016-06-24,1107.44,1570000,0,1,0.163
POL-16532086,CUST-913143,Life,2016-09-12,97.48,940000,0,1,0.129
POL-85803846,CUST-809361,Umbrella,2024-06-10,204.07,1843000,0,0,0.123
POL-38498499,CUST-114143,Auto,2025-04-11,273.62,375000,3,0,0.008
POL-39224257,CUST-236814,Health,2024-08-31,690.57,165000,0,1,0.172
POL-53284724,CUST-555628,Home,2019-06-06,562.11,426000,0,1,0.185
POL-46030008,CUST-878775,Life,2023-08-13,172.95,520000,0,0,0.083
POL-78726359,CUST-146059,Boat,2015-12-10,698.28,330000,2,1,0.202
POL-26132987,CUST-178887,Health,2022-06-03,254.51,261000,0,1,0.139
POL-28935409,CUST-636032,Boat,2018-03-05,673.81,91000,2,1,0.071
POL-19848429,CUST-77071,Business,2024-02-06,1084.22,4645000,0,1,0.125
POL-60571378,CUST-288379,Life,2019-07-31,164.88,679000,0,0,0.059
POL-45324613,CUST-438586,RV,2021-03-12,929.62,288000,1,0,0.018
POL-12378195,CUST-267541,Home,2016-10-18,293.58,1079000,0,1,0.103
POL-93337300,CUST-782254,Business,2016-02-11,678.51,3455000,0,1,0.102
POL-17455344,CUST-544924,Umbrella,2020-06-29,376.19,4520000,0,1,0.127
POL-54659891,CUST-986361,Life,2024-08-12,192.79,787000,0,0,0.188
POL-49235889,CUST-661104,Home,2016-03-22,687.78,1475000,0,1,0.067
POL-45297384,CUST-249192,Business,2015-11-09,1832.82,299000,0,1,0.239
POL-53082648,CUST-449492,Business,2023-11-14,1109.84,2311000,0,1,0.074
POL-99825394,CUST-48610,Renters,2022-11-25,40.91,52000,0,1,0.208
POL-93105003,CUST-100647,Motorcycle,2024-04-30,133.61,20000,2,0,0.134
POL-17285424,CUST-447234,Motorcycle,2017-06-22,71.19,55000,1,1,0.239
POL-5658420,CUST-989696,Auto,2015-10-19,270.9,330000,1,1,0.149
POL-7433978,CUST-545528,Motorcycle,2018-10-10,119.38,78000,2,1,0.052
POL-48495831,CUST-409563,Umbrella,2018-12-13,583.71,4174000,0,1,0.047
POL-81527526,CUST-92672,Auto,2022-04-06,329.39,329000,3,1,0.159
POL-51846177,CUST-161472,Auto,2015-12-16,192.07,81000,3,1,0.102
POL-9754865,CUST-335940,RV,2023-03-31,644.91,61000,2,1,0.167
POL-13414490,CUST-999069,Auto,2019-02-11,323.64,499000,2,0,0.178
POL-29340542,CUST-266366,RV,2018-06-24,957.87,76000,1,1,0.19
POL-47754042,CUST-54580,Business,2021-04-15,1735.61,3422000,0,1,0.107
POL-68326999,CUST-577022,Health,2022-10-21,642.88,59000,0,1,0.111
POL-58551203,CUST-599828,Renters,2018-08-12,42.1,76000,0,1,0.224
POL-65147422,CUST-656805,Umbrella,2017-05-05,368.21,1004000,0,1,0.025
POL-56971876,CUST-800117,Auto,2023-10-01,173.83,371000,3,1,0.072
POL-86456474,CUST-946253,Health,2025-01-16,788.95,306000,0,1,0.079
POL-83373189,CUST-221101,Motorcycle,2017-12-02,128.24,36000,2,1,0.063
POL-35404362,CUST-304507,Business,2024-06-01,511.28,2967000,0,1,0.106
POL-15546247,CUST-253860,RV,2016-03-06,757.66,180000,1,1,0.013
POL-74427853,CUST-5199,Umbrella,2020-08-31,406.99,3108000,0,1,0.031
POL-60053039,CUST-818144,Life,2024-06-21,82.84,149000,0,1,0.147
POL-45984239,CUST-312937,Life,2018-10-17,98.92,975000,0,1,0.079
POL-64006673,CUST-904746,Boat,2019-07-14,666.41,494000,1,1,0.141
POL-98872578,CUST-937138,RV,2024-11-08,336.22,54000,1,1,0.097
POL-18320085,CUST-427249,Umbrella,2024-06-26,443.36,2958000,0,1,0.003
POL-28448890,CUST-245101,Auto,2016-04-11,98.99,329000,1,0,0.231
POL-82477940,CUST-759019,Boat,2021-11-10,325.78,291000,2,1,0.11
POL-7167272,CUST-107452,Health,2017-08-09,830.8,432000,0,1,0.061
POL-60603852,CUST-724679,Motorcycle,2021-10-18,120.39,40000,1,1,0.069
POL-81293269,CUST-862198,Health,2015-10-20,307.31,328000,0,1,0.144
POL-68102004,CUST-386130,Boat,2016-04-20,240.61,140000,1,1,0.24
POL-77959511,CUST-741917,Umbrella,2025-02-04,317.52,4911000,0,1,0.159
POL-38835846,CUST-299645,Life,2016-08-05,87.73,121000,0,1,0.242
POL-24397834,CUST-980378,Business,2025-04-05,1812.43,1747000,0,1,0.15
POL-95919070,CUST-475118,Auto,2015-10-06,236.01,112000,3,1,0.045
POL-78235393,CUST-846541,Business,2019-11-02,1396.96,405000,0,1,0.057
POL-54070291,CUST-792952,Life,2018-04-24,68.21,619000,0,1,0.17
POL-83721739,CUST-988378,Boat,2025-03-28,433.51,251000,1,0,0.097
POL-83816810,CUST-600535,Life,2022-08-26,172.27,599000,0,1,0.08
POL-88150338,CUST-310810,Home,2021-11-20,725.97,1738000,0,0,0.077
POL-86134135,CUST-634032,Health,2024-11-23,764.18,479000,0,0,0.138
POL-12033247,CUST-932342,RV,2023-04-03,622.79,126000,1,1,0.025
POL-39667716,CUST-152233,Health,2024-05-17,607.47,134000,0,1,0.142
POL-49147913,CUST-607418,Health,2024-08-07,833.64,409000,0,1,0.176
POL-85466762,CUST-998176,Life,2022-01-10,92.34,450000,0,1,0.042
POL-33312949,CUST-154069,Auto,2025-03-03,207.42,208000,3,1,0.138
POL-75878633,CUST-107944,Home,2021-02-10,255.72,1830000,0,1,0.019
POL-2855262,CUST-809814,Boat,2020-07-02,505.61,55000,2,1,0.112
POL-41552908,CUST-597144,Boat,2024-01-03,495.98,336000,1,0,0.196
POL-23504699,CUST-933798,RV,2018-10-20,686.87,85000,1,1,0.015
POL-14543144,CUST-193938,Life,2018-09-24,117.87,515000,0,1,0.109
POL-39517947,CUST-818443,Auto,2019-04-15,176.53,352000,2,1,0.209
POL-57696791,CUST-423847,Health,2017-11-23,617.65,248000,0,1,0.132
POL-75141628,CUST-983070,Home,2025-02-01,516.24,1449000,0,1,0.19
POL-54736553,CUST-652442,Boat,2016-06-04,597.43,117000,2,1,0.188
POL-74881217,CUST-495952,Boat,2015-11-19,238.49,237000,2,1,0.104
POL-53417821,CUST-671339,Renters,2018-02-17,39.43,22000,0,1,0.077
POL-61361861,CUST-800893,Health,2017-06-30,652.61,451000,0,1,0.111
POL-4096369,CUST-673118,Renters,2022-08-07,49.04,49000,0,1,0.237
POL-23342425,CUST-785673,RV,2023-01-05,672.29,274000,2,1,0.105
POL-41540622,CUST-588942,Business,2019-03-02,1646.89,507000,0,1,0.204
POL-69792383,CUST-636203,Umbrella,2019-05-17,579.31,4196000,0,0,0.205
POL-43725194,CUST-702699,Umbrella,2019-03-30,494.33,2998000,0,1,0.197
POL-87266969,CUST-255812,RV,2021-08-25,905.22,70000,2,1,0.072
POL-18592250,CUST-689186,Motorcycle,2024-05-05,89.33,15000,3,1,0.103
POL-2348712,CUST-876579,RV,2025-01-14,306.47,210000,1,1,0.052
POL-412348,CUST-940835,Home,2020-05-03,701.64,568000,0,1,0.081
POL-54689989,CUST-930383,Auto,2021-05-10,127.92,279000,3,1,0.107
POL-19120157,CUST-946076,Health,2017-07-01,1121.74,207000,0,1,0.225
POL-81873755,CUST-455237,Motorcycle,2025-02-15,54.33,42000,2,1,0.145
POL-4018464,CUST-575932,Health,2021-04-20,500.65,239000,0,1,0.192
POL-54523392,CUST-619196,Boat,2017-12-30,232.16,65000,2,1,0.218
POL-73081609,CUST-709418,Boat,2021-08-06,711.94,359000,1,1,0.134
POL-58270032,CUST-693023,Auto,2017-12-27,302.45,131000,2,0,0.249
POL-12549007,CUST-821665,Life,2020-01-08,106.2,446000,0,1,0.131
POL-51329407,CUST-600743,Motorcycle,2024-11-10,122.75,77000,4,1,0.116
POL-46267189,CUST-426691,Renters,2021-12-05,31.85,34000,0,0,0.249
POL-29075869,CUST-15658,Boat,2016-09-24,214.75,384000,2,1,0.07
POL-64683425,CUST-848027,RV,2025-01-18,830.2,247000,1,1,0.024
POL-13187264,CUST-704655,Health,2022-09-27,1118.01,468000,0,1,0.045
POL-25539836,CUST-846444,Business,2017-12-21,2402.84,857000,0,1,0.178
POL-42103387,CUST-599268,Life,2024-06-26,188.3,786000,0,1,0.128
POL-16131083,CUST-264168,Auto,2021-03-23,314.1,426000,4,1,0.06
POL-35842449,CUST-418036,Business,2018-10-05,1001.41,895000,0,0,0.09
POL-19992004,CUST-252288,Umbrella,2024-09-14,347.22,1270000,0,1,0.153
POL-41707179,CUST-891041,Umbrella,2025-06-28,415.51,3222000,0,1,0.229
POL-36493995,CUST-656451,Home,2024-02-26,282.9,108000,0,1,0.058
POL-3953262,CUST-872970,Motorcycle,2016-03-08,56.96,37000,2,1,0.108
POL-64212086,CUST-788878,Health,2018-04-15,526.38,209000,0,1,0.002
POL-131289,CUST-6829,Boat,2019-04-20,547.74,421000,2,1,0.025
POL-58283799,CUST-629557,RV,2024-03-27,708.95,164000,1,1,0.037
POL-52249121,CUST-65646,Umbrella,2022-02-20,223.87,2752000,0,1,0.135
POL-15674475,CUST-874208,RV,2016-06-06,519.61,127000,1,1,0.097
POL-67632223,CUST-211873,RV,2022-01-29,876.8,297000,1,1,0.144
POL-10900372,CUST-700779,Umbrella,2016-10-08,417.75,1743000,0,1,0.198
POL-82126467,CUST-351106,Renters,2018-10-13,28.83,97000,0,1,0.052
POL-6431196,CUST-991264,Motorcycle,2015-12-05,54.28,12000,3,1,0.026
POL-50357342,CUST-553451,Life,2016-08-14,155.24,985000,0,1,0.192
POL-82150325,CUST-679776,Health,2016-06-11,1144.68,418000,0,1,0.078
POL-10751435,CUST-307269,Auto,2020-03-30,219.2,450000,3,1,0.167
POL-99016491,CUST-337004,Renters,2016-09-26,34.98,93000,0,1,0.202
POL-60819005,CUST-427599,Health,2016-06-01,454.13,392000,0,1,0.215
POL-84495057,CUST-547155,Auto,2018-07-05,141.76,75000,1,1,0.172
POL-78176784,CUST-995542,Motorcycle,2018-10-29,79.45,59000,4,1,0.188
POL-86177608,CUST-431106,Life,2023-01-13,116.73,430000,0,1,0.077
POL-6751040,CUST-765435,Renters,2017-12-08,41.25,80000,0,1,0.113
POL-29596454,CUST-668470,Motorcycle,2021-10-04,48.27,85000,3,1,0.209
POL-36255095,CUST-17634,Auto,2020-04-02,218.09,301000,4,1,0.096
POL-59142981,CUST-464199,Motorcycle,2023-12-02,119.69,96000,1,1,0.097
POL-52443962,CUST-170196,Auto,2020-04-13,159.97,335000,1,1,0.111
POL-95873785,CUST-988734,Business,2016-06-25,1820.24,1771000,0,1,0.159
POL-18754310,CUST-761288,Home,2023-02-18,736.31,1608000,0,1,0.205
POL-55250204,CUST-704007,Renters,2022-05-09,24.71,13000,0,1,0.157
POL-80035643,CUST-143857,RV,2017-09-14,681.04,134000,2,1,0.055
POL-2612210,CUST-582446,Life,2021-05-09,184.11,501000,0,1,0.219
POL-66047752,CUST-760205,Renters,2017-01-22,20.35,38000,0,1,0.143
POL-51603116,CUST-967930,Umbrella,2023-07-24,306.43,2066000,0,1,0.003
POL-21605270,CUST-592887,Home,2016-04-21,660.18,1447000,0,0,0.172
POL-35372528,CUST-23839,Life,2016-08-18,132.9,443000,0,1,0.061
POL-70327598,CUST-707403,Auto,2022-04-02,347.43,360000,1,1,0.108
POL-35272295,CUST-70420,Home,2024-07-27,276.81,813000,0,1,0.056
POL-26634065,CUST-212511,Health,2018-10-25,976.2,312000,0,1,0.064
POL-31153693,CUST-93519,Business,2023-03-20,2020.71,3093000,0,1,0.203
POL-42171230,CUST-375263,Life,2017-10-01,123.51,888000,0,1,0.174
POL-27195004,CUST-361487,Renters,2018-05-29,41.38,86000,0,1,0.001
POL-14591250,CUST-489887,Life,2022-04-27,113.84,754000,0,0,0.018
POL-10623444,CUST-486806,Life,2024-10-04,33.32,665000,0,1,0.17
POL-27503499,CUST-890813,Life,2015-09-04,44.37,512000,0,1,0.137
POL-91004008,CUST-106594,Home,2018-04-15,780.53,431000,0,1,0.108
POL-80923515,CUST-171319,Umbrella,2016-10-30,585.94,4570000,0,1,0.014
POL-50979859,CUST-118090,Health,2015-07-02,1186.85,121000,0,1,0.23
POL-56626400,CUST-249532,Home,2019-03-21,262.18,1360000,0,1,0.014
POL-89876603,CUST-333191,Life,2024-03-23,88.94,828000,0,1,0.122
POL-62777350,CUST-519829,Business,2017-09-29,1294.87,1375000,0,1,0.06
POL-76965229,CUST-361722,Health,2024-10-13,705.83,198000,0,1,0.19
POL-16275807,CUST-199635,Health,2021-11-21,681.83,256000,0,1,0.053
POL-60061004,CUST-77946,Business,2019-03-17,1683.74,1395000,0,1,0.141
POL-39826179,CUST-322015,Umbrella,2024-10-07,494.95,1080000,0,1,0.246
POL-79531389,CUST-51573,RV,2019-12-30,587.62,117000,1,1,0.103
POL-77686096,CUST-338713,Health,2018-05-13,1029.49,360000,0,1,0.129
POL-18904718,CUST-906098,Auto,2016-04-21,169.83,55000,3,0,0.128
POL-39462227,CUST-535055,Boat,2022-03-23,596.47,200000,1,1,0.029
POL-12685755,CUST-452103,Life,2016-03-23,184.48,539000,0,1,0.026
POL-38219923,CUST-55469,Business,2020-03-06,603.97,2223000,0,1,0.118
POL-60631334,CUST-214843,Health,2019-07-08,768.0,413000,0,1,0.031
POL-13638593,CUST-417710,Renters,2019-10-01,44.89,11000,0,1,0.178
POL-71696670,CUST-113542,Umbrella,2023-06-30,357.79,3850000,0,1,0.172
POL-62170333,CUST-776907,RV,2017-11-26,577.29,227000,2,1,0.12
POL-89560316,CUST-538329,Renters,2023-12-29,35.96,63000,0,1,0.001
POL-25051514,CUST-78830,Life,2018-05-23,63.35,447000,0,1,0.192
POL-21673067,CUST-670105,Boat,2015-09-25,357.99,103000,1,1,0.136
POL-65978123,CUST-937706,Health,2017-01-23,636.36,362000,0,1,0.16
POL-24480241,CUST-107309,Umbrella,2024-08-13,536.08,1557000,0,1,0.17
POL-35044029,CUST-544656,Business,2018-10-13,1750.3,140000,0,1,0.145
POL-23034395,CUST-600330,Umbrella,2022-08-20,246.79,1076000,0,1,0.152
POL-45652489,CUST-770229,Umbrella,2024-10-13,393.26,2850000,0,1,0.172
POL-98143831,CUST-720140,Motorcycle,2023-11-07,80.25,48000,1,1,0.185
POL-31388763,CUST-794693,Motorcycle,2022-12-11,53.56,72000,1,1,0.037
POL-31088690,CUST-917224,RV,2022-09-28,346.94,139000,1,1,0.222
POL-32618852,CUST-919226,Life,2024-09-01,131.72,972000,0,0,0.058
POL-69162437,CUST-185825,Business,2017-06-13,940.43,1855000,0,0,0.191
POL-91473641,CUST-333910,Umbrella,2024-09-27,296.13,2538000,0,1,0.175
POL-3913380,CUST-354912,Motorcycle,2022-06-10,35.01,96000,3,1,0.15
POL-76829631,CUST-786716,RV,2019-05-22,885.68,281000,1,1,0.216
POL-99158107,CUST-24031,Home,2023-02-21,158.86,1399000,0,1,0.122
POL-94330812,CUST-617203,Renters,2023-11-17,30.94,53000,0,1,0.122
POL-96527098,CUST-667576,Boat,2024-10-04,713.73,44000,2,1,0.238
POL-54060403,CUST-713813,Auto,2022-10-14,235.5,244000,4,1,0.151
POL-60877634,CUST-501556,Umbrella,2017-07-08,529.15,2633000,0,0,0.084
POL-54044021,CUST-902723,Boat,2016-07-13,767.48,147000,2,1,0.232
POL-31668661,CUST-944046,Health,2023-12-09,973.31,182000,0,1,0.118
POL-69562011,CUST-817769,Motorcycle,2022-05-21,94.97,86000,1,0,0.13
POL-2075251,CUST-382820,Auto,2017-12-26,159.2,82000,4,0,0.078
POL-50481546,CUST-566881,Business,2015-07-13,1778.25,1900000,0,1,0.214
POL-11321601,CUST-690917,Life,2017-12-08,165.9,991000,0,1,0.165
POL-24219451,CUST-234784,RV,2018-05-27,619.42,169000,1,1,0.106
POL-44008731,CUST-706617,Business,2021-06-08,1676.39,3348000,0,1,0.116
POL-11568108,CUST-412464,Health,2018-03-15,610.18,212000,0,1,0.03
POL-1990737,CUST-815044,Renters,2021-09-20,33.83,53000,0,1,0.139
POL-72353357,CUST-469009,Motorcycle,2021-03-11,83.91,24000,2,1,0.202
POL-92173688,CUST-277776,Life,2017-04-11,121.11,120000,0,1,0.036
POL-76427842,CUST-157643,Business,2022-05-20,2180.13,1495000,0,1,0.19
POL-70174055,CUST-682939,Business,2016-09-24,1782.68,4580000,0,1,0.228
POL-9764779,CUST-598336,Life,2018-06-16,70.19,756000,0,1,0.156
POL-43941883,CUST-595451,Motorcycle,2017-11-08,33.1,79000,3,1,0.174
POL-61300688,CUST-791636,RV,2022-04-06,844.87,280000,2,1,0.178
POL-74829928,CUST-619323,Auto,2016-03-01,270.66,171000,2,1,0.104
POL-91517968,CUST-281560,Home,2024-07-31,470.73,873000,0,1,0.243
POL-57708398,CUST-653721,Auto,2019-06-30,213.12,90000,4,1,0.209
POL-38762628,CUST-821401,Renters,2024-09-16,34.16,23000,0,1,0.076
POL-2169801,CUST-999384,Auto,2024-10-17,95.96,410000,3,1,0.111
POL-17028750,CUST-935514,Motorcycle,2018-03-09,35.42,41000,1,1,0.106
POL-44410181,CUST-837167,Auto,2016-02-19,200.02,343000,4,1,0.103
POL-81224076,CUST-725397,Life,2016-01-26,55.88,639000,0,1,0.225
POL-88894223,CUST-882653,Renters,2019-05-27,20.39,37000,0,1,0.065
POL-58136525,CUST-754124,Business,2024-09-19,1922.36,4930000,0,1,0.15
POL-68096871,CUST-306045,Umbrella,2019-10-05,245.96,4576000,0,1,0.149
POL-40015306,CUST-925359,Health,2017-09-14,1012.45,264000,0,1,0.219
POL-98707033,CUST-639348,Renters,2021-03-28,30.59,58000,0,1,0.209
POL-74294997,CUST-660095,RV,2024-03-16,791.57,296000,1,0,0.121
POL-86875210,CUST-88095,Home,2016-08-13,737.18,1861000,0,1,0.047
POL-46543939,CUST-473813,Business,2020-04-26,1989.71,1299000,0,1,0.178
POL-68120181,CUST-480127,Auto,2024-10-10,294.95,388000,4,1,0.14
POL-93318950,CUST-686642,Health,2016-02-07,914.72,51000,0,1,0.027
POL-12303163,CUST-374276,Renters,2023-01-01,47.49,13000,0,1,0.241
POL-31578870,CUST-938681,Life,2018-07-16,86.28,882000,0,1,0.073
POL-53908997,CUST-469320,Health,2024-09-30,1100.38,264000,0,1,0.212
POL-64102579,CUST-205509,Boat,2022-02-19,411.27,277000,1,1,0.248
POL-88144370,CUST-195833,Boat,2024-08-31,545.39,395000,2,1,0.107
POL-82622134,CUST-473963,Umbrella,2015-12-09,203.71,4663000,0,1,0.074
POL-51062905,CUST-818149,Boat,2020-03-03,294.37,403000,1,1,0.053
POL-82412935,CUST-66564,RV,2016-10-26,740.35,178000,2,1,0.034
POL-66424119,CUST-640084,Life,2023-05-06,173.43,510000,0,1,0.185
POL-66098362,CUST-403150,Renters,2024-07-18,23.63,19000,0,1,0.246
POL-20121529,CUST-898654,Health,2024-09-17,774.55,217000,0,1,0.249
POL-58581283,CUST-530375,Renters,2025-04-08,46.0,27000,0,1,0.014
POL-96440771,CUST-886582,Renters,2023-12-14,28.44,71000,0,0,0.128
POL-17379520,CUST-335666,Auto,2018-02-10,264.15,254000,1,1,0.227
POL-77417359,CUST-205681,Umbrella,2024-04-10,484.01,3948000,0,1,0.166
POL-5124422,CUST-828928,Life,2023-11-24,93.75,118000,0,1,0.007
POL-42715309,CUST-714670,Business,2024-07-18,2241.7,4053000,0,1,0.216
POL-87862,CUST-417955,Life,2024-05-31,163.77,755000,0,1,0.203
POL-91581953,CUST-655569,Motorcycle,2018-08-30,76.07,67000,4,0,0.072
POL-49483515,CUST-54391,Auto,2019-07-14,167.57,411000,2,1,0.157
POL-4012808,CUST-695803,Home,2020-01-28,584.12,964000,0,0,0.069
POL-52365641,CUST-399443,Umbrella,2021-08-16,289.47,1699000,0,0,0.125
POL-92021340,CUST-478816,Motorcycle,2021-02-20,139.62,71000,1,1,0.222
POL-5142659,CUST-32122,Health,2025-03-05,1176.0,322000,0,1,0.083
POL-22537795,CUST-293178,Health,2017-08-13,386.79,167000,0,1,0.202
POL-23609865,CUST-816189,RV,2024-09-16,830.05,289000,2,1,0.083
POL-50268472,CUST-281356,Umbrella,2021-04-28,253.35,1462000,0,1,0.008
POL-24502256,CUST-979612,Auto,2019-10-07,348.08,207000,3,0,0.002
POL-52770835,CUST-483064,Life,2024-05-26,134.01,442000,0,1,0.1
POL-26321069,CUST-147172,Boat,2022-03-13,733.69,165000,2,1,0.193
POL-82059030,CUST-308453,Umbrella,2021-07-01,571.35,3461000,0,1,0.213
POL-85671339,CUST-258604,RV,2018-08-26,712.53,222000,1,0,0.079
POL-91741251,CUST-558579,Motorcycle,2017-10-04,101.6,62000,2,1,0.006
POL-36138454,CUST-827887,Motorcycle,2025-04-17,107.78,54000,3,1,0.022
POL-29822796,CUST-908373,Business,2022-02-24,2245.11,3847000,0,1,0.091
POL-73307318,CUST-945310,Business,2018-10-21,901.51,4470000,0,1,0.084
POL-13838198,CUST-356710,Home,2025-03-26,684.58,462000,0,1,0.049
POL-22068284,CUST-273393,Renters,2022-05-19,43.25,54000,0,1,0.005
POL-91867908,CUST-713586,Home,2016-11-05,537.09,1133000,0,1,0.04
POL-25045268,CUST-558933,Health,2021-01-26,1137.92,269000,0,1,0.099
POL-96961683,CUST-977441,Motorcycle,2021-03-29,39.23,29000,4,1,0.062
POL-23877142,CUST-958350,Life,2023-09-19,47.31,758000,0,1,0.226
POL-52220968,CUST-175824,Boat,2021-05-02,223.48,380000,1,0,0.001
POL-23066281,CUST-423259,Renters,2025-04-13,33.48,24000,0,1,0.18
POL-93227322,CUST-233067,Home,2019-04-07,530.8,1222000,0,1,0.194
POL-71100622,CUST-637468,RV,2021-05-02,720.76,223000,2,1,0.192
POL-13719833,CUST-234412,Renters,2021-10-15,34.38,95000,0,1,0.183
POL-14255348,CUST-587132,Home,2024-01-28,666.65,1975000,0,1,0.027
POL-49557403,CUST-383573,Business,2022-02-23,999.48,219000,0,1,0.005
POL-86680604,CUST-513416,RV,2015-12-06,679.29,205000,1,1,0.164
POL-35279042,CUST-405042,RV,2024-04-27,329.26,82000,2,1,0.054
POL-43537057,CUST-16391,Auto,2024-12-30,171.78,42000,1,1,0.223
POL-65467163,CUST-810552,Umbrella,2020-12-11,350.66,4980000,0,1,0.085
POL-35125720,CUST-235097,RV,2020-05-19,804.46,222000,2,1,0.148
POL-26059652,CUST-321513,Auto,2015-08-16,251.39,80000,2,0,0.024
POL-90654238,CUST-937287,Motorcycle,2017-07-14,98.21,65000,1,1,0.24
POL-77438875,CUST-78129,Home,2024-03-17,212.53,1946000,0,1,0.108
POL-64587898,CUST-628098,Boat,2017-06-02,697.68,432000,2,1,0.029
POL-22121080,CUST-49167,Umbrella,2023-09-25,426.39,4624000,0,1,0.194
POL-70000261,CUST-873489,Auto,2018-11-18,203.4,449000,3,1,0.206
POL-78111625,CUST-247482,Renters,2021-03-03,35.47,52000,0,1,0.212
POL-5058739,CUST-90188,Motorcycle,2020-01-27,30.54,86000,2,1,0.056
POL-28210669,CUST-413695,Renters,2021-09-09,41.08,58000,0,1,0.172
POL-11838977,CUST-341045,Boat,2020-09-22,629.26,482000,1,1,0.098
POL-60891460,CUST-112745,Boat,2020-06-27,710.37,294000,1,1,0.071
POL-43992027,CUST-212123,Business,2021-01-19,1747.24,581000,0,1,0.232
POL-29071005,CUST-764341,Business,2017-04-26,1850.82,3423000,0,1,0.025
POL-49138468,CUST-649466,Renters,2018-06-12,27.31,79000,0,1,0.219
POL-56302151,CUST-498970,Business,2019-02-21,2255.02,1694000,0,1,0.033
POL-13069839,CUST-249717,Life,2024-06-01,173.23,74000,0,1,0.037
POL-60039194,CUST-892924,Renters,2022-09-29,46.27,82000,0,0,0.096
POL-6146121,CUST-16836,Home,2020-11-21,741.8,967000,0,1,0.054
POL-20090581,CUST-730989,Business,2020-01-06,1228.15,3145000,0,1,0.08
POL-38047880,CUST-996552,Motorcycle,2017-05-07,44.23,12000,3,1,0.05
POL-4723415,CUST-814044,Health,2016-12-22,512.29,69000,0,1,0.092
POL-23800125,CUST-478814,Renters,2021-07-06,44.41,99000,0,1,0.129
POL-82640373,CUST-554919,Umbrella,2022-01-03,425.84,4892000,0,1,0.147
POL-93426124,CUST-620478,Auto,2017-07-27,197.01,226000,3,1,0.049
POL-63469914,CUST-588760,Umbrella,2024-05-27,465.72,3508000,0,1,0.036
POL-81211357,CUST-768083,Boat,2016-07-07,461.35,111000,1,1,0.135
POL-64157929,CUST-7053,Home,2017-09-24,664.34,1086000,0,1,0.226
POL-48450800,CUST-136079,Home,2020-02-12,472.7,1386000,0,1,0.176
POL-69022241,CUST-552372,Umbrella,2019-06-29,586.1,3662000,0,0,0.209
POL-46750216,CUST-421730,Auto,2024-12-25,123.47,436000,2,1,0.004
POL-18367664,CUST-980600,Boat,2018-04-06,498.28,380000,1,1,0.141
POL-74813845,CUST-848400,Umbrella,2021-02-14,547.02,1074000,0,1,0.097
POL-55845729,CUST-61204,Business,2022-10-11,1072.53,3915000,0,1,0.091
POL-78325053,CUST-531040,Health,2021-01-05,477.57,490000,0,1,0.174
POL-60368405,CUST-565093,Business,2022-07-24,646.45,1920000,0,1,0.06
POL-37518966,CUST-313157,Home,2023-01-06,678.89,1004000,0,1,0.187
POL-18551448,CUST-516645,Boat,2018-05-06,714.05,359000,1,1,0.106
POL-68479007,CUST-353669,Boat,2021-03-29,775.82,160000,2,1,0.159
POL-72658694,CUST-662880,Auto,2020-04-01,272.36,76000,1,1,0.015
POL-98366535,CUST-616899,Auto,2021-04-08,228.85,292000,3,1,0.117
POL-48816297,CUST-835298,RV,2022-09-02,421.39,55000,1,1,0.112
POL-95653773,CUST-882456,Boat,2020-11-21,671.51,420000,2,1,0.047
POL-23860571,CUST-526417,Renters,2020-05-23,19.99,53000,0,1,0.056
POL-40874896,CUST-644226,Business,2017-09-07,759.34,2312000,0,1,0.221
POL-11137101,CUST-851881,Boat,2017-07-06,486.14,429000,1,1,0.063
POL-44599850,CUST-26629,Boat,2022-10-11,604.67,50000,1,0,0.165
POL-839874,CUST-925357,RV,2017-10-22,667.88,140000,1,1,0.234
POL-5754576,CUST-163518,Renters,2016-02-29,33.42,67000,0,0,0.057
POL-49996586,CUST-670213,Motorcycle,2020-09-17,52.75,40000,4,1,0.134
POL-78696058,CUST-678785,RV,2019-05-26,882.53,279000,2,1,0.196
POL-9764093,CUST-247905,Renters,2019-06-11,31.17,92000,0,1,0.147
POL-86255089,CUST-919990,RV,2017-09-21,472.61,224000,2,1,0.119
POL-43752119,CUST-910672,Motorcycle,2017-06-18,99.15,42000,2,1,0.06
POL-9293581,CUST-218464,Auto,2020-11-22,120.56,191000,3,1,0.213
POL-43483402,CUST-356442,Boat,2015-08-03,555.23,177000,2,1,0.111
POL-4535123,CUST-547133,Boat,2023-09-01,515.2,441000,1,1,0.19
POL-85015904,CUST-663753,RV,2018-12-19,851.18,106000,2,1,0.02
POL-74564128,CUST-774011,Health,2022-09-26,1069.73,221000,0,1,0.073
POL-91535811,CUST-105244,Umbrella,2018-08-04,591.26,3457000,0,1,0.243
POL-40703194,CUST-298176,Home,2020-04-28,598.64,803000,0,1,0.043
POL-70436375,CUST-646875,Umbrella,2024-05-02,584.49,1217000,0,1,0.07
POL-51784641,CUST-614920,Health,2022-01-04,694.33,349000,0,1,0.1
POL-19337067,CUST-523852,Health,2023-11-03,705.18,460000,0,1,0.221
POL-56783807,CUST-470815,Umbrella,2019-04-09,316.82,3360000,0,0,0.219
POL-96550969,CUST-995578,Boat,2022-12-30,542.12,396000,2,1,0.158
POL-86321540,CUST-433354,Life,2020-06-21,28.56,627000,0,1,0.031
POL-854347,CUST-136038,Auto,2018-01-15,106.3,159000,2,1,0.102
POL-69164276,CUST-774633,Motorcycle,2021-09-22,101.54,62000,2,1,0.08
POL-49504107,CUST-301898,Umbrella,2018-05-07,434.47,1452000,0,1,0.146
POL-9340643,CUST-551370,Auto,2019-01-19,232.57,233000,4,1,0.174
POL-23202743,CUST-741936,Auto,2019-03-18,259.23,29000,1,1,0.158
POL-14208449,CUST-772848,Umbrella,2024-09-26,405.94,3029000,0,0,0.068
POL-25558238,CUST-876964,Life,2017-10-07,109.66,756000,0,1,0.073
POL-16951084,CUST-209905,Business,2016-07-24,2417.21,3653000,0,1,0.165
POL-86590284,CUST-7428,Business,2017-12-05,1094.82,4431000,0,1,0.011
POL-83760970,CUST-97102,Umbrella,2020-09-05,245.99,1521000,0,1,0.039
POL-50621065,CUST-774159,Umbrella,2016-06-30,225.58,3737000,0,1,0.228
POL-12059594,CUST-544830,Health,2015-08-19,958.87,173000,0,1,0.236
POL-55749749,CUST-275136,Boat,2019-08-28,423.88,260000,2,1,0.053
POL-21495076,CUST-213864,Life,2023-10-27,92.9,923000,0,1,0.133
POL-62167784,CUST-361766,Boat,2024-11-23,393.6,133000,1,1,0.177
POL-71472700,CUST-173077,Business,2015-11-27,1375.21,873000,0,1,0.118
POL-54227365,CUST-543876,Boat,2023-07-08,245.01,494000,1,1,0.007
POL-89275902,CUST-478179,Motorcycle,2016-12-22,40.24,97000,1,1,0.066
POL-24248472,CUST-943562,Motorcycle,2018-07-03,77.16,64000,4,1,0.068
POL-64435190,CUST-486813,Life,2021-06-13,163.89,992000,0,0,0.023
POL-34942332,CUST-783104,Home,2020-12-13,625.49,457000,0,1,0.058
POL-75435906,CUST-658227,Motorcycle,2021-09-02,80.78,96000,2,1,0.184
POL-64939013,CUST-142256,Health,2020-01-05,353.64,447000,0,1,0.233
POL-20770855,CUST-904646,Business,2021-12-09,1243.43,1311000,0,1,0.081
POL-4388084,CUST-341242,Boat,2025-03-18,636.59,491000,2,1,0.08
POL-83028632,CUST-94617,Auto,2017-12-01,208.13,319000,1,1,0.165
POL-89896917,CUST-777939,Life,2024-03-08,116.45,285000,0,1,0.074
POL-51326574,CUST-943352,Boat,2023-03-18,704.68,166000,2,1,0.241
POL-32358410,CUST-764995,Home,2024-11-30,228.39,895000,0,1,0.152
POL-52679863,CUST-55675,Business,2017-03-26,909.22,3496000,0,1,0.059
POL-24380986,CUST-753180,Business,2024-11-02,1289.72,3803000,0,1,0.175
POL-16230918,CUST-676772,Renters,2022-12-21,22.8,15000,0,1,0.016
POL-23561787,CUST-66397,Business,2023-06-20,2173.68,3399000,0,1,0.1
POL-92272385,CUST-225515,Auto,2023-04-09,96.65,231000,2,1,0.178
POL-59444804,CUST-825451,Home,2018-11-13,654.78,213000,0,1,0.019
POL-75763872,CUST-687232,Renters,2019-03-11,16.98,77000,0,1,0.185
POL-24984420,CUST-878560,Auto,2025-05-27,315.2,465000,1,1,0.185
POL-43731170,CUST-190619,Umbrella,2015-12-28,506.06,4741000,0,1,0.218
POL-20829470,CUST-604659,Boat,2018-06-06,649.17,377000,1,1,0.091
POL-82518294,CUST-224498,Life,2025-02-19,109.48,709000,0,1,0.191
POL-22977078,CUST-105706,Business,2022-07-02,1133.81,4664000,0,1,0.115
POL-43883117,CUST-689173,Auto,2022-10-04,170.35,181000,1,1,0.246
POL-10115033,CUST-671463,Business,2025-06-13,2339.87,3323000,0,1,0.15
POL-31711899,CUST-580005,Home,2020-08-26,327.96,1576000,0,1,0.243
POL-19310301,CUST-247940,Boat,2024-11-10,205.68,369000,1,1,0.054
POL-43634520,CUST-685055,Home,2018-04-29,248.5,370000,0,1,0.143
POL-94283960,CUST-256399,Boat,2021-09-05,689.22,246000,1,1,0.062
POL-72499525,CUST-213056,RV,2025-04-27,891.01,125000,1,1,0.121
POL-74617558,CUST-985342,Life,2020-12-09,154.82,121000,0,1,0.043
POL-35806372,CUST-438174,Umbrella,2020-09-25,225.25,3476000,0,1,0.103
POL-65646323,CUST-759993,Home,2017-07-28,431.04,1498000,0,0,0.091
POL-98933891,CUST-779784,RV,2023-05-16,720.02,91000,1,1,0.09
POL-29375700,CUST-169409,Life,2023-11-19,145.89,389000,0,1,0.167
POL-38902041,CUST-259140,Motorcycle,2022-03-07,53.4,97000,2,1,0.137
POL-76644190,CUST-348781,Life,2015-10-29,131.46,284000,0,1,0.089
POL-34077377,CUST-605666,Life,2019-12-08,120.05,510000,0,1,0.124
POL-82035598,CUST-750246,Umbrella,2023-12-20,490.48,1813000,0,1,0.226
POL-24220993,CUST-936663,Motorcycle,2017-06-22,66.04,31000,4,1,0.077
POL-81014816,CUST-864937,Boat,2023-02-04,359.65,170000,2,1,0.114
POL-58894202,CUST-2818,Life,2025-05-26,181.95,307000,0,1,0.002
POL-76644122,CUST-182798,Home,2018-09-02,799.1,841000,0,1,0.012
POL-9379467,CUST-169963,RV,2022-12-24,334.38,192000,2,1,0.185
POL-44440795,CUST-258462,Umbrella,2016-06-08,500.07,4134000,0,1,0.136
POL-70732751,CUST-954899,Auto,2023-06-19,166.42,31000,1,1,0.226
POL-96470954,CUST-117978,RV,2023-12-17,922.76,266000,2,1,0.123
POL-65810642,CUST-742306,Renters,2019-02-20,23.88,67000,0,1,0.053
POL-18559005,CUST-607732,RV,2021-01-20,867.92,241000,2,1,0.208
POL-69651607,CUST-254832,Renters,2024-12-28,28.6,53000,0,1,0.055
POL-20030597,CUST-29442,Renters,2017-09-18,43.6,68000,0,1,0.144
POL-18081314,CUST-831765,Health,2017-03-03,398.63,301000,0,1,0.215
POL-53302112,CUST-764624,Life,2021-09-09,163.81,776000,0,1,0.223
POL-73548560,CUST-197594,RV,2016-06-01,380.11,292000,1,1,0.045
POL-5054251,CUST-926282,Boat,2018-06-10,374.1,313000,2,1,0.247
POL-35609515,CUST-797962,Auto,2016-04-01,167.25,111000,1,1,0.002
POL-65625144,CUST-636045,Auto,2024-12-02,148.17,93000,4,1,0.12
POL-69608534,CUST-527916,Business,2023-06-01,1354.13,738000,0,1,0.237
POL-76359325,CUST-459664,Boat,2024-02-06,470.54,240000,2,1,0.133
POL-91750876,CUST-220815,Umbrella,2021-06-08,432.24,3544000,0,1,0.11
POL-89569919,CUST-539318,Renters,2021-10-28,31.96,40000,0,1,0.091
POL-24784136,CUST-248298,Business,2021-07-28,1382.44,4535000,0,1,0.131
POL-52928192,CUST-969201,Renters,2024-08-05,32.71,88000,0,1,0.087
POL-5427468,CUST-211807,Umbrella,2016-07-12,381.07,2027000,0,1,0.158
POL-37330001,CUST-316778,RV,2015-10-15,477.22,119000,2,0,0.181
POL-52056495,CUST-676758,Motorcycle,2019-07-07,37.74,67000,2,1,0.08
POL-76861917,CUST-896727,Umbrella,2016-11-20,391.56,3003000,0,1,0.069
POL-43048207,CUST-114798,Boat,2025-04-03,584.13,67000,1,1,0.069
POL-8913189,CUST-363737,Boat,2023-04-28,466.63,226000,1,1,0.229
POL-28192623,CUST-914365,Home,2018-04-07,749.44,1685000,0,1,0.13
POL-12558651,CUST-23950,Umbrella,2025-03-14,349.33,3486000,0,1,0.134
POL-86290143,CUST-605225,Health,2018-01-12,326.83,148000,0,1,0.01
POL-97947647,CUST-987577,Auto,2018-05-05,327.9,195000,1,1,0.088
POL-46740994,CUST-696263,Home,2025-06-23,406.71,896000,0,1,0.091
POL-12411792,CUST-317499,Auto,2015-11-26,167.08,322000,1,1,0.069
POL-64151878,CUST-290648,Life,2018-11-16,75.83,182000,0,1,0.185
POL-25884060,CUST-59442,Boat,2024-03-11,261.89,96000,1,1,0.062
POL-659341,CUST-604555,Auto,2018-10-31,289.19,425000,4,1,0.051
POL-63095299,CUST-86662,Health,2022-07-25,1076.78,243000,0,1,0.118
POL-92177182,CUST-622314,Business,2019-01-27,1841.09,269000,0,1,0.249
POL-12472749,CUST-638265,Life,2023-12-31,113.16,816000,0,1,0.149
POL-19486273,CUST-417143,Auto,2017-06-14,221.84,319000,4,1,0.081
POL-84998837,CUST-158263,Boat,2016-04-25,502.55,476000,1,1,0.197
POL-15510146,CUST-217312,Health,2018-01-28,665.07,273000,0,1,0.147
POL-15848323,CUST-908833,Boat,2018-03-04,473.39,330000,1,1,0.211
POL-55044235,CUST-489216,Motorcycle,2023-04-29,33.27,75000,4,1,0.081
POL-7181113,CUST-120760,Umbrella,2017-11-13,590.43,4318000,0,1,0.014
POL-15560384,CUST-118184,Renters,2017-01-04,24.71,58000,0,1,0.111
POL-54048981,CUST-109581,Life,2022-01-01,130.11,215000,0,0,0.224
POL-24254080,CUST-43884,Auto,2017-09-11,265.29,34000,4,1,0.178
POL-82880515,CUST-756726,Life,2017-07-20,95.83,205000,0,1,0.04
POL-59927008,CUST-142592,Renters,2016-01-14,28.5,12000,0,1,0.076
POL-88814242,CUST-778651,Home,2021-04-29,616.49,992000,0,1,0.017
POL-58738639,CUST-977694,Boat,2024-06-30,391.69,331000,2,1,0.2
POL-26568577,CUST-970439,Umbrella,2019-09-22,421.45,4006000,0,1,0.197
POL-4969146,CUST-307874,RV,2019-02-19,622.25,59000,2,1,0.082
POL-25829473,CUST-452406,Umbrella,2025-03-22,505.93,3897000,0,1,0.001
POL-45273409,CUST-218525,Health,2021-12-18,941.65,228000,0,1,0.119
POL-1799734,CUST-692413,Motorcycle,2024-08-12,92.59,91000,3,1,0.113
POL-61115136,CUST-682231,Auto,2018-07-15,174.28,443000,2,1,0.102
POL-69926458,CUST-108663,Motorcycle,2020-08-15,83.81,18000,2,1,0.079
POL-37855437,CUST-184693,RV,2018-01-14,469.63,168000,1,1,0.046
POL-12093079,CUST-298267,RV,2017-03-15,955.81,109000,2,1,0.204
POL-74945381,CUST-716221,Life,2015-11-18,44.54,810000,0,1,0.078
POL-83932840,CUST-550309,Health,2022-03-18,673.13,301000,0,1,0.218
POL-45252261,CUST-901611,Motorcycle,2017-11-19,112.62,84000,1,1,0.132
POL-77367064,CUST-697222,RV,2015-08-23,451.03,157000,2,1,0.125
POL-18070303,CUST-157420,Motorcycle,2021-01-18,123.4,78000,1,1,0.04
POL-50409083,CUST-135064,RV,2020-05-15,576.27,138000,2,1,0.1
POL-79376527,CUST-203060,Boat,2015-10-14,422.84,208000,2,1,0.061
POL-46972893,CUST-756625,Umbrella,2021-09-24,316.24,4401000,0,1,0.236
POL-8860728,CUST-849833,Boat,2021-12-19,488.83,370000,1,1,0.003
POL-28805562,CUST-750437,Auto,2015-07-07,128.29,386000,1,1,0.135
POL-80020978,CUST-362009,Umbrella,2025-03-03,522.37,3217000,0,1,0.053
POL-93222343,CUST-611800,Boat,2017-09-03,502.31,421000,2,1,0.157
POL-2293584,CUST-814075,Auto,2023-12-10,222.13,105000,3,0,0.004
POL-30717503,CUST-475774,Renters,2017-02-22,18.0,18000,0,1,0.184
POL-19042679,CUST-288842,Renters,2017-07-06,35.29,25000,0,1,0.003
POL-56889810,CUST-980595,Home,2018-09-27,399.69,1527000,0,1,0.021
POL-73778810,CUST-342505,Umbrella,2021-08-07,451.87,2832000,0,1,0.162
POL-49216380,CUST-406185,Auto,2024-09-03,270.25,256000,3,1,0.01
POL-17493080,CUST-222311,Renters,2020-09-18,26.75,49000,0,1,0.16
POL-34810342,CUST-987247,Business,2015-12-15,775.56,4106000,0,1,0.219
POL-99676178,CUST-816338,Business,2016-10-07,1745.94,412000,0,0,0.096
POL-3442087,CUST-147687,Business,2018-02-24,2079.27,2130000,0,1,0.162
POL-7222980,CUST-442981,RV,2023-09-10,961.8,291000,1,1,0.098
POL-48563004,CUST-644089,RV,2017-08-02,452.27,127000,2,1,0.041
POL-64331966,CUST-242018,Umbrella,2018-04-01,330.08,3139000,0,0,0.024
POL-66418594,CUST-291431,Auto,2024-12-23,221.47,141000,2,1,0.196
POL-22327365,CUST-628167,Renters,2016-07-08,45.49,98000,0,1,0.068
POL-59473831,CUST-753759,Business,2016-07-16,1761.34,3514000,0,1,0.062
POL-57877622,CUST-446901,Business,2016-12-11,570.44,441000,0,1,0.065
POL-55343491,CUST-239286,Health,2015-11-16,791.7,422000,0,1,0.068
POL-16976230,CUST-901786,RV,2017-09-14,907.45,193000,2,1,0.041
POL-71275948,CUST-681673,Umbrella,2020-04-12,241.8,1043000,0,1,0.094
POL-45954851,CUST-334952,Boat,2017-04-25,230.56,329000,2,1,0.124
POL-21286722,CUST-867977,Auto,2019-12-08,337.15,288000,1,1,0.242
POL-29774445,CUST-735262,RV,2015-08-16,937.72,77000,1,1,0.057
POL-4346370,CUST-261826,RV,2020-05-07,505.84,208000,1,1,0.137
POL-16736237,CUST-17679,Umbrella,2016-06-28,221.86,2598000,0,1,0.065
POL-54430657,CUST-520499,Motorcycle,2021-09-02,76.21,30000,3,1,0.028
POL-85877694,CUST-473404,Umbrella,2025-02-04,287.61,1453000,0,1,0.101
POL-56799483,CUST-936422,RV,2021-10-06,616.7,95000,1,1,0.236
POL-83605083,CUST-68034,Business,2020-09-26,1209.31,4279000,0,1,0.16
POL-59433256,CUST-618788,Renters,2021-10-20,32.09,58000,0,1,0.015
POL-49924941,CUST-298889,Business,2021-05-31,1795.12,3886000,0,1,0.226
POL-23150209,CUST-991711,Health,2022-09-22,289.55,227000,0,1,0.024
POL-33726394,CUST-502867,Motorcycle,2019-09-06,34.42,46000,2,1,0.236
POL-18368925,CUST-877417,Home,2017-04-21,285.54,1715000,0,1,0.022
POL-61974482,CUST-455275,Motorcycle,2019-10-07,69.96,45000,3,1,0.092
POL-14839143,CUST-46266,Motorcycle,2015-07-16,61.35,55000,2,1,0.198
POL-7972328,CUST-806519,Business,2024-12-07,1071.61,3196000,0,1,0.165
POL-69012477,CUST-128594,Business,2017-07-05,2096.32,1061000,0,1,0.233
POL-27812524,CUST-27939,Boat,2016-02-25,534.62,158000,2,1,0.034
POL-74335596,CUST-241016,Business,2022-07-06,878.7,4693000,0,1,0.111
POL-60307484,CUST-418002,Business,2017-03-14,1284.35,2829000,0,1,0.078
POL-12077003,CUST-512737,Life,2020-03-11,167.93,753000,0,1,0.176
POL-56882181,CUST-541358,Boat,2018-03-31,368.79,379000,1,1,0.065
POL-73064458,CUST-13766,Renters,2016-03-20,15.12,32000,0,1,0.031
POL-13076608,CUST-851796,Umbrella,2024-04-14,276.51,1650000,0,1,0.085
POL-60097492,CUST-112619,Home,2021-09-21,489.89,401000,0,1,0.108
POL-79557206,CUST-31962,Life,2018-01-05,170.45,268000,0,1,0.235
POL-45998964,CUST-738516,Umbrella,2017-05-02,337.87,4534000,0,1,0.167
POL-62203922,CUST-88536,Renters,2016-07-11,47.54,92000,0,1,0.035
POL-68231337,CUST-44512,Boat,2018-10-26,403.56,218000,2,0,0.126
POL-60795682,CUST-106604,Auto,2022-06-11,217.85,169000,2,1,0.11
POL-7232064,CUST-484385,Boat,2019-09-08,243.09,230000,1,1,0.008
POL-44578981,CUST-83579,Life,2019-05-24,139.9,272000,0,1,0.234
POL-38617836,CUST-378662,Health,2016-04-22,351.45,296000,0,1,0.062
POL-36983398,CUST-515934,Life,2024-07-09,178.72,181000,0,1,0.229
POL-26775702,CUST-839937,Motorcycle,2020-08-07,82.68,67000,3,0,0.198
POL-23485502,CUST-119753,Home,2022-04-23,506.44,1871000,0,1,0.096
POL-3327277,CUST-18276,Boat,2018-11-02,584.1,265000,2,1,0.038
POL-58397609,CUST-190553,Business,2025-02-08,1079.06,1726000,0,1,0.05
POL-71362450,CUST-901150,Boat,2021-06-06,407.95,489000,2,1,0.217
POL-90780325,CUST-372594,Motorcycle,2024-06-23,79.06,44000,1,0,0.083
POL-57164456,CUST-737576,Motorcycle,2023-02-04,107.9,68000,2,1,0.008
POL-80015279,CUST-266087,Home,2022-10-19,377.78,1992000,0,1,0.194
POL-3984125,CUST-214498,Home,2023-12-08,438.56,1352000,0,1,0.061
POL-75330755,CUST-5732,Auto,2017-07-17,327.09,316000,2,1,0.025
POL-26704602,CUST-703647,Umbrella,2021-03-03,518.2,3788000,0,0,0.182
POL-81465153,CUST-422135,RV,2018-11-26,311.01,154000,2,1,0.204
POL-58985501,CUST-966754,Life,2018-02-26,68.67,192000,0,1,0.217
POL-58716883,CUST-932851,Business,2019-10-26,944.16,4533000,0,1,0.184
POL-58627491,CUST-863180,Business,2022-03-10,1788.9,3165000,0,0,0.018
POL-10594263,CUST-370392,Umbrella,2018-01-10,310.41,4713000,0,1,0.06
POL-8599940,CUST-550099,Boat,2025-06-12,526.51,74000,2,1,0.065
POL-18551845,CUST-733455,Home,2019-08-02,702.18,1316000,0,1,0.005
POL-2547533,CUST-33643,Motorcycle,2023-07-29,122.99,12000,4,1,0.059
POL-35702503,CUST-422559,Motorcycle,2016-06-21,72.39,48000,4,1,0.035
POL-57118172,CUST-105032,Life,2022-07-20,166.7,376000,0,1,0.124
POL-44336376,CUST-657286,Business,2020-10-11,763.65,2926000,0,1,0.195
POL-9101470,CUST-833726,Life,2015-12-01,177.04,987000,0,1,0.16
POL-6788404,CUST-468641,Health,2017-06-22,537.35,268000,0,1,0.015
POL-89461018,CUST-490061,Renters,2023-10-03,16.16,52000,0,1,0.211
POL-33865364,CUST-39165,Business,2017-08-10,1492.84,248000,0,1,0.177
POL-87926462,CUST-275454,RV,2015-10-30,345.01,198000,2,1,0.046
POL-31668937,CUST-570297,Motorcycle,2025-06-15,93.72,65000,3,1,0.133
POL-9119383,CUST-860406,Motorcycle,2024-11-19,96.28,61000,2,1,0.01
POL-93943535,CUST-899594,Health,2025-01-25,671.04,153000,0,1,0.171
POL-77063639,CUST-3173,Boat,2020-01-29,249.65,172000,1,1,0.049
POL-33459207,CUST-700144,Auto,2020-11-07,242.75,106000,1,0,0.085
POL-42502178,CUST-822563,Motorcycle,2016-08-11,51.25,15000,4,1,0.044
POL-5676997,CUST-267933,Renters,2018-06-03,32.24,77000,0,1,0.223
POL-5086557,CUST-847073,Boat,2024-01-12,574.22,401000,1,1,0.042
POL-86783043,CUST-870455,Health,2020-07-22,732.95,223000,0,0,0.038
POL-53016030,CUST-821376,Health,2023-12-12,372.92,351000,0,1,0.17
POL-66145774,CUST-669915,Umbrella,2024-06-30,302.37,1470000,0,1,0.168
POL-86976700,CUST-68281,Health,2019-04-19,750.67,493000,0,1,0.122
POL-62176061,CUST-618992,Umbrella,2018-11-15,316.66,3688000,0,1,0.134
POL-91960043,CUST-126120,Renters,2022-12-17,27.64,45000,0,1,0.013
POL-51300867,CUST-632277,Boat,2022-07-19,688.39,461000,1,1,0.067
POL-39274257,CUST-107012,Motorcycle,2024-12-17,56.0,64000,2,1,0.088
POL-51271711,CUST-104413,Umbrella,2022-06-26,459.33,2175000,0,1,0.084
POL-29029091,CUST-508512,Health,2018-01-07,739.66,239000,0,1,0.219
POL-6590650,CUST-508581,Boat,2020-05-15,648.61,41000,1,1,0.029
POL-76640725,CUST-279103,Life,2023-08-28,41.62,972000,0,1,0.057
POL-31312845,CUST-871279,Umbrella,2019-09-19,596.55,3964000,0,1,0.071
POL-43260996,CUST-458116,Health,2018-06-16,436.48,473000,0,1,0.168
POL-28311272,CUST-772766,Business,2018-08-10,1341.05,254000,0,1,0.021
POL-89889840,CUST-619682,Motorcycle,2024-04-05,33.72,91000,2,0,0.23
POL-78230673,CUST-596076,Umbrella,2020-05-30,274.24,4562000,0,0,0.042
POL-81946119,CUST-467736,Life,2017-06-06,166.65,452000,0,1,0.142
POL-8991996,CUST-746048,Home,2015-09-29,792.78,1659000,0,1,0.19
POL-22165081,CUST-926338,Motorcycle,2019-12-27,130.55,40000,2,1,0.024
POL-88626958,CUST-146346,Auto,2022-10-27,324.12,107000,2,1,0.016
POL-28768529,CUST-489966,Home,2015-12-10,583.77,354000,0,1,0.146
POL-69198801,CUST-483122,Umbrella,2016-05-11,386.04,4097000,0,1,0.084
POL-23022123,CUST-110825,Home,2024-09-08,522.61,1436000,0,1,0.007
POL-55128847,CUST-57590,Home,2017-01-03,518.61,1588000,0,1,0.21
POL-88685162,CUST-697678,Umbrella,2018-03-10,365.23,2850000,0,1,0.058
POL-84667848,CUST-842268,Umbrella,2015-12-17,262.92,2750000,0,0,0.091
POL-12761159,CUST-890890,Umbrella,2019-11-28,234.81,4354000,0,1,0.09
POL-11232457,CUST-246636,Renters,2024-10-11,18.83,95000,0,0,0.038
POL-91851386,CUST-735908,Life,2021-10-11,166.1,603000,0,1,0.094
POL-68847686,CUST-624399,Home,2025-03-20,138.03,969000,0,1,0.106
POL-78478843,CUST-470370,Life,2024-01-28,76.6,226000,0,0,0.092
POL-15026574,CUST-87556,Boat,2017-12-26,464.18,176000,1,1,0.145
POL-3008243,CUST-766463,Umbrella,2023-01-20,388.33,3090000,0,1,0.038
POL-67598694,CUST-656367,Boat,2024-08-20,718.25,352000,2,1,0.169
POL-38891821,CUST-972872,Umbrella,2025-06-28,265.29,1512000,0,1,0.116
POL-4098443,CUST-854923,RV,2024-02-20,737.11,289000,1,1,0.182
POL-73365847,CUST-973157,Health,2016-09-10,298.63,106000,0,1,0.239
POL-34901404,CUST-318886,Home,2022-04-13,146.68,441000,0,1,0.029
POL-18554345,CUST-168523,Renters,2024-08-06,39.56,76000,0,1,0.091
POL-60571298,CUST-992795,Renters,2017-07-16,48.82,68000,0,1,0.229
POL-70054445,CUST-538071,Health,2021-07-20,643.67,439000,0,1,0.21
POL-76650083,CUST-461744,Renters,2019-06-17,18.23,10000,0,1,0.101
POL-50170490,CUST-458927,Umbrella,2024-02-12,324.11,4959000,0,1,0.013
POL-72356744,CUST-180958,Umbrella,2015-09-09,390.23,4416000,0,1,0.064
POL-3448448,CUST-272106,Home,2016-07-17,554.67,1767000,0,1,0.123
POL-6284386,CUST-439130,Home,2024-09-06,423.05,911000,0,1,0.163
POL-42976267,CUST-496265,Auto,2023-07-25,110.61,377000,2,1,0.133
POL-24136369,CUST-883025,Home,2017-02-01,565.27,1195000,0,1,0.162
POL-51036278,CUST-590798,Boat,2018-09-15,297.4,153000,2,1,0.095
POL-40205681,CUST-624616,Motorcycle,2016-12-09,61.14,14000,1,1,0.166
POL-12281419,CUST-801751,Umbrella,2022-05-09,316.31,1545000,0,1,0.181
POL-21183715,CUST-535715,Boat,2016-12-03,531.77,103000,2,1,0.105
POL-90508444,CUST-856835,Renters,2023-12-29,22.2,33000,0,1,0.165
POL-22192825,CUST-629042,Home,2020-02-04,685.35,632000,0,1,0.118
POL-75120173,CUST-947715,Renters,2022-09-12,38.06,67000,0,1,0.227
POL-20191314,CUST-485867,RV,2024-01-30,402.1,110000,1,1,0.224
POL-77657839,CUST-989090,Renters,2022-03-01,19.42,20000,0,1,0.106
POL-89198877,CUST-666253,RV,2023-08-11,483.2,64000,1,1,0.237
POL-35854181,CUST-45230,Business,2016-05-05,2117.9,920000,0,1,0.084
POL-30781126,CUST-748035,Life,2021-07-11,66.66,773000,0,1,0.08
POL-34715608,CUST-948669,Home,2017-07-01,691.85,1139000,0,1,0.064
POL-77977109,CUST-444095,Health,2016-12-30,961.25,172000,0,1,0.108
POL-47594954,CUST-447898,Renters,2017-05-29,35.32,51000,0,1,0.008
POL-66351268,CUST-943285,Umbrella,2016-03-29,458.23,2208000,0,1,0.173
POL-86211645,CUST-260163,Health,2024-11-18,675.81,392000,0,1,0.056
POL-65432053,CUST-297918,Renters,2018-07-04,37.43,42000,0,1,0.189
POL-74918674,CUST-235018,Auto,2024-11-26,335.55,310000,1,1,0.134
POL-97021339,CUST-395718,Business,2021-03-01,2171.22,2795000,0,1,0.094
POL-14362489,CUST-816872,Home,2021-07-07,490.2,1706000,0,1,0.246
POL-77985029,CUST-836621,Renters,2023-04-28,18.73,98000,0,1,0.215
POL-24390750,CUST-307075,Renters,2022-04-08,37.36,74000,0,1,0.125
POL-81167742,CUST-971219,Health,2016-04-05,467.46,167000,0,1,0.164
POL-94222325,CUST-670725,Business,2022-08-31,1437.6,3724000,0,1,0.119
POL-81849299,CUST-394594,Home,2020-04-22,565.4,1153000,0,1,0.039
POL-73390044,CUST-260733,Umbrella,2022-01-08,534.67,1321000,0,1,0.21
POL-82114934,CUST-450162,Boat,2019-12-31,678.21,193000,1,1,0.001
POL-35654227,CUST-475067,Business,2015-12-06,928.53,256000,0,1,0.187
POL-41928769,CUST-159057,RV,2024-03-13,529.23,154000,2,1,0.004
POL-59585481,CUST-12179,Business,2016-08-05,1216.94,4837000,0,1,0.181
POL-75273750,CUST-354437,Umbrella,2018-02-04,213.0,2468000,0,1,0.143
POL-51799347,CUST-149253,RV,2017-03-26,347.19,120000,2,1,0.098
POL-47723980,CUST-608171,RV,2018-03-19,334.74,298000,1,1,0.152
POL-84599602,CUST-426383,Life,2019-08-18,75.4,497000,0,0,0.024
POL-72829177,CUST-573268,Business,2020-03-05,1192.66,2360000,0,1,0.172
POL-46077,CUST-526943,Motorcycle,2017-08-15,51.3,74000,1,1,0.133
POL-29796682,CUST-278835,Auto,2025-04-03,186.31,444000,2,1,0.031
POL-53704612,CUST-558580,Home,2024-08-03,422.24,1322000,0,1,0.035
POL-30595207,CUST-643909,RV,2024-01-12,403.96,267000,1,1,0.239
POL-58506613,CUST-144136,Life,2016-03-11,82.63,560000,0,1,0.087
POL-53041305,CUST-502816,Health,2019-11-22,719.1,230000,0,0,0.223
POL-70760834,CUST-466799,Home,2018-01-25,397.23,1545000,0,1,0.029
POL-9146919,CUST-445555,Renters,2025-04-15,18.22,47000,0,1,0.124
POL-83649730,CUST-873485,Boat,2015-11-14,313.18,131000,2,1,0.058
POL-11969785,CUST-314467,Boat,2016-07-28,717.75,119000,1,1,0.077
POL-28783232,CUST-869999,Life,2016-09-30,27.08,315000,0,1,0.11
POL-78718420,CUST-939586,Health,2017-05-31,1096.38,187000,0,1,0.162
POL-48016004,CUST-693298,Boat,2019-09-19,239.3,397000,2,1,0.013
POL-27457064,CUST-749453,Umbrella,2018-04-09,598.55,1570000,0,1,0.212
POL-14490208,CUST-243950,Umbrella,2022-06-04,290.49,4649000,0,0,0.202
POL-63768236,CUST-754675,Auto,2019-02-14,313.15,326000,3,1,0.212
POL-56964,CUST-358328,RV,2022-06-05,644.19,209000,1,1,0.168
POL-33369932,CUST-45918,Life,2018-09-01,110.5,533000,0,1,0.113
POL-43113090,CUST-583316,Health,2019-10-28,720.57,379000,0,1,0.24
POL-12669557,CUST-420068,Home,2024-03-09,189.36,412000,0,1,0.08
POL-93996935,CUST-22996,Home,2021-02-23,561.79,1435000,0,1,0.164
POL-48360819,CUST-950459,Auto,2018-04-23,108.86,274000,3,1,0.236
POL-40545587,CUST-519665,Auto,2020-03-25,128.09,161000,4,0,0.07
POL-35189571,CUST-130620,RV,2017-12-14,882.6,263000,2,1,0.219
POL-57568362,CUST-333325,Life,2017-02-23,61.95,913000,0,1,0.045
POL-25937389,CUST-730872,Life,2016-01-12,183.61,635000,0,1,0.062
POL-36721983,CUST-29627,Umbrella,2020-05-30,554.59,4608000,0,1,0.015
POL-55887036,CUST-421595,Business,2025-02-21,1108.81,979000,0,1,0.003
POL-63088534,CUST-792309,RV,2016-07-26,982.46,197000,2,0,0.051
POL-8768924,CUST-809919,Business,2023-09-24,838.91,1989000,0,0,0.028
POL-17015758,CUST-734207,RV,2024-04-07,430.06,149000,1,1,0.154
POL-79798773,CUST-564385,Business,2019-11-23,918.28,667000,0,1,0.156
POL-73366250,CUST-661113,Home,2025-03-30,747.79,1867000,0,1,0.067
POL-73377419,CUST-567323,Business,2016-03-15,1588.93,2167000,0,1,0.049
POL-53781664,CUST-484153,Renters,2015-07-17,49.46,67000,0,1,0.201
POL-19523336,CUST-101605,RV,2024-11-13,386.31,109000,1,1,0.168
POL-10686342,CUST-464362,Business,2020-02-11,1033.17,1518000,0,1,0.092
POL-55525803,CUST-542084,Renters,2020-02-07,16.09,74000,0,1,0.004
POL-30396847,CUST-880525,Umbrella,2017-04-09,565.51,4851000,0,1,0.163
POL-83556913,CUST-193680,RV,2021-01-17,663.15,274000,1,0,0.138
POL-84099499,CUST-394822,Home,2022-03-16,567.0,1734000,0,1,0.167
POL-73271473,CUST-442693,Life,2020-01-01,123.81,832000,0,1,0.248
POL-82866918,CUST-843858,Auto,2024-08-26,297.61,96000,3,1,0.148
POL-93802185,CUST-610029,RV,2019-09-24,834.64,139000,2,1,0.055
POL-93479868,CUST-648591,Home,2022-03-24,794.47,994000,0,1,0.025
POL-59102324,CUST-326752,Health,2024-11-03,416.36,67000,0,1,0.004
POL-51158753,CUST-594774,Motorcycle,2024-02-11,79.93,75000,1,1,0.166
POL-92434291,CUST-935878,Motorcycle,2020-10-21,55.58,41000,1,1,0.197
POL-43933035,CUST-356814,Home,2017-01-11,603.04,1562000,0,1,0.026
POL-42084729,CUST-842613,Business,2019-12-09,1164.78,1947000,0,1,0.061
POL-14850652,CUST-130145,Health,2016-05-01,926.4,491000,0,1,0.171
POL-96956415,CUST-628210,Health,2017-10-14,687.67,377000,0,1,0.117
POL-7863558,CUST-885856,Health,2018-07-26,685.65,381000,0,1,0.007
POL-48495022,CUST-258365,Home,2023-08-15,667.53,1318000,0,1,0.013
POL-93250004,CUST-46649,Auto,2021-12-25,157.43,220000,2,1,0.036
POL-15218749,CUST-73802,Home,2021-06-20,373.81,1837000,0,1,0.243
POL-10550362,CUST-443004,Renters,2023-07-26,19.44,67000,0,1,0.233
POL-30476715,CUST-872964,Health,2016-07-18,347.43,464000,0,0,0.015
POL-74522968,CUST-846729,Motorcycle,2024-08-22,143.4,28000,1,1,0.223
POL-27802066,CUST-441711,Motorcycle,2022-03-18,126.85,68000,1,1,0.204
POL-33360201,CUST-430744,Life,2020-11-03,183.64,834000,0,1,0.155
POL-13422888,CUST-539668,Boat,2017-08-19,529.24,372000,1,1,0.078
POL-34883904,CUST-343569,Umbrella,2025-05-07,204.47,3253000,0,1,0.151
POL-80462702,CUST-58522,Motorcycle,2021-10-29,94.75,44000,3,1,0.082
POL-65163798,CUST-8051,Boat,2021-12-09,799.34,415000,1,1,0.112
POL-3325002,CUST-622977,Renters,2016-04-30,49.86,14000,0,0,0.065
POL-40417354,CUST-846194,Umbrella,2025-03-25,561.67,4748000,0,0,0.231
POL-40092630,CUST-556115,Umbrella,2017-10-21,367.93,4345000,0,0,0.002
POL-33583658,CUST-187619,Life,2025-05-14,33.49,815000,0,1,0.125
POL-39368389,CUST-965223,Umbrella,2016-04-16,440.57,3503000,0,1,0.009
POL-50337643,CUST-715557,Auto,2021-11-23,99.32,489000,3,1,0.02
POL-99396289,CUST-903415,Auto,2020-02-26,174.26,355000,1,1,0.12
POL-82327874,CUST-456034,Business,2024-12-18,644.32,2238000,0,1,0.068
POL-66773782,CUST-430398,Motorcycle,2022-10-31,73.12,78000,3,1,0.012
POL-43872350,CUST-827513,Auto,2016-05-05,320.15,45000,1,1,0.103
POL-35182600,CUST-169690,Umbrella,2022-11-27,300.77,2938000,0,1,0.198
POL-41707096,CUST-330036,Renters,2015-09-27,40.61,80000,0,1,0.088
POL-48880421,CUST-513832,Umbrella,2022-09-13,362.52,2183000,0,0,0.138
POL-45622852,CUST-563628,Business,2023-01-12,783.94,2466000,0,1,0.034
POL-76666528,CUST-472510,Boat,2015-12-28,453.23,69000,1,1,0.174
POL-42806362,CUST-231454,Business,2020-09-28,1162.8,764000,0,1,0.127
POL-67970791,CUST-844381,Life,2018-10-06,141.83,162000,0,1,0.096
POL-57062863,CUST-137212,Life,2015-12-26,144.22,441000,0,1,0.169
POL-49597432,CUST-270625,Umbrella,2019-08-14,426.46,3524000,0,1,0.06
POL-51171904,CUST-821327,Umbrella,2022-05-17,576.03,2842000,0,1,0.232
POL-85031405,CUST-193279,Home,2017-09-19,643.12,638000,0,1,0.108
POL-45165249,CUST-734630,Renters,2022-08-13,31.84,73000,0,1,0.243
POL-7273581,CUST-113664,Motorcycle,2020-05-30,135.37,23000,1,1,0.223
POL-84909357,CUST-350226,Life,2022-03-28,147.6,178000,0,1,0.101
POL-30722721,CUST-970302,Auto,2021-05-25,123.78,186000,4,1,0.127
POL-1228910,CUST-728542,Renters,2016-05-28,24.73,88000,0,1,0.091
POL-21510288,CUST-897135,RV,2022-09-24,724.86,249000,1,1,0.077
POL-15893296,CUST-183404,RV,2018-09-02,459.55,183000,1,1,0.214
POL-39475088,CUST-189838,Health,2018-01-30,1063.95,382000,0,1,0.235
POL-57469612,CUST-924166,Renters,2023-03-08,41.86,88000,0,1,0.039
POL-93140342,CUST-688541,Business,2023-08-19,1415.12,2823000,0,0,0.023
POL-41690209,CUST-420726,Renters,2023-07-23,47.04,49000,0,0,0.227
POL-42413505,CUST-643063,Business,2017-10-11,2484.91,268000,0,1,0.144
POL-52364176,CUST-29096,Renters,2016-08-21,28.46,81000,0,1,0.101
POL-10611935,CUST-185469,Business,2017-04-04,809.33,2526000,0,1,0.211
POL-95179289,CUST-104768,RV,2020-04-09,646.03,55000,2,1,0.12
POL-49997347,CUST-954958,Boat,2017-01-23,450.84,159000,2,0,0.113
POL-33715633,CUST-559319,Auto,2024-01-21,166.84,169000,2,1,0.141
POL-85821214,CUST-407104,RV,2024-04-15,618.2,161000,1,1,0.143
POL-821316,CUST-797434,Renters,2016-07-06,30.45,70000,0,1,0.174
POL-2015146,CUST-113610,Motorcycle,2024-08-16,120.43,90000,1,1,0.15
POL-79028730,CUST-541348,Umbrella,2023-07-26,265.47,4517000,0,1,0.086
POL-64585618,CUST-745502,Business,2022-03-26,921.19,3861000,0,1,0.145
POL-75004808,CUST-134062,Auto,2023-11-27,223.36,211000,4,1,0.112
POL-10620936,CUST-181287,Business,2018-10-29,733.55,3244000,0,1,0.109
POL-79929930,CUST-925345,Health,2025-04-28,996.5,435000,0,1,0.168
POL-59604527,CUST-975936,Motorcycle,2021-08-03,88.19,97000,3,1,0.196
POL-36667896,CUST-467785,Boat,2015-09-22,779.58,457000,1,1,0.089
POL-96405684,CUST-428394,Boat,2017-10-15,707.52,270000,1,1,0.091
POL-22026463,CUST-669614,Auto,2019-12-20,268.25,214000,3,0,0.064
POL-10219296,CUST-154428,Renters,2022-09-21,16.25,91000,0,1,0.22
POL-22095445,CUST-56068,Umbrella,2017-05-19,383.32,2358000,0,1,0.097
POL-70969219,CUST-263432,Health,2018-12-17,690.61,190000,0,0,0.137
POL-98705832,CUST-796626,Umbrella,2019-05-21,334.65,2413000,0,1,0.164
POL-45922639,CUST-239050,Motorcycle,2023-08-21,143.07,98000,4,1,0.207
POL-46401649,CUST-730264,Renters,2022-10-23,49.0,10000,0,1,0.246
POL-71442747,CUST-50429,Auto,2022-01-21,349.92,496000,3,0,0.195
POL-74371067,CUST-367373,Boat,2023-05-04,296.33,410000,2,1,0.156
POL-49458666,CUST-277586,Life,2018-05-13,108.09,650000,0,1,0.127
POL-23465074,CUST-324809,RV,2024-03-28,648.59,298000,2,1,0.216
POL-16563259,CUST-704380,Motorcycle,2017-09-01,128.03,13000,2,1,0.106
POL-93243219,CUST-787667,Business,2024-12-23,1580.61,1672000,0,1,0.109
POL-67573618,CUST-340052,Renters,2019-06-14,24.25,33000,0,1,0.193
POL-48590733,CUST-835626,Renters,2019-10-20,21.88,57000,0,1,0.24
POL-6328242,CUST-32962,Business,2020-01-22,2162.09,961000,0,1,0.056
POL-34153671,CUST-320343,Boat,2022-10-18,722.4,270000,2,1,0.123
POL-38279828,CUST-683888,Motorcycle,2021-09-29,149.25,84000,1,1,0.097
POL-45437962,CUST-775702,Motorcycle,2023-06-11,99.83,13000,4,1,0.086
POL-26415300,CUST-886581,Life,2017-12-20,85.25,154000,0,1,0.018
POL-14952346,CUST-146741,Motorcycle,2016-10-18,103.57,79000,1,1,0.127
POL-20691518,CUST-980056,Health,2018-10-14,253.47,401000,0,1,0.131
POL-38314592,CUST-807142,Health,2023-02-08,415.76,496000,0,1,0.206
POL-82513920,CUST-802527,Business,2024-08-19,536.77,1849000,0,0,0.12
POL-91559588,CUST-985750,Health,2023-11-07,377.85,277000,0,1,0.179
POL-60498656,CUST-459683,Renters,2016-12-08,36.82,23000,0,1,0.023
POL-27686424,CUST-254695,Motorcycle,2022-04-07,110.73,94000,3,0,0.153
POL-86579145,CUST-672677,Home,2020-06-26,551.4,466000,0,1,0.075
POL-65670749,CUST-177965,Renters,2018-04-28,16.38,19000,0,0,0.136
POL-25719895,CUST-909754,RV,2016-01-06,623.5,207000,1,1,0.229
POL-72329391,CUST-397941,Business,2024-12-08,1197.76,789000,0,1,0.007
POL-9767824,CUST-941347,Health,2018-05-19,1026.4,345000,0,1,0.187
POL-47463440,CUST-748910,Auto,2023-07-27,348.05,341000,4,0,0.17
POL-87919966,CUST-569273,Business,2015-09-16,1007.62,1919000,0,1,0.232
POL-9029034,CUST-636213,Health,2016-07-11,757.62,159000,0,1,0.089
POL-33143453,CUST-866859,Renters,2022-01-28,46.03,79000,0,1,0.096
POL-34216114,CUST-344930,Boat,2016-03-15,631.7,152000,2,1,0.157
POL-4456047,CUST-405393,Umbrella,2018-10-19,221.48,2022000,0,1,0.245
POL-43620722,CUST-754121,Life,2019-05-26,177.99,548000,0,1,0.171
POL-67517062,CUST-870049,Home,2024-10-08,796.81,1307000,0,1,0.019
POL-35804636,CUST-654446,Life,2017-12-15,87.61,932000,0,1,0.049
POL-44429299,CUST-888951,Motorcycle,2019-05-25,83.22,89000,2,1,0.21
POL-41014748,CUST-12389,Renters,2019-05-26,38.65,77000,0,1,0.116
POL-93953035,CUST-826109,Motorcycle,2016-02-07,144.5,70000,4,1,0.06
POL-69082162,CUST-72481,RV,2017-04-05,915.78,188000,2,1,0.02
POL-59128491,CUST-497203,Life,2022-03-27,174.63,507000,0,1,0.127
POL-38467570,CUST-539165,Boat,2024-02-01,354.27,438000,2,0,0.021
POL-57040474,CUST-362115,Renters,2016-08-19,15.63,60000,0,1,0.214
POL-37427169,CUST-266445,Life,2018-06-04,129.44,958000,0,1,0.199
POL-89929358,CUST-376925,Umbrella,2019-10-27,273.06,4143000,0,1,0.186
POL-35149954,CUST-448263,Boat,2019-12-11,332.24,374000,1,1,0.071
POL-71368528,CUST-220479,Renters,2016-05-27,17.71,11000,0,1,0.026
POL-48537393,CUST-721875,Home,2024-08-05,194.26,1727000,0,1,0.062
POL-63768377,CUST-632047,Health,2016-08-12,656.39,144000,0,1,0.109
POL-60443135,CUST-738802,Home,2019-03-12,303.77,930000,0,1,0.089
POL-14381850,CUST-16325,Auto,2024-11-21,101.32,135000,3,1,0.016
POL-32336213,CUST-674915,Home,2020-12-11,121.25,339000,0,1,0.128
POL-19741221,CUST-562698,Umbrella,2017-08-04,358.27,4537000,0,1,0.219
POL-67422829,CUST-537387,Health,2023-04-05,677.15,414000,0,1,0.174
POL-72325460,CUST-771061,Home,2019-11-03,790.97,1553000,0,1,0.142
POL-83496702,CUST-595484,Home,2022-01-22,733.63,1046000,0,1,0.238
POL-57121045,CUST-614807,Boat,2025-05-07,799.36,29000,1,0,0.176
POL-69054009,CUST-814126,Boat,2024-06-20,327.87,137000,1,1,0.12
POL-92690751,CUST-627940,Auto,2018-02-17,102.53,489000,1,1,0.22
POL-41080697,CUST-329779,Renters,2016-07-12,34.8,64000,0,1,0.207
POL-77681888,CUST-737230,RV,2023-09-06,731.61,91000,1,0,0.169
POL-64336097,CUST-109737,Renters,2017-10-02,15.54,10000,0,1,0.052
POL-60319344,CUST-714105,Motorcycle,2020-02-28,70.16,88000,4,0,0.013
POL-34063535,CUST-395147,Umbrella,2017-10-31,542.07,4985000,0,1,0.085
POL-4889442,CUST-849581,Auto,2019-06-14,305.33,459000,4,1,0.208
POL-97831219,CUST-627276,Auto,2017-01-06,348.35,42000,3,1,0.021
POL-51182388,CUST-744984,Umbrella,2024-09-08,498.54,4870000,0,1,0.028
POL-23492068,CUST-280808,Umbrella,2019-10-16,444.5,4822000,0,1,0.23
POL-27344860,CUST-872039,Motorcycle,2017-09-28,36.97,30000,4,1,0.195
POL-87066702,CUST-237380,Renters,2024-12-18,42.88,75000,0,0,0.152
POL-21841792,CUST-546794,Motorcycle,2023-02-21,35.96,53000,3,0,0.211
POL-31979677,CUST-595604,Umbrella,2019-07-02,350.41,2329000,0,1,0.002
POL-20259880,CUST-118205,Renters,2017-04-01,20.92,51000,0,1,0.065
POL-67104727,CUST-31544,Auto,2024-11-04,184.43,485000,3,1,0.173
POL-21087800,CUST-989542,Motorcycle,2022-02-28,120.82,74000,3,1,0.22
POL-28197836,CUST-180777,RV,2025-02-17,411.55,254000,2,1,0.029
POL-69079708,CUST-969045,RV,2024-04-16,690.65,257000,1,1,0.092
POL-95521506,CUST-606154,RV,2016-05-01,314.74,70000,2,1,0.216
POL-28466389,CUST-175933,Umbrella,2024-12-20,564.2,1176000,0,1,0.1
POL-16257335,CUST-46957,RV,2017-12-21,566.99,135000,1,1,0.184
POL-2000224,CUST-194106,Home,2017-06-25,731.62,685000,0,1,0.156
POL-23585966,CUST-932145,Renters,2019-05-29,41.8,63000,0,1,0.157
POL-2184722,CUST-66092,RV,2015-07-13,677.17,233000,2,1,0.016
POL-51799965,CUST-483717,Home,2024-05-16,259.13,1503000,0,1,0.104
POL-50922531,CUST-120181,Life,2022-11-16,96.87,314000,0,1,0.237
POL-3999753,CUST-532596,Boat,2016-04-06,225.8,100000,2,1,0.181
POL-90829880,CUST-504204,RV,2024-12-26,381.48,89000,1,1,0.096
POL-16334661,CUST-11748,RV,2022-01-23,355.02,221000,1,1,0.134
POL-11222132,CUST-857556,Renters,2024-10-23,22.7,57000,0,1,0.039
POL-25414238,CUST-390774,Health,2020-07-08,795.97,391000,0,1,0.098
POL-12474259,CUST-302790,Home,2022-01-08,578.22,756000,0,1,0.216
POL-97241541,CUST-246658,Home,2016-07-17,325.71,161000,0,1,0.108
POL-38837643,CUST-973661,Home,2024-11-25,581.47,1926000,0,1,0.189
POL-87224832,CUST-255819,Home,2020-12-04,597.25,1226000,0,1,0.001
POL-79139152,CUST-535124,Boat,2016-12-09,747.55,315000,2,1,0.071
POL-64771844,CUST-289788,Umbrella,2016-04-19,345.04,2832000,0,1,0.156
POL-73864238,CUST-672676,Boat,2022-08-28,489.33,49000,2,1,0.033
POL-26170767,CUST-330156,Home,2017-11-05,522.88,434000,0,1,0.044
POL-54850495,CUST-908438,Health,2020-10-03,499.39,112000,0,1,0.003
POL-90768927,CUST-828485,Business,2020-11-15,2091.1,1029000,0,1,0.113
POL-4680066,CUST-3827,Life,2017-02-25,155.43,702000,0,1,0.056
POL-98426590,CUST-810648,Motorcycle,2018-11-14,144.45,71000,3,1,0.014
POL-61343415,CUST-875876,RV,2015-10-13,774.51,77000,1,1,0.011
POL-24478552,CUST-3678,Business,2022-05-16,1667.99,2345000,0,1,0.172
POL-37439726,CUST-989287,Motorcycle,2021-10-15,100.91,80000,1,1,0.168
POL-99615658,CUST-616904,Life,2021-02-04,84.89,475000,0,1,0.015
POL-58724936,CUST-874607,Health,2021-12-11,614.94,440000,0,1,0.14
POL-44480754,CUST-20494,Auto,2016-10-05,120.15,282000,1,1,0.212
POL-58507072,CUST-453876,Life,2016-04-11,150.59,821000,0,1,0.18
POL-56650860,CUST-281723,Boat,2022-02-15,237.36,498000,2,0,0.155
POL-9908724,CUST-13675,Business,2017-01-21,711.22,1134000,0,1,0.225
POL-49790543,CUST-313619,Home,2022-03-06,404.92,967000,0,1,0.143
POL-95154835,CUST-94682,Umbrella,2016-12-18,416.68,2663000,0,0,0.187
POL-37875241,CUST-1662,Motorcycle,2019-04-26,132.71,17000,2,1,0.061
POL-72699548,CUST-339666,Motorcycle,2023-02-05,91.61,35000,2,1,0.155
POL-53529154,CUST-643949,Life,2017-03-15,82.09,339000,0,1,0.201
POL-83028933,CUST-492236,Auto,2020-01-25,184.55,166000,1,1,0.14
POL-70168054,CUST-645058,Boat,2016-03-16,691.63,456000,2,0,0.204
POL-49296057,CUST-810555,RV,2015-10-01,940.34,217000,2,1,0.189
POL-26125123,CUST-450779,Auto,2025-01-18,252.72,254000,4,1,0.073
POL-73582824,CUST-212129,Renters,2022-08-19,49.73,42000,0,1,0.189
POL-74351399,CUST-147667,Business,2020-07-01,962.88,329000,0,1,0.069
POL-71711972,CUST-760863,Auto,2021-12-03,140.79,451000,3,1,0.179
POL-75779559,CUST-652036,Auto,2025-02-23,271.41,344000,4,1,0.096
POL-21381637,CUST-407281,Business,2022-05-22,2224.41,2155000,0,1,0.156
POL-2070527,CUST-553600,Auto,2023-04-21,156.85,270000,1,1,0.237
POL-72468931,CUST-454504,RV,2019-06-23,875.0,65000,2,1,0.032
POL-74547316,CUST-545300,RV,2024-12-26,703.86,92000,2,1,0.092
POL-15879739,CUST-495429,Health,2025-02-12,204.38,453000,0,1,0.23
POL-91553696,CUST-692492,Auto,2024-06-29,322.22,87000,3,0,0.082
POL-82458705,CUST-76176,Boat,2023-10-01,325.85,309000,1,1,0.045
POL-4111743,CUST-389017,Renters,2021-09-08,15.85,31000,0,1,0.125
POL-24241075,CUST-380655,Auto,2022-10-15,199.99,206000,3,1,0.003
POL-10406486,CUST-597006,Life,2023-03-18,193.36,428000,0,1,0.211
POL-50607407,CUST-24509,Auto,2023-03-23,111.61,198000,2,1,0.02
POL-16979106,CUST-23359,Boat,2019-07-10,531.71,274000,2,1,0.09
POL-17810833,CUST-452578,Health,2016-12-21,1183.39,376000,0,1,0.03
POL-61008953,CUST-890524,RV,2021-08-04,744.57,73000,1,1,0.023
POL-77485535,CUST-586225,Renters,2024-05-16,18.56,13000,0,0,0.234
POL-51021584,CUST-15406,Auto,2018-09-02,213.01,356000,1,0,0.184
POL-10557472,CUST-580172,Umbrella,2020-08-23,227.1,2794000,0,1,0.229
POL-76724177,CUST-386446,Health,2015-08-05,416.27,455000,0,1,0.102
POL-9776373,CUST-822046,Business,2017-11-10,790.8,3310000,0,1,0.223
POL-48480371,CUST-351917,Business,2023-05-03,1030.46,1997000,0,1,0.209
POL-42191957,CUST-123499,Health,2024-03-06,242.04,129000,0,1,0.045
POL-65318117,CUST-479113,Health,2023-04-30,802.73,247000,0,0,0.092
POL-94766620,CUST-94594,Health,2020-06-09,611.47,74000,0,1,0.037
POL-65535530,CUST-311215,Home,2017-11-03,242.51,530000,0,1,0.074
POL-80815605,CUST-193858,Home,2022-01-16,195.83,756000,0,1,0.204
POL-12961673,CUST-568129,Business,2016-10-05,943.66,3709000,0,1,0.072
POL-19415054,CUST-293948,Health,2024-11-15,630.68,159000,0,0,0.087
POL-81678422,CUST-747393,Health,2017-01-21,284.04,211000,0,0,0.242
POL-18491280,CUST-456909,Business,2022-05-06,2449.9,2448000,0,1,0.105
POL-23760048,CUST-170623,Home,2020-01-09,357.71,1682000,0,1,0.08
POL-80954568,CUST-988833,Home,2017-11-21,741.3,900000,0,1,0.197
POL-44864614,CUST-537108,Home,2023-08-14,473.88,1395000,0,1,0.12
POL-9992259,CUST-471103,Motorcycle,2025-06-28,123.73,41000,1,1,0.002
POL-94909777,CUST-924468,Life,2016-05-26,166.83,270000,0,1,0.056
POL-96771799,CUST-766940,RV,2019-12-28,667.61,249000,1,1,0.142
POL-35755742,CUST-960755,Auto,2021-09-22,287.5,195000,1,1,0.178
POL-14124508,CUST-863300,Life,2017-09-26,111.74,321000,0,1,0.195
POL-46521400,CUST-714096,Health,2024-11-28,974.78,336000,0,0,0.232
POL-50042866,CUST-509719,Motorcycle,2020-06-27,91.81,71000,1,1,0.163
POL-42810146,CUST-456253,Motorcycle,2016-04-06,35.14,31000,4,1,0.183
POL-16967677,CUST-3026,Business,2024-02-05,1336.93,3679000,0,1,0.126
POL-18996632,CUST-132465,Umbrella,2025-04-29,282.06,3036000,0,1,0.014
POL-66698823,CUST-870847,RV,2021-09-27,842.24,89000,1,1,0.214
POL-95335740,CUST-602430,Business,2015-06-30,1420.79,883000,0,1,0.248
POL-98558404,CUST-52199,RV,2015-10-20,418.81,172000,2,1,0.172
POL-84841477,CUST-418694,Umbrella,2016-07-27,239.71,3904000,0,0,0.035
POL-94506292,CUST-942120,Auto,2019-03-25,232.13,371000,4,1,0.101
POL-55030442,CUST-288472,RV,2021-04-25,954.15,230000,1,1,0.163
POL-61654008,CUST-180016,Motorcycle,2016-05-23,95.33,85000,4,1,0.095
POL-18255279,CUST-291971,Motorcycle,2019-02-01,132.42,76000,1,1,0.04
POL-23840467,CUST-527537,Business,2023-06-28,593.9,1471000,0,1,0.136
POL-75160586,CUST-640707,Renters,2018-04-07,28.21,76000,0,0,0.106
POL-96787020,CUST-928491,Home,2021-01-27,574.33,1352000,0,1,0.158
POL-678721,CUST-61248,Home,2020-04-03,566.08,1379000,0,1,0.248
POL-65159326,CUST-545438,Boat,2017-01-02,205.03,90000,1,1,0.133
POL-24530735,CUST-168734,Renters,2024-04-13,34.56,11000,0,1,0.229
POL-96244413,CUST-474610,Umbrella,2019-12-12,554.01,2084000,0,1,0.133
POL-12091603,CUST-142868,Boat,2019-08-01,530.59,48000,2,1,0.133
POL-9729173,CUST-408405,Health,2022-08-19,454.98,467000,0,1,0.094
POL-50082221,CUST-6550,Boat,2024-09-19,749.59,358000,1,1,0.046
POL-8846436,CUST-61779,Health,2023-09-07,270.24,314000,0,1,0.106
POL-75491870,CUST-672640,Motorcycle,2021-06-21,119.72,64000,3,1,0.23
POL-12276469,CUST-121811,Business,2016-06-30,2268.28,4097000,0,1,0.076
POL-49902352,CUST-1075,Auto,2025-04-06,223.43,405000,1,1,0.053
POL-62253115,CUST-928942,RV,2018-07-10,421.08,218000,2,1,0.21
POL-88172626,CUST-90359,Boat,2017-05-08,264.15,244000,2,1,0.248
POL-24955072,CUST-448165,Home,2020-11-07,333.54,771000,0,1,0.238
POL-5854522,CUST-780002,Home,2016-11-13,264.45,1639000,0,1,0.179
POL-30522824,CUST-993005,Renters,2021-08-30,43.65,26000,0,1,0.167
POL-7145766,CUST-860687,Motorcycle,2022-12-27,147.86,45000,4,1,0.069
POL-18275660,CUST-209305,Renters,2025-03-07,23.62,25000,0,1,0.136
POL-4406105,CUST-484835,Boat,2016-03-28,335.62,448000,1,1,0.216
POL-57738851,CUST-622485,Boat,2016-09-12,445.1,96000,1,1,0.206
POL-91333208,CUST-15420,Boat,2020-10-31,512.51,400000,2,1,0.003
POL-64943516,CUST-268881,Home,2015-07-28,332.44,1042000,0,1,0.243
POL-67669895,CUST-601885,Life,2016-12-19,45.45,694000,0,1,0.128
POL-75400080,CUST-745932,Umbrella,2020-10-21,537.0,2438000,0,1,0.079
POL-93835216,CUST-307270,Umbrella,2021-01-22,465.6,2261000,0,1,0.084
POL-86685825,CUST-147691,Motorcycle,2019-05-10,78.23,33000,2,1,0.014
POL-70048631,CUST-491074,Boat,2025-02-23,297.21,402000,2,1,0.068
POL-79604276,CUST-582308,Motorcycle,2022-07-10,109.94,23000,3,0,0.065
POL-28633814,CUST-907232,Health,2025-03-30,716.76,280000,0,1,0.232
POL-46253278,CUST-137893,RV,2022-07-03,585.01,191000,1,0,0.154
POL-37450576,CUST-495155,Health,2019-11-13,1034.32,399000,0,1,0.131
POL-55488239,CUST-876958,Life,2017-06-17,52.15,728000,0,1,0.106
POL-83806250,CUST-831553,RV,2016-12-28,817.75,99000,2,1,0.246
POL-18958344,CUST-497166,Auto,2024-04-01,141.2,235000,3,1,0.16
POL-41722201,CUST-850328,Auto,2018-12-07,231.08,189000,2,1,0.232
POL-11092083,CUST-223574,Renters,2024-08-26,44.14,86000,0,1,0.036
POL-4767638,CUST-270340,Health,2016-09-11,826.9,52000,0,1,0.008
POL-6094013,CUST-161196,Home,2021-02-22,204.05,997000,0,1,0.071
POL-75360615,CUST-696241,Motorcycle,2021-06-23,106.4,15000,4,1,0.151
POL-29766678,CUST-717857,Auto,2022-05-09,232.97,474000,1,1,0.149
POL-9223541,CUST-491018,Motorcycle,2018-08-11,77.07,97000,3,1,0.236
POL-28633439,CUST-924475,Health,2020-07-17,238.74,100000,0,1,0.13
POL-58767285,CUST-268470,Renters,2021-08-13,44.9,27000,0,1,0.217
POL-32474862,CUST-353784,Renters,2024-05-29,45.18,95000,0,1,0.201
POL-56462292,CUST-555682,Auto,2018-01-25,326.06,190000,2,1,0.033
POL-54442947,CUST-903918,RV,2016-07-09,699.43,295000,2,1,0.206
POL-73238590,CUST-456572,Auto,2020-02-20,214.75,129000,2,1,0.248
POL-57615231,CUST-469557,Umbrella,2016-02-26,528.38,4779000,0,1,0.222
POL-78958411,CUST-574571,Auto,2018-10-15,282.36,56000,4,1,0.016
POL-96334478,CUST-263581,Home,2019-03-22,669.64,295000,0,1,0.228
POL-72738226,CUST-527832,Auto,2020-08-03,252.62,212000,1,0,0.102
POL-73438903,CUST-318389,Life,2018-10-25,50.85,531000,0,0,0.227
POL-42670431,CUST-839072,Renters,2018-07-03,23.58,85000,0,1,0.191
POL-51355068,CUST-965882,Motorcycle,2019-05-15,70.61,66000,3,1,0.08
POL-54477927,CUST-959451,Health,2020-07-24,484.45,307000,0,1,0.066
POL-72503359,CUST-49736,Home,2017-11-02,797.18,131000,0,1,0.094
POL-44827714,CUST-55651,Business,2021-02-13,2254.43,1713000,0,1,0.246
POL-59637432,CUST-972042,RV,2023-01-27,676.24,181000,2,1,0.16
POL-94581612,CUST-52555,RV,2020-03-14,645.48,133000,1,1,0.181
POL-48332620,CUST-470795,Umbrella,2022-03-09,552.64,1686000,0,0,0.241
POL-47303591,CUST-83950,Life,2021-03-15,158.47,102000,0,1,0.025
POL-53293282,CUST-167201,Renters,2021-09-09,40.5,13000,0,0,0.062
POL-75775443,CUST-191650,Life,2018-12-30,130.54,569000,0,1,0.07
POL-79734272,CUST-35666,Renters,2015-08-29,22.95,29000,0,1,0.077
POL-44735640,CUST-946144,Boat,2024-09-10,515.18,287000,2,1,0.013
POL-14380105,CUST-44569,Boat,2021-01-05,765.85,93000,2,1,0.191
POL-84415442,CUST-733832,Renters,2023-11-20,46.97,73000,0,1,0.217
POL-98062139,CUST-28894,RV,2020-10-04,447.76,253000,2,1,0.199
POL-31349369,CUST-104574,Motorcycle,2017-03-23,84.08,96000,1,1,0.149
POL-13437484,CUST-485175,Boat,2016-11-28,535.42,178000,1,1,0.041
POL-52063088,CUST-99357,Business,2024-02-16,995.26,3282000,0,1,0.033
POL-19102432,CUST-344492,Life,2015-10-26,112.98,494000,0,1,0.087
POL-94510701,CUST-988208,Business,2020-07-05,1439.67,522000,0,0,0.217
POL-91533425,CUST-407964,Life,2023-01-25,74.73,671000,0,1,0.086
POL-92172362,CUST-736831,Umbrella,2016-05-30,387.83,3403000,0,1,0.09
POL-22574091,CUST-664635,RV,2018-07-04,820.37,110000,2,1,0.088
POL-54508893,CUST-751919,Motorcycle,2015-11-24,72.03,25000,2,0,0.056
POL-31381157,CUST-330434,Health,2021-10-20,1119.13,194000,0,1,0.217
POL-93768879,CUST-986182,Auto,2020-01-20,218.81,36000,4,1,0.054
POL-91615401,CUST-185730,Health,2016-11-27,790.92,370000,0,1,0.06
POL-11098866,CUST-699254,Boat,2015-07-04,523.93,436000,2,1,0.155
POL-24459957,CUST-459000,Boat,2017-10-17,325.56,387000,1,1,0.041
POL-75952511,CUST-374702,Home,2020-10-30,655.9,483000,0,1,0.159
POL-1419443,CUST-165579,Home,2016-07-03,780.49,1171000,0,1,0.064
POL-93903559,CUST-963612,Boat,2022-08-07,784.81,290000,1,1,0.159
POL-10595135,CUST-335027,Boat,2016-05-10,231.11,56000,2,1,0.111
POL-45266351,CUST-225023,Business,2017-05-19,1242.05,267000,0,1,0.233
POL-46576842,CUST-836708,Motorcycle,2018-08-10,110.25,34000,4,1,0.233
POL-59076543,CUST-664499,Health,2019-11-29,330.0,225000,0,1,0.001
POL-4293708,CUST-459340,Boat,2021-04-10,563.82,53000,2,1,0.01
POL-5882210,CUST-875302,RV,2020-04-19,735.06,257000,1,1,0.231
POL-13407419,CUST-802144,Boat,2023-11-14,496.78,197000,1,1,0.163
POL-94514040,CUST-200553,Business,2023-01-11,1677.83,3746000,0,1,0.049
POL-62236168,CUST-623861,Business,2017-09-09,2111.08,4455000,0,1,0.069
POL-6646123,CUST-975962,Home,2024-11-11,706.46,1791000,0,1,0.168
POL-95066012,CUST-779263,RV,2021-07-06,940.14,169000,1,1,0.1
POL-86424580,CUST-29412,Life,2021-09-21,154.91,69000,0,1,0.201
POL-89446326,CUST-787476,Umbrella,2019-06-01,241.86,3530000,0,1,0.078
POL-6461845,CUST-10195,Boat,2016-08-11,757.11,259000,2,0,0.09
POL-38633985,CUST-710450,Umbrella,2022-03-04,493.83,1810000,0,0,0.018
POL-40810571,CUST-810403,Boat,2019-03-04,544.48,431000,1,1,0.166
POL-27281556,CUST-723548,Renters,2015-09-13,43.6,53000,0,1,0.22
POL-15907148,CUST-3150,Business,2025-05-05,2163.69,895000,0,1,0.095
POL-46735929,CUST-132179,Auto,2020-03-18,118.47,446000,1,1,0.196
POL-28791442,CUST-449218,Life,2016-01-11,112.27,495000,0,1,0.153
POL-67978901,CUST-641282,Business,2016-04-08,1213.55,4477000,0,1,0.189
POL-8644892,CUST-75506,Boat,2020-04-30,233.84,28000,2,1,0.031
POL-40250808,CUST-657311,Umbrella,2024-09-22,290.92,4764000,0,1,0.219
POL-29713306,CUST-685707,Motorcycle,2017-02-01,53.19,90000,1,1,0.054
POL-82594049,CUST-646551,Boat,2021-03-22,700.81,226000,1,1,0.139
POL-73208168,CUST-376621,Business,2018-06-16,2313.73,1507000,0,1,0.231
POL-32699596,CUST-953472,Boat,2021-05-19,372.19,467000,2,1,0.045
POL-92076674,CUST-594628,RV,2021-11-07,773.43,175000,2,1,0.019
POL-19663961,CUST-47924,Umbrella,2021-04-14,265.41,2091000,0,1,0.052
POL-52066056,CUST-74094,Boat,2021-08-22,280.4,369000,1,1,0.112
POL-7962450,CUST-427354,Health,2016-01-22,932.9,213000,0,1,0.075
POL-76422833,CUST-986259,Business,2023-10-11,1035.31,1065000,0,1,0.141
POL-1751302,CUST-675414,Renters,2025-04-27,26.05,99000,0,1,0.243
POL-53389592,CUST-598939,Motorcycle,2015-10-27,51.1,44000,2,1,0.002
POL-73483941,CUST-61645,Business,2022-10-13,2395.71,1284000,0,1,0.112
POL-73381572,CUST-405649,Home,2016-09-29,690.66,1045000,0,1,0.057
POL-64089052,CUST-275532,Motorcycle,2022-12-19,93.35,11000,4,1,0.168
POL-93341966,CUST-938935,RV,2016-03-29,409.24,73000,1,1,0.234
POL-64287873,CUST-525288,Home,2019-08-09,557.12,1011000,0,1,0.249
POL-93199205,CUST-713260,Boat,2020-01-14,413.08,80000,2,1,0.185
POL-96187999,CUST-932984,Motorcycle,2017-08-16,81.56,20000,4,1,0.182
POL-88880638,CUST-203261,Motorcycle,2019-03-14,125.54,22000,3,1,0.068
POL-38785706,CUST-321657,Renters,2025-03-12,49.82,21000,0,1,0.046
POL-93803330,CUST-393183,Umbrella,2025-05-18,336.87,2588000,0,1,0.115
POL-2752966,CUST-2914,Motorcycle,2019-04-28,131.3,62000,3,1,0.221
POL-65870908,CUST-480747,Life,2022-03-04,127.89,550000,0,1,0.075
POL-21095743,CUST-350407,Auto,2021-11-27,171.14,252000,3,1,0.198
POL-1080445,CUST-228554,Life,2021-01-27,67.23,107000,0,1,0.074
POL-84944132,CUST-364840,Motorcycle,2018-03-24,121.29,34000,1,1,0.121
POL-9781591,CUST-517189,Auto,2015-09-06,313.23,464000,1,1,0.238
POL-50933338,CUST-328312,Umbrella,2019-02-09,288.12,4513000,0,1,0.055
POL-17449362,CUST-942506,Auto,2019-11-01,166.93,432000,3,1,0.149
POL-24648400,CUST-299755,Boat,2022-02-23,625.6,62000,2,1,0.051
POL-61656739,CUST-563335,Business,2017-04-17,2106.17,3269000,0,1,0.217
POL-24665225,CUST-610389,Boat,2019-10-30,266.93,467000,1,1,0.03
POL-84253345,CUST-195842,Business,2016-07-13,609.16,3736000,0,1,0.115
POL-94282108,CUST-816943,Umbrella,2025-03-27,430.47,2129000,0,1,0.115
POL-29371554,CUST-827616,Business,2018-01-13,1779.57,4037000,0,1,0.108
POL-41300844,CUST-347110,Health,2019-04-05,303.91,352000,0,0,0.103
POL-9360882,CUST-15973,Auto,2017-02-10,233.28,351000,4,1,0.137
POL-76680961,CUST-41768,Renters,2016-01-14,36.56,19000,0,1,0.037
POL-90834115,CUST-48648,RV,2022-09-01,453.29,185000,2,1,0.078
POL-32787417,CUST-5891,Boat,2021-07-21,471.39,320000,1,1,0.054
POL-74596315,CUST-957899,Umbrella,2024-09-11,448.69,3227000,0,1,0.134
POL-68509660,CUST-265580,Motorcycle,2022-07-15,149.55,69000,3,0,0.047
POL-1871598,CUST-158824,Health,2019-08-17,212.21,459000,0,0,0.142
POL-11863001,CUST-402680,Boat,2017-06-23,238.88,195000,2,1,0.083
POL-59602309,CUST-230628,Umbrella,2022-03-04,206.38,4408000,0,0,0.213
POL-82713862,CUST-972573,Health,2017-10-22,584.64,500000,0,1,0.164
POL-37794354,CUST-939927,Home,2015-08-09,684.7,901000,0,1,0.183
POL-61275566,CUST-350311,Home,2021-03-08,293.92,1223000,0,1,0.134
POL-74689957,CUST-828327,Renters,2025-01-23,41.33,63000,0,1,0.152
POL-60552007,CUST-338981,Home,2024-09-24,548.5,1042000,0,1,0.198
POL-24973630,CUST-91988,Auto,2025-02-11,233.33,376000,2,1,0.196
POL-79647361,CUST-772744,Home,2018-05-27,361.59,1296000,0,1,0.059
POL-41833635,CUST-175622,RV,2022-09-12,360.05,108000,1,1,0.207
POL-6231220,CUST-242163,Home,2022-03-20,355.2,1175000,0,1,0.177
POL-56248001,CUST-703632,Motorcycle,2019-07-31,126.86,13000,1,1,0.11
POL-1137010,CUST-927721,Auto,2018-07-17,162.04,410000,3,1,0.065
POL-61414425,CUST-388019,Umbrella,2017-11-25,472.94,3291000,0,1,0.025
POL-69881903,CUST-195599,Health,2021-07-05,816.23,132000,0,1,0.141
POL-34337526,CUST-484383,Home,2016-10-25,799.76,1575000,0,1,0.018
POL-3310360,CUST-728658,Life,2023-05-18,100.95,933000,0,1,0.014
POL-147286,CUST-951405,Business,2017-08-21,1501.07,3673000,0,0,0.012
POL-15372552,CUST-95246,Motorcycle,2023-01-23,129.22,79000,1,1,0.208
POL-21757048,CUST-236610,Renters,2021-05-08,45.1,66000,0,1,0.107
POL-821305,CUST-189721,Motorcycle,2024-11-11,41.52,73000,4,1,0.209
POL-57908115,CUST-734447,Renters,2018-09-16,20.71,10000,0,1,0.216
POL-13284153,CUST-678465,Auto,2018-05-10,230.42,41000,3,1,0.186
POL-9063074,CUST-369698,Umbrella,2018-05-27,421.75,2175000,0,0,0.003
POL-16709159,CUST-547622,Business,2024-05-31,1795.07,4165000,0,1,0.147
POL-65610054,CUST-757899,Umbrella,2025-03-28,480.67,1741000,0,1,0.002
POL-92126438,CUST-383822,Health,2015-07-26,258.72,94000,0,1,0.187
POL-12678654,CUST-454803,RV,2025-02-11,905.39,74000,2,1,0.14
POL-15041051,CUST-527573,Motorcycle,2017-04-21,51.37,30000,3,1,0.158
POL-28378459,CUST-561544,Boat,2022-12-02,451.61,363000,1,1,0.147
POL-44602664,CUST-576966,Umbrella,2021-10-23,545.54,4910000,0,1,0.249
POL-10945862,CUST-765806,Home,2024-11-10,519.36,179000,0,1,0.034
POL-76366538,CUST-786038,Motorcycle,2020-10-25,57.89,44000,2,0,0.111
POL-92646119,CUST-493297,Boat,2023-05-20,618.42,273000,1,1,0.144
POL-94486288,CUST-724284,Life,2018-05-05,98.96,231000,0,1,0.165
POL-51233557,CUST-583021,Umbrella,2017-02-04,496.56,2107000,0,1,0.07
POL-5966926,CUST-743261,RV,2024-04-14,851.49,74000,1,1,0.001
POL-45589651,CUST-961720,Home,2016-05-07,319.34,1899000,0,1,0.101
POL-64256765,CUST-560965,Renters,2019-07-07,42.25,98000,0,0,0.218
POL-9015235,CUST-574083,Home,2019-03-02,247.5,1244000,0,1,0.091
POL-81692490,CUST-988392,Umbrella,2021-11-17,522.39,2042000,0,1,0.234
POL-68252441,CUST-952751,Boat,2018-02-14,416.97,289000,1,1,0.061
POL-64369730,CUST-942894,Boat,2025-05-23,391.77,112000,2,1,0.245
POL-68325483,CUST-289523,Health,2018-06-05,347.21,173000,0,1,0.036
POL-41740604,CUST-908310,Health,2021-02-19,768.94,468000,0,1,0.198
POL-88228900,CUST-100636,Motorcycle,2016-05-26,69.11,67000,2,1,0.123
POL-18535751,CUST-176288,Health,2024-03-27,573.79,56000,0,1,0.065
POL-21812203,CUST-1278,Umbrella,2023-08-09,508.52,4022000,0,1,0.25
POL-23841398,CUST-577974,Renters,2016-05-30,42.37,32000,0,1,0.073
POL-82549527,CUST-308853,Boat,2019-02-17,714.75,309000,1,1,0.047
POL-17107502,CUST-655645,Umbrella,2024-08-15,408.63,4139000,0,1,0.047
POL-18155669,CUST-694666,Boat,2019-05-20,213.98,249000,1,1,0.09
POL-7940265,CUST-264201,RV,2018-02-20,966.22,240000,1,1,0.131
POL-37235260,CUST-292284,Umbrella,2017-01-01,340.82,1558000,0,1,0.034
POL-37414684,CUST-686642,Life,2023-10-13,157.25,791000,0,1,0.243
POL-98132254,CUST-138075,Boat,2019-02-02,423.97,36000,1,1,0.049
POL-14724522,CUST-69246,Life,2024-06-03,136.28,521000,0,1,0.247
POL-48305167,CUST-605316,Health,2022-08-30,1035.54,452000,0,1,0.226
POL-94100154,CUST-10703,Renters,2018-10-31,47.8,68000,0,1,0.084
POL-98746571,CUST-657774,Motorcycle,2017-08-24,132.14,81000,4,1,0.122
POL-17123588,CUST-37870,Health,2015-09-19,1187.25,359000,0,1,0.118
POL-6805868,CUST-290453,RV,2019-01-11,321.72,262000,2,1,0.046
POL-29396033,CUST-893780,Business,2018-01-12,1601.51,731000,0,1,0.176
POL-17526755,CUST-751765,Health,2017-09-22,1184.45,371000,0,1,0.207
POL-66844055,CUST-376622,Boat,2022-12-17,612.76,216000,1,1,0.122
POL-93342067,CUST-918353,Motorcycle,2017-08-28,62.38,48000,3,1,0.157
POL-32708760,CUST-391046,Motorcycle,2017-04-01,48.56,32000,2,1,0.241
POL-5560483,CUST-942157,Health,2018-10-17,984.93,455000,0,1,0.064
POL-67556899,CUST-98080,Renters,2017-09-18,43.0,27000,0,1,0.172
POL-45025369,CUST-929390,Motorcycle,2022-08-08,44.64,78000,1,1,0.14
POL-54647821,CUST-265778,Motorcycle,2016-04-17,35.32,67000,2,1,0.066
POL-26446456,CUST-3026,Home,2022-03-24,125.86,906000,0,1,0.132
POL-46229195,CUST-749991,RV,2016-06-20,804.31,212000,1,1,0.036
POL-59051822,CUST-479113,Business,2019-06-03,1532.59,3268000,0,1,0.174
POL-47762576,CUST-417211,Boat,2023-04-24,504.11,393000,2,1,0.026
POL-12878701,CUST-640790,Auto,2025-06-09,146.28,366000,2,1,0.09
POL-30097648,CUST-138432,Business,2024-08-19,1166.11,3583000,0,0,0.079
POL-91776337,CUST-24031,Auto,2016-09-13,265.38,226000,3,1,0.054
POL-80291052,CUST-94014,Life,2018-04-01,120.75,623000,0,1,0.169
POL-91621883,CUST-926375,Auto,2022-07-26,262.89,313000,4,1,0.131
POL-63038907,CUST-313039,Home,2016-10-01,719.08,108000,0,1,0.071
POL-81620278,CUST-42862,Life,2021-12-04,184.97,264000,0,1,0.006
POL-78120126,CUST-785461,Motorcycle,2018-03-14,91.36,77000,3,0,0.166
POL-29282250,CUST-125128,Renters,2024-07-10,24.14,46000,0,1,0.208
POL-35389275,CUST-259985,Life,2015-12-28,161.43,931000,0,1,0.108
POL-37031436,CUST-70129,Boat,2024-09-12,796.15,473000,2,1,0.14
POL-52597519,CUST-170081,Health,2022-01-29,975.78,88000,0,1,0.019
POL-76167096,CUST-85102,RV,2018-01-22,338.38,130000,1,1,0.074
POL-15906873,CUST-440191,Health,2018-12-12,246.66,360000,0,0,0.142
POL-1877988,CUST-525428,Boat,2023-10-11,397.67,429000,2,1,0.197
POL-49243476,CUST-425577,Life,2016-06-11,45.52,177000,0,1,0.24
POL-49469218,CUST-882102,Home,2024-12-21,667.51,1879000,0,1,0.07
POL-52781957,CUST-482874,Life,2022-08-07,129.72,798000,0,0,0.223
POL-51427497,CUST-245228,Home,2016-03-08,186.13,910000,0,1,0.173
POL-20531509,CUST-88198,Renters,2022-03-13,28.57,38000,0,1,0.172
POL-68738936,CUST-843245,Home,2025-03-12,193.05,1126000,0,1,0.112
POL-48593635,CUST-379239,Auto,2022-03-11,163.27,394000,2,1,0.123
POL-40694371,CUST-609446,Umbrella,2016-07-09,410.35,3313000,0,1,0.02
POL-34190049,CUST-315100,Umbrella,2020-05-16,444.41,1699000,0,1,0.055
POL-59186698,CUST-452445,Renters,2016-02-09,19.07,55000,0,1,0.113
POL-26353271,CUST-718125,Motorcycle,2022-02-25,40.73,84000,1,1,0.086
POL-81155978,CUST-807623,Home,2020-09-13,753.93,139000,0,0,0.206
POL-96271656,CUST-235635,Boat,2018-09-13,561.18,465000,1,1,0.016
POL-55946279,CUST-360489,Motorcycle,2025-02-23,134.09,32000,2,1,0.163
POL-40574135,CUST-678662,Home,2015-08-22,250.73,1041000,0,0,0.044
POL-22451247,CUST-475650,Business,2021-11-27,1805.35,4798000,0,1,0.023
POL-17377943,CUST-887629,Business,2018-09-21,1123.47,727000,0,1,0.189
POL-51719505,CUST-141232,Motorcycle,2018-05-14,103.94,21000,2,1,0.009
POL-15766710,CUST-92756,Boat,2022-11-15,497.2,494000,2,1,0.158
POL-19710954,CUST-268148,Renters,2020-07-09,27.76,85000,0,0,0.002
POL-55154850,CUST-697790,Health,2019-03-05,889.89,234000,0,1,0.24
POL-99165960,CUST-360209,Umbrella,2017-10-31,210.89,2687000,0,1,0.105
POL-93338543,CUST-336133,Umbrella,2024-12-06,589.65,1150000,0,1,0.208
POL-90396463,CUST-158655,Renters,2020-01-11,28.23,26000,0,1,0.009
POL-91157701,CUST-539688,Umbrella,2017-03-21,466.22,4398000,0,1,0.084
POL-85393642,CUST-929336,Health,2024-03-23,421.34,116000,0,1,0.099
POL-71645549,CUST-770653,Health,2016-02-29,255.11,357000,0,1,0.207
POL-79741240,CUST-996536,Life,2023-11-18,76.35,50000,0,1,0.023
POL-99308407,CUST-653026,Health,2017-02-28,537.97,381000,0,1,0.104
POL-19799652,CUST-670532,Health,2022-06-05,436.5,76000,0,1,0.096
POL-97221267,CUST-326248,RV,2019-07-30,969.16,145000,2,1,0.055
POL-88317278,CUST-629968,Home,2016-12-06,511.63,1932000,0,1,0.176
POL-91630212,CUST-398738,Auto,2025-03-16,294.76,181000,1,1,0.17
POL-29608852,CUST-210777,Boat,2019-12-24,416.35,74000,2,1,0.06
POL-45477727,CUST-844101,Home,2025-01-05,287.59,861000,0,1,0.208
POL-17982209,CUST-755148,Auto,2019-07-26,140.79,159000,3,1,0.09
POL-61865387,CUST-195726,Renters,2020-04-14,28.6,48000,0,1,0.015
POL-89484361,CUST-60401,RV,2021-09-17,373.89,219000,1,1,0.042
POL-71354003,CUST-247306,Home,2021-09-11,362.71,830000,0,1,0.131
POL-32953482,CUST-273407,Business,2019-04-27,513.93,233000,0,1,0.028
POL-4661983,CUST-848210,Boat,2018-12-08,659.38,42000,2,0,0.03
POL-10408360,CUST-82507,Business,2019-08-04,2349.98,3371000,0,1,0.115
POL-89719331,CUST-554698,Umbrella,2021-09-19,520.97,2177000,0,1,0.221
POL-54447809,CUST-29349,Life,2023-12-28,140.83,756000,0,1,0.129
POL-96471404,CUST-280049,Renters,2021-11-08,49.71,89000,0,1,0.086
POL-62666858,CUST-816171,RV,2021-10-13,915.83,278000,2,1,0.041
POL-92587275,CUST-591098,Life,2022-02-18,180.45,320000,0,1,0.236
POL-67025580,CUST-346895,Boat,2020-01-23,248.2,41000,1,1,0.168
POL-53871859,CUST-615332,Health,2023-03-18,484.31,247000,0,1,0.022
POL-96871066,CUST-809593,Renters,2020-01-21,42.48,71000,0,1,0.227
POL-26758764,CUST-378003,Boat,2021-03-14,762.6,202000,1,1,0.074
POL-58597599,CUST-388726,Business,2019-07-29,1236.41,229000,0,0,0.24
POL-63376018,CUST-898887,Auto,2025-02-03,119.19,349000,1,0,0.18
POL-52751253,CUST-405441,Umbrella,2020-02-07,322.0,1821000,0,0,0.106
POL-51312479,CUST-846088,Renters,2024-01-18,19.73,69000,0,1,0.148
POL-57835495,CUST-218755,Health,2016-07-29,612.83,99000,0,1,0.196
POL-16974940,CUST-82919,Auto,2020-04-06,232.68,109000,3,1,0.161
POL-46071248,CUST-299421,Home,2018-07-04,284.88,1003000,0,1,0.11
POL-2969702,CUST-561498,Life,2021-10-14,171.31,489000,0,1,0.074
POL-76864684,CUST-348169,Boat,2015-08-18,235.55,249000,1,1,0.091
POL-68188722,CUST-91790,Umbrella,2020-09-14,329.2,4841000,0,1,0.165
POL-24879238,CUST-797355,Health,2021-04-22,454.61,99000,0,1,0.047
POL-79986323,CUST-149522,Life,2022-04-13,120.55,654000,0,1,0.232
POL-49823728,CUST-603682,Boat,2020-12-27,421.99,381000,1,1,0.062
POL-53294489,CUST-316761,Boat,2021-12-24,568.44,209000,2,1,0.138
POL-24390563,CUST-118323,Boat,2023-02-03,312.76,132000,1,1,0.153
POL-1818145,CUST-475214,Motorcycle,2019-07-27,104.21,24000,1,1,0.24
POL-18348753,CUST-251236,RV,2020-03-11,414.54,203000,2,1,0.244
POL-96288397,CUST-617088,Motorcycle,2021-10-02,144.27,28000,1,1,0.236
POL-35660991,CUST-190413,Renters,2017-07-06,28.53,64000,0,1,0.25
POL-16447014,CUST-978452,Motorcycle,2022-01-15,61.17,83000,3,1,0.083
POL-7065104,CUST-700131,Auto,2020-05-10,229.87,210000,1,1,0.019
POL-87330798,CUST-570909,Renters,2019-12-31,23.67,85000,0,1,0.039
POL-26227933,CUST-259850,Boat,2025-06-02,729.67,487000,1,1,0.03
POL-55761575,CUST-856244,Life,2018-03-04,116.17,709000,0,1,0.208
POL-40399190,CUST-814483,Renters,2017-06-21,23.34,99000,0,1,0.081
POL-41466066,CUST-223861,Umbrella,2020-11-18,256.38,2032000,0,1,0.231
POL-60774482,CUST-594093,RV,2016-06-10,832.86,138000,1,1,0.241
POL-29529338,CUST-689738,Business,2022-07-07,2083.31,4538000,0,1,0.087
POL-30333941,CUST-109313,RV,2023-04-14,899.37,262000,1,1,0.085
POL-4024877,CUST-560105,Auto,2015-10-20,342.1,281000,2,1,0.183
POL-66529367,CUST-985815,RV,2017-07-26,457.49,64000,1,1,0.132
POL-47817462,CUST-964430,Auto,2024-07-10,108.24,251000,4,1,0.1
POL-19070828,CUST-977190,Life,2018-05-02,146.81,963000,0,1,0.216
POL-10656998,CUST-386253,Home,2017-07-16,614.12,789000,0,1,0.122
POL-59946219,CUST-96865,Home,2024-10-31,505.05,173000,0,1,0.245
POL-37695226,CUST-333799,Renters,2024-12-19,49.0,50000,0,1,0.177
POL-28066975,CUST-380368,Auto,2018-02-25,309.41,335000,1,1,0.062
POL-99203594,CUST-939797,Boat,2020-03-30,679.09,272000,1,1,0.076
POL-58108970,CUST-932372,Home,2018-06-28,640.19,1429000,0,1,0.2
POL-61828022,CUST-272379,Motorcycle,2024-02-03,89.44,90000,3,1,0.115
POL-91305140,CUST-682084,Life,2020-01-14,123.56,239000,0,1,0.057
POL-6524247,CUST-117889,Boat,2023-12-19,331.06,164000,1,1,0.011
POL-26037642,CUST-674041,Business,2023-12-14,657.69,438000,0,1,0.101
POL-86987146,CUST-979117,Umbrella,2018-04-11,473.29,1458000,0,0,0.066
POL-92811690,CUST-554735,Health,2015-12-04,508.19,61000,0,1,0.099
POL-45826915,CUST-917831,Health,2022-06-26,350.31,353000,0,1,0.111
POL-29872087,CUST-948895,RV,2018-01-02,360.09,216000,2,1,0.089
POL-62115842,CUST-474969,Home,2023-01-22,508.11,1087000,0,1,0.04
POL-77484527,CUST-450861,Renters,2017-09-27,21.51,41000,0,1,0.06
POL-91532272,CUST-339648,Renters,2022-04-21,40.51,38000,0,1,0.134
POL-25273235,CUST-204450,Home,2022-05-31,252.5,258000,0,1,0.066
POL-457051,CUST-116890,Renters,2023-06-16,17.63,55000,0,1,0.12
POL-8314171,CUST-677071,Home,2020-03-26,663.35,1672000,0,1,0.104
POL-84463186,CUST-734282,Home,2016-04-14,176.06,702000,0,1,0.231
POL-20468290,CUST-853196,Life,2021-07-27,29.41,265000,0,1,0.135
POL-72076248,CUST-65936,Health,2022-12-19,932.99,214000,0,1,0.206
POL-49323356,CUST-341294,Umbrella,2015-11-29,572.7,4328000,0,0,0.218
POL-88353556,CUST-47846,Boat,2024-04-28,741.63,127000,1,1,0.195
POL-3398022,CUST-965502,RV,2016-02-10,673.65,205000,1,1,0.058
POL-64940567,CUST-897932,Auto,2018-01-29,83.72,480000,3,1,0.049
POL-97910252,CUST-134242,Home,2018-07-11,308.75,1501000,0,1,0.127
POL-41498614,CUST-195358,Home,2016-08-11,383.22,1992000,0,1,0.13
POL-62158202,CUST-694752,Auto,2020-12-07,320.31,440000,3,1,0.127
POL-16094731,CUST-446087,Business,2018-10-22,575.49,1189000,0,1,0.237
POL-81096407,CUST-315751,Life,2015-12-11,122.26,870000,0,1,0.016
POL-76995914,CUST-725928,Health,2019-05-08,462.3,248000,0,1,0.235
POL-29208016,CUST-800130,RV,2017-08-04,620.26,250000,2,1,0.02
POL-71012800,CUST-845281,Business,2022-04-07,890.29,886000,0,1,0.047
POL-66354175,CUST-172468,Life,2016-12-20,158.54,668000,0,1,0.13
POL-26636781,CUST-127531,Auto,2016-02-02,162.49,29000,2,1,0.225
POL-50745502,CUST-652669,RV,2018-11-12,850.98,110000,2,1,0.164
POL-47119069,CUST-743636,Motorcycle,2021-05-18,64.35,64000,3,1,0.181
POL-69537865,CUST-813239,Health,2018-02-12,760.86,263000,0,1,0.024
POL-23623696,CUST-950517,Health,2022-02-21,1125.84,299000,0,1,0.222
POL-80655868,CUST-676200,Life,2015-12-13,136.24,899000,0,1,0.14
POL-77257533,CUST-761532,RV,2018-08-31,352.63,141000,1,1,0.046
POL-33035177,CUST-360678,RV,2023-09-27,674.45,59000,1,1,0.099
POL-96520866,CUST-391673,Home,2017-09-01,385.66,1467000,0,1,0.126
POL-88486242,CUST-716057,Home,2021-06-26,739.71,1093000,0,1,0.114
POL-31491678,CUST-155565,Auto,2019-02-13,121.73,284000,3,1,0.004
POL-20236850,CUST-671022,Life,2018-05-14,97.39,774000,0,1,0.133
POL-30445873,CUST-733280,Home,2023-01-09,102.66,1557000,0,1,0.147
POL-70090170,CUST-632700,Motorcycle,2018-09-23,87.69,20000,2,1,0.167
POL-191149,CUST-301286,Boat,2018-06-17,565.75,141000,2,0,0.142
POL-63576443,CUST-724765,Auto,2021-09-05,289.82,493000,2,0,0.198
POL-47518285,CUST-236455,Boat,2019-04-09,587.75,296000,1,1,0.143
POL-30418726,CUST-443785,Health,2017-09-09,793.57,178000,0,1,0.105
POL-11691385,CUST-531917,RV,2022-10-03,810.38,114000,1,1,0.042
POL-4665196,CUST-492350,Renters,2021-06-12,43.5,64000,0,1,0.17
POL-12299448,CUST-951475,Umbrella,2022-04-01,372.73,4730000,0,1,0.197
POL-73984445,CUST-481416,Life,2016-04-29,65.46,105000,0,1,0.097
POL-68645744,CUST-196542,RV,2016-04-08,320.55,228000,2,1,0.009
POL-81488185,CUST-522016,Home,2022-02-10,293.87,262000,0,1,0.14
POL-67869393,CUST-846123,Auto,2017-07-19,148.94,254000,1,0,0.222
POL-26830566,CUST-399646,Life,2018-03-10,31.5,639000,0,1,0.105
POL-13243302,CUST-14847,Renters,2016-02-24,34.2,50000,0,1,0.101
POL-16734439,CUST-163547,Health,2023-11-08,1016.28,335000,0,1,0.139
POL-13391799,CUST-371427,Home,2022-03-28,435.75,564000,0,1,0.032
POL-29831416,CUST-936324,Boat,2024-11-29,475.52,239000,1,1,0.244
POL-90968871,CUST-587433,Health,2024-12-28,811.22,391000,0,1,0.16
POL-94769390,CUST-93994,Health,2018-08-09,607.64,348000,0,1,0.012
POL-89418620,CUST-832313,Umbrella,2023-11-18,509.04,2224000,0,1,0.103
POL-94952528,CUST-799061,RV,2022-11-21,475.71,107000,2,1,0.177
POL-71690032,CUST-901281,Health,2019-12-14,675.63,487000,0,1,0.104
POL-54027629,CUST-501718,Home,2019-11-20,734.34,1164000,0,1,0.055
POL-43528399,CUST-464116,Boat,2018-11-25,471.73,400000,2,1,0.091
POL-17585761,CUST-152199,Life,2019-12-18,145.4,340000,0,0,0.126
POL-29083765,CUST-724410,Motorcycle,2019-01-23,38.85,99000,2,1,0.078
POL-19009846,CUST-998542,Business,2018-02-03,2307.94,1695000,0,1,0.222
POL-95572535,CUST-533052,Motorcycle,2018-03-28,34.5,27000,3,1,0.001
POL-85193419,CUST-111285,Umbrella,2015-10-12,533.04,2636000,0,1,0.016
POL-34058594,CUST-161447,Home,2020-06-17,790.27,1803000,0,1,0.154
POL-75190528,CUST-702916,Business,2021-05-19,1610.78,701000,0,0,0.19
POL-20707513,CUST-752201,Auto,2025-02-14,339.88,255000,4,1,0.04
POL-23976414,CUST-769919,Renters,2018-08-17,15.09,77000,0,0,0.182
POL-54361854,CUST-59936,Auto,2021-07-06,162.09,282000,3,1,0.039
POL-24567276,CUST-860936,Business,2021-11-27,2283.87,4705000,0,0,0.128
POL-28328468,CUST-389641,Motorcycle,2021-03-27,68.26,26000,1,1,0.194
POL-52292747,CUST-254010,Home,2016-05-01,530.3,1345000,0,1,0.245
POL-32835306,CUST-69907,Boat,2023-08-22,708.78,416000,1,1,0.052
POL-71346472,CUST-58114,Home,2017-06-11,264.44,1405000,0,1,0.042
POL-53260244,CUST-716884,Boat,2020-02-11,676.6,333000,2,1,0.225
POL-37014526,CUST-109619,Home,2023-11-10,721.15,946000,0,1,0.091
POL-847304,CUST-509153,Umbrella,2019-07-07,389.91,3187000,0,1,0.159
POL-30751318,CUST-898390,RV,2020-11-08,349.87,53000,2,1,0.189
POL-40921707,CUST-809679,Umbrella,2024-12-31,357.72,4655000,0,1,0.248
POL-87671175,CUST-588969,Boat,2017-07-27,326.11,401000,2,1,0.143
POL-19930950,CUST-14210,Auto,2021-01-02,290.28,416000,4,0,0.207
POL-29494552,CUST-812403,Motorcycle,2016-09-17,135.43,98000,1,1,0.048
POL-23422977,CUST-420785,Home,2022-01-18,408.35,951000,0,1,0.173
POL-68278971,CUST-822655,Renters,2016-06-20,25.22,59000,0,1,0.116
POL-89116571,CUST-418692,Business,2020-05-16,682.81,810000,0,1,0.058
POL-76626319,CUST-868401,Motorcycle,2019-05-24,134.02,69000,3,1,0.212
POL-88161045,CUST-383123,Umbrella,2023-07-20,305.14,4294000,0,1,0.139
POL-8490284,CUST-329075,Renters,2022-01-23,42.12,34000,0,1,0.093
POL-63906952,CUST-47220,Health,2020-03-15,1071.07,337000,0,1,0.157
POL-42737668,CUST-263640,Business,2021-08-23,1908.86,3751000,0,1,0.094
POL-9760510,CUST-838108,Auto,2025-03-02,227.62,435000,1,1,0.189
POL-84048378,CUST-691733,RV,2018-06-16,689.18,126000,1,1,0.005
POL-49430703,CUST-90678,Motorcycle,2016-08-21,147.74,50000,4,1,0.026
POL-96687751,CUST-280670,Motorcycle,2022-10-11,44.51,84000,2,1,0.153
POL-10400956,CUST-593731,Life,2016-09-19,52.68,828000,0,1,0.052
POL-44284913,CUST-449068,Auto,2021-04-25,242.18,386000,3,1,0.236
POL-2269217,CUST-597243,Home,2020-02-11,580.56,278000,0,1,0.069
POL-77340546,CUST-755914,Umbrella,2017-01-17,332.14,2844000,0,1,0.149
POL-79513946,CUST-221794,Auto,2021-11-21,208.37,205000,4,1,0.213
POL-60513308,CUST-573698,RV,2020-12-14,639.58,296000,1,1,0.16
POL-48016754,CUST-843950,Motorcycle,2023-12-11,71.81,79000,2,1,0.018
POL-8079655,CUST-500338,Umbrella,2018-08-21,243.66,4303000,0,1,0.025
POL-18399621,CUST-19042,Motorcycle,2015-07-03,88.28,73000,4,0,0.152
POL-22646191,CUST-455707,Business,2019-10-22,1812.86,1792000,0,1,0.18
POL-89478064,CUST-15633,Life,2018-03-09,72.48,681000,0,1,0.055
POL-83584003,CUST-908986,Home,2016-09-13,512.55,1089000,0,1,0.195
POL-12897516,CUST-142559,Business,2023-12-07,2463.61,1209000,0,1,0.151
POL-20088520,CUST-322417,Umbrella,2017-01-08,305.59,1100000,0,0,0.135
POL-27083170,CUST-599338,Business,2016-09-27,2266.8,2431000,0,0,0.051
POL-96160624,CUST-450883,RV,2019-08-21,396.77,270000,2,1,0.07
POL-62110248,CUST-557821,Home,2022-05-11,264.88,915000,0,1,0.067
POL-86874609,CUST-475952,RV,2025-02-17,664.63,271000,2,1,0.002
POL-4876892,CUST-593907,Boat,2022-05-26,510.93,147000,1,0,0.074
POL-63695233,CUST-226093,RV,2024-05-24,784.89,135000,1,1,0.225
POL-22142393,CUST-447073,Renters,2016-10-03,36.35,47000,0,1,0.065
POL-64944298,CUST-242561,Renters,2023-11-03,21.52,17000,0,1,0.091
POL-80791303,CUST-807918,Renters,2016-11-07,27.03,30000,0,1,0.103
POL-17696823,CUST-459118,Auto,2018-08-24,242.42,157000,4,1,0.041
POL-90590266,CUST-801783,Boat,2022-02-12,366.36,54000,2,1,0.023
POL-61791460,CUST-355591,Business,2015-12-22,991.38,1139000,0,0,0.095
POL-71191483,CUST-560741,Auto,2025-04-21,144.59,311000,2,0,0.235
POL-87073528,CUST-571155,Auto,2023-07-30,141.66,242000,1,1,0.005
POL-47300592,CUST-248755,Umbrella,2022-08-24,413.98,3015000,0,1,0.223
POL-84686715,CUST-718209,Boat,2019-01-12,414.94,81000,1,1,0.168
POL-93722036,CUST-726630,Health,2025-03-21,1038.04,365000,0,1,0.246
POL-27248252,CUST-120888,Motorcycle,2020-09-29,146.21,69000,4,1,0.076
POL-84552507,CUST-807365,Motorcycle,2017-01-19,127.74,22000,4,1,0.017
POL-44132892,CUST-323765,Motorcycle,2021-12-30,51.76,63000,4,1,0.213
POL-4144268,CUST-537389,Motorcycle,2018-09-12,38.4,40000,2,1,0.098
POL-85487860,CUST-351137,RV,2025-04-30,383.57,53000,1,1,0.2
POL-31296200,CUST-130746,Life,2018-08-01,78.03,909000,0,1,0.105
POL-6131158,CUST-166240,Auto,2017-12-15,244.71,236000,4,1,0.206
POL-78664139,CUST-72617,Business,2017-07-21,1473.02,354000,0,1,0.056
POL-3156663,CUST-812222,Renters,2021-06-25,24.42,43000,0,1,0.241
POL-65268732,CUST-846781,Umbrella,2021-06-07,314.91,1553000,0,1,0.116
POL-36545801,CUST-296525,Life,2021-12-04,33.47,617000,0,1,0.212
POL-85910603,CUST-478250,Life,2025-01-26,176.21,696000,0,1,0.064
POL-64416180,CUST-7222,RV,2020-04-29,414.46,52000,1,1,0.147
POL-159801,CUST-147094,Auto,2016-05-05,175.94,475000,4,1,0.072
POL-75331364,CUST-486819,Umbrella,2022-08-27,359.75,2788000,0,1,0.15
POL-41093489,CUST-324205,Auto,2022-03-23,330.39,340000,2,1,0.047
POL-89305963,CUST-799555,Umbrella,2024-10-04,253.21,2260000,0,1,0.068
POL-66627264,CUST-420388,Home,2022-11-24,749.5,1436000,0,1,0.129
POL-76825671,CUST-469579,Renters,2020-07-23,39.33,29000,0,1,0.129
POL-41541660,CUST-927794,Home,2023-02-25,556.16,466000,0,1,0.204
POL-56343204,CUST-855864,Business,2017-01-03,1985.52,1755000,0,1,0.057
POL-51761995,CUST-933784,Umbrella,2018-12-01,374.36,4529000,0,1,0.226
POL-57261364,CUST-724174,Auto,2021-05-28,105.29,165000,3,1,0.112
POL-34484770,CUST-899574,Motorcycle,2016-01-25,40.08,98000,2,1,0.21
POL-4432708,CUST-24173,Umbrella,2021-02-12,221.22,2738000,0,1,0.003
POL-32784548,CUST-370150,Home,2022-05-31,474.24,232000,0,1,0.234
POL-93822432,CUST-231306,Boat,2020-11-05,732.65,375000,1,1,0.092
POL-26733466,CUST-39463,Life,2023-06-30,62.09,715000,0,0,0.092
POL-36560856,CUST-592493,Umbrella,2022-01-23,312.58,4136000,0,1,0.205
POL-82739686,CUST-195529,Auto,2022-10-01,139.5,423000,3,1,0.103
POL-59240944,CUST-82919,Life,2023-05-24,101.23,367000,0,1,0.019
POL-85226879,CUST-592899,Business,2017-05-12,2386.89,4403000,0,1,0.176
POL-18435232,CUST-596964,RV,2021-08-02,928.73,80000,2,1,0.207
POL-29895678,CUST-336693,Health,2021-12-17,539.65,477000,0,1,0.206
POL-6649866,CUST-728468,Umbrella,2018-12-30,451.84,4433000,0,1,0.207
POL-79666872,CUST-488585,RV,2021-10-21,767.85,161000,1,1,0.247
POL-24058025,CUST-385883,Home,2015-08-18,684.98,620000,0,1,0.25
POL-14780319,CUST-169357,Renters,2021-06-11,48.91,70000,0,1,0.212
POL-21622781,CUST-485147,Health,2024-06-29,938.97,185000,0,1,0.116
POL-90519274,CUST-216394,Renters,2022-07-12,36.65,76000,0,1,0.079
POL-40226350,CUST-246174,Umbrella,2022-10-01,479.52,3247000,0,1,0.035
POL-42146187,CUST-643911,Renters,2016-10-28,16.81,55000,0,1,0.079
POL-70399918,CUST-650919,Renters,2020-06-04,29.62,56000,0,1,0.015
POL-76492934,CUST-800536,Business,2025-01-05,546.17,3713000,0,1,0.156
POL-82104213,CUST-412584,Umbrella,2021-03-14,508.52,2906000,0,1,0.11
POL-37808190,CUST-434055,Umbrella,2021-06-04,295.36,1004000,0,1,0.079
POL-33287832,CUST-313038,Renters,2022-11-20,28.25,40000,0,0,0.149
POL-35128164,CUST-917146,Renters,2021-02-11,24.5,27000,0,1,0.172
POL-29716697,CUST-322323,Renters,2020-06-18,38.55,18000,0,1,0.041
POL-9797079,CUST-830165,Health,2019-11-15,307.47,236000,0,0,0.012
POL-82139466,CUST-127205,Boat,2020-09-08,536.12,152000,1,1,0.086
POL-76421624,CUST-973081,Health,2022-03-22,781.83,495000,0,1,0.19
POL-81532029,CUST-254235,Health,2019-08-27,1145.59,441000,0,1,0.22
POL-37015631,CUST-606411,Life,2019-11-22,29.39,397000,0,1,0.192
POL-38263982,CUST-237413,Umbrella,2023-03-01,482.74,4940000,0,0,0.248
POL-36190360,CUST-919678,Life,2025-04-10,180.42,366000,0,1,0.093
POL-35405879,CUST-18010,Umbrella,2022-06-20,493.29,2856000,0,1,0.055
POL-90734087,CUST-877418,Health,2024-06-09,794.3,366000,0,1,0.072
POL-22996510,CUST-153201,Home,2025-01-16,120.64,1530000,0,1,0.243
POL-6408122,CUST-622142,RV,2019-04-25,655.92,250000,2,1,0.133
POL-67176544,CUST-440536,Life,2021-01-28,162.41,605000,0,0,0.004
POL-81260613,CUST-758068,Business,2017-09-04,1180.21,1611000,0,1,0.208
POL-97112705,CUST-980606,Health,2023-08-11,804.0,322000,0,1,0.171
POL-77258340,CUST-701505,Home,2019-03-18,492.6,1280000,0,1,0.09
POL-86240962,CUST-807966,Business,2024-07-25,2214.41,4484000,0,1,0.189
POL-78200200,CUST-899818,Auto,2024-05-18,304.8,420000,3,1,0.105
POL-13389421,CUST-261281,Umbrella,2020-01-30,471.57,2582000,0,1,0.001
POL-13906478,CUST-8363,Health,2018-03-05,1112.2,285000,0,1,0.134
POL-59799777,CUST-135359,RV,2025-03-17,613.08,186000,2,1,0.013
POL-92780950,CUST-181757,Business,2016-07-14,1604.33,367000,0,1,0.009
POL-64255018,CUST-798683,Umbrella,2017-06-14,554.43,3781000,0,0,0.011
POL-64280921,CUST-342699,Motorcycle,2016-03-25,125.18,87000,1,1,0.245
POL-69601571,CUST-364639,Health,2020-08-14,781.01,382000,0,1,0.065
POL-38529266,CUST-660914,RV,2018-10-09,475.98,180000,1,1,0.01
POL-49733577,CUST-353032,Renters,2022-07-08,37.02,43000,0,1,0.195
POL-78598588,CUST-138319,Auto,2023-07-14,264.16,148000,1,1,0.02
POL-5005295,CUST-256307,RV,2017-08-18,756.91,246000,1,1,0.045
POL-5759381,CUST-316430,Health,2015-09-01,957.31,306000,0,0,0.153
POL-76059172,CUST-453862,Home,2020-03-23,614.48,1397000,0,1,0.063
POL-51204257,CUST-974022,Life,2020-09-02,181.31,137000,0,0,0.194
POL-19915454,CUST-758680,Motorcycle,2016-08-01,79.81,65000,3,1,0.248
POL-76044212,CUST-57260,Boat,2019-04-18,616.63,140000,2,1,0.085
POL-18983103,CUST-940823,Umbrella,2015-12-17,254.07,3940000,0,1,0.136
POL-14312453,CUST-142984,Home,2021-07-18,767.59,1990000,0,1,0.188
POL-27385806,CUST-769485,Auto,2017-06-12,255.88,64000,4,1,0.216
POL-44737245,CUST-900172,Health,2023-05-06,378.47,223000,0,1,0.142
POL-47813594,CUST-554450,Auto,2022-03-10,96.04,283000,3,1,0.185
POL-25543591,CUST-346834,Motorcycle,2022-02-26,115.36,45000,2,0,0.137
POL-45282621,CUST-658510,Auto,2025-05-26,296.77,103000,2,1,0.123
POL-310959,CUST-582355,Health,2023-07-06,330.7,208000,0,1,0.185
POL-10587268,CUST-967518,Renters,2022-10-24,31.6,15000,0,1,0.198
POL-81803550,CUST-229009,Auto,2025-04-02,196.12,363000,2,1,0.113
POL-35043102,CUST-740102,RV,2016-08-30,919.88,93000,1,1,0.136
POL-74162069,CUST-312837,Auto,2021-08-17,96.19,109000,1,1,0.064
POL-34812710,CUST-729560,Business,2018-09-17,2119.9,4572000,0,1,0.182
POL-53223875,CUST-406728,Home,2021-01-22,419.27,1641000,0,1,0.098
POL-11360466,CUST-75999,Boat,2019-04-05,582.63,380000,2,1,0.135
POL-72751344,CUST-577482,Umbrella,2019-04-14,381.82,2529000,0,1,0.005
POL-6450225,CUST-928008,Health,2021-10-21,1005.56,168000,0,1,0.115
POL-39812119,CUST-933493,Umbrella,2018-12-22,453.29,4147000,0,1,0.07
POL-25567631,CUST-869074,Boat,2018-08-13,759.0,69000,1,1,0.19
POL-21148865,CUST-978099,Business,2022-06-04,1667.95,1924000,0,1,0.235
POL-4494343,CUST-899652,RV,2017-10-20,497.65,238000,2,1,0.054
POL-26159411,CUST-325087,Auto,2019-09-22,225.27,177000,3,1,0.048
POL-39292923,CUST-192006,Health,2023-04-11,224.8,371000,0,1,0.044
POL-54569904,CUST-218011,Boat,2020-01-02,709.19,26000,1,1,0.238
POL-2512095,CUST-315891,Boat,2017-04-29,409.71,162000,2,1,0.203
POL-89024698,CUST-472658,Business,2019-06-10,1368.33,2538000,0,1,0.022
POL-55792325,CUST-528938,Motorcycle,2025-05-08,55.3,28000,3,1,0.118
POL-72514117,CUST-871571,Life,2022-03-27,168.53,715000,0,1,0.048
POL-4384831,CUST-578991,Umbrella,2015-12-21,402.78,1376000,0,1,0.239
POL-95396004,CUST-742230,Motorcycle,2020-10-30,144.8,100000,2,1,0.136
POL-76380740,CUST-902148,Auto,2017-11-21,291.35,418000,3,1,0.243
POL-51194546,CUST-789853,Auto,2020-04-07,224.52,387000,4,1,0.02
POL-6727400,CUST-160422,Life,2025-05-27,160.06,577000,0,1,0.076
POL-86789632,CUST-694853,Health,2017-01-07,260.08,217000,0,1,0.195
POL-58808057,CUST-932465,Boat,2023-10-13,276.12,77000,1,1,0.176
POL-8645137,CUST-488443,RV,2020-05-11,373.99,198000,1,0,0.213
POL-25276371,CUST-39363,Boat,2019-12-23,799.54,497000,2,0,0.228
POL-27895721,CUST-882347,Life,2020-08-19,39.92,210000,0,0,0.121
POL-7844402,CUST-162703,Boat,2020-11-29,268.73,32000,2,1,0.234
POL-72016067,CUST-832505,RV,2019-05-19,587.28,219000,2,1,0.248
POL-6299062,CUST-171305,Renters,2021-09-24,18.53,72000,0,1,0.087
POL-75039056,CUST-639109,Business,2018-04-01,2179.82,3688000,0,1,0.084
POL-56656565,CUST-409829,Boat,2020-04-05,375.09,122000,2,1,0.115
POL-24316766,CUST-470239,Motorcycle,2021-04-01,94.6,85000,4,1,0.203
POL-97956488,CUST-914505,Health,2021-03-22,880.51,350000,0,1,0.097
POL-26705345,CUST-210807,Motorcycle,2018-03-16,34.08,31000,2,1,0.185
POL-69835357,CUST-160765,Auto,2017-10-06,106.96,380000,1,1,0.088
POL-1250812,CUST-142912,Auto,2019-06-21,263.3,442000,1,1,0.249
POL-18044506,CUST-346228,Home,2015-10-08,534.69,897000,0,1,0.158
POL-76989557,CUST-113043,Health,2022-04-27,340.83,80000,0,1,0.122
POL-27435603,CUST-920455,Boat,2019-02-28,290.57,401000,2,1,0.023
POL-30832741,CUST-23033,Business,2015-08-30,2453.33,2990000,0,1,0.157
POL-26476938,CUST-265959,Health,2019-03-24,430.1,458000,0,1,0.073
POL-62873761,CUST-462393,Motorcycle,2022-06-10,45.08,100000,1,1,0.137
POL-98524298,CUST-725885,RV,2016-08-23,360.96,239000,2,1,0.165
POL-89969836,CUST-944665,Health,2017-08-01,226.71,352000,0,1,0.088
POL-61242777,CUST-382940,Home,2022-10-09,547.23,552000,0,1,0.05
POL-58725569,CUST-897479,Business,2015-09-04,909.67,2194000,0,1,0.132
POL-19058172,CUST-813596,RV,2022-10-03,649.14,211000,1,1,0.036
POL-81828859,CUST-639590,Renters,2023-08-19,18.29,66000,0,1,0.036
POL-42303911,CUST-261224,RV,2021-05-27,643.54,126000,1,1,0.102
POL-23294933,CUST-291497,Boat,2016-06-16,380.85,341000,1,1,0.132
POL-28267512,CUST-58772,Renters,2021-10-16,33.29,13000,0,1,0.237
POL-23225244,CUST-954450,Life,2016-10-28,127.15,402000,0,1,0.168
POL-98611928,CUST-609978,RV,2019-06-03,796.69,61000,2,1,0.132
POL-34670469,CUST-855705,Life,2024-12-14,91.08,509000,0,1,0.051
POL-22901211,CUST-246402,Home,2023-10-16,703.09,493000,0,1,0.024
POL-29096366,CUST-284010,RV,2015-12-27,938.08,153000,2,1,0.002
POL-6263500,CUST-133227,Home,2017-09-26,536.01,1919000,0,1,0.065
POL-39729133,CUST-480722,Boat,2024-09-06,455.2,400000,1,1,0.032
POL-78051323,CUST-848821,Motorcycle,2016-08-26,131.38,63000,3,0,0.029
POL-12195959,CUST-476283,Business,2015-10-09,855.96,4099000,0,1,0.115
POL-21932060,CUST-694070,Health,2018-04-08,571.57,394000,0,1,0.138
POL-39282050,CUST-54650,Umbrella,2017-09-29,304.22,2905000,0,1,0.157
POL-7850353,CUST-460688,Umbrella,2021-11-04,202.84,1097000,0,1,0.221
POL-34754808,CUST-692640,Renters,2022-07-12,38.9,79000,0,0,0.121
POL-62085087,CUST-765090,Motorcycle,2024-10-15,67.49,70000,3,1,0.136
POL-63926166,CUST-673388,Health,2017-03-22,318.94,289000,0,1,0.124
POL-43099315,CUST-864907,Health,2023-12-02,396.51,368000,0,1,0.044
POL-55555398,CUST-111013,Life,2019-12-04,186.03,430000,0,1,0.207
POL-35394511,CUST-52477,RV,2018-08-09,675.73,151000,1,1,0.22
POL-48286271,CUST-670898,Health,2022-01-24,509.22,305000,0,1,0.207
POL-30519769,CUST-562899,Renters,2024-09-15,29.26,44000,0,1,0.161
POL-20681094,CUST-826927,Business,2022-12-28,1811.57,373000,0,1,0.073
POL-84412523,CUST-155543,Boat,2023-06-23,718.62,323000,1,1,0.207
POL-67885883,CUST-914578,RV,2021-04-08,873.55,112000,2,1,0.07
POL-24142912,CUST-163107,Auto,2016-08-01,262.03,96000,4,1,0.034
POL-80369200,CUST-42051,Boat,2020-11-17,787.79,391000,1,0,0.096
POL-92354224,CUST-359915,RV,2025-06-11,996.92,101000,1,1,0.024
POL-52909020,CUST-795082,Boat,2022-01-18,369.07,281000,2,1,0.132
POL-37815498,CUST-747227,Health,2024-07-28,228.8,471000,0,0,0.189
POL-68066270,CUST-759910,Business,2019-10-29,1967.25,1497000,0,1,0.011
POL-33206194,CUST-509049,Motorcycle,2018-01-01,61.37,23000,4,1,0.187
POL-84181500,CUST-196740,Auto,2019-09-24,121.73,321000,2,1,0.063
POL-76960904,CUST-806796,Life,2023-03-04,168.75,721000,0,1,0.113
POL-25005684,CUST-104574,Life,2016-10-16,116.82,227000,0,1,0.22
POL-11346274,CUST-90127,Umbrella,2017-09-14,367.91,2737000,0,1,0.003
POL-16002217,CUST-556705,Auto,2016-04-17,178.57,310000,1,1,0.03
POL-68922513,CUST-44002,RV,2023-04-14,837.88,184000,1,1,0.062
POL-93534868,CUST-363494,Auto,2019-07-03,169.69,127000,4,1,0.137
POL-55824999,CUST-846559,Motorcycle,2024-11-23,133.83,73000,2,1,0.164
POL-89873483,CUST-960842,Life,2016-05-05,33.95,842000,0,0,0.003
POL-60990495,CUST-896593,Home,2016-10-01,142.99,1901000,0,1,0.225
POL-65059528,CUST-305500,Motorcycle,2016-05-02,98.53,32000,2,1,0.177
POL-84460467,CUST-977831,Boat,2016-02-09,427.08,364000,2,1,0.092
POL-80297666,CUST-158388,Home,2019-05-01,343.88,1561000,0,1,0.145
POL-13900796,CUST-616307,RV,2021-06-28,341.66,51000,1,1,0.034
POL-93206820,CUST-372202,Life,2019-10-11,170.57,778000,0,1,0.212
POL-80286041,CUST-333803,Life,2018-07-11,140.89,479000,0,1,0.134
POL-66302450,CUST-106979,Health,2017-05-09,506.35,138000,0,1,0.098
POL-23555599,CUST-149007,RV,2018-06-06,707.84,285000,2,1,0.067
POL-52051034,CUST-784794,Umbrella,2023-11-13,340.46,1371000,0,1,0.035
POL-33524010,CUST-231013,Health,2019-10-28,1140.15,238000,0,1,0.131
POL-60989006,CUST-190618,Umbrella,2024-12-23,382.22,1623000,0,1,0.162
POL-2880851,CUST-378238,Renters,2018-04-11,29.0,38000,0,1,0.204
POL-20086155,CUST-151353,Home,2020-05-31,721.24,271000,0,1,0.007
POL-50422980,CUST-184704,Umbrella,2017-06-01,584.01,3328000,0,1,0.052
POL-91150910,CUST-336071,Life,2021-11-26,127.73,140000,0,1,0.146
POL-79336448,CUST-921771,Auto,2019-12-05,344.79,484000,3,1,0.117
POL-25817805,CUST-952916,Umbrella,2021-12-31,450.89,1658000,0,1,0.047
POL-99326206,CUST-771689,Business,2018-10-25,2061.5,4362000,0,1,0.183
POL-92926459,CUST-565789,Home,2015-07-09,292.39,1884000,0,1,0.135
POL-27159852,CUST-303978,Home,2018-10-26,493.7,1392000,0,0,0.118
POL-40539380,CUST-464328,Life,2020-07-02,114.83,404000,0,1,0.075
POL-40900605,CUST-526598,Boat,2015-10-23,362.27,160000,1,1,0.144
POL-66987497,CUST-533279,Life,2024-04-25,98.66,629000,0,0,0.129
POL-44371525,CUST-12314,Motorcycle,2025-05-12,71.59,81000,1,0,0.123
POL-62360903,CUST-21820,Life,2020-02-07,197.78,918000,0,1,0.159
POL-1385716,CUST-901965,Auto,2018-04-27,175.98,446000,1,1,0.226
POL-82389507,CUST-716299,Renters,2021-11-10,45.24,96000,0,1,0.08
POL-68113730,CUST-717597,Umbrella,2021-11-30,474.25,3758000,0,0,0.032
POL-9579312,CUST-641809,Umbrella,2021-06-08,597.78,4794000,0,1,0.093
POL-25429761,CUST-826301,Motorcycle,2020-10-27,90.03,82000,3,1,0.15
POL-66684091,CUST-269881,Auto,2023-02-12,80.39,203000,1,1,0.053
POL-53319462,CUST-447887,Life,2018-08-01,72.81,246000,0,1,0.161
POL-21469242,CUST-993660,Renters,2019-01-19,42.47,99000,0,1,0.034
POL-55581553,CUST-244497,Umbrella,2020-11-16,246.44,3905000,0,1,0.224
POL-24828471,CUST-474323,Boat,2020-01-20,742.49,187000,2,1,0.013
POL-63641389,CUST-334397,Umbrella,2023-12-19,523.53,2984000,0,1,0.224
POL-21477248,CUST-956352,Renters,2018-05-24,33.64,73000,0,1,0.097
POL-76133493,CUST-161072,Auto,2021-08-05,334.86,304000,2,1,0.033
POL-56151444,CUST-84466,RV,2015-10-16,722.25,298000,1,1,0.169
POL-46880867,CUST-569100,Auto,2022-04-15,273.35,460000,4,1,0.16
POL-19026689,CUST-848844,Renters,2016-12-01,36.96,98000,0,1,0.004
POL-3728160,CUST-685894,Renters,2017-10-08,46.13,28000,0,1,0.038
POL-76867112,CUST-760351,Health,2021-10-08,215.41,459000,0,1,0.119
POL-20254713,CUST-621311,Umbrella,2018-03-05,382.67,1901000,0,0,0.207
POL-15706912,CUST-74801,RV,2020-05-10,842.24,247000,1,0,0.212
POL-55098084,CUST-228973,Motorcycle,2020-12-24,71.31,69000,3,1,0.087
POL-20352073,CUST-620140,Umbrella,2016-03-17,403.57,3338000,0,1,0.096
POL-42386580,CUST-794244,RV,2020-11-24,552.06,240000,2,1,0.067
POL-53985483,CUST-243889,RV,2025-05-21,633.87,94000,2,1,0.243
POL-32797947,CUST-485776,Boat,2022-11-28,266.94,49000,1,1,0.086
POL-86671447,CUST-428453,Renters,2018-02-11,29.18,45000,0,1,0.062
POL-83540199,CUST-757826,Renters,2018-06-05,30.57,77000,0,1,0.146
POL-89131349,CUST-801054,RV,2020-07-16,500.31,169000,1,1,0.03
POL-5737190,CUST-452423,Renters,2018-07-21,28.02,53000,0,1,0.096
POL-10200250,CUST-351508,Health,2021-11-27,682.38,274000,0,1,0.084
POL-83685072,CUST-539358,Home,2019-11-26,696.93,1196000,0,1,0.098
POL-86745874,CUST-701311,Home,2015-12-15,238.48,1453000,0,1,0.219
POL-45586036,CUST-101812,Business,2024-11-14,1196.51,4830000,0,1,0.045
POL-27482786,CUST-759013,RV,2018-10-20,957.45,224000,1,1,0.233
POL-29935290,CUST-686504,Life,2017-04-24,75.54,696000,0,1,0.115
POL-5428771,CUST-45727,Boat,2024-08-25,631.28,67000,1,1,0.178
POL-77027101,CUST-560393,Motorcycle,2020-02-17,82.98,70000,3,0,0.048
POL-94539273,CUST-897097,Auto,2019-04-24,304.05,311000,1,1,0.13
POL-8621118,CUST-858702,Business,2018-03-01,810.5,934000,0,0,0.056
POL-23727039,CUST-891817,Motorcycle,2016-12-01,98.81,46000,4,1,0.151
POL-12664947,CUST-995892,Renters,2018-01-28,42.14,61000,0,1,0.129
POL-10236711,CUST-390188,Business,2018-06-08,924.47,4342000,0,1,0.098
POL-68633818,CUST-694939,Home,2020-07-12,590.43,1204000,0,1,0.201
POL-95459513,CUST-390583,Motorcycle,2017-05-29,66.86,51000,1,1,0.047
POL-20623050,CUST-911978,Business,2024-08-26,1328.52,2768000,0,1,0.017
POL-72939264,CUST-437420,Boat,2022-11-25,702.34,411000,1,1,0.007
POL-67042229,CUST-420964,Umbrella,2024-08-10,277.49,1272000,0,1,0.105
POL-1132274,CUST-109032,Umbrella,2020-07-24,327.42,4548000,0,1,0.016
POL-14728419,CUST-556624,RV,2025-05-29,826.75,129000,2,1,0.134
POL-35184355,CUST-583293,Boat,2021-01-19,454.08,193000,2,1,0.21
POL-7850078,CUST-408381,Life,2024-08-19,97.76,145000,0,1,0.124
POL-41016226,CUST-786512,Health,2020-10-02,651.02,160000,0,1,0.13
POL-90425078,CUST-1006,Health,2017-10-06,548.55,211000,0,1,0.184
POL-52112332,CUST-186291,Renters,2016-03-20,26.47,33000,0,1,0.203
POL-67441203,CUST-960040,RV,2025-03-10,339.06,246000,1,1,0.08
POL-59357007,CUST-669286,Boat,2023-12-18,246.54,78000,2,0,0.203
POL-64483772,CUST-256431,Boat,2024-05-31,361.99,134000,2,1,0.196
POL-69898039,CUST-343190,Business,2020-10-30,751.12,3553000,0,1,0.124
POL-85604856,CUST-421240,Auto,2022-02-02,121.54,77000,4,1,0.226
POL-53592573,CUST-785314,Auto,2020-04-14,115.02,415000,1,1,0.095
POL-15938617,CUST-624734,Boat,2020-10-12,432.72,460000,2,1,0.052
POL-97203226,CUST-135582,Motorcycle,2022-11-25,30.25,95000,4,0,0.052
POL-39754525,CUST-690491,Umbrella,2019-03-13,359.23,1310000,0,1,0.16
POL-15004610,CUST-640171,Business,2018-07-24,2109.38,4255000,0,1,0.043
POL-95946752,CUST-975345,Life,2017-11-21,41.56,806000,0,1,0.022
POL-19438830,CUST-187743,Health,2022-11-29,1147.11,498000,0,1,0.119
POL-25945352,CUST-191912,Health,2016-10-08,868.55,316000,0,1,0.066
POL-41022074,CUST-723703,Renters,2015-10-14,33.76,32000,0,1,0.158
POL-6103166,CUST-298133,Life,2016-07-31,168.84,308000,0,1,0.164
POL-82105579,CUST-265222,Life,2018-04-08,178.52,319000,0,1,0.08
POL-29119631,CUST-834496,Umbrella,2024-07-17,521.11,4761000,0,1,0.191
POL-37769473,CUST-768332,Home,2017-05-30,772.84,573000,0,1,0.001
POL-68595982,CUST-961582,Umbrella,2023-10-03,462.41,4828000,0,1,0.118
POL-93954802,CUST-907900,Life,2025-02-28,59.36,104000,0,1,0.009
POL-12085984,CUST-493941,Umbrella,2017-05-25,367.53,4333000,0,0,0.248
POL-20592253,CUST-865476,Health,2023-02-02,418.93,242000,0,0,0.1
POL-78937138,CUST-639013,RV,2022-05-28,559.44,195000,1,1,0.038
POL-77224493,CUST-724203,Renters,2020-03-20,45.9,90000,0,1,0.11
POL-12956718,CUST-683344,RV,2024-06-15,853.15,202000,1,1,0.086
POL-68945937,CUST-732230,Umbrella,2018-03-25,395.33,1875000,0,1,0.21
POL-14883895,CUST-771076,RV,2018-11-18,302.31,214000,1,1,0.097
POL-2671254,CUST-59782,Business,2024-11-03,1847.59,184000,0,1,0.114
POL-57980848,CUST-442759,Umbrella,2019-03-23,210.49,2908000,0,1,0.004
POL-2810085,CUST-773325,Motorcycle,2022-06-19,111.53,61000,3,1,0.129
POL-94788636,CUST-2234,Business,2018-05-09,1767.67,426000,0,1,0.081
POL-722446,CUST-364731,Motorcycle,2016-07-21,134.1,75000,2,1,0.042
POL-21648467,CUST-565435,Life,2018-11-03,32.37,302000,0,1,0.1
POL-25956606,CUST-570395,Home,2021-03-21,501.91,1919000,0,1,0.107
POL-25307028,CUST-915373,Business,2022-03-25,1438.66,945000,0,1,0.062
POL-516583,CUST-337395,Health,2017-02-17,539.88,91000,0,1,0.199
POL-43840537,CUST-848940,Home,2016-04-13,691.59,1607000,0,1,0.012
POL-36259294,CUST-256137,Life,2018-07-19,120.83,164000,0,1,0.036
POL-31533557,CUST-576542,Life,2024-07-01,121.91,762000,0,1,0.243
POL-47684613,CUST-580020,Home,2015-07-11,288.7,1601000,0,1,0.159
POL-56093594,CUST-883374,Umbrella,2018-03-31,319.18,1611000,0,1,0.149
POL-88581654,CUST-816162,Life,2018-05-27,75.27,73000,0,1,0.173
POL-82069403,CUST-65481,Auto,2025-02-05,84.07,76000,2,1,0.132
POL-60545867,CUST-417446,Business,2016-07-04,842.6,1452000,0,1,0.059
POL-93617734,CUST-453189,Auto,2024-07-30,252.99,463000,4,1,0.179
POL-61389663,CUST-793023,Health,2018-04-14,535.65,448000,0,1,0.081
POL-32757933,CUST-899462,Motorcycle,2022-11-30,43.99,74000,4,1,0.07
POL-23798199,CUST-884826,RV,2019-05-11,492.36,243000,2,1,0.071
POL-27757450,CUST-924858,RV,2024-12-12,827.53,285000,2,1,0.233
POL-81794133,CUST-936333,Health,2024-01-10,575.96,194000,0,1,0.047
POL-90352011,CUST-827959,Boat,2022-01-18,223.85,53000,2,1,0.232
POL-28788381,CUST-854125,Motorcycle,2018-12-17,36.57,74000,2,0,0.18
POL-54694937,CUST-943852,Umbrella,2023-09-21,369.23,4521000,0,1,0.105
POL-67868292,CUST-352554,Boat,2016-11-28,647.53,434000,1,1,0.147
POL-84705607,CUST-568675,Renters,2017-06-07,26.24,88000,0,1,0.143
POL-23760984,CUST-416965,Boat,2022-05-04,718.97,127000,1,1,0.049
POL-14059958,CUST-259870,RV,2023-03-26,409.34,123000,2,1,0.04
POL-74108315,CUST-319504,Life,2022-11-17,198.53,606000,0,1,0.049
POL-110122,CUST-77998,Home,2017-05-05,237.79,782000,0,1,0.041
POL-20810799,CUST-696069,Umbrella,2018-09-21,440.56,1117000,0,1,0.121
POL-21052222,CUST-210894,Auto,2024-02-06,288.28,477000,3,0,0.205
POL-96220186,CUST-638345,Auto,2019-05-01,316.91,385000,1,0,0.075
POL-13307600,CUST-705719,Life,2018-01-31,79.51,218000,0,1,0.247
POL-68196270,CUST-766603,Renters,2024-09-08,43.38,61000,0,1,0.007
POL-46885958,CUST-941318,Business,2019-04-20,941.03,2002000,0,0,0.174
POL-61885996,CUST-772982,Umbrella,2018-09-02,213.84,2741000,0,0,0.174
POL-70914604,CUST-500035,Business,2016-07-27,1883.13,1749000,0,1,0.115
POL-95059312,CUST-983454,Home,2021-01-10,346.69,513000,0,1,0.138
POL-54500533,CUST-998944,Health,2015-10-30,407.22,324000,0,1,0.161
POL-66170458,CUST-404375,Business,2023-09-12,1230.42,768000,0,1,0.202
POL-87327774,CUST-45559,Business,2017-02-09,543.26,2133000,0,1,0.145
POL-84443038,CUST-758489,Renters,2022-09-06,26.91,73000,0,1,0.086
POL-78114875,CUST-175162,RV,2021-10-16,789.52,99000,2,1,0.119
POL-85201958,CUST-942516,Health,2015-08-07,381.9,416000,0,1,0.004
POL-70148449,CUST-105330,Boat,2024-08-25,202.69,246000,1,1,0.151
POL-33200403,CUST-807743,Renters,2020-01-10,32.6,49000,0,1,0.114
POL-83372014,CUST-133625,Boat,2016-10-08,631.46,420000,2,1,0.155
POL-81429734,CUST-466191,Renters,2023-06-10,34.17,58000,0,0,0.095
POL-15673796,CUST-483020,Umbrella,2022-06-19,216.54,3676000,0,1,0.143
POL-93253613,CUST-116044,Life,2024-01-20,105.16,957000,0,0,0.0
POL-79647594,CUST-439352,Life,2021-06-27,83.26,187000,0,1,0.092
POL-71570396,CUST-674498,Renters,2025-05-09,46.23,24000,0,1,0.186
POL-72614177,CUST-726431,Auto,2019-09-11,320.88,483000,3,1,0.103
POL-46968623,CUST-692837,Renters,2020-07-30,49.25,29000,0,1,0.102
POL-23916938,CUST-770099,Motorcycle,2023-12-16,137.56,77000,1,1,0.233
POL-96125458,CUST-861833,Renters,2015-10-11,48.24,51000,0,1,0.076
POL-94153092,CUST-409772,Auto,2018-01-21,147.06,247000,3,1,0.072
POL-49477949,CUST-729736,Umbrella,2021-11-26,503.89,4000000,0,1,0.108
POL-71654359,CUST-403148,Renters,2022-04-14,44.76,39000,0,1,0.102
POL-82092334,CUST-912132,Home,2018-05-26,306.45,563000,0,1,0.015
POL-77141121,CUST-869723,Health,2021-07-07,678.46,231000,0,1,0.21
POL-18571145,CUST-339395,Renters,2017-02-04,21.65,26000,0,1,0.016
POL-27399209,CUST-323011,Motorcycle,2023-02-13,94.02,95000,1,1,0.223
POL-79614817,CUST-592974,Umbrella,2024-02-14,296.31,4977000,0,1,0.247
POL-46094205,CUST-341993,Life,2018-04-04,198.49,221000,0,1,0.193
POL-80845239,CUST-286081,Renters,2019-04-18,35.53,47000,0,1,0.116
POL-84325586,CUST-667378,Motorcycle,2022-11-23,82.6,92000,4,1,0.041
POL-59637989,CUST-774031,Motorcycle,2015-08-25,105.27,41000,1,1,0.165
POL-18321214,CUST-607473,Auto,2020-07-23,204.25,67000,1,1,0.183
POL-59733842,CUST-281141,Home,2015-11-16,194.64,1860000,0,0,0.131
POL-19155471,CUST-801984,Auto,2023-07-30,180.42,343000,3,0,0.026
POL-56780992,CUST-618938,RV,2022-07-03,637.66,238000,1,1,0.064
POL-8446205,CUST-801604,Home,2020-09-03,678.64,1480000,0,0,0.181
POL-77053633,CUST-648791,Boat,2022-12-10,301.73,126000,1,1,0.201
POL-65019257,CUST-22642,Business,2022-03-27,845.98,358000,0,1,0.15
POL-516367,CUST-580120,Auto,2025-01-22,272.49,242000,3,1,0.066
POL-41203973,CUST-719324,Life,2023-04-10,37.84,531000,0,1,0.212
POL-34213454,CUST-586311,Health,2023-12-19,275.04,470000,0,1,0.196
POL-92017517,CUST-647817,Health,2021-06-24,288.16,432000,0,1,0.114
POL-38148252,CUST-425331,Umbrella,2025-03-16,215.56,2742000,0,1,0.108
POL-10102295,CUST-999930,Umbrella,2020-03-08,458.99,2121000,0,1,0.131
POL-25976666,CUST-841721,Umbrella,2024-02-26,574.89,2393000,0,1,0.142
POL-40569855,CUST-118011,Home,2024-01-26,286.08,376000,0,0,0.119
POL-62014406,CUST-254313,Life,2022-06-26,36.38,866000,0,1,0.097
POL-61516755,CUST-544197,Home,2020-05-29,775.23,356000,0,1,0.227
POL-27683464,CUST-418033,Motorcycle,2021-05-02,50.9,72000,1,1,0.188
POL-71999061,CUST-847697,Business,2025-05-21,885.62,1038000,0,1,0.026
POL-14336847,CUST-399319,Motorcycle,2024-07-25,145.62,11000,3,0,0.218
POL-78420719,CUST-559629,Life,2020-06-23,190.73,415000,0,1,0.212
POL-35597373,CUST-304103,Auto,2015-12-20,214.13,287000,1,1,0.002
POL-1325577,CUST-830823,Life,2020-11-13,81.33,83000,0,1,0.247
POL-88970427,CUST-671098,Umbrella,2018-04-30,525.47,4136000,0,1,0.232
POL-52948689,CUST-918383,RV,2024-04-01,662.29,239000,1,1,0.107
POL-43844504,CUST-179203,Business,2015-08-30,756.66,2031000,0,1,0.102
POL-4214307,CUST-171994,Home,2017-07-03,570.51,1321000,0,1,0.153
POL-18728874,CUST-480961,Health,2022-04-10,982.14,487000,0,1,0.246
POL-53245195,CUST-419655,Renters,2016-02-27,42.04,13000,0,1,0.153
POL-74205887,CUST-631063,RV,2020-06-04,379.98,269000,2,0,0.028
POL-2426412,CUST-880664,Business,2016-07-14,771.43,1650000,0,1,0.112
POL-24043964,CUST-283702,Renters,2024-10-02,40.65,54000,0,1,0.216
POL-33911809,CUST-375987,Renters,2024-08-03,36.79,57000,0,1,0.048
POL-14008928,CUST-807584,Umbrella,2024-05-04,528.33,1623000,0,1,0.065
POL-73117,CUST-583303,Life,2019-04-05,108.86,608000,0,0,0.108
POL-76924796,CUST-582530,Business,2024-09-03,2208.47,3769000,0,1,0.137
POL-89352149,CUST-843577,Home,2018-09-22,126.27,247000,0,0,0.043
POL-44275746,CUST-505903,Life,2016-03-11,147.3,541000,0,1,0.068
POL-89490648,CUST-854383,Auto,2020-09-06,278.7,283000,4,1,0.129
POL-73962723,CUST-248471,Motorcycle,2024-09-10,84.66,77000,1,1,0.001
POL-35153165,CUST-873891,Life,2023-07-21,69.0,106000,0,1,0.198
POL-74266992,CUST-364519,Umbrella,2017-04-18,233.3,3913000,0,1,0.055
POL-31750868,CUST-15276,Home,2022-07-27,795.36,1053000,0,1,0.014
POL-60005818,CUST-826595,Life,2018-01-13,142.57,880000,0,1,0.021
POL-1707969,CUST-49538,Motorcycle,2021-10-18,107.15,12000,1,1,0.244
POL-28568789,CUST-48155,Life,2015-07-03,128.19,391000,0,1,0.17
POL-96664124,CUST-409340,Motorcycle,2021-05-12,107.33,63000,1,1,0.141
POL-13666386,CUST-620939,Motorcycle,2022-05-10,144.13,65000,1,0,0.213
POL-86577053,CUST-213181,Auto,2021-07-19,229.76,26000,2,1,0.186
POL-47974300,CUST-406221,Life,2015-10-15,140.2,754000,0,0,0.119
POL-13031387,CUST-585061,Boat,2020-06-22,329.81,241000,1,1,0.104
POL-75877745,CUST-200888,Health,2019-12-08,418.54,356000,0,1,0.243
POL-72660418,CUST-697267,Auto,2022-12-13,185.6,393000,4,1,0.123
POL-57981146,CUST-470627,Auto,2020-07-01,293.85,203000,3,1,0.161
POL-6950641,CUST-527070,Auto,2025-03-07,171.73,51000,1,1,0.011
POL-96772776,CUST-956580,Business,2023-08-28,873.64,502000,0,1,0.148
POL-87728424,CUST-124062,RV,2015-10-29,880.62,142000,2,1,0.232
POL-63364738,CUST-169864,Renters,2024-07-10,43.0,87000,0,1,0.072
POL-86266975,CUST-842683,Home,2022-07-18,690.96,648000,0,1,0.016
POL-4191620,CUST-118487,Auto,2016-02-01,180.39,392000,2,1,0.188
POL-57408518,CUST-390449,Business,2018-12-18,1720.04,455000,0,1,0.023
POL-6389494,CUST-242143,Home,2017-08-01,633.63,1159000,0,1,0.225
POL-39678304,CUST-317735,Renters,2020-02-10,36.4,80000,0,1,0.123
POL-17653215,CUST-630669,Renters,2019-10-13,36.35,41000,0,1,0.236
POL-52800537,CUST-507456,Boat,2016-03-24,465.47,320000,1,0,0.192
POL-89290377,CUST-359602,Motorcycle,2020-02-28,82.67,59000,1,0,0.249
POL-74977524,CUST-946221,Auto,2022-09-02,155.35,458000,4,1,0.218
POL-50227662,CUST-172841,Home,2022-04-24,332.68,1035000,0,1,0.235
POL-5183403,CUST-396183,Life,2020-08-11,181.3,701000,0,1,0.179
POL-16917610,CUST-122504,Health,2017-11-26,1023.24,256000,0,1,0.049
POL-46196801,CUST-640975,Business,2020-12-30,617.78,3661000,0,1,0.139
POL-64114036,CUST-143578,Boat,2022-11-30,710.19,488000,2,1,0.092
POL-57105644,CUST-805430,Health,2020-11-09,972.02,220000,0,0,0.222
POL-24727844,CUST-984550,Health,2018-07-11,458.71,416000,0,0,0.123
POL-16761671,CUST-638570,Health,2018-07-27,798.46,122000,0,1,0.13
POL-44531458,CUST-247371,Life,2015-08-18,34.93,622000,0,1,0.207
POL-85255405,CUST-678970,Auto,2019-02-27,136.02,308000,1,1,0.029
POL-58999002,CUST-831655,Health,2020-07-05,834.01,471000,0,1,0.126
POL-34711361,CUST-523138,Health,2015-12-29,457.08,101000,0,1,0.101
POL-64478238,CUST-944522,Business,2020-09-20,1870.72,306000,0,1,0.087
POL-40745011,CUST-567472,RV,2022-02-08,674.34,259000,2,1,0.1
POL-91903481,CUST-823622,Home,2020-05-27,493.75,1146000,0,1,0.065
POL-49978040,CUST-626301,Renters,2021-01-12,46.35,16000,0,1,0.196
POL-80635631,CUST-458304,Renters,2019-04-14,41.07,62000,0,1,0.109
POL-22913980,CUST-101071,Life,2021-01-16,46.9,227000,0,0,0.172
POL-71722941,CUST-236164,Boat,2019-06-09,279.34,80000,1,1,0.195
POL-819619,CUST-512857,Auto,2020-10-23,125.73,225000,1,1,0.045
POL-18411972,CUST-301433,Renters,2016-11-19,44.8,64000,0,1,0.083
POL-97798305,CUST-364587,Life,2021-02-27,183.0,792000,0,1,0.079
POL-13640196,CUST-174298,RV,2019-03-16,655.0,155000,2,1,0.156
POL-446180,CUST-777018,Health,2016-06-14,1049.81,401000,0,1,0.245
POL-52933653,CUST-133930,Umbrella,2019-09-25,276.08,3544000,0,0,0.133
POL-12268114,CUST-975719,Life,2018-08-21,65.82,358000,0,1,0.103
POL-96251713,CUST-816979,Renters,2016-08-25,25.63,39000,0,1,0.212
POL-31786590,CUST-967977,Boat,2023-07-12,742.4,223000,1,1,0.211
POL-85001070,CUST-485820,RV,2017-12-05,530.5,139000,1,1,0.117
POL-21079288,CUST-446272,Renters,2023-11-28,30.5,38000,0,1,0.179
POL-71950326,CUST-673749,Renters,2020-02-06,21.29,85000,0,1,0.04
POL-98181127,CUST-258348,Business,2024-10-10,831.88,4187000,0,1,0.199
POL-74582785,CUST-336577,Life,2021-05-22,173.22,360000,0,1,0.238
POL-74375928,CUST-340497,Home,2020-12-16,322.14,1756000,0,0,0.24
POL-24285978,CUST-612846,Home,2018-05-27,628.85,994000,0,1,0.184
POL-22858779,CUST-714361,RV,2020-09-07,951.97,157000,1,1,0.095
POL-18782845,CUST-747427,Motorcycle,2021-05-20,134.84,76000,4,1,0.04
POL-13610100,CUST-425805,Renters,2020-10-23,19.53,58000,0,1,0.09
POL-67425226,CUST-343609,Life,2017-06-17,157.21,279000,0,1,0.082
POL-49424791,CUST-644819,Auto,2023-10-26,249.55,183000,3,1,0.004
POL-60213653,CUST-69793,Health,2016-12-03,1081.27,339000,0,1,0.132
POL-45095578,CUST-960744,Health,2016-06-04,946.5,248000,0,0,0.248
POL-71013661,CUST-893050,Business,2016-05-19,2010.98,4489000,0,1,0.064
POL-48757651,CUST-323500,Business,2016-04-18,1562.12,465000,0,1,0.178
POL-34671976,CUST-470010,Umbrella,2017-01-26,595.29,1769000,0,1,0.177
POL-41239244,CUST-282323,Health,2023-03-21,1065.79,231000,0,1,0.05
POL-30913171,CUST-801831,Boat,2023-07-08,209.99,493000,1,1,0.199
POL-85715276,CUST-225259,RV,2021-09-20,787.22,185000,2,0,0.019
POL-18944305,CUST-312017,Auto,2021-07-23,219.22,426000,2,0,0.06
POL-70991030,CUST-767348,Renters,2022-12-13,43.33,19000,0,1,0.132
POL-15050502,CUST-873743,Business,2020-07-11,2483.57,2209000,0,1,0.188
POL-15982981,CUST-373719,RV,2023-05-05,446.11,254000,2,1,0.027
POL-40302933,CUST-736444,Boat,2025-05-15,651.66,396000,2,1,0.088
POL-61667990,CUST-209126,Boat,2025-03-17,681.66,187000,1,1,0.033
POL-38840591,CUST-888568,Health,2019-12-01,794.83,483000,0,1,0.163
POL-4918680,CUST-349563,Auto,2018-12-13,199.69,249000,4,1,0.083
POL-65542595,CUST-535345,Auto,2019-06-06,89.33,193000,2,0,0.08
POL-4064806,CUST-233041,Motorcycle,2024-08-01,115.56,95000,2,1,0.113
POL-16751951,CUST-555589,Health,2018-10-25,1197.43,86000,0,1,0.243
POL-56543954,CUST-87184,Boat,2019-03-14,368.5,212000,1,1,0.184
POL-92392912,CUST-210804,Life,2016-08-29,132.77,508000,0,1,0.016
POL-86477790,CUST-546481,Renters,2019-07-28,32.79,30000,0,0,0.066
POL-57327614,CUST-981822,Health,2018-08-05,616.58,336000,0,1,0.111
POL-68850990,CUST-497480,Life,2016-02-17,146.69,764000,0,1,0.124
POL-71799490,CUST-932838,Health,2024-02-07,260.17,253000,0,1,0.218
POL-74734631,CUST-71635,Motorcycle,2018-06-21,33.54,75000,3,1,0.149
POL-23365734,CUST-503231,Renters,2021-06-29,15.9,18000,0,1,0.182
POL-63782658,CUST-205834,Life,2024-09-25,82.3,759000,0,1,0.051
POL-38284400,CUST-867392,Umbrella,2015-08-28,570.89,3746000,0,0,0.207
POL-58357188,CUST-192890,Boat,2024-12-06,512.17,353000,2,1,0.096
POL-91841327,CUST-65635,Renters,2020-11-13,15.01,39000,0,1,0.249
POL-24365789,CUST-128164,Home,2020-10-28,298.18,340000,0,1,0.113
POL-92812834,CUST-320580,Auto,2023-01-25,290.48,304000,2,1,0.089
POL-43850908,CUST-872134,Motorcycle,2022-06-11,145.69,34000,2,0,0.094
POL-43947932,CUST-764347,Umbrella,2019-02-10,355.4,2905000,0,1,0.063
POL-64777625,CUST-851619,Renters,2019-05-06,15.49,50000,0,1,0.242
POL-6711227,CUST-106458,Business,2024-03-14,993.6,3866000,0,1,0.09
POL-75769270,CUST-905421,Health,2024-03-14,599.31,206000,0,1,0.042
POL-47813783,CUST-445493,Auto,2017-04-27,311.13,162000,4,1,0.064
POL-25231795,CUST-306747,Renters,2023-08-19,32.32,62000,0,1,0.219
POL-51206200,CUST-520685,Health,2020-03-29,810.33,452000,0,1,0.242
POL-98679647,CUST-502467,Home,2016-12-25,761.41,1628000,0,1,0.096
POL-99630726,CUST-397305,Business,2023-01-09,828.75,3844000,0,1,0.214
POL-79522643,CUST-848373,RV,2018-04-05,678.12,287000,1,1,0.13
POL-79034153,CUST-977422,Home,2022-04-03,695.9,841000,0,1,0.129
POL-41660060,CUST-235388,Renters,2016-08-08,37.8,95000,0,1,0.056
POL-53157438,CUST-143184,Life,2019-01-24,169.02,700000,0,1,0.117
POL-81148201,CUST-603551,Health,2025-06-28,749.11,213000,0,1,0.212
POL-50475340,CUST-659664,Renters,2019-11-12,17.12,91000,0,1,0.192
POL-35164121,CUST-950046,RV,2022-10-22,835.26,129000,2,1,0.096
POL-7067675,CUST-639202,Business,2021-04-20,1922.49,4781000,0,1,0.012
POL-77190704,CUST-614294,Boat,2025-06-27,440.34,491000,2,0,0.044
POL-92542282,CUST-38725,Life,2015-12-27,78.78,894000,0,1,0.028
POL-6472544,CUST-558121,Boat,2017-05-26,529.92,126000,2,1,0.134
POL-45672189,CUST-502992,Umbrella,2024-12-02,555.7,1514000,0,1,0.101
POL-77502610,CUST-17785,Home,2019-05-15,618.39,544000,0,1,0.118
POL-31400578,CUST-873107,Home,2024-07-13,264.18,1206000,0,1,0.049
POL-21974909,CUST-99824,Renters,2021-04-14,15.7,94000,0,0,0.226
POL-72518184,CUST-623327,Business,2016-12-09,1881.68,1085000,0,1,0.104
POL-89063008,CUST-547427,Home,2022-06-18,396.94,752000,0,1,0.165
POL-38586233,CUST-178468,Business,2020-06-08,1948.76,4485000,0,1,0.161
POL-52326451,CUST-290387,Motorcycle,2020-07-04,87.54,62000,2,0,0.019
POL-69350676,CUST-311994,Life,2024-03-31,56.53,537000,0,1,0.157
POL-78227316,CUST-388719,Life,2023-04-13,47.04,568000,0,1,0.244
POL-22910504,CUST-588293,RV,2022-12-11,596.53,61000,2,1,0.211
POL-65804038,CUST-344555,Home,2021-10-20,546.51,1188000,0,1,0.09
POL-46778834,CUST-790871,Business,2025-03-17,781.89,3926000,0,1,0.173
POL-16967591,CUST-991373,Health,2024-05-03,1156.6,129000,0,1,0.014
POL-99575764,CUST-116561,Auto,2024-04-23,291.99,124000,3,1,0.056
POL-24045121,CUST-150427,Boat,2016-05-14,343.51,204000,2,1,0.071
POL-59204430,CUST-781390,Home,2016-09-16,774.85,825000,0,1,0.129
POL-62110699,CUST-766643,Life,2025-06-04,175.06,119000,0,1,0.207
POL-81765803,CUST-692409,Umbrella,2024-08-29,233.7,1386000,0,1,0.242
POL-18476277,CUST-313775,Boat,2016-10-01,693.7,253000,2,1,0.107
POL-72537690,CUST-196640,Business,2024-06-27,894.84,1081000,0,1,0.198
POL-10999047,CUST-484570,Motorcycle,2023-03-07,138.21,49000,3,1,0.049
POL-44045721,CUST-787074,Motorcycle,2015-09-27,136.77,31000,3,1,0.002
POL-71017405,CUST-313785,Health,2025-05-15,1161.0,178000,0,1,0.23
POL-44121590,CUST-850274,Life,2019-12-18,167.69,143000,0,1,0.04
POL-35685256,CUST-833413,Renters,2017-03-05,39.43,69000,0,1,0.214
POL-57103476,CUST-520449,Home,2018-12-31,304.56,1335000,0,1,0.09
POL-70205573,CUST-410222,Business,2018-03-19,2025.93,3867000,0,1,0.058
POL-14067515,CUST-87031,Boat,2024-05-25,201.12,250000,1,1,0.049
POL-97458103,CUST-228209,Auto,2018-08-05,98.08,164000,2,1,0.093
POL-28174991,CUST-553819,Health,2015-12-31,985.6,297000,0,1,0.129
POL-45864749,CUST-788513,Health,2024-01-18,636.95,277000,0,1,0.158
POL-71991176,CUST-119618,Renters,2022-11-19,49.4,51000,0,1,0.224
POL-77594255,CUST-257699,RV,2016-11-20,913.45,58000,2,0,0.048
POL-72312564,CUST-83662,Life,2023-11-10,162.2,951000,0,1,0.048
POL-45172233,CUST-604438,Life,2020-03-04,135.91,445000,0,1,0.196
POL-3041899,CUST-773732,Renters,2015-09-08,19.92,86000,0,1,0.154
POL-84594084,CUST-887014,Life,2025-03-28,157.36,144000,0,1,0.044
POL-14142004,CUST-466925,Boat,2018-05-02,357.59,136000,2,1,0.151
POL-77456003,CUST-49276,Boat,2023-06-16,524.9,114000,1,1,0.184
POL-42362188,CUST-154986,RV,2021-10-17,636.09,279000,1,1,0.233
POL-57072792,CUST-969525,Health,2025-01-09,711.6,429000,0,1,0.126
POL-78544364,CUST-217816,Business,2022-09-09,2013.41,443000,0,1,0.222
POL-50152980,CUST-93774,Umbrella,2019-04-03,448.67,4944000,0,1,0.246
POL-99926913,CUST-529103,Home,2020-10-26,404.2,1677000,0,1,0.157
POL-2773948,CUST-791196,Motorcycle,2024-08-26,91.54,41000,1,1,0.242
POL-1595678,CUST-806147,Auto,2023-05-26,81.66,196000,3,1,0.13
POL-26193780,CUST-132683,Home,2020-11-28,662.7,1712000,0,1,0.205
POL-2681024,CUST-782372,Renters,2022-03-16,22.39,41000,0,1,0.229
POL-16355844,CUST-603637,Boat,2017-07-24,357.19,122000,1,1,0.027
POL-78449326,CUST-83697,Umbrella,2019-08-06,306.43,2394000,0,1,0.185
POL-33369182,CUST-899310,Business,2015-09-02,760.11,788000,0,1,0.118
POL-16864487,CUST-894258,Home,2024-07-21,517.42,1867000,0,0,0.221
POL-63660887,CUST-322304,Auto,2025-04-01,242.61,60000,2,1,0.016
POL-86747374,CUST-908213,Motorcycle,2017-10-12,68.04,85000,2,1,0.21
POL-46917382,CUST-127153,Umbrella,2020-11-08,591.31,2269000,0,1,0.051
POL-97107458,CUST-447314,Motorcycle,2019-08-20,33.01,85000,1,1,0.247
POL-77036650,CUST-61940,Motorcycle,2016-03-18,128.94,12000,1,1,0.085
POL-44035507,CUST-866492,Health,2024-07-12,1190.03,268000,0,1,0.096
POL-13564624,CUST-897146,Health,2024-08-05,808.47,241000,0,1,0.246
POL-96258117,CUST-128992,Renters,2024-01-15,46.32,75000,0,1,0.015
POL-38038252,CUST-343660,Business,2016-03-21,1328.11,1078000,0,1,0.084
POL-18203817,CUST-313877,Auto,2016-07-13,176.88,119000,3,0,0.186
POL-95916504,CUST-483433,Renters,2019-02-07,38.7,83000,0,1,0.215
POL-53748955,CUST-73063,RV,2019-01-03,312.21,260000,2,0,0.124
POL-93571230,CUST-833696,Renters,2021-05-01,29.41,82000,0,1,0.083
POL-66597407,CUST-215630,Umbrella,2024-07-11,592.63,1408000,0,1,0.143
POL-53963175,CUST-146654,Health,2021-12-10,362.98,198000,0,1,0.083
POL-10585201,CUST-227575,Boat,2022-12-23,654.03,377000,2,1,0.228
POL-68405004,CUST-755629,Business,2021-06-04,909.7,1770000,0,1,0.157
POL-76282637,CUST-257263,Health,2022-04-25,713.09,457000,0,1,0.173
POL-47409708,CUST-253749,Motorcycle,2019-01-18,89.71,13000,3,1,0.246
POL-94531493,CUST-7459,Umbrella,2016-07-09,470.58,4567000,0,0,0.133
POL-73088622,CUST-337386,Auto,2021-03-04,150.51,124000,3,1,0.004
POL-12126246,CUST-384531,RV,2022-10-24,773.83,189000,1,1,0.228
POL-60446666,CUST-697994,RV,2020-06-16,879.91,135000,2,1,0.05
POL-11535774,CUST-682268,RV,2019-09-07,331.56,175000,1,1,0.118
POL-51785761,CUST-860263,Home,2021-03-07,207.38,872000,0,0,0.198
POL-32132903,CUST-613189,Motorcycle,2021-11-18,98.02,50000,3,1,0.015
POL-76249067,CUST-194969,Renters,2023-10-14,33.22,82000,0,1,0.047
POL-46535615,CUST-828221,Auto,2021-07-26,275.16,208000,1,0,0.004
POL-13591154,CUST-398281,Auto,2017-06-17,280.78,315000,1,1,0.211
POL-33030893,CUST-411972,Motorcycle,2020-06-06,39.0,14000,1,1,0.069
POL-88587007,CUST-140534,Umbrella,2016-03-20,321.77,3756000,0,1,0.213
POL-32210133,CUST-494442,Life,2024-02-19,144.35,748000,0,1,0.231
POL-24388806,CUST-479131,Auto,2023-10-06,316.17,330000,3,1,0.041
POL-21261155,CUST-571161,Umbrella,2015-12-22,553.63,3935000,0,1,0.037
POL-87262584,CUST-396582,Umbrella,2022-09-02,372.55,2139000,0,1,0.234
POL-628942,CUST-359782,Business,2022-06-19,1584.14,614000,0,1,0.21
POL-39592252,CUST-185691,Business,2019-09-26,881.51,1184000,0,1,0.036
POL-11033610,CUST-396058,Renters,2024-05-11,18.78,67000,0,1,0.024
POL-34416747,CUST-72024,Renters,2019-10-30,33.03,41000,0,1,0.188
POL-10273481,CUST-36660,Auto,2022-07-04,241.71,418000,3,0,0.034
POL-83678289,CUST-730404,Motorcycle,2017-04-11,127.6,27000,1,1,0.197
POL-43396592,CUST-665432,Business,2023-05-08,1097.14,839000,0,0,0.211
POL-44931009,CUST-561421,Auto,2018-12-23,80.5,59000,2,1,0.055
POL-54974875,CUST-868467,Auto,2020-08-03,113.09,263000,4,1,0.092
POL-5751725,CUST-391438,Motorcycle,2020-01-05,108.06,42000,2,1,0.182
POL-5029596,CUST-198085,Health,2017-08-11,588.23,211000,0,1,0.06
POL-73398701,CUST-1281,Renters,2025-01-09,28.76,32000,0,1,0.126
POL-65822380,CUST-224388,Boat,2017-10-18,358.3,341000,1,1,0.05
POL-35441367,CUST-149642,Business,2015-08-20,2057.4,214000,0,1,0.153
POL-56330969,CUST-218660,Auto,2023-10-09,245.99,499000,3,1,0.16
POL-18028246,CUST-978978,Motorcycle,2022-09-04,95.21,62000,2,1,0.111
POL-13750417,CUST-276087,Life,2024-02-26,40.01,784000,0,1,0.046
POL-90789194,CUST-283732,Renters,2019-11-26,48.37,26000,0,0,0.208
POL-15577207,CUST-554558,Umbrella,2023-03-16,433.2,4843000,0,0,0.087
POL-30858901,CUST-620733,Boat,2025-05-05,743.1,325000,1,1,0.084
POL-28375588,CUST-971573,RV,2020-11-19,518.39,144000,2,1,0.106
POL-77221427,CUST-431763,Health,2015-11-11,826.92,124000,0,1,0.121
POL-6026859,CUST-438712,Life,2025-04-11,121.55,198000,0,1,0.131
POL-53973235,CUST-272763,Life,2023-12-02,124.14,113000,0,1,0.006
POL-76459518,CUST-182138,Life,2015-07-22,133.01,725000,0,0,0.247
POL-67868041,CUST-562646,Motorcycle,2018-06-09,67.72,24000,2,1,0.036
POL-82364868,CUST-533879,Renters,2020-03-23,36.88,74000,0,1,0.028
POL-36188108,CUST-913486,Health,2023-03-23,306.69,240000,0,0,0.216
POL-47057406,CUST-117320,Life,2020-12-07,151.29,288000,0,1,0.015
POL-44110827,CUST-563753,Life,2019-07-12,74.11,119000,0,1,0.004
POL-18224724,CUST-886946,Home,2023-03-19,247.65,691000,0,1,0.208
POL-16547150,CUST-475542,Life,2023-11-05,39.64,310000,0,1,0.12
POL-26379956,CUST-22306,Auto,2020-01-07,340.42,220000,3,1,0.154
POL-74194995,CUST-587150,Life,2022-09-20,181.02,547000,0,1,0.165
POL-14181221,CUST-794358,Motorcycle,2017-07-13,36.37,50000,4,1,0.234
POL-36371543,CUST-813338,Boat,2022-01-08,567.55,411000,2,1,0.088
POL-27258959,CUST-319885,Business,2016-02-03,1372.07,2665000,0,1,0.053
POL-79275381,CUST-528353,Auto,2019-01-14,310.59,387000,4,1,0.155
POL-8724926,CUST-531897,Motorcycle,2024-05-21,84.2,69000,4,1,0.141
POL-27587974,CUST-575014,RV,2023-11-20,318.4,61000,2,1,0.026
POL-59483614,CUST-683566,Renters,2023-06-27,32.47,16000,0,1,0.195
POL-68715354,CUST-233250,Life,2021-08-08,47.42,150000,0,1,0.221
POL-28782865,CUST-424361,Boat,2019-06-23,688.74,29000,2,1,0.239
POL-63739506,CUST-471342,Umbrella,2020-04-28,572.77,4041000,0,1,0.162
POL-33697896,CUST-98873,Life,2015-09-24,61.79,629000,0,1,0.076
POL-96295868,CUST-8838,Health,2019-06-14,311.71,89000,0,1,0.102
POL-83575856,CUST-957501,Business,2015-09-15,2259.41,4057000,0,1,0.077
POL-46856297,CUST-202376,Motorcycle,2017-05-30,99.87,15000,4,1,0.151
POL-85485363,CUST-915771,RV,2024-03-19,864.96,202000,2,1,0.198
POL-3112785,CUST-195338,Home,2022-08-16,359.05,1243000,0,0,0.032
POL-17141790,CUST-415129,Business,2024-10-06,620.06,1755000,0,1,0.08
POL-46799147,CUST-277356,Umbrella,2017-10-04,574.31,3163000,0,1,0.045
POL-5304180,CUST-968705,Renters,2018-05-01,19.56,63000,0,1,0.181
POL-9102656,CUST-687036,Renters,2019-12-13,26.86,77000,0,1,0.245
POL-31224916,CUST-937886,Motorcycle,2018-05-23,118.89,37000,4,1,0.07
POL-82035634,CUST-36543,RV,2016-12-09,647.81,277000,1,1,0.006
POL-60426196,CUST-484258,Boat,2021-07-20,576.24,60000,2,1,0.158
POL-982850,CUST-281575,Renters,2017-10-09,16.72,30000,0,1,0.206
POL-8896589,CUST-20636,RV,2020-03-31,721.67,95000,2,1,0.058
POL-94928990,CUST-723665,Business,2016-06-15,2151.52,3506000,0,1,0.239
POL-92538700,CUST-620301,Renters,2023-11-29,25.83,62000,0,1,0.184
POL-13382149,CUST-592472,Home,2020-02-14,183.67,1199000,0,1,0.017
POL-21415919,CUST-283873,Life,2019-02-25,154.47,802000,0,1,0.055
POL-32238832,CUST-881001,Boat,2021-10-22,478.19,333000,2,1,0.129
POL-86335090,CUST-78940,Renters,2024-11-11,28.12,26000,0,1,0.059
POL-83400769,CUST-506169,Health,2016-07-03,842.22,386000,0,1,0.129
POL-13259460,CUST-665103,RV,2020-10-04,373.19,159000,2,1,0.071
POL-19353979,CUST-787116,Health,2017-12-13,991.14,195000,0,1,0.219
POL-73012583,CUST-998368,Umbrella,2020-03-16,337.41,2838000,0,1,0.159
POL-3779742,CUST-615914,Auto,2023-06-01,275.45,340000,1,1,0.11
POL-63709054,CUST-158359,Auto,2024-12-26,304.75,356000,3,1,0.053
POL-34327434,CUST-907595,Auto,2022-02-14,99.23,128000,1,1,0.066
POL-54609682,CUST-214628,Life,2025-04-06,107.38,419000,0,1,0.027
POL-23817750,CUST-391322,Life,2018-08-12,125.57,631000,0,1,0.112
POL-66573189,CUST-882882,Life,2016-10-27,70.21,435000,0,1,0.197
POL-19347898,CUST-194534,Life,2020-07-28,82.14,929000,0,1,0.117
POL-1877542,CUST-277888,RV,2020-06-02,548.65,134000,1,0,0.101
POL-23137974,CUST-439579,Life,2019-02-18,157.88,835000,0,1,0.109
POL-14479716,CUST-559488,Life,2017-03-10,113.43,192000,0,1,0.006
POL-4757486,CUST-201765,Life,2016-05-15,33.98,126000,0,1,0.073
POL-51347932,CUST-551383,Business,2020-09-09,1311.63,3939000,0,1,0.085
POL-13316648,CUST-720940,Auto,2022-11-02,337.57,484000,1,1,0.128
POL-28871875,CUST-52701,Motorcycle,2021-12-25,35.65,64000,4,0,0.11
POL-1610506,CUST-156562,Umbrella,2023-07-28,213.42,3406000,0,1,0.04
POL-53600694,CUST-470444,Home,2024-10-13,614.33,818000,0,1,0.21
POL-7528345,CUST-979632,Business,2018-05-20,890.26,1605000,0,1,0.183
POL-4717473,CUST-33342,Motorcycle,2018-01-26,117.39,15000,4,1,0.097
POL-31735204,CUST-409913,Home,2021-03-12,571.12,1711000,0,0,0.229
POL-96830266,CUST-142126,RV,2022-07-16,477.39,225000,2,1,0.099
POL-76670701,CUST-377897,Business,2016-09-07,2313.94,706000,0,1,0.186
POL-54931310,CUST-570112,Auto,2018-11-02,294.59,380000,2,1,0.142
POL-4184542,CUST-10461,Boat,2025-06-02,442.35,43000,2,1,0.197
POL-62390619,CUST-498908,Life,2021-04-05,67.87,246000,0,1,0.091
POL-4029896,CUST-62843,Boat,2020-10-25,389.03,341000,2,1,0.198
POL-66428759,CUST-255218,Business,2017-02-14,1315.49,2930000,0,1,0.088
POL-44766759,CUST-836702,Home,2017-10-25,764.52,1523000,0,1,0.068
POL-1654134,CUST-27259,Life,2025-01-26,56.41,569000,0,1,0.226
POL-29016246,CUST-645226,Health,2023-05-06,278.67,409000,0,1,0.114
POL-12009163,CUST-198712,Life,2023-05-06,54.04,639000,0,1,0.154
POL-87825168,CUST-473401,Business,2016-01-31,2240.75,4350000,0,1,0.183
POL-21508083,CUST-98067,Boat,2018-05-31,759.44,111000,2,1,0.122
POL-27406435,CUST-566792,Motorcycle,2017-05-08,148.14,94000,4,1,0.132
POL-76017113,CUST-43260,Health,2021-12-20,1105.56,450000,0,1,0.014
POL-63433176,CUST-927569,Home,2024-02-27,144.62,533000,0,1,0.088
POL-87924151,CUST-408784,Business,2016-10-11,800.79,1844000,0,1,0.091
POL-19130730,CUST-194655,Life,2023-12-04,50.89,538000,0,1,0.011
POL-3348963,CUST-843332,Renters,2017-07-14,42.85,14000,0,1,0.061
POL-42441437,CUST-912406,Life,2019-10-24,71.19,627000,0,1,0.1
POL-99788399,CUST-427308,Renters,2020-03-30,29.34,47000,0,1,0.232
POL-66569035,CUST-116349,Life,2017-05-25,98.17,465000,0,1,0.092
POL-22439039,CUST-573736,Renters,2025-03-07,19.54,87000,0,1,0.165
POL-63613967,CUST-874758,Business,2016-08-28,1437.66,1210000,0,1,0.221
POL-61040634,CUST-269311,Motorcycle,2015-08-08,39.29,61000,1,1,0.167
POL-32867023,CUST-426835,Home,2020-09-14,135.32,1381000,0,1,0.165
POL-19421271,CUST-865130,Umbrella,2016-05-29,305.42,1346000,0,1,0.011
POL-40471259,CUST-307375,Renters,2019-05-01,21.94,71000,0,1,0.042
POL-24651384,CUST-378059,Motorcycle,2017-09-25,85.01,14000,3,1,0.08
POL-12461172,CUST-679420,Life,2017-12-12,66.59,523000,0,1,0.245
POL-2066517,CUST-151069,Renters,2022-04-02,28.89,45000,0,1,0.246
POL-24304645,CUST-225101,Motorcycle,2021-04-26,31.15,80000,3,1,0.021
POL-36222425,CUST-792019,Business,2025-06-28,562.74,3494000,0,1,0.098
POL-19047652,CUST-768153,Health,2016-11-22,375.94,148000,0,1,0.121
POL-78294709,CUST-284790,Home,2015-10-13,632.36,261000,0,1,0.127
POL-99577181,CUST-863285,Home,2020-09-06,225.79,1364000,0,1,0.17
POL-63680989,CUST-926209,Life,2023-01-30,164.39,660000,0,1,0.149
POL-50442729,CUST-646996,Life,2018-07-24,158.48,187000,0,1,0.152
POL-27950053,CUST-707162,Umbrella,2015-11-17,298.7,2079000,0,1,0.111
POL-56460869,CUST-672716,Boat,2018-08-07,779.99,230000,1,1,0.094
POL-42386800,CUST-98957,Boat,2021-07-02,297.08,376000,2,1,0.232
POL-17522122,CUST-493171,RV,2019-04-25,928.7,186000,1,1,0.004
POL-10590155,CUST-683195,Business,2022-06-14,1619.25,2070000,0,0,0.071
POL-80890057,CUST-858092,RV,2023-06-01,440.72,263000,1,1,0.055
POL-96663620,CUST-584257,Home,2020-08-06,346.18,1431000,0,1,0.213
POL-90882479,CUST-140442,Motorcycle,2015-11-26,92.69,60000,1,1,0.006
POL-46297922,CUST-867341,Business,2020-02-03,1238.44,2918000,0,1,0.006
POL-78429608,CUST-566283,Life,2021-08-08,167.02,558000,0,0,0.003
POL-15025239,CUST-400833,Health,2021-06-17,891.92,396000,0,1,0.07
POL-17637986,CUST-110906,Auto,2016-02-15,247.07,319000,1,1,0.056
POL-77171497,CUST-699835,Home,2017-04-20,285.41,1531000,0,1,0.201
POL-42905265,CUST-975323,Renters,2017-05-16,30.74,33000,0,1,0.142
POL-78039848,CUST-966983,Business,2024-08-17,850.85,1307000,0,1,0.247
POL-22914929,CUST-844547,RV,2017-01-14,735.47,279000,2,1,0.125
POL-72543688,CUST-923630,Motorcycle,2022-10-22,118.97,27000,2,1,0.19
POL-94370993,CUST-299405,Motorcycle,2022-05-18,117.72,77000,2,1,0.077
POL-55515657,CUST-267700,Boat,2024-08-10,304.32,295000,1,1,0.154
POL-74625405,CUST-448748,Umbrella,2023-08-23,444.69,1440000,0,1,0.167
POL-90525094,CUST-441766,Home,2024-03-25,565.36,153000,0,1,0.127
POL-28708354,CUST-486129,Auto,2017-08-26,241.95,319000,1,1,0.156
POL-7890314,CUST-951954,Health,2021-12-12,594.04,143000,0,1,0.249
POL-67135692,CUST-551046,Renters,2015-08-29,26.53,27000,0,1,0.09
POL-41870770,CUST-478346,Renters,2020-01-27,19.76,74000,0,1,0.033
POL-3172317,CUST-536002,Boat,2019-11-24,307.67,495000,1,1,0.079
POL-58830582,CUST-860738,Umbrella,2019-06-02,295.25,2343000,0,1,0.024
POL-11887765,CUST-591978,Business,2024-12-23,2230.18,1674000,0,1,0.046
POL-76757382,CUST-34109,Boat,2017-05-10,352.16,76000,1,1,0.099
POL-39134657,CUST-649814,Home,2023-11-04,395.46,1246000,0,1,0.194
POL-17532794,CUST-89919,Renters,2025-02-21,44.16,53000,0,1,0.056
POL-40369409,CUST-45730,Business,2022-12-06,1350.46,139000,0,0,0.238
POL-54178854,CUST-599031,Boat,2016-05-07,394.22,103000,2,1,0.076
POL-27058295,CUST-412130,Boat,2024-06-29,239.42,382000,1,1,0.053
POL-26491961,CUST-823575,Life,2017-09-01,140.21,526000,0,1,0.184
POL-30931982,CUST-292135,Home,2021-01-14,508.07,283000,0,1,0.243
POL-36106651,CUST-534628,Umbrella,2024-09-07,570.57,4609000,0,1,0.103
POL-36295026,CUST-470860,Health,2022-12-05,632.63,414000,0,1,0.127
POL-67668509,CUST-165381,Home,2016-02-27,778.96,1061000,0,1,0.218
POL-30064964,CUST-601970,Umbrella,2017-06-27,342.08,3595000,0,0,0.145
POL-55058585,CUST-334035,Business,2024-06-21,1258.18,3560000,0,1,0.101
POL-57940915,CUST-196599,Life,2020-02-28,49.13,447000,0,1,0.077
POL-95887278,CUST-897248,Business,2018-01-04,2085.94,3015000,0,1,0.212
POL-22571736,CUST-69120,Health,2015-08-29,650.31,52000,0,1,0.049
POL-26749842,CUST-779595,Renters,2018-04-29,49.08,49000,0,1,0.213
POL-92116207,CUST-984403,Life,2023-11-10,100.22,175000,0,1,0.117
POL-1952172,CUST-376731,Renters,2018-01-07,39.79,46000,0,1,0.036
POL-199996,CUST-921330,Life,2021-02-01,143.95,188000,0,0,0.027
POL-29233159,CUST-2074,Business,2019-01-13,2182.8,1709000,0,0,0.023
POL-2767728,CUST-19056,Business,2016-07-12,556.51,2051000,0,1,0.051
POL-69658618,CUST-395211,Boat,2024-10-28,396.0,41000,1,1,0.091
POL-39150077,CUST-779906,Health,2019-09-22,928.74,221000,0,1,0.184
POL-60859288,CUST-250895,Health,2022-05-10,368.29,103000,0,1,0.079
POL-82166272,CUST-5063,Umbrella,2017-05-21,235.03,1913000,0,1,0.107
POL-69277550,CUST-546404,Health,2015-07-20,1184.7,422000,0,1,0.056
POL-76252866,CUST-94352,Boat,2025-03-21,777.82,342000,1,1,0.095
POL-33839318,CUST-124896,Health,2017-07-22,959.7,187000,0,1,0.021
POL-355692,CUST-24266,Umbrella,2022-05-28,548.65,4630000,0,0,0.061
POL-12394373,CUST-403159,RV,2025-05-09,961.51,94000,2,1,0.121
POL-99506677,CUST-658270,Motorcycle,2025-02-24,95.34,28000,2,1,0.231
POL-31554178,CUST-145609,Life,2018-01-31,124.68,726000,0,1,0.181
POL-27050445,CUST-979179,Umbrella,2023-11-27,509.0,3885000,0,1,0.232
POL-99611640,CUST-872068,Renters,2023-04-07,27.13,26000,0,1,0.104
POL-90362638,CUST-557771,Home,2025-05-24,629.57,1492000,0,1,0.243
POL-97543497,CUST-482167,Motorcycle,2025-04-24,119.23,58000,3,1,0.049
POL-52103937,CUST-9339,Renters,2016-04-02,26.28,65000,0,1,0.05
POL-98389011,CUST-353200,RV,2024-09-16,976.45,79000,1,1,0.173
POL-72924070,CUST-883577,Motorcycle,2020-08-07,39.81,23000,4,1,0.08
POL-73499395,CUST-445914,Health,2016-11-21,426.52,408000,0,1,0.188
POL-34629948,CUST-407380,Health,2023-08-29,582.55,91000,0,1,0.175
POL-5453328,CUST-53123,Boat,2019-08-30,202.44,342000,2,0,0.201
POL-80091105,CUST-855570,Life,2015-11-20,43.9,878000,0,1,0.191
POL-37222605,CUST-717537,Renters,2024-04-03,44.97,97000,0,1,0.155
POL-33425740,CUST-455671,Boat,2019-03-22,284.26,336000,2,1,0.035
POL-12989735,CUST-758133,Auto,2017-07-06,153.67,316000,4,1,0.049
POL-59816708,CUST-86488,Business,2019-08-26,2011.82,987000,0,1,0.222
POL-70248400,CUST-925242,RV,2017-02-16,947.93,216000,2,1,0.172
POL-42726974,CUST-96958,RV,2016-12-10,569.59,118000,2,0,0.004
POL-86672678,CUST-387323,Home,2024-12-09,525.27,402000,0,1,0.086
POL-44255086,CUST-525597,Home,2019-11-26,417.14,802000,0,1,0.0
POL-76951198,CUST-843952,Motorcycle,2017-11-25,130.55,67000,1,1,0.058
POL-20143561,CUST-19053,Renters,2020-10-01,16.71,89000,0,1,0.031
POL-85352002,CUST-272393,Motorcycle,2018-09-17,87.21,47000,3,1,0.205
POL-9182316,CUST-380652,Auto,2015-09-12,237.11,72000,3,1,0.233
POL-43478750,CUST-799685,Auto,2018-12-15,246.46,231000,2,1,0.183
POL-37276838,CUST-432928,Health,2019-07-25,709.45,389000,0,1,0.127
POL-4022683,CUST-468165,RV,2022-06-27,430.23,80000,1,1,0.155
POL-50339944,CUST-989278,Motorcycle,2020-12-18,88.34,38000,3,1,0.09
POL-81498287,CUST-626241,Umbrella,2025-04-09,447.04,1453000,0,1,0.116
POL-38035096,CUST-610276,Boat,2019-10-02,445.58,294000,2,1,0.098
POL-54280598,CUST-452924,Business,2020-02-22,796.06,2903000,0,1,0.174
POL-19900441,CUST-750899,Renters,2023-01-03,22.93,63000,0,1,0.101
POL-12816522,CUST-61404,RV,2016-05-28,648.13,70000,2,1,0.241
POL-18515091,CUST-279966,Motorcycle,2024-11-09,74.51,38000,3,1,0.083
POL-18693730,CUST-740651,Health,2015-10-07,805.5,244000,0,1,0.106
POL-12294633,CUST-722173,Business,2024-08-30,1542.75,2926000,0,1,0.164
POL-20428950,CUST-965372,Business,2024-02-13,1027.34,3565000,0,1,0.201
POL-87592940,CUST-233299,Business,2017-11-02,1647.47,3973000,0,1,0.13
POL-59960207,CUST-625437,Umbrella,2024-03-23,477.79,2161000,0,1,0.145
POL-151477,CUST-156543,Business,2020-05-29,1098.41,1940000,0,1,0.224
POL-18889590,CUST-35316,Home,2022-02-23,284.32,249000,0,1,0.078
POL-46526658,CUST-525123,Auto,2024-07-10,236.54,268000,4,1,0.227
POL-66690193,CUST-274810,RV,2016-09-07,967.78,145000,2,1,0.077
POL-18245984,CUST-490281,Umbrella,2021-01-06,263.55,3809000,0,1,0.159
POL-48118532,CUST-668124,Boat,2019-05-13,795.09,439000,1,1,0.063
POL-55242115,CUST-326708,Boat,2018-10-09,458.6,452000,1,1,0.113
POL-29832464,CUST-361172,Boat,2018-03-18,542.2,344000,2,1,0.167
POL-2334965,CUST-8830,Auto,2023-03-23,237.35,232000,3,1,0.242
POL-11702433,CUST-167216,Home,2020-07-03,535.02,693000,0,1,0.042
POL-75163764,CUST-996585,Health,2017-02-07,480.49,472000,0,1,0.091
POL-74042614,CUST-735281,Auto,2017-11-12,153.43,398000,1,1,0.128
POL-14385841,CUST-575617,Business,2021-02-21,803.09,542000,0,1,0.206
POL-92156393,CUST-439010,Home,2017-06-21,629.94,542000,0,1,0.001
POL-84334607,CUST-185272,Business,2016-09-03,1876.51,475000,0,1,0.184
POL-46432833,CUST-591880,Renters,2021-01-23,30.44,98000,0,1,0.111
POL-38502327,CUST-697888,Business,2015-10-19,1644.38,3014000,0,0,0.081
POL-15357495,CUST-926280,Health,2022-04-04,681.58,148000,0,1,0.007
POL-8164767,CUST-487219,Business,2016-01-13,2420.35,4248000,0,1,0.176
POL-29402174,CUST-58071,Renters,2018-06-08,25.97,81000,0,1,0.034
POL-57239907,CUST-428236,Motorcycle,2019-12-29,57.83,38000,2,1,0.213
POL-7218512,CUST-89394,RV,2015-11-23,680.83,131000,2,1,0.143
POL-75370985,CUST-254073,Auto,2017-09-01,135.94,178000,2,1,0.14
POL-19236657,CUST-480542,Renters,2024-05-18,18.12,15000,0,1,0.199
POL-3976162,CUST-94089,Motorcycle,2016-12-19,109.42,43000,3,1,0.01
POL-26911168,CUST-947996,Umbrella,2018-06-26,455.53,3374000,0,1,0.249
POL-76208598,CUST-770711,Home,2017-08-28,775.63,1532000,0,1,0.221
POL-9213212,CUST-367890,Health,2022-10-05,403.89,427000,0,1,0.058
POL-16789758,CUST-30791,Auto,2017-01-06,338.42,394000,4,1,0.18
POL-71451022,CUST-750078,Life,2019-12-29,170.59,155000,0,1,0.133
POL-1547308,CUST-521937,Home,2021-11-10,660.59,1506000,0,1,0.108
POL-58415071,CUST-787931,Health,2022-10-19,768.98,165000,0,1,0.232
POL-30116895,CUST-854481,Boat,2021-01-09,794.84,374000,1,1,0.165
POL-41883522,CUST-400383,Auto,2019-11-22,226.89,57000,2,0,0.059
POL-40998348,CUST-686913,RV,2016-04-10,689.98,283000,2,0,0.17
POL-19371183,CUST-461170,Auto,2018-07-08,288.0,99000,3,1,0.221
POL-29361875,CUST-893523,Health,2022-08-15,982.34,272000,0,1,0.165
POL-51381143,CUST-865303,Home,2020-08-05,524.01,1529000,0,1,0.073
POL-14370816,CUST-652255,Boat,2015-12-03,616.38,299000,2,1,0.245
POL-44680584,CUST-248090,Motorcycle,2016-12-28,49.5,12000,2,1,0.176
POL-49117104,CUST-523470,Business,2015-08-11,787.78,1991000,0,1,0.158
POL-98232478,CUST-324143,Business,2018-12-24,650.61,2791000,0,1,0.011
POL-19985122,CUST-272077,Auto,2023-11-11,256.82,351000,3,1,0.035
POL-46938936,CUST-585455,Motorcycle,2019-06-28,103.89,91000,3,1,0.238
POL-11150024,CUST-515028,Home,2022-09-02,117.19,1883000,0,1,0.057
POL-71774011,CUST-177290,Health,2022-06-19,1119.68,147000,0,1,0.243
POL-42661147,CUST-793627,Umbrella,2018-04-08,528.01,4976000,0,1,0.135
POL-91186040,CUST-132348,Auto,2017-03-22,311.96,388000,3,1,0.098
POL-89681400,CUST-998993,Business,2023-04-20,1649.66,1537000,0,1,0.139
POL-52914143,CUST-475071,RV,2018-08-11,541.56,137000,1,1,0.0
POL-68368892,CUST-411025,Home,2015-07-23,787.4,1567000,0,0,0.173
POL-94434569,CUST-848549,Umbrella,2022-08-11,471.42,2270000,0,1,0.138
POL-47121480,CUST-977149,Renters,2022-01-31,32.2,29000,0,1,0.068
POL-20487363,CUST-897503,Umbrella,2022-04-20,241.94,4053000,0,1,0.137
POL-37052406,CUST-80308,Boat,2017-09-14,208.35,124000,1,1,0.181
POL-54864149,CUST-893702,Boat,2023-01-05,473.76,348000,1,1,0.194
POL-59323945,CUST-535441,Business,2024-10-11,2376.41,4543000,0,1,0.019
POL-83690835,CUST-307706,Health,2020-01-30,375.95,412000,0,1,0.181
POL-62690620,CUST-870181,Health,2023-07-19,839.9,119000,0,1,0.017
POL-88904677,CUST-167398,Life,2016-11-11,184.09,974000,0,1,0.043
POL-8065079,CUST-670157,Umbrella,2025-04-30,527.02,2879000,0,1,0.089
POL-48533885,CUST-15775,Home,2019-01-10,209.03,550000,0,1,0.161
POL-55402520,CUST-977953,Boat,2016-02-11,657.58,249000,1,1,0.006
POL-68485923,CUST-318041,Life,2017-05-06,52.71,159000,0,1,0.107
POL-75916943,CUST-506852,RV,2024-01-04,736.1,96000,1,0,0.122
POL-19538668,CUST-131652,Motorcycle,2020-08-14,49.25,37000,2,1,0.144
POL-42037932,CUST-906068,Umbrella,2019-07-01,424.69,3680000,0,1,0.092
POL-28115244,CUST-322541,Motorcycle,2020-02-13,142.41,62000,2,1,0.239
POL-41236861,CUST-761327,Business,2016-05-28,2370.02,2836000,0,1,0.008
POL-99176257,CUST-790521,Business,2022-08-17,1107.89,2591000,0,1,0.075
POL-73508869,CUST-159761,Umbrella,2021-12-06,567.42,4192000,0,1,0.211
POL-20242166,CUST-91100,Boat,2017-05-16,656.51,397000,1,1,0.104
POL-85523296,CUST-453848,Renters,2021-03-19,41.94,56000,0,1,0.227
POL-81148205,CUST-774116,Boat,2019-10-17,462.18,331000,2,1,0.081
POL-21961637,CUST-374254,Boat,2021-07-21,491.66,27000,2,1,0.102
POL-77152651,CUST-823818,Umbrella,2019-11-11,576.42,1219000,0,1,0.15
POL-2307458,CUST-419083,Business,2018-06-03,1327.12,2449000,0,1,0.017
POL-37990986,CUST-674043,Umbrella,2020-03-12,434.36,1022000,0,1,0.034
POL-16606060,CUST-105985,Umbrella,2016-12-27,365.13,2914000,0,1,0.218
POL-26248260,CUST-573258,Motorcycle,2023-11-18,61.48,90000,4,1,0.012
POL-10778737,CUST-556999,RV,2024-11-09,332.98,254000,2,1,0.102
POL-62223246,CUST-261176,Auto,2017-12-27,267.01,354000,4,1,0.176
POL-89750066,CUST-449875,Life,2015-07-15,113.29,83000,0,1,0.026
POL-41167664,CUST-236293,Life,2019-06-19,158.53,396000,0,1,0.2
POL-90887979,CUST-615261,Life,2021-03-26,29.83,694000,0,1,0.084
POL-67168294,CUST-916907,Home,2020-05-20,229.11,1726000,0,1,0.14
POL-23994116,CUST-759185,Life,2024-01-17,126.65,755000,0,1,0.066
POL-70898513,CUST-541922,Motorcycle,2016-08-05,147.49,28000,4,1,0.081
POL-78743726,CUST-840298,Home,2020-03-17,720.8,716000,0,1,0.066
POL-72053491,CUST-24326,Boat,2022-08-20,578.03,190000,1,1,0.149
POL-54378528,CUST-272284,Umbrella,2022-05-21,310.32,4162000,0,1,0.15
POL-46616057,CUST-887873,RV,2015-10-21,519.2,285000,1,1,0.216
POL-13523308,CUST-45867,Renters,2017-03-02,34.97,92000,0,1,0.171
POL-12228312,CUST-168818,Home,2018-08-02,403.28,829000,0,1,0.087
POL-41741993,CUST-205597,Business,2021-10-21,1924.61,1301000,0,1,0.179
POL-11040982,CUST-841112,Umbrella,2020-03-28,231.67,1029000,0,1,0.011
POL-33169838,CUST-905120,RV,2018-08-31,362.87,225000,2,1,0.114
POL-15899950,CUST-742636,Home,2015-12-29,185.75,702000,0,1,0.106
POL-6839427,CUST-326060,Health,2022-04-28,623.63,63000,0,1,0.153
POL-56892740,CUST-4394,Home,2024-06-22,750.52,213000,0,1,0.001
POL-66662088,CUST-149188,Umbrella,2019-07-28,442.07,2634000,0,1,0.025
POL-95768371,CUST-765440,Boat,2017-03-15,739.92,166000,1,1,0.176
POL-51680611,CUST-55439,Business,2024-02-02,1481.5,4461000,0,1,0.228
POL-27197311,CUST-171081,Renters,2016-06-27,27.52,46000,0,1,0.004
POL-93800389,CUST-211439,Renters,2016-07-22,20.7,99000,0,1,0.074
POL-79815860,CUST-468421,Home,2017-04-12,713.49,492000,0,1,0.232
POL-79487318,CUST-653155,Motorcycle,2024-11-11,68.46,85000,1,1,0.137
POL-10761833,CUST-93811,Life,2016-05-02,81.78,87000,0,1,0.078
POL-4353181,CUST-983940,Umbrella,2020-03-10,597.06,1507000,0,1,0.143
POL-28166476,CUST-312280,Boat,2015-09-20,421.8,260000,2,0,0.246
POL-15673469,CUST-252394,Boat,2023-07-28,697.04,329000,2,1,0.007
POL-92591287,CUST-520494,Motorcycle,2017-04-24,41.12,98000,4,1,0.028
POL-79147389,CUST-862596,Umbrella,2017-03-05,526.51,1721000,0,1,0.066
POL-87541037,CUST-581724,RV,2023-06-07,443.49,272000,2,0,0.196
POL-6118607,CUST-818596,Business,2022-07-21,2159.54,4614000,0,0,0.121
POL-84602930,CUST-794474,Auto,2017-04-12,267.16,331000,2,1,0.104
POL-20882678,CUST-797504,Home,2022-02-03,674.44,915000,0,1,0.168
POL-91770419,CUST-750034,Renters,2021-07-12,35.93,67000,0,1,0.213
POL-96872791,CUST-531970,Life,2016-05-11,112.03,180000,0,1,0.042
POL-13223422,CUST-610097,Health,2019-11-21,554.12,90000,0,1,0.007
POL-85380264,CUST-489327,Business,2020-05-04,2025.61,2271000,0,1,0.147
POL-44111562,CUST-909467,Motorcycle,2024-05-28,100.02,54000,4,1,0.065
POL-1265080,CUST-659225,Renters,2021-09-11,45.83,84000,0,1,0.159
POL-10340310,CUST-216041,Motorcycle,2017-07-17,54.05,72000,3,1,0.128
POL-45731485,CUST-234311,Renters,2022-12-08,35.73,21000,0,1,0.135
POL-71150044,CUST-173695,Boat,2021-03-28,734.36,302000,2,1,0.028
POL-3037859,CUST-495502,RV,2017-07-10,362.0,255000,1,1,0.058
POL-74908485,CUST-554156,Boat,2018-04-29,566.06,485000,1,1,0.023
POL-70140337,CUST-780850,Health,2023-01-15,366.42,93000,0,1,0.111
POL-63306993,CUST-144285,Boat,2015-07-21,726.98,425000,1,1,0.126
POL-80362099,CUST-797392,Business,2023-06-15,1332.52,2161000,0,1,0.121
POL-95973577,CUST-237709,Business,2016-06-13,1791.76,4401000,0,1,0.048
POL-15025823,CUST-991421,Life,2023-06-15,55.22,103000,0,1,0.235
POL-14198037,CUST-447481,Life,2022-07-24,178.86,370000,0,1,0.073
POL-74158624,CUST-723789,Health,2015-12-17,1061.53,109000,0,1,0.129
POL-14907320,CUST-817047,RV,2024-03-15,368.67,281000,2,1,0.119
POL-20753916,CUST-136082,Auto,2023-06-28,296.33,99000,3,0,0.148
POL-90844746,CUST-624659,Auto,2018-12-11,269.89,479000,2,1,0.041
POL-33730822,CUST-504492,Renters,2022-01-11,41.77,75000,0,1,0.031
POL-16188599,CUST-561485,Health,2023-11-02,1051.85,462000,0,1,0.124
POL-65117698,CUST-355307,Renters,2018-11-11,22.34,15000,0,1,0.222
POL-5411441,CUST-469142,Auto,2019-05-08,306.7,412000,4,1,0.083
POL-75116051,CUST-905226,Home,2022-08-16,448.61,568000,0,1,0.087
POL-936049,CUST-190904,Home,2017-04-18,262.85,1150000,0,1,0.041
POL-73421108,CUST-15649,Home,2020-05-16,539.72,802000,0,1,0.153
POL-49168839,CUST-822480,Boat,2024-10-31,569.76,315000,2,0,0.101
POL-62481316,CUST-909253,Home,2021-06-24,164.69,1047000,0,1,0.013
POL-4224882,CUST-15446,Life,2024-01-04,32.62,194000,0,0,0.206
POL-87420280,CUST-269372,Renters,2018-05-19,15.35,96000,0,1,0.071
POL-26058996,CUST-837185,Umbrella,2020-06-24,467.13,1894000,0,1,0.207
POL-28626933,CUST-918908,Life,2017-10-15,45.35,780000,0,1,0.181
POL-24994420,CUST-170151,Auto,2022-03-21,250.91,78000,1,1,0.064
POL-52439278,CUST-613501,Business,2017-07-24,1253.95,4965000,0,1,0.147
POL-51600243,CUST-631730,Business,2016-02-21,665.24,4518000,0,1,0.235
POL-74019202,CUST-369530,Business,2021-12-31,1013.15,2378000,0,1,0.18
POL-34840452,CUST-417763,Renters,2023-04-01,40.74,68000,0,1,0.074
POL-2674033,CUST-407826,Life,2023-07-11,140.27,851000,0,1,0.122
POL-91568737,CUST-715798,Renters,2023-01-08,49.71,99000,0,1,0.209
POL-8897725,CUST-458155,Motorcycle,2021-07-23,57.71,44000,1,0,0.203
POL-33005188,CUST-606144,Umbrella,2017-07-04,240.36,2189000,0,1,0.076
POL-93547267,CUST-784930,Umbrella,2021-09-12,394.0,3168000,0,1,0.073
POL-12004794,CUST-337488,Umbrella,2017-11-28,264.02,1565000,0,1,0.128
POL-98757388,CUST-121047,RV,2016-06-05,673.9,259000,2,1,0.08
POL-40022624,CUST-863451,Auto,2022-05-30,318.89,345000,2,1,0.063
POL-52129520,CUST-76231,Home,2017-12-18,432.96,1270000,0,1,0.019
POL-64470508,CUST-972809,Business,2015-07-27,695.84,3765000,0,1,0.154
POL-29203847,CUST-207224,Boat,2015-08-28,404.14,301000,1,1,0.122
POL-6230475,CUST-986727,Boat,2021-09-07,737.27,94000,2,1,0.25
POL-34631884,CUST-936156,Renters,2024-05-20,44.25,31000,0,1,0.041
POL-37858700,CUST-889753,Umbrella,2018-02-26,588.28,4338000,0,1,0.051
POL-94330403,CUST-784395,RV,2019-02-05,774.18,122000,1,1,0.119
POL-83215364,CUST-564336,Life,2017-05-29,65.18,957000,0,1,0.228
POL-77562721,CUST-143606,Auto,2019-04-10,200.03,61000,4,1,0.206
POL-72723098,CUST-896825,Auto,2020-05-27,334.6,52000,4,1,0.059
POL-67563757,CUST-69162,Business,2020-06-22,1614.09,4760000,0,0,0.235
POL-3165537,CUST-10715,Health,2019-03-30,426.11,245000,0,1,0.248
POL-14379674,CUST-774467,RV,2020-08-15,539.03,189000,1,0,0.115
POL-80622846,CUST-848684,Umbrella,2022-09-22,472.95,3290000,0,1,0.196
POL-2076385,CUST-331761,Motorcycle,2016-10-05,143.3,31000,1,1,0.07
POL-6288197,CUST-154518,Umbrella,2019-05-20,551.61,4050000,0,1,0.131
POL-49432517,CUST-955873,RV,2017-03-18,694.75,231000,1,1,0.228
POL-50607732,CUST-499406,Business,2016-09-14,1740.71,1621000,0,1,0.124
POL-95872656,CUST-576768,RV,2021-09-12,464.6,85000,1,1,0.047
POL-93722345,CUST-304927,Business,2022-02-04,1990.42,2777000,0,1,0.203
POL-95685849,CUST-832766,Health,2022-05-16,387.59,346000,0,1,0.178
POL-31016159,CUST-700183,Business,2019-08-30,1389.62,206000,0,1,0.207
POL-31228780,CUST-324909,Business,2021-02-08,1849.96,1910000,0,1,0.037
POL-12175591,CUST-98012,Health,2024-11-06,1027.96,455000,0,1,0.008
POL-43735066,CUST-17905,Auto,2015-07-19,245.49,67000,4,1,0.094
POL-37062518,CUST-956389,Health,2017-07-05,333.78,390000,0,1,0.164
POL-56453468,CUST-272185,Boat,2023-12-23,658.94,114000,2,1,0.126
POL-65845066,CUST-530122,Business,2018-02-20,1973.48,4176000,0,1,0.034
POL-56973584,CUST-897080,Life,2025-06-13,89.02,700000,0,1,0.236
POL-42957363,CUST-495408,Motorcycle,2017-07-28,142.14,20000,1,1,0.213
POL-74062621,CUST-353328,Business,2019-09-10,2478.52,1603000,0,1,0.041
POL-99919729,CUST-802075,Renters,2020-12-14,25.18,92000,0,1,0.25
POL-18363097,CUST-572531,Boat,2017-05-20,430.34,331000,1,1,0.204
POL-60269142,CUST-951695,RV,2016-10-16,447.35,74000,2,1,0.144
POL-44226861,CUST-846389,Home,2023-11-16,398.36,851000,0,1,0.014
POL-17983351,CUST-245587,Home,2017-03-02,715.46,201000,0,1,0.069
POL-75536023,CUST-521929,Auto,2021-10-28,282.89,270000,4,1,0.029
POL-13215396,CUST-357948,Life,2024-02-11,63.9,458000,0,1,0.211
POL-34842564,CUST-162282,Umbrella,2021-08-28,236.84,1141000,0,1,0.096
POL-85831138,CUST-47830,Motorcycle,2021-11-23,120.05,56000,4,1,0.06
POL-21579010,CUST-238113,Boat,2023-05-08,796.24,149000,2,1,0.113
POL-2531451,CUST-160965,Home,2022-01-06,621.56,1247000,0,1,0.227
POL-39288049,CUST-456268,RV,2020-07-10,352.17,152000,1,1,0.231
POL-37605606,CUST-443391,Home,2021-10-13,221.83,1788000,0,1,0.04
POL-62889571,CUST-148212,Motorcycle,2023-05-13,53.24,72000,2,1,0.028
POL-48063777,CUST-67798,Life,2016-02-12,129.26,597000,0,0,0.186
POL-13656066,CUST-28643,Health,2023-01-02,1155.03,428000,0,1,0.039
POL-27323267,CUST-64116,Life,2023-05-01,65.68,76000,0,1,0.096
POL-62256258,CUST-128453,Boat,2024-01-01,604.04,317000,1,1,0.04
POL-51576393,CUST-844637,Life,2021-08-24,125.76,392000,0,1,0.222
POL-87555419,CUST-504034,Motorcycle,2019-12-23,70.4,98000,3,1,0.056
POL-86062734,CUST-789198,Home,2024-07-14,402.75,293000,0,1,0.088
POL-64579455,CUST-696862,Business,2019-05-28,2404.34,549000,0,1,0.085
POL-29059887,CUST-102448,Umbrella,2016-07-14,599.62,4881000,0,1,0.071
POL-42687971,CUST-321803,Health,2023-10-10,640.97,184000,0,1,0.113
POL-71145634,CUST-16720,Motorcycle,2019-05-18,119.44,26000,2,1,0.174
POL-59364567,CUST-310909,Motorcycle,2018-08-26,38.87,50000,4,1,0.069
POL-40495382,CUST-527700,Umbrella,2016-09-24,598.02,2406000,0,0,0.189
POL-94714474,CUST-481316,Renters,2021-01-04,40.34,32000,0,1,0.09
POL-51448694,CUST-52230,Motorcycle,2018-07-29,61.29,29000,3,1,0.112
POL-75513912,CUST-181150,Auto,2018-04-01,181.37,145000,4,1,0.21
POL-34837575,CUST-808009,Motorcycle,2021-02-23,34.8,95000,2,1,0.188
POL-91972857,CUST-553729,RV,2022-03-15,735.66,289000,1,1,0.107
POL-19797191,CUST-936905,Home,2022-05-07,343.58,1874000,0,1,0.222
POL-24955973,CUST-581960,Business,2023-03-01,1705.96,1653000,0,0,0.024
POL-40299863,CUST-47912,Umbrella,2024-04-10,311.98,1770000,0,1,0.023
POL-55917717,CUST-449430,Auto,2023-02-16,262.68,162000,2,1,0.116
POL-18267938,CUST-10785,Auto,2019-10-04,270.01,243000,1,1,0.128
POL-87604266,CUST-935715,Umbrella,2023-01-26,410.92,4139000,0,1,0.088
POL-91696564,CUST-216923,RV,2021-11-29,751.42,299000,1,1,0.08
POL-64187587,CUST-991528,RV,2017-12-09,613.83,251000,2,1,0.193
POL-94812319,CUST-216559,Boat,2016-08-23,355.96,208000,2,0,0.158
POL-27950280,CUST-761925,Auto,2021-03-31,277.43,470000,3,1,0.133
POL-53806106,CUST-499004,Boat,2024-10-28,395.97,295000,2,1,0.124
POL-92828813,CUST-145084,RV,2022-08-06,529.46,261000,2,1,0.16
POL-81032887,CUST-131470,Motorcycle,2021-08-02,138.89,73000,2,1,0.058
POL-71003033,CUST-452185,RV,2019-03-14,374.89,189000,1,1,0.101
POL-63778047,CUST-636885,Boat,2024-01-25,513.46,433000,2,1,0.027
POL-54551046,CUST-939441,Business,2016-05-18,2305.99,1432000,0,1,0.103
POL-35332312,CUST-542126,Home,2016-01-03,551.99,1447000,0,1,0.148
POL-52799150,CUST-620045,Boat,2024-05-24,401.72,138000,2,1,0.005
POL-23671297,CUST-60329,Auto,2019-06-21,275.44,407000,3,1,0.16
POL-49729857,CUST-815184,Health,2021-03-09,518.17,470000,0,1,0.212
POL-34857450,CUST-6319,Umbrella,2019-07-01,380.96,2536000,0,1,0.045
POL-3409042,CUST-720690,Business,2021-05-24,1936.66,3256000,0,1,0.171
POL-81065376,CUST-809503,Auto,2024-06-03,97.58,188000,4,1,0.241
POL-63654820,CUST-209730,Business,2017-12-15,2415.59,1423000,0,1,0.208
POL-56119122,CUST-778256,Renters,2025-04-27,17.48,18000,0,1,0.123
POL-43939110,CUST-625141,RV,2016-12-01,967.07,152000,1,1,0.183
POL-57588035,CUST-997766,RV,2023-02-20,924.72,120000,1,1,0.023
POL-1185755,CUST-329536,Home,2019-11-15,682.73,1955000,0,1,0.062
POL-91511185,CUST-688115,Boat,2018-10-04,216.77,266000,1,1,0.103
POL-55229774,CUST-472102,Boat,2020-12-18,554.64,314000,2,1,0.175
POL-98884291,CUST-496699,Boat,2016-06-22,329.69,359000,1,0,0.2
POL-79910383,CUST-924671,Life,2024-01-02,103.3,689000,0,1,0.077
POL-67083557,CUST-745201,Auto,2023-05-18,102.77,34000,4,1,0.228
POL-46206051,CUST-267062,Boat,2021-04-05,482.39,52000,1,1,0.115
POL-58563783,CUST-891854,Home,2018-03-12,459.54,377000,0,1,0.169
POL-78745075,CUST-738683,Motorcycle,2016-10-20,75.75,19000,1,1,0.001
POL-32378692,CUST-871548,Umbrella,2015-12-18,514.58,4401000,0,1,0.002
POL-34852582,CUST-154311,Auto,2024-06-16,303.92,78000,1,0,0.188
POL-64002646,CUST-220261,Life,2018-07-28,151.86,227000,0,1,0.14
POL-17480237,CUST-477565,Health,2022-05-04,1073.97,372000,0,1,0.024
POL-24194407,CUST-62533,Auto,2019-01-01,112.91,461000,1,1,0.223
POL-23547318,CUST-989533,Home,2018-06-28,613.76,1288000,0,1,0.067
POL-64712451,CUST-108304,Business,2017-12-30,723.8,3305000,0,0,0.109
POL-10067840,CUST-876522,RV,2017-04-21,930.7,271000,1,1,0.245
POL-49793666,CUST-682883,Renters,2023-05-27,36.49,20000,0,1,0.201
POL-57166869,CUST-636220,Motorcycle,2023-10-31,57.52,34000,2,1,0.091
POL-66010936,CUST-111786,Business,2017-07-18,1262.27,1233000,0,0,0.229
POL-22062935,CUST-59985,Umbrella,2022-09-09,402.75,2620000,0,1,0.112
POL-21154676,CUST-646749,Home,2020-07-03,144.04,1934000,0,1,0.217
POL-49922138,CUST-119558,Life,2024-09-25,167.23,315000,0,1,0.197
POL-35997847,CUST-877815,Business,2020-05-29,1280.95,2842000,0,1,0.039
POL-54243868,CUST-605158,Renters,2024-11-22,47.32,31000,0,0,0.021
POL-31230983,CUST-33954,RV,2024-11-28,764.36,258000,1,0,0.208
POL-23584929,CUST-985658,Renters,2021-11-13,37.28,17000,0,1,0.117
POL-57019882,CUST-606690,Umbrella,2017-04-03,447.08,2379000,0,1,0.22
POL-27827407,CUST-612907,Renters,2015-08-17,19.96,43000,0,1,0.035
POL-25122935,CUST-31025,Health,2018-07-17,445.11,247000,0,1,0.029
POL-55459928,CUST-596261,Boat,2018-07-23,577.61,176000,2,1,0.031
POL-1867528,CUST-100301,Health,2024-11-04,353.63,131000,0,1,0.023
POL-24747698,CUST-711572,Health,2020-01-08,815.61,384000,0,1,0.059
POL-36055931,CUST-519522,RV,2022-04-04,590.72,161000,2,1,0.13
POL-8126886,CUST-442816,Life,2016-10-23,56.13,832000,0,1,0.003
POL-3392122,CUST-910532,Health,2024-10-15,814.94,73000,0,0,0.225
POL-60475414,CUST-487119,Business,2016-09-15,1364.8,362000,0,1,0.229
POL-28996080,CUST-845386,Motorcycle,2015-10-28,76.97,69000,4,1,0.095
POL-53695427,CUST-968727,Life,2016-11-10,190.78,794000,0,1,0.109
POL-59813891,CUST-930185,Renters,2018-10-17,44.55,88000,0,1,0.245
POL-45960627,CUST-718537,Auto,2016-02-29,149.39,400000,4,1,0.104
POL-4415512,CUST-305350,Business,2015-09-04,1155.29,2256000,0,0,0.243
POL-26613296,CUST-218815,RV,2025-06-01,894.09,242000,2,0,0.086
POL-55468002,CUST-875698,Boat,2018-08-20,630.18,87000,1,1,0.225
POL-24634296,CUST-266134,Boat,2023-04-20,266.76,129000,2,1,0.125
POL-50564531,CUST-605628,Business,2020-04-01,923.8,1564000,0,1,0.212
POL-15184381,CUST-904947,Health,2019-04-21,346.02,461000,0,1,0.201
POL-21462714,CUST-590559,Motorcycle,2022-12-27,81.15,52000,3,1,0.134
POL-59539153,CUST-454275,Renters,2020-03-26,19.48,50000,0,1,0.193
POL-74518625,CUST-5588,Renters,2019-08-09,49.33,50000,0,1,0.069
POL-29835580,CUST-590161,Auto,2024-09-05,131.06,407000,1,1,0.039
POL-99513444,CUST-417017,Home,2016-01-18,694.85,590000,0,1,0.082
POL-34911314,CUST-63822,Business,2021-01-09,1087.77,1788000,0,1,0.138
POL-46948562,CUST-645694,Health,2018-02-25,336.45,180000,0,1,0.239
POL-43627471,CUST-114007,Health,2024-11-06,418.36,253000,0,1,0.202
POL-99074171,CUST-634085,Life,2019-03-21,160.48,599000,0,1,0.184
POL-17075254,CUST-484460,Motorcycle,2019-04-27,127.92,73000,3,1,0.225
POL-66203738,CUST-188934,Life,2018-03-07,141.29,875000,0,0,0.21
POL-11677833,CUST-167840,Business,2024-09-11,1594.36,1048000,0,1,0.202
POL-15820638,CUST-862187,Boat,2025-03-26,583.3,63000,1,0,0.168
POL-29824343,CUST-364969,Boat,2022-02-01,782.49,77000,2,1,0.029
POL-40059312,CUST-809924,Home,2016-04-21,349.29,1719000,0,1,0.159
POL-57611344,CUST-62389,Life,2025-01-27,62.08,421000,0,1,0.068
POL-57773629,CUST-753429,RV,2017-08-17,351.32,144000,2,1,0.23
POL-60741910,CUST-414326,Umbrella,2022-08-20,215.62,4254000,0,1,0.05
POL-23037865,CUST-475652,Business,2021-02-15,1396.98,3156000,0,1,0.222
POL-74217674,CUST-675829,Business,2018-04-27,2006.41,1250000,0,1,0.201
POL-47767782,CUST-215386,Home,2020-08-29,126.93,1366000,0,1,0.023
POL-35537497,CUST-653712,Auto,2023-10-26,254.0,473000,3,1,0.004
POL-50148407,CUST-24531,Life,2025-06-20,105.4,286000,0,1,0.004
POL-97010689,CUST-598,Motorcycle,2023-03-12,70.31,84000,3,1,0.161
POL-73300539,CUST-455972,Health,2024-02-05,753.61,487000,0,1,0.043
POL-374362,CUST-439034,Health,2020-08-14,1134.24,256000,0,1,0.104
POL-48773102,CUST-790141,Health,2023-12-01,894.98,103000,0,1,0.062
POL-2912578,CUST-177886,Auto,2022-07-07,203.87,145000,4,0,0.069
POL-73234600,CUST-10726,Renters,2016-04-02,44.77,34000,0,1,0.224
POL-75839021,CUST-883325,Life,2017-04-01,128.59,82000,0,1,0.168
POL-79862482,CUST-48714,Renters,2018-06-01,40.57,25000,0,1,0.05
POL-24987417,CUST-809130,Health,2018-04-25,1033.73,432000,0,1,0.186
POL-49848952,CUST-814355,Motorcycle,2016-10-25,89.67,28000,3,0,0.218
POL-31970207,CUST-649798,Umbrella,2020-08-01,412.92,3754000,0,1,0.062
POL-37512892,CUST-271631,Business,2016-01-18,1085.63,2919000,0,1,0.127
POL-76829222,CUST-958261,Business,2024-09-19,1468.64,1458000,0,1,0.083
POL-78488055,CUST-236108,Business,2016-01-30,1416.5,4831000,0,1,0.147
POL-21055735,CUST-365424,Life,2018-06-11,57.75,886000,0,1,0.086
POL-33187506,CUST-216310,Renters,2018-10-07,15.92,95000,0,0,0.038
POL-880540,CUST-175922,Auto,2018-06-10,82.54,182000,4,1,0.19
POL-47985641,CUST-70501,Boat,2019-08-28,467.31,194000,2,1,0.141
POL-20664729,CUST-848914,Auto,2016-03-09,274.75,256000,4,1,0.032
POL-87506740,CUST-844481,Motorcycle,2021-11-10,101.35,38000,2,1,0.2
POL-46177939,CUST-894966,Auto,2021-02-17,88.78,377000,2,1,0.185
POL-15236678,CUST-648221,Health,2016-07-02,794.85,395000,0,1,0.16
POL-45317894,CUST-297459,Motorcycle,2019-05-05,113.18,70000,4,1,0.055
POL-96356720,CUST-716125,Life,2021-01-30,168.0,216000,0,1,0.133
POL-30338081,CUST-896864,Boat,2016-01-23,684.02,89000,1,0,0.185
POL-77966442,CUST-528790,Home,2022-05-19,143.76,836000,0,1,0.059
POL-75197111,CUST-298673,Health,2024-12-03,564.84,153000,0,1,0.223
POL-83722553,CUST-203047,Business,2019-01-13,1763.96,1143000,0,1,0.085
POL-25870212,CUST-917658,Business,2019-09-03,1118.05,1948000,0,1,0.221
POL-39532925,CUST-891081,Boat,2018-04-02,241.95,61000,1,1,0.171
POL-52897118,CUST-963784,Business,2019-09-07,931.5,4408000,0,1,0.021
POL-79469712,CUST-447484,Auto,2018-04-09,326.78,436000,3,1,0.193
POL-972066,CUST-851281,Life,2017-09-28,82.89,217000,0,1,0.121
POL-3577210,CUST-363666,Business,2024-08-20,1349.06,2454000,0,1,0.195
POL-99377345,CUST-564517,Home,2025-02-03,401.32,1709000,0,1,0.161
POL-16434806,CUST-132461,Business,2019-06-01,782.4,4709000,0,1,0.133
POL-36268695,CUST-94860,Boat,2020-01-29,535.01,105000,2,1,0.026
POL-77817765,CUST-60326,Health,2018-03-30,597.02,281000,0,1,0.012
POL-44740105,CUST-787854,Business,2023-01-19,1379.17,3067000,0,1,0.096
POL-42017788,CUST-951764,Business,2022-03-05,1685.57,1177000,0,0,0.137
POL-7575494,CUST-123631,Motorcycle,2017-10-09,92.16,84000,3,1,0.105
POL-32578247,CUST-520526,Business,2017-12-02,973.15,933000,0,1,0.021
POL-26586910,CUST-78909,Umbrella,2022-04-28,352.61,3673000,0,1,0.079
POL-61711396,CUST-323999,Auto,2023-09-05,125.94,417000,2,1,0.01
POL-37293092,CUST-167827,Auto,2021-10-25,273.26,418000,4,1,0.058
POL-1998162,CUST-402580,Umbrella,2016-08-10,495.88,3306000,0,1,0.043
POL-79899485,CUST-812514,Business,2018-08-05,1818.35,3686000,0,1,0.1
POL-86022455,CUST-97419,Health,2020-01-21,895.25,82000,0,1,0.184
POL-27266260,CUST-945487,Health,2025-02-16,999.5,320000,0,0,0.02
POL-45888749,CUST-652354,Renters,2023-02-12,32.89,99000,0,1,0.068
POL-78645798,CUST-138872,Health,2017-02-26,229.66,293000,0,1,0.196
POL-53086227,CUST-468019,Boat,2018-07-27,642.85,271000,2,1,0.222
POL-94353805,CUST-240207,Motorcycle,2016-10-14,128.62,55000,1,1,0.024
POL-64641617,CUST-390465,Health,2017-03-11,400.64,142000,0,1,0.055
POL-96978633,CUST-420250,Health,2019-06-11,905.79,153000,0,1,0.114
POL-56848213,CUST-896501,Umbrella,2017-09-03,385.33,3121000,0,1,0.101
POL-63545725,CUST-333973,Auto,2020-02-27,202.37,56000,2,1,0.217
POL-89627886,CUST-894484,Auto,2018-01-24,203.25,225000,4,1,0.234
POL-84497483,CUST-962393,Business,2024-02-23,1781.47,3096000,0,1,0.234
POL-33806025,CUST-401704,Life,2022-04-11,99.64,100000,0,1,0.154
POL-19041068,CUST-735281,Umbrella,2017-03-30,338.46,4554000,0,1,0.034
POL-83323819,CUST-446403,Renters,2015-12-04,32.38,24000,0,1,0.065
POL-60205894,CUST-847932,Life,2017-07-17,142.69,65000,0,1,0.209
POL-3550019,CUST-4728,Health,2019-05-20,768.8,323000,0,1,0.211
POL-79603392,CUST-166030,Umbrella,2025-03-17,433.23,4238000,0,1,0.002
POL-36048156,CUST-330726,Home,2024-07-24,486.52,1539000,0,1,0.225
POL-36303495,CUST-64051,Boat,2017-10-30,263.4,356000,1,1,0.138
POL-22309045,CUST-739403,Business,2018-09-29,931.05,4980000,0,1,0.036
POL-8428148,CUST-371020,Home,2017-04-18,496.47,1161000,0,1,0.202
POL-44542152,CUST-371852,RV,2019-05-30,888.71,78000,2,1,0.032
POL-42653730,CUST-98657,Motorcycle,2015-08-30,69.9,23000,1,1,0.091
POL-28170117,CUST-754760,Motorcycle,2020-02-07,119.34,23000,1,0,0.108
POL-13471099,CUST-610152,Boat,2017-11-13,610.2,192000,1,1,0.033
POL-40199913,CUST-249312,Business,2017-04-12,2065.35,2900000,0,1,0.13
POL-69447570,CUST-892707,Health,2016-05-01,368.06,106000,0,0,0.247
POL-65110960,CUST-961885,Motorcycle,2023-01-03,134.68,54000,1,1,0.122
POL-85592155,CUST-146441,Home,2023-05-03,244.36,1874000,0,1,0.201
POL-62563951,CUST-634875,Renters,2019-12-07,34.93,25000,0,1,0.034
POL-50245981,CUST-726059,Boat,2017-08-26,605.82,249000,1,1,0.086
POL-17621753,CUST-160773,Business,2019-10-08,994.08,4226000,0,1,0.092
POL-67339500,CUST-571742,Home,2017-01-30,702.96,1942000,0,1,0.109
POL-95052455,CUST-858404,Motorcycle,2019-07-07,105.13,54000,1,1,0.149
POL-84326656,CUST-836653,Boat,2019-10-27,301.7,75000,2,1,0.173
POL-94007703,CUST-977032,Motorcycle,2020-12-16,50.66,22000,2,1,0.059
POL-14691650,CUST-619394,Umbrella,2024-09-03,209.4,1846000,0,1,0.003
POL-98778042,CUST-972733,Boat,2018-07-24,386.7,336000,2,1,0.24
POL-40602354,CUST-809144,Boat,2015-08-15,395.46,183000,2,1,0.079
POL-64840922,CUST-516568,Renters,2024-09-22,33.86,25000,0,1,0.222
POL-57904488,CUST-516643,Boat,2016-03-13,330.6,317000,1,1,0.032
POL-77118971,CUST-207905,Umbrella,2021-12-29,562.2,3140000,0,1,0.122
POL-31471125,CUST-794352,Boat,2019-01-18,367.7,46000,2,1,0.192
POL-79042391,CUST-618206,Umbrella,2018-05-22,226.52,2302000,0,1,0.095
POL-57713405,CUST-371500,Auto,2024-12-27,227.27,372000,4,1,0.105
POL-48045710,CUST-914994,Business,2017-02-11,2339.51,1938000,0,1,0.197
POL-22270634,CUST-356823,Renters,2016-06-19,31.78,74000,0,1,0.077
POL-96155143,CUST-569273,Life,2023-06-11,84.41,300000,0,1,0.13
POL-58155333,CUST-288292,Health,2020-06-03,463.62,486000,0,1,0.106
POL-69761721,CUST-349745,Boat,2016-06-20,696.21,96000,2,1,0.096
POL-48221378,CUST-770955,Motorcycle,2024-01-22,121.73,16000,4,1,0.158
POL-71189728,CUST-201437,Health,2024-06-18,1091.97,172000,0,1,0.094
POL-23058100,CUST-812476,Boat,2024-09-14,472.49,188000,1,1,0.184
POL-93881373,CUST-458482,RV,2020-12-12,476.35,203000,2,0,0.187
POL-18116129,CUST-424181,Home,2023-08-16,463.84,1578000,0,1,0.003
POL-2414504,CUST-775585,Renters,2018-06-02,16.23,42000,0,1,0.189
POL-35718758,CUST-417226,Life,2024-02-19,108.54,767000,0,1,0.221
POL-16821412,CUST-690447,Health,2023-09-12,887.48,121000,0,1,0.229
POL-22586394,CUST-380017,Health,2025-06-08,279.73,56000,0,1,0.099
POL-29085849,CUST-904148,Motorcycle,2020-09-07,114.28,23000,3,1,0.198
POL-98933742,CUST-391362,Boat,2020-12-01,629.69,362000,2,1,0.128
POL-78598201,CUST-410821,Renters,2016-11-09,27.24,76000,0,1,0.181
POL-74551122,CUST-166748,Business,2018-05-13,1964.92,3082000,0,1,0.145
POL-24637932,CUST-911816,Home,2018-06-06,169.27,1932000,0,1,0.115
POL-1157338,CUST-791655,Business,2021-06-15,2185.23,3596000,0,1,0.217
POL-71576118,CUST-192257,Auto,2017-04-20,331.38,334000,2,1,0.16
POL-97889834,CUST-834471,Business,2021-06-29,2106.07,909000,0,1,0.215
POL-22548933,CUST-793701,Health,2022-05-25,1148.26,449000,0,1,0.129
POL-60025138,CUST-180463,Motorcycle,2020-08-05,77.1,66000,3,1,0.005
POL-55188874,CUST-197869,Life,2024-11-21,189.86,900000,0,1,0.16
POL-24196785,CUST-677504,Auto,2019-10-12,317.12,98000,3,1,0.068
POL-12165450,CUST-892423,Life,2015-09-16,31.88,514000,0,0,0.093
POL-21813769,CUST-257618,Home,2018-05-18,798.92,568000,0,1,0.044
POL-11702378,CUST-301437,Business,2020-02-23,1064.47,3234000,0,1,0.013
POL-76960133,CUST-183504,Business,2025-03-09,1335.16,693000,0,0,0.135
POL-1804521,CUST-634896,Business,2015-09-09,829.17,4109000,0,1,0.193
POL-52938021,CUST-178510,Health,2022-08-06,721.51,272000,0,1,0.1
POL-5336155,CUST-140906,Life,2023-01-14,146.58,645000,0,1,0.123
POL-53486022,CUST-258,Life,2022-06-20,44.87,718000,0,0,0.049
POL-45995226,CUST-868253,Renters,2019-12-15,37.09,63000,0,1,0.248
POL-77941905,CUST-378857,Health,2016-05-21,1187.14,113000,0,1,0.049
POL-26065795,CUST-194103,RV,2022-10-24,738.85,229000,2,1,0.209
POL-64050584,CUST-876561,Business,2016-08-17,2235.57,3142000,0,1,0.232
POL-86841005,CUST-41249,Life,2020-05-05,177.28,103000,0,1,0.191
POL-96257793,CUST-242849,Business,2015-10-24,2345.25,2716000,0,1,0.195
POL-6697766,CUST-773140,Life,2016-10-07,73.94,760000,0,1,0.054
POL-77164566,CUST-230273,Renters,2016-12-05,21.42,42000,0,1,0.181
POL-49759281,CUST-800079,Health,2019-09-03,277.62,207000,0,1,0.037
POL-72308903,CUST-649264,Home,2018-11-28,304.65,1413000,0,1,0.2
POL-18048094,CUST-168109,Business,2018-07-07,2297.21,3401000,0,1,0.019
POL-62234124,CUST-98195,Boat,2020-07-23,670.2,271000,2,1,0.24
POL-79441626,CUST-232986,Business,2016-12-20,855.31,394000,0,1,0.124
POL-776989,CUST-728579,Boat,2021-12-30,735.4,309000,1,1,0.085
POL-56354268,CUST-22300,Home,2016-04-15,732.04,1708000,0,1,0.005
POL-19269124,CUST-483816,Boat,2024-06-28,610.31,246000,1,1,0.036
POL-88459661,CUST-39082,Auto,2023-10-04,258.86,406000,3,1,0.204
POL-53683635,CUST-294635,Business,2020-12-10,2300.67,2776000,0,1,0.099
POL-14884380,CUST-968327,Life,2022-04-20,109.25,340000,0,1,0.013
POL-7367600,CUST-497026,Motorcycle,2022-08-09,67.97,80000,4,1,0.109
POL-17421340,CUST-409911,Health,2022-11-28,641.7,245000,0,1,0.112
POL-29311626,CUST-743137,Home,2020-04-12,573.27,1071000,0,1,0.016
POL-95727871,CUST-985024,Business,2024-06-08,1641.47,1736000,0,1,0.164
POL-1385579,CUST-15440,Business,2021-07-07,2075.46,4233000,0,1,0.186
POL-43696517,CUST-239357,Auto,2025-03-26,259.78,419000,4,1,0.0
POL-23281964,CUST-209594,Life,2023-05-16,138.17,655000,0,1,0.194
POL-56862582,CUST-94509,Renters,2020-02-10,25.71,34000,0,1,0.248
POL-57124503,CUST-691048,Renters,2023-01-22,48.21,10000,0,1,0.003
POL-29921345,CUST-706002,Business,2017-12-27,1590.2,4300000,0,1,0.01
POL-27593285,CUST-909478,Renters,2017-05-21,29.83,55000,0,1,0.077
POL-55078472,CUST-120236,Business,2018-11-12,675.36,4634000,0,1,0.161
POL-86290472,CUST-982365,Renters,2015-09-15,36.04,77000,0,1,0.068
POL-37998956,CUST-747164,Health,2019-11-25,898.78,54000,0,1,0.145
POL-58421330,CUST-314227,Life,2017-01-28,91.17,951000,0,0,0.125
POL-26850207,CUST-750168,Auto,2017-10-29,255.01,134000,4,1,0.243
POL-52222696,CUST-365917,Boat,2017-03-07,518.78,437000,2,1,0.176
POL-38615169,CUST-121953,Motorcycle,2020-03-10,136.42,38000,1,1,0.065
POL-61708841,CUST-187356,Motorcycle,2018-11-02,64.54,12000,1,1,0.038
POL-63064663,CUST-690479,Umbrella,2023-05-21,591.39,2555000,0,1,0.019
POL-70244042,CUST-379597,Life,2022-02-06,98.77,371000,0,1,0.173
POL-56401411,CUST-937736,Umbrella,2023-08-08,492.37,1013000,0,1,0.21
POL-56638517,CUST-900362,Umbrella,2016-01-12,347.95,4100000,0,1,0.111
POL-33689704,CUST-633764,Home,2019-01-15,300.53,1296000,0,1,0.239
POL-24167344,CUST-653971,Motorcycle,2020-06-19,51.28,96000,3,1,0.107
POL-37237796,CUST-922746,Health,2016-04-04,1180.05,130000,0,1,0.242
POL-9322956,CUST-496376,Auto,2022-10-14,209.95,62000,1,1,0.064
POL-45658304,CUST-104948,RV,2021-01-25,840.77,238000,2,1,0.157
POL-73884042,CUST-462820,Business,2024-03-12,978.58,3364000,0,1,0.151
POL-11615559,CUST-876497,Health,2015-10-30,955.85,371000,0,1,0.061
POL-83177753,CUST-645394,Health,2023-11-27,924.45,326000,0,1,0.107
POL-25338379,CUST-180811,RV,2025-02-05,447.18,239000,2,1,0.198
POL-93594480,CUST-191629,Life,2020-08-04,85.46,179000,0,0,0.053
POL-22642542,CUST-300973,Motorcycle,2016-03-11,146.01,23000,4,1,0.186
POL-29419543,CUST-466927,Health,2025-01-09,532.62,308000,0,1,0.159
POL-35783614,CUST-808971,Business,2020-09-22,971.25,4659000,0,0,0.058
POL-10438033,CUST-805917,Umbrella,2020-01-16,253.23,3432000,0,1,0.006
POL-22577873,CUST-229663,RV,2023-12-08,478.96,290000,2,1,0.049
POL-46352153,CUST-449210,Health,2020-01-24,1129.16,143000,0,1,0.209
POL-26356418,CUST-525318,Business,2021-03-13,1949.4,582000,0,1,0.116
POL-76853003,CUST-267940,Life,2022-02-08,96.46,712000,0,1,0.134
POL-76540693,CUST-797814,Auto,2023-02-15,201.37,256000,4,1,0.111
POL-22214080,CUST-376371,RV,2015-09-04,897.36,166000,1,1,0.121
POL-71949589,CUST-387682,RV,2020-06-26,997.11,210000,1,1,0.144
POL-50801453,CUST-882970,Renters,2019-04-30,46.76,76000,0,0,0.144
POL-56105911,CUST-586585,Business,2017-10-27,955.35,377000,0,1,0.173
POL-5564994,CUST-294517,Renters,2025-02-25,16.5,66000,0,1,0.064
POL-23213842,CUST-207471,Motorcycle,2023-06-13,44.08,41000,2,1,0.246
POL-58233507,CUST-769594,Boat,2024-04-07,498.86,229000,2,1,0.134
POL-8485147,CUST-684549,Business,2020-01-09,722.06,4601000,0,1,0.189
POL-431228,CUST-624552,Home,2015-09-13,248.03,1317000,0,1,0.1
POL-30485747,CUST-525189,Umbrella,2021-04-04,588.7,1765000,0,1,0.101
POL-83996332,CUST-928657,Health,2021-03-25,799.42,233000,0,1,0.037
POL-64653859,CUST-777957,Motorcycle,2020-10-25,109.26,79000,3,1,0.116
POL-23405032,CUST-95808,RV,2020-01-19,950.12,235000,2,1,0.127
POL-97457237,CUST-292056,Umbrella,2022-02-21,409.87,4662000,0,1,0.007
POL-43122422,CUST-818130,Business,2019-06-25,2123.59,4386000,0,1,0.225
POL-4362261,CUST-609800,Business,2015-10-07,822.09,2346000,0,1,0.219
POL-64015895,CUST-559552,Umbrella,2019-03-30,476.03,4900000,0,1,0.218
POL-35144944,CUST-704602,Business,2016-10-24,557.41,4321000,0,1,0.187
POL-6698934,CUST-319527,Umbrella,2022-10-06,488.33,3046000,0,1,0.056
POL-86911803,CUST-665941,Renters,2023-10-22,48.3,52000,0,1,0.095
POL-98923727,CUST-98422,Renters,2022-06-24,36.65,61000,0,1,0.015
POL-29813647,CUST-477742,Boat,2020-06-27,632.96,326000,2,1,0.037
POL-70135512,CUST-274647,Life,2024-02-02,147.09,372000,0,1,0.095
POL-28491560,CUST-479237,Home,2020-03-08,629.34,779000,0,0,0.059
POL-53174284,CUST-763092,Auto,2016-05-13,82.83,285000,1,1,0.194
POL-11053419,CUST-568571,Auto,2021-11-16,311.14,275000,4,1,0.246
POL-87486496,CUST-897726,Business,2023-03-04,1440.74,3765000,0,1,0.061
POL-55785959,CUST-268862,RV,2021-06-21,784.32,285000,2,1,0.09
POL-62727169,CUST-137755,RV,2022-07-16,564.14,206000,1,1,0.109
POL-31385480,CUST-423763,Home,2022-02-02,208.46,1958000,0,1,0.086
POL-9011856,CUST-385606,Auto,2024-11-28,94.76,236000,1,0,0.091
POL-93148019,CUST-91360,Umbrella,2020-07-18,571.18,1919000,0,1,0.223
POL-50031940,CUST-856137,Life,2024-04-30,176.37,959000,0,1,0.08
POL-81729035,CUST-599002,Motorcycle,2024-04-18,70.65,38000,2,1,0.076
POL-8027625,CUST-156397,RV,2016-01-24,989.93,131000,2,1,0.047
POL-63804147,CUST-969411,Business,2023-03-13,1649.19,816000,0,0,0.101
POL-77425465,CUST-884078,Business,2018-05-02,898.15,534000,0,1,0.02
POL-1488873,CUST-814817,Motorcycle,2017-05-13,100.06,87000,1,1,0.087
POL-41347842,CUST-350771,Motorcycle,2024-04-15,101.73,19000,1,1,0.206
POL-93617443,CUST-476496,Health,2016-03-10,611.2,109000,0,1,0.016
POL-51681710,CUST-21426,Life,2025-01-20,115.81,558000,0,1,0.176
POL-31700602,CUST-380990,RV,2020-06-05,753.69,67000,2,1,0.245
POL-57499502,CUST-34882,Motorcycle,2022-07-02,99.35,89000,2,1,0.036
POL-4899615,CUST-238963,Renters,2021-03-26,25.99,81000,0,1,0.25
POL-59620458,CUST-279979,RV,2019-09-17,708.1,249000,2,1,0.144
POL-79475703,CUST-533930,Health,2022-09-20,207.45,386000,0,1,0.072
POL-28356720,CUST-28363,Umbrella,2019-09-03,257.8,3107000,0,1,0.08
POL-64833468,CUST-675924,Auto,2022-03-27,231.1,124000,1,1,0.037
POL-89371814,CUST-221239,Motorcycle,2022-12-24,36.41,82000,3,1,0.132
POL-54297985,CUST-493882,Motorcycle,2015-11-15,69.11,90000,1,1,0.068
POL-73550461,CUST-978338,Auto,2017-07-16,240.44,152000,4,1,0.077
POL-24566728,CUST-770593,Home,2017-10-19,535.54,492000,0,0,0.16
POL-56455962,CUST-430243,Auto,2018-08-12,265.58,220000,3,1,0.077
POL-77126347,CUST-673576,Boat,2023-07-31,222.16,234000,2,1,0.007
POL-10909520,CUST-644149,Auto,2020-04-11,305.09,231000,1,1,0.25
POL-68706154,CUST-474084,Renters,2015-10-08,36.92,24000,0,1,0.215
POL-86844604,CUST-531697,Life,2024-02-20,172.01,868000,0,1,0.181
POL-44170628,CUST-228621,Umbrella,2022-10-28,221.05,2656000,0,1,0.215
POL-44223450,CUST-709102,Motorcycle,2024-01-15,130.36,57000,1,0,0.154
POL-51970557,CUST-493594,RV,2016-04-15,896.8,219000,2,1,0.107
POL-76858591,CUST-434854,Boat,2018-12-26,522.7,326000,1,1,0.119
POL-40893447,CUST-712756,Health,2018-12-20,783.64,366000,0,1,0.067
POL-93465948,CUST-540055,Boat,2018-05-16,291.18,322000,1,1,0.081
POL-64636286,CUST-419225,Life,2024-01-23,39.46,879000,0,1,0.142
POL-99574922,CUST-884824,Motorcycle,2015-11-26,126.96,12000,1,1,0.114
POL-85588023,CUST-338326,Renters,2020-11-06,32.4,50000,0,1,0.169
POL-90025960,CUST-667733,Health,2015-11-13,368.34,103000,0,1,0.158
POL-76638551,CUST-144756,Auto,2020-08-22,115.31,365000,4,1,0.033
POL-15830744,CUST-728203,Boat,2017-11-09,470.01,357000,1,1,0.237
POL-7876259,CUST-275106,Health,2023-03-29,207.44,332000,0,1,0.249
POL-56718726,CUST-802154,Umbrella,2025-01-14,591.29,2048000,0,1,0.23
POL-73157391,CUST-906303,Auto,2016-10-25,135.97,227000,2,1,0.184
POL-91643057,CUST-758422,Life,2022-04-28,115.12,327000,0,1,0.201
POL-3991574,CUST-426911,Motorcycle,2023-01-10,68.39,82000,4,1,0.133
POL-27639825,CUST-195893,Umbrella,2022-02-21,568.07,1171000,0,1,0.179
POL-9358752,CUST-421757,RV,2016-07-14,703.04,142000,1,1,0.082
POL-77561798,CUST-976153,Umbrella,2018-04-06,546.06,1223000,0,0,0.213
POL-63695246,CUST-200967,Renters,2015-09-30,22.73,81000,0,0,0.187
POL-78028056,CUST-185924,Umbrella,2025-05-13,381.62,1447000,0,1,0.012
POL-82639155,CUST-83982,Boat,2024-02-25,472.46,399000,2,1,0.181
POL-72008855,CUST-975688,Home,2025-02-18,659.37,1945000,0,1,0.13
POL-65838904,CUST-125827,Home,2018-03-18,343.29,1689000,0,1,0.246
POL-20658585,CUST-439017,Home,2025-01-19,768.62,669000,0,1,0.023
POL-27390284,CUST-810145,Business,2020-12-26,1815.63,2962000,0,1,0.114
POL-62230124,CUST-94830,Auto,2019-06-19,81.01,463000,4,0,0.104
POL-98990638,CUST-958838,Life,2023-04-12,184.37,460000,0,1,0.138
POL-71657967,CUST-443430,Renters,2015-08-06,44.98,51000,0,1,0.059
POL-81972935,CUST-275161,Motorcycle,2020-09-24,56.38,75000,4,1,0.151
POL-54388397,CUST-615841,Umbrella,2018-05-31,447.31,1191000,0,1,0.057
POL-21170843,CUST-31674,Renters,2020-06-17,47.3,27000,0,1,0.201
POL-96363402,CUST-729238,Home,2019-01-01,684.32,480000,0,1,0.107
POL-92202645,CUST-697165,Renters,2024-08-08,32.86,51000,0,1,0.027
POL-11690100,CUST-707339,Motorcycle,2019-06-25,41.6,60000,2,1,0.058
POL-43867043,CUST-317180,Health,2019-07-14,912.33,332000,0,0,0.165
POL-15160526,CUST-295988,Health,2015-10-27,400.76,395000,0,1,0.157
POL-75910969,CUST-640151,Home,2021-08-06,574.29,513000,0,1,0.028
POL-60349814,CUST-28085,Home,2022-08-12,762.37,1981000,0,1,0.121
POL-80371508,CUST-188358,Renters,2021-12-18,31.62,49000,0,1,0.245
POL-82802973,CUST-356493,Business,2016-07-28,2077.44,3838000,0,1,0.044
POL-58946977,CUST-199073,Business,2024-08-27,2277.77,1025000,0,1,0.095
POL-49373927,CUST-271018,Business,2015-07-12,1897.87,3517000,0,1,0.22
POL-21797774,CUST-284745,Umbrella,2024-07-08,408.9,2431000,0,1,0.131
POL-75351333,CUST-956786,Renters,2019-06-10,38.15,26000,0,1,0.176
POL-99656548,CUST-813457,Umbrella,2024-03-19,478.49,3856000,0,1,0.004
POL-88407734,CUST-824547,Boat,2020-03-22,384.47,169000,1,1,0.049
POL-7288491,CUST-731250,Boat,2019-09-01,290.89,354000,2,1,0.122
POL-93111915,CUST-711243,Motorcycle,2017-12-27,70.99,74000,1,1,0.127
POL-62533168,CUST-759881,Health,2016-10-10,940.77,188000,0,1,0.031
POL-14984878,CUST-434409,RV,2024-08-28,326.31,133000,2,1,0.019
POL-67377022,CUST-901809,Life,2023-07-07,75.64,437000,0,0,0.128
POL-51856982,CUST-664815,Motorcycle,2015-08-03,58.43,82000,3,1,0.241
POL-86019216,CUST-284247,Home,2021-11-27,569.59,201000,0,1,0.163
POL-90972887,CUST-119430,Motorcycle,2019-04-08,60.23,25000,3,1,0.053
POL-86597256,CUST-553337,Health,2021-05-04,692.25,233000,0,1,0.005
POL-6953155,CUST-107957,Umbrella,2025-05-11,352.47,1401000,0,1,0.235
POL-87307475,CUST-892248,Home,2021-12-13,365.72,727000,0,0,0.088
POL-77969595,CUST-965746,Boat,2019-10-16,336.74,274000,2,1,0.129
POL-87784963,CUST-535824,Auto,2017-11-27,275.43,71000,2,1,0.157
POL-44099593,CUST-1544,RV,2017-01-28,348.16,212000,1,1,0.143
POL-60232661,CUST-812343,Boat,2018-11-21,585.41,369000,2,0,0.025
POL-15359560,CUST-499073,Business,2016-04-13,1216.87,2447000,0,1,0.173
POL-80406762,CUST-163657,Umbrella,2016-06-02,330.76,4250000,0,1,0.122
POL-84665987,CUST-312836,Health,2022-07-04,583.66,69000,0,0,0.117
POL-59896880,CUST-922574,Business,2016-03-20,1288.09,753000,0,1,0.129
POL-27324996,CUST-32597,RV,2016-04-22,480.07,285000,1,1,0.135
POL-84436892,CUST-565624,RV,2024-03-22,397.94,173000,1,0,0.163
POL-69468597,CUST-671740,Auto,2016-01-11,302.26,342000,1,1,0.004
POL-60969959,CUST-167073,Renters,2016-08-10,40.32,60000,0,1,0.085
POL-20162541,CUST-554373,Health,2022-05-02,221.9,54000,0,1,0.001
POL-80616304,CUST-991815,Umbrella,2018-04-24,485.28,1522000,0,1,0.154
POL-73855692,CUST-182298,RV,2022-07-19,358.55,185000,2,1,0.013
POL-40150882,CUST-883370,Life,2020-07-12,111.27,914000,0,1,0.179
POL-43788396,CUST-788807,Life,2024-06-14,166.36,529000,0,1,0.052
POL-88652603,CUST-891980,Boat,2016-01-03,333.19,249000,2,1,0.208
POL-61423841,CUST-154460,Life,2015-10-27,185.44,455000,0,1,0.083
POL-68134603,CUST-691820,Auto,2024-04-11,150.3,148000,3,1,0.211
POL-45483577,CUST-997625,Life,2025-05-08,98.21,914000,0,1,0.092
POL-24676025,CUST-672751,Business,2025-02-07,912.06,2985000,0,1,0.24
POL-84737809,CUST-288998,Business,2023-06-09,1436.48,1692000,0,1,0.211
POL-10101490,CUST-439299,Home,2017-01-01,236.32,1481000,0,1,0.154
POL-292894,CUST-443529,Motorcycle,2024-09-04,65.52,65000,1,1,0.206
POL-96533731,CUST-628978,Auto,2017-05-28,244.72,351000,4,1,0.064
POL-14787933,CUST-179820,Auto,2022-01-15,269.18,72000,3,1,0.061
POL-54511793,CUST-410950,Motorcycle,2023-07-12,64.92,19000,1,1,0.109
POL-2087889,CUST-584548,Motorcycle,2017-09-29,67.26,16000,2,1,0.231
POL-71186905,CUST-139952,Life,2016-01-21,99.9,94000,0,1,0.135
POL-32226715,CUST-655255,Business,2015-10-12,1817.77,1503000,0,1,0.065
POL-61242137,CUST-59578,Umbrella,2017-07-14,540.37,3555000,0,0,0.047
POL-56543141,CUST-204072,Business,2018-06-22,1138.39,4908000,0,1,0.219
POL-37662975,CUST-282406,RV,2019-12-29,695.66,91000,2,1,0.121
POL-43763511,CUST-842078,Boat,2019-03-17,393.25,338000,2,1,0.115
POL-84585900,CUST-682581,Motorcycle,2021-12-25,73.95,23000,2,1,0.194
POL-86157718,CUST-265375,RV,2018-08-15,771.23,212000,2,0,0.05
POL-70051006,CUST-713521,Health,2021-03-05,628.16,264000,0,1,0.193
POL-787815,CUST-85168,Auto,2023-09-26,136.75,410000,1,1,0.032
POL-1469955,CUST-771526,Home,2018-07-14,271.77,1451000,0,1,0.175
POL-88841927,CUST-975643,RV,2020-07-07,645.11,256000,1,1,0.17
POL-40031322,CUST-170190,Renters,2017-12-02,21.25,49000,0,1,0.128
POL-28850050,CUST-427632,Umbrella,2021-11-08,315.41,4253000,0,1,0.189
POL-78593456,CUST-94397,Boat,2015-10-23,373.12,291000,1,1,0.221
POL-29907588,CUST-480802,Health,2018-02-24,761.93,117000,0,1,0.093
POL-33372435,CUST-9389,Renters,2021-09-09,22.53,92000,0,1,0.235
POL-73996877,CUST-953651,Health,2018-08-07,1131.97,228000,0,1,0.016
POL-76487490,CUST-473273,Home,2020-01-09,443.13,1527000,0,0,0.197
POL-94518266,CUST-61654,Motorcycle,2022-05-21,143.47,13000,4,0,0.181
POL-81878836,CUST-395022,Business,2019-09-29,2118.38,1372000,0,0,0.064
POL-103235,CUST-138264,Home,2023-02-17,773.74,1098000,0,1,0.104
POL-32518680,CUST-393669,Home,2020-06-27,112.03,197000,0,1,0.019
POL-17845268,CUST-885482,Health,2020-11-27,1019.25,135000,0,1,0.026
POL-5640988,CUST-369025,Life,2020-09-26,61.69,405000,0,0,0.027
POL-29837391,CUST-732326,Home,2021-07-13,702.12,976000,0,1,0.056
POL-34338557,CUST-525580,Health,2022-09-21,353.29,236000,0,0,0.025
POL-93940641,CUST-558669,Life,2016-11-02,188.71,479000,0,1,0.157
POL-49286995,CUST-816719,Motorcycle,2022-12-21,119.26,27000,1,1,0.08
POL-91223719,CUST-17058,Boat,2020-03-24,263.84,364000,1,1,0.031
POL-53701561,CUST-867244,Business,2019-08-18,1285.53,4660000,0,1,0.123
POL-68453832,CUST-573344,RV,2020-02-14,866.86,251000,1,1,0.16
POL-15952641,CUST-369390,Business,2017-12-28,700.84,1598000,0,1,0.075
POL-60635467,CUST-522623,Health,2025-03-10,1106.37,420000,0,1,0.048
POL-69494015,CUST-387384,Umbrella,2019-09-22,517.24,2739000,0,1,0.01
POL-95603313,CUST-419499,Health,2020-03-12,917.27,481000,0,1,0.176
POL-20437354,CUST-207183,Home,2022-06-27,124.57,1943000,0,1,0.111
POL-30980281,CUST-448672,Business,2017-08-28,1409.98,1576000,0,1,0.137
POL-51158360,CUST-422819,Umbrella,2016-02-23,317.31,2420000,0,1,0.242
POL-81110324,CUST-813131,RV,2023-05-19,810.71,165000,1,1,0.002
POL-54727631,CUST-297485,Life,2024-06-28,178.8,396000,0,1,0.005
POL-9890525,CUST-135630,Business,2025-06-13,965.45,4580000,0,1,0.152
POL-78044498,CUST-325490,Home,2021-11-01,519.8,882000,0,1,0.174
POL-65042161,CUST-955641,Motorcycle,2025-02-19,89.45,85000,4,1,0.152
POL-18104420,CUST-784853,Health,2018-06-16,867.88,107000,0,0,0.25
POL-34436550,CUST-195030,Home,2016-05-08,720.84,1416000,0,1,0.14
POL-51935763,CUST-193482,Boat,2024-05-31,363.72,87000,1,1,0.165
POL-55127108,CUST-591056,Business,2018-04-25,1891.87,174000,0,1,0.072
POL-1487083,CUST-402476,Umbrella,2017-09-07,334.74,3074000,0,1,0.082
POL-53439478,CUST-76201,Motorcycle,2022-08-02,138.72,69000,2,1,0.051
POL-76396187,CUST-611746,Boat,2023-03-19,220.56,290000,2,1,0.109
POL-23745896,CUST-198331,Motorcycle,2022-06-09,127.11,80000,3,1,0.208
POL-50594089,CUST-639917,Renters,2021-05-11,22.44,22000,0,1,0.228
POL-78918373,CUST-959251,Auto,2018-02-12,272.35,389000,4,1,0.212
POL-33279063,CUST-225796,Home,2024-10-26,313.29,1391000,0,1,0.115
POL-74201737,CUST-770497,Business,2020-12-12,2369.75,3151000,0,1,0.073
POL-53662562,CUST-582985,Health,2023-08-13,278.17,228000,0,1,0.124
POL-62275859,CUST-744610,Auto,2024-04-01,331.71,382000,1,0,0.193
POL-60524116,CUST-640590,Boat,2023-12-03,398.32,242000,1,1,0.157
POL-49951669,CUST-960877,Business,2018-09-05,2026.65,4697000,0,1,0.113
POL-1658569,CUST-315734,Health,2022-11-15,1188.66,323000,0,1,0.064
POL-33159705,CUST-267184,Life,2017-07-23,57.96,324000,0,1,0.192
POL-23174916,CUST-51228,Life,2024-06-05,154.81,227000,0,1,0.217
POL-33751555,CUST-938698,RV,2024-05-24,603.27,161000,1,1,0.19
POL-12837341,CUST-343272,Business,2019-09-11,2290.76,1002000,0,1,0.171
POL-80949736,CUST-553522,Auto,2018-11-24,256.39,483000,1,1,0.2
POL-80462263,CUST-88749,Renters,2018-09-20,41.08,48000,0,1,0.197
POL-16918779,CUST-422000,RV,2018-02-15,544.06,224000,1,1,0.169
POL-3936735,CUST-4633,Boat,2015-08-30,577.55,400000,1,0,0.172
POL-38868496,CUST-311941,Health,2016-08-16,983.6,184000,0,1,0.046
POL-87559812,CUST-690198,Motorcycle,2016-05-03,66.38,28000,3,1,0.172
POL-53538936,CUST-153924,Business,2023-06-06,1979.6,1596000,0,1,0.053
POL-40930993,CUST-777195,Motorcycle,2016-08-21,31.57,48000,2,1,0.134
POL-4530614,CUST-913011,Home,2019-05-09,417.48,1584000,0,1,0.035
POL-98125129,CUST-981240,Health,2020-04-30,1129.1,417000,0,1,0.183
POL-9491470,CUST-228303,Motorcycle,2025-02-01,93.35,54000,2,1,0.203
POL-15865713,CUST-17493,Motorcycle,2020-08-09,90.37,33000,1,1,0.137
POL-69335025,CUST-850948,RV,2018-12-19,371.47,90000,2,1,0.192
POL-66532552,CUST-337009,Motorcycle,2025-04-10,44.75,44000,2,1,0.134
POL-85304463,CUST-884596,Business,2018-01-31,2108.41,113000,0,1,0.152
POL-63092709,CUST-138826,Boat,2024-09-27,552.15,33000,2,1,0.089
POL-79381293,CUST-642669,Home,2016-01-22,681.71,1539000,0,1,0.019
POL-58355014,CUST-675731,Boat,2024-09-06,404.95,137000,1,1,0.014
POL-90108658,CUST-402385,Umbrella,2021-01-22,558.12,2003000,0,1,0.118
POL-21443818,CUST-778339,RV,2020-07-19,572.49,131000,1,1,0.12
POL-39842729,CUST-952726,Umbrella,2017-10-18,420.14,1755000,0,1,0.05
POL-44225616,CUST-651254,Home,2015-09-08,444.64,174000,0,1,0.081
POL-7464009,CUST-543781,Health,2018-01-25,427.16,54000,0,1,0.217
POL-31344167,CUST-353195,Umbrella,2018-08-07,580.43,3413000,0,0,0.104
POL-4158097,CUST-597927,Boat,2019-06-11,658.1,497000,1,1,0.227
POL-57260792,CUST-448902,Home,2023-09-26,746.08,848000,0,1,0.104
POL-83535134,CUST-989097,Health,2017-03-26,810.19,333000,0,1,0.173
POL-74987352,CUST-949741,Life,2019-12-07,49.68,738000,0,1,0.022
POL-16790953,CUST-959838,Renters,2022-04-23,45.92,12000,0,1,0.208
POL-73175374,CUST-965966,Auto,2025-02-28,349.14,362000,3,1,0.029
POL-87112002,CUST-898951,Home,2016-01-26,349.05,899000,0,1,0.049
POL-53995555,CUST-559885,Motorcycle,2021-10-15,81.85,22000,2,1,0.105
POL-578994,CUST-89312,Health,2017-09-25,528.7,442000,0,0,0.081
POL-88433612,CUST-382201,Life,2023-07-22,115.13,720000,0,1,0.035
POL-84281692,CUST-980673,Umbrella,2019-09-05,474.78,4484000,0,1,0.165
POL-60206033,CUST-645594,Life,2015-07-17,169.18,675000,0,1,0.153
POL-54900439,CUST-105386,Health,2022-06-11,912.03,363000,0,1,0.089
POL-57795956,CUST-599650,Boat,2024-06-11,473.65,313000,1,0,0.055
POL-64463687,CUST-160364,Life,2021-02-28,45.87,687000,0,1,0.245
POL-902958,CUST-324660,Motorcycle,2020-06-07,65.3,67000,3,1,0.049
POL-41252304,CUST-514591,Home,2019-09-17,326.43,186000,0,1,0.065
POL-16175380,CUST-745350,Boat,2019-11-16,501.82,29000,2,1,0.004
POL-42679582,CUST-236494,Motorcycle,2018-04-10,53.62,75000,1,0,0.163
POL-88133864,CUST-203603,Business,2016-09-22,730.05,957000,0,1,0.169
POL-88647608,CUST-648725,Life,2023-09-12,91.57,685000,0,1,0.05
POL-54318477,CUST-101641,Motorcycle,2020-11-11,142.12,32000,4,0,0.183
POL-6956478,CUST-520304,Life,2015-09-17,184.46,476000,0,0,0.065
POL-66554287,CUST-205992,Umbrella,2023-10-31,576.46,1850000,0,1,0.105
POL-9834748,CUST-520438,Boat,2018-05-18,566.72,252000,2,1,0.097
POL-8336246,CUST-236722,Life,2021-06-10,92.62,589000,0,1,0.049
POL-11564332,CUST-794369,Home,2022-08-15,583.64,532000,0,1,0.122
POL-89018687,CUST-188050,RV,2025-04-14,815.65,297000,1,1,0.207
POL-19678030,CUST-728770,Auto,2016-04-04,126.17,244000,4,1,0.142
POL-83485270,CUST-780361,Home,2021-03-02,307.63,1364000,0,1,0.024
POL-80211229,CUST-757316,RV,2025-06-04,546.28,131000,2,1,0.238
POL-79293994,CUST-207907,Motorcycle,2016-09-13,118.68,37000,3,1,0.082
POL-64998860,CUST-202769,Life,2024-04-07,94.71,909000,0,1,0.22
POL-61689400,CUST-42273,Life,2019-01-24,194.87,531000,0,1,0.178
POL-40033119,CUST-767308,Home,2018-09-21,314.79,277000,0,1,0.141
POL-39449705,CUST-893160,Motorcycle,2018-08-15,75.9,98000,3,1,0.155
POL-36918152,CUST-887754,Health,2020-10-10,358.02,227000,0,0,0.113
POL-38468298,CUST-576664,Business,2023-02-15,591.95,4690000,0,1,0.199
POL-36364093,CUST-517348,Auto,2015-06-30,194.36,33000,2,1,0.176
POL-3445730,CUST-465495,Health,2022-10-30,485.6,442000,0,0,0.184
POL-55832266,CUST-908068,Home,2024-08-02,154.85,203000,0,1,0.053
POL-30265112,CUST-330525,Life,2017-09-06,183.19,966000,0,1,0.204
POL-689646,CUST-725434,Umbrella,2016-08-11,455.37,4491000,0,1,0.218
POL-55504245,CUST-336962,Home,2023-07-01,585.96,392000,0,1,0.039
POL-81644753,CUST-74755,Auto,2016-10-15,205.47,102000,2,1,0.051
POL-84540383,CUST-35773,Umbrella,2023-07-06,494.39,1630000,0,1,0.144
POL-47953300,CUST-94191,Business,2024-12-22,1851.49,667000,0,1,0.03
POL-93291591,CUST-250496,Health,2023-09-19,826.48,375000,0,1,0.191
POL-72237712,CUST-621899,Boat,2018-04-29,751.61,153000,2,1,0.11
POL-10530320,CUST-281002,Boat,2021-05-25,434.01,254000,1,1,0.002
POL-51476077,CUST-201940,RV,2021-06-23,799.99,98000,1,1,0.096
POL-4971344,CUST-634407,Motorcycle,2019-11-05,69.48,50000,3,1,0.199
POL-74939715,CUST-833393,Motorcycle,2016-09-27,70.66,45000,2,1,0.101
POL-68301185,CUST-1526,Auto,2021-07-07,183.17,59000,3,1,0.243
POL-46481844,CUST-571063,RV,2021-05-08,745.17,262000,1,1,0.176
POL-97833953,CUST-772387,Life,2016-11-02,33.81,934000,0,1,0.02
POL-43078648,CUST-938682,Health,2017-02-12,210.1,52000,0,1,0.059
POL-34973386,CUST-284424,Health,2023-03-07,785.01,202000,0,1,0.145
POL-89801979,CUST-383511,RV,2022-03-03,381.33,70000,2,1,0.062
POL-80836296,CUST-698776,Health,2019-09-23,221.14,227000,0,0,0.25
POL-53468541,CUST-49168,Renters,2017-06-25,35.0,55000,0,1,0.071
POL-63457455,CUST-2823,Health,2023-11-11,1046.91,140000,0,1,0.206
POL-38259629,CUST-11857,Business,2016-05-09,832.18,4785000,0,1,0.241
POL-32994737,CUST-935603,Life,2025-06-29,148.58,345000,0,0,0.162
POL-96210554,CUST-326612,Home,2015-09-16,657.33,958000,0,1,0.094
POL-41843482,CUST-122924,Health,2020-12-01,1178.95,264000,0,1,0.068
POL-37083207,CUST-19267,Auto,2024-09-02,220.3,301000,3,0,0.029
POL-81095288,CUST-967960,Motorcycle,2019-09-22,57.92,42000,1,1,0.003
POL-20080491,CUST-186867,Umbrella,2024-10-12,393.11,3788000,0,1,0.009
POL-72427597,CUST-25305,Boat,2016-11-17,446.55,108000,1,1,0.182
POL-78996038,CUST-401205,Business,2019-01-18,1035.5,2837000,0,1,0.233
POL-21517603,CUST-804446,RV,2022-03-11,447.23,142000,1,1,0.059
POL-32017290,CUST-538697,Boat,2016-03-03,510.21,444000,1,1,0.197
POL-73012855,CUST-581627,Renters,2021-10-25,40.01,64000,0,1,0.069
POL-91871055,CUST-994594,Boat,2022-04-15,263.83,125000,1,1,0.155
POL-84334639,CUST-727054,Home,2020-03-26,643.24,1961000,0,1,0.151
POL-88593293,CUST-466423,Home,2015-11-07,757.93,1193000,0,1,0.231
POL-72542655,CUST-13052,Umbrella,2024-07-31,474.06,4519000,0,1,0.092
POL-52578740,CUST-337322,Home,2018-01-26,740.99,1834000,0,0,0.023
POL-81615182,CUST-731711,Motorcycle,2018-03-04,35.48,35000,3,1,0.084
POL-12152478,CUST-945076,Business,2021-03-29,2443.33,4373000,0,1,0.148
POL-37914435,CUST-725666,Home,2021-12-29,649.21,201000,0,1,0.212
POL-95199826,CUST-629473,Health,2022-12-07,536.6,169000,0,1,0.1
POL-27343329,CUST-757464,Motorcycle,2019-01-04,77.43,29000,4,1,0.14
POL-45975718,CUST-755848,Life,2019-07-09,106.05,990000,0,1,0.139
POL-17737027,CUST-209806,Boat,2022-08-06,507.55,385000,2,0,0.136
POL-25484385,CUST-634285,Business,2016-06-08,897.52,4561000,0,1,0.125
POL-40262775,CUST-276454,Boat,2023-06-18,648.3,207000,1,1,0.205
POL-67529978,CUST-951984,Renters,2015-11-05,31.6,10000,0,0,0.139
POL-7170147,CUST-799106,Life,2024-02-14,199.63,223000,0,0,0.054
POL-65415306,CUST-44639,Home,2022-11-04,588.07,1859000,0,1,0.078
POL-96614517,CUST-634513,Home,2024-02-04,681.71,731000,0,1,0.005
POL-64822857,CUST-44627,Renters,2024-12-28,25.82,84000,0,1,0.157
POL-5506452,CUST-712506,Renters,2018-05-10,20.13,53000,0,1,0.055
POL-80461541,CUST-733260,Business,2017-06-29,2364.1,232000,0,1,0.232
POL-72591844,CUST-879855,Business,2017-01-25,1403.18,4512000,0,1,0.152
POL-29844366,CUST-82691,Health,2020-04-17,476.76,54000,0,1,0.026
POL-26802227,CUST-713817,Umbrella,2017-01-20,235.72,1363000,0,1,0.011
POL-52317751,CUST-396961,Auto,2017-12-18,199.69,229000,4,1,0.001
POL-12918256,CUST-351572,Home,2017-03-13,371.42,1617000,0,1,0.183
POL-37000747,CUST-580433,Motorcycle,2024-08-18,67.3,81000,2,1,0.243
POL-75279665,CUST-49330,Business,2021-04-02,1544.41,1161000,0,1,0.192
POL-21878747,CUST-839219,Home,2021-04-29,458.32,1221000,0,1,0.098
POL-32342288,CUST-195528,Life,2022-04-15,64.61,344000,0,1,0.064
POL-14957006,CUST-622853,Umbrella,2017-07-10,347.95,1596000,0,1,0.077
POL-4341749,CUST-309611,Boat,2022-05-09,302.68,440000,1,1,0.102
POL-91770589,CUST-704890,Health,2023-03-26,850.13,262000,0,1,0.177
POL-19695117,CUST-18968,Business,2018-03-13,648.76,164000,0,0,0.242
POL-30318481,CUST-629795,Business,2020-10-29,1854.06,2571000,0,0,0.119
POL-91015800,CUST-7350,Life,2023-06-30,176.24,122000,0,1,0.007
POL-64076489,CUST-998216,Boat,2023-08-05,233.54,445000,2,1,0.206
POL-48769147,CUST-745713,Motorcycle,2020-02-18,59.13,67000,2,1,0.136
POL-39764133,CUST-503576,Umbrella,2020-03-25,514.67,3416000,0,1,0.086
POL-71380018,CUST-711874,Renters,2016-06-16,40.43,96000,0,1,0.201
POL-85976176,CUST-938894,Boat,2017-10-31,223.64,478000,2,1,0.022
POL-10727789,CUST-465350,Life,2018-11-03,170.55,383000,0,1,0.087
POL-38825894,CUST-409365,Renters,2016-07-28,18.53,66000,0,1,0.097
POL-82891069,CUST-600094,Boat,2016-09-28,257.08,265000,1,0,0.206
POL-97870851,CUST-255727,Life,2021-04-05,31.82,568000,0,1,0.131
POL-36547395,CUST-441685,Auto,2025-04-20,267.0,353000,2,1,0.142
POL-52007481,CUST-428001,Boat,2023-10-05,578.69,449000,1,1,0.221
POL-54686366,CUST-188536,Life,2017-09-28,88.27,964000,0,1,0.086
POL-43851194,CUST-737277,Motorcycle,2019-09-19,39.38,14000,2,1,0.218
POL-50456057,CUST-967677,Business,2025-04-18,2096.2,4406000,0,1,0.134
POL-48761580,CUST-243363,RV,2015-07-17,592.45,182000,2,1,0.167
POL-18504315,CUST-785425,RV,2015-09-22,818.3,100000,1,1,0.051
POL-9888147,CUST-775802,Life,2022-01-12,53.18,682000,0,1,0.21
POL-40427301,CUST-17242,RV,2024-08-03,561.55,84000,1,1,0.001
POL-50193443,CUST-509777,Health,2017-09-13,419.0,356000,0,1,0.207
POL-60186498,CUST-6226,Auto,2024-12-10,232.58,172000,1,1,0.122
POL-52111591,CUST-542047,Motorcycle,2019-03-03,71.36,51000,1,1,0.076
POL-6498646,CUST-346705,Umbrella,2022-04-27,373.06,4086000,0,1,0.209
POL-52797325,CUST-247992,Boat,2016-05-17,528.96,45000,1,1,0.153
POL-53180637,CUST-415036,Life,2016-03-14,144.38,533000,0,1,0.141
POL-58246831,CUST-869515,Renters,2019-07-22,28.68,62000,0,1,0.017
POL-49790022,CUST-46154,Business,2015-08-20,2025.4,1035000,0,1,0.048
POL-98104305,CUST-556690,RV,2017-09-10,593.98,120000,1,1,0.102
POL-86836098,CUST-664049,Motorcycle,2016-12-26,39.54,35000,4,0,0.168
POL-35699484,CUST-878098,Boat,2022-10-16,731.28,264000,2,1,0.149
POL-83730965,CUST-571493,Business,2015-08-18,1913.21,1609000,0,1,0.156
POL-16197802,CUST-11480,Umbrella,2025-06-29,541.84,3967000,0,1,0.154
POL-78737711,CUST-45929,RV,2019-03-05,680.94,73000,2,1,0.035
POL-22133685,CUST-61553,Umbrella,2017-07-03,532.97,4334000,0,1,0.206
POL-85777817,CUST-30212,Auto,2019-07-13,177.64,441000,4,1,0.084
POL-48967520,CUST-141825,Umbrella,2017-12-05,371.98,2114000,0,1,0.206
POL-81645992,CUST-275033,Home,2015-11-21,480.43,1775000,0,1,0.219
POL-21217083,CUST-722007,RV,2021-04-05,673.0,265000,2,1,0.24
POL-61749286,CUST-793747,Umbrella,2018-11-23,545.58,1425000,0,1,0.143
POL-76292537,CUST-490199,Business,2021-10-21,901.8,3970000,0,1,0.23
POL-31039891,CUST-899120,Home,2021-09-24,309.16,453000,0,1,0.06
POL-77105145,CUST-680806,Business,2017-05-26,2131.11,4613000,0,1,0.053
POL-52670144,CUST-43683,Life,2018-09-01,120.52,851000,0,0,0.234
POL-83655357,CUST-751417,Renters,2016-05-02,15.58,61000,0,1,0.119
POL-57765028,CUST-45086,Motorcycle,2024-07-26,112.48,36000,3,1,0.232
POL-62205693,CUST-365761,Life,2017-10-03,62.74,745000,0,1,0.229
POL-39631241,CUST-693723,Health,2023-11-18,247.42,396000,0,1,0.06
POL-34599931,CUST-850730,Umbrella,2020-12-18,510.63,2300000,0,1,0.125
POL-84579246,CUST-619221,Health,2020-02-22,1164.2,144000,0,1,0.244
POL-5884742,CUST-334519,Auto,2017-10-28,313.62,336000,3,1,0.15
POL-74737376,CUST-634362,RV,2020-05-10,593.01,178000,2,1,0.166
POL-93078087,CUST-299172,Auto,2020-04-13,291.09,273000,1,1,0.019
POL-30216310,CUST-538752,Business,2021-02-04,1721.67,4302000,0,1,0.206
POL-16690742,CUST-584516,Renters,2017-01-12,28.89,65000,0,1,0.005
POL-84640612,CUST-588313,Business,2015-10-09,1244.45,877000,0,1,0.054
POL-96417487,CUST-574644,Umbrella,2017-07-19,361.59,1684000,0,1,0.173
POL-46689082,CUST-659816,Life,2022-02-11,37.07,811000,0,1,0.008
POL-71053861,CUST-221628,RV,2021-06-15,318.09,169000,2,1,0.006
POL-37982292,CUST-799108,Auto,2020-04-24,286.59,181000,3,1,0.107
POL-53437031,CUST-425873,Motorcycle,2021-02-09,111.59,15000,3,1,0.224
POL-22531664,CUST-626123,Boat,2018-02-28,423.78,106000,1,1,0.028
POL-20053210,CUST-129339,Umbrella,2021-10-21,416.27,1750000,0,1,0.14
POL-82749391,CUST-519088,Business,2023-11-20,1901.06,2788000,0,1,0.007
POL-42264803,CUST-733385,Health,2016-05-20,842.07,422000,0,1,0.185
POL-50987459,CUST-12658,Boat,2022-06-04,310.84,377000,1,1,0.183
POL-54813017,CUST-107530,RV,2019-06-27,986.26,101000,1,1,0.116
POL-18728710,CUST-324635,Boat,2022-08-21,749.94,245000,2,1,0.231
POL-56781775,CUST-31964,Motorcycle,2024-09-16,76.56,81000,3,1,0.047
POL-1407273,CUST-310727,Home,2023-02-09,777.33,716000,0,1,0.039
POL-85945916,CUST-161756,RV,2023-02-17,723.03,194000,1,1,0.11
POL-54506494,CUST-16814,Boat,2022-08-31,720.93,175000,2,1,0.132
POL-26406040,CUST-370482,Boat,2017-09-21,529.49,232000,2,1,0.194
POL-49119994,CUST-528448,Business,2016-07-24,858.97,1254000,0,1,0.061
POL-3647117,CUST-74455,Motorcycle,2021-09-15,94.58,27000,3,1,0.086
POL-26715740,CUST-713970,Life,2021-11-11,141.73,564000,0,0,0.052
POL-9106880,CUST-462651,Home,2015-07-27,160.54,1079000,0,1,0.098
POL-91186281,CUST-761093,Renters,2019-05-31,49.79,19000,0,1,0.14
POL-56795633,CUST-521195,Boat,2017-01-10,599.08,256000,2,1,0.102
POL-42417283,CUST-443806,Health,2017-02-02,784.19,395000,0,1,0.239
POL-46554895,CUST-552137,Auto,2016-05-30,132.18,300000,4,1,0.249
POL-76783494,CUST-64842,Life,2022-12-24,112.03,966000,0,1,0.105
POL-17307181,CUST-187949,Auto,2021-11-05,316.22,375000,4,1,0.179
POL-40563566,CUST-78699,Renters,2019-11-04,40.56,33000,0,0,0.083
POL-32922931,CUST-619425,Auto,2019-01-19,259.46,466000,3,1,0.242
POL-41284130,CUST-463824,Motorcycle,2021-01-17,51.05,19000,4,1,0.193
POL-35614444,CUST-59364,Umbrella,2025-02-21,237.06,4025000,0,1,0.079
POL-35462260,CUST-767476,Home,2021-11-17,342.3,280000,0,1,0.073
POL-28694966,CUST-101789,Home,2021-09-16,573.66,590000,0,1,0.031
POL-93200334,CUST-984580,Business,2020-12-07,1503.6,4162000,0,1,0.133
POL-78319351,CUST-57057,Motorcycle,2023-06-13,109.31,66000,3,1,0.23
POL-96996726,CUST-482591,Renters,2020-12-04,30.28,64000,0,1,0.196
POL-76862400,CUST-978925,Home,2017-08-02,445.9,1777000,0,1,0.087
POL-86300090,CUST-977698,Health,2016-11-07,814.08,293000,0,1,0.249
POL-85526893,CUST-603538,Umbrella,2024-06-02,347.84,4637000,0,1,0.097
POL-53399815,CUST-455844,Home,2024-07-14,616.58,651000,0,0,0.239
POL-96436088,CUST-424270,Umbrella,2020-08-08,333.94,3887000,0,1,0.184
POL-28831052,CUST-450557,Umbrella,2025-05-16,487.3,3354000,0,1,0.198
POL-52122549,CUST-928172,Health,2021-02-09,1119.58,110000,0,1,0.06
POL-74320245,CUST-246469,Auto,2017-08-02,333.99,119000,2,1,0.116
POL-43254231,CUST-748141,Home,2018-10-22,157.78,1468000,0,1,0.013
POL-35412428,CUST-657668,Life,2023-11-30,39.4,342000,0,1,0.013
POL-61740969,CUST-415223,RV,2025-01-05,477.81,230000,2,1,0.083
POL-928192,CUST-392435,Boat,2024-10-18,610.66,154000,2,1,0.054
POL-6600294,CUST-809497,RV,2023-06-20,426.33,282000,1,1,0.249
POL-32599792,CUST-782334,Home,2018-08-27,484.86,1827000,0,1,0.104
POL-63625618,CUST-840212,Business,2023-08-18,2123.54,2303000,0,1,0.062
POL-72754180,CUST-278249,Business,2017-01-01,1525.93,183000,0,1,0.098
POL-802510,CUST-844848,RV,2019-08-26,869.09,180000,1,1,0.245
POL-75653426,CUST-194624,Boat,2017-03-14,735.53,293000,2,1,0.107
POL-3427039,CUST-632784,Boat,2018-04-13,264.22,365000,1,1,0.156
POL-58047375,CUST-512616,Renters,2021-08-13,47.02,61000,0,1,0.131
POL-29127109,CUST-198866,Umbrella,2019-08-11,425.59,3577000,0,1,0.15
POL-92637509,CUST-740785,Motorcycle,2017-12-08,77.91,14000,3,1,0.05
POL-28548302,CUST-824321,Auto,2023-08-23,300.42,102000,4,1,0.18
POL-28230458,CUST-592993,Umbrella,2017-10-05,400.81,3231000,0,0,0.148
POL-38801784,CUST-271661,Boat,2022-05-19,306.47,165000,2,1,0.097
POL-24970308,CUST-910769,Health,2016-03-04,282.11,432000,0,1,0.07
POL-17900806,CUST-337809,Life,2025-01-11,145.28,95000,0,1,0.043
POL-21993670,CUST-855089,Renters,2019-07-30,35.51,100000,0,1,0.011
POL-61765566,CUST-394329,RV,2022-03-18,364.43,71000,1,1,0.045
POL-34666735,CUST-173369,Home,2018-09-02,338.86,302000,0,0,0.161
POL-63538371,CUST-963060,RV,2022-12-19,547.77,105000,2,1,0.008
POL-83476643,CUST-978375,Renters,2019-07-10,44.41,61000,0,1,0.041
POL-30042541,CUST-755949,Health,2018-03-16,688.55,51000,0,1,0.215
POL-45385422,CUST-683362,Boat,2024-08-04,498.9,220000,1,1,0.188
POL-6272544,CUST-143299,Health,2017-11-20,375.91,430000,0,1,0.119
POL-92074773,CUST-191219,Renters,2019-07-19,41.6,71000,0,1,0.072
POL-77206285,CUST-98483,Life,2015-11-11,99.58,319000,0,1,0.077
POL-92441096,CUST-139,Renters,2019-10-08,49.88,39000,0,1,0.015
POL-56811657,CUST-646811,Health,2016-08-08,340.33,172000,0,1,0.166
POL-30595359,CUST-798118,Umbrella,2018-09-15,524.4,2018000,0,1,0.109
POL-69292008,CUST-292448,Boat,2018-06-22,341.67,417000,2,1,0.135
POL-18562326,CUST-222736,Home,2020-06-25,534.68,1957000,0,1,0.191
POL-66389996,CUST-691895,Business,2020-07-18,2419.53,3620000,0,1,0.035
POL-81154743,CUST-619697,Health,2016-09-10,293.17,121000,0,1,0.22
POL-20045524,CUST-932664,Life,2024-06-05,87.25,433000,0,0,0.125
POL-90283950,CUST-506746,RV,2015-08-25,436.81,212000,1,1,0.005
POL-43094912,CUST-903891,RV,2021-02-17,383.64,79000,1,0,0.192
POL-44057731,CUST-883678,Boat,2016-12-03,212.44,241000,2,0,0.114
POL-92616078,CUST-358714,Business,2020-01-24,1906.93,1664000,0,1,0.075
POL-52211236,CUST-60375,Umbrella,2017-08-26,320.18,4463000,0,0,0.081
POL-43433857,CUST-457616,Business,2023-01-09,2427.53,682000,0,1,0.21
POL-92573481,CUST-638951,Umbrella,2025-02-28,523.31,3908000,0,0,0.2
POL-27077018,CUST-577885,Boat,2016-09-03,326.53,378000,1,1,0.039
POL-16685559,CUST-30885,Renters,2019-04-04,26.11,66000,0,1,0.143
POL-96183242,CUST-872769,Renters,2015-07-23,48.82,79000,0,1,0.128
POL-38164274,CUST-257797,Home,2022-03-09,665.22,1778000,0,1,0.048
POL-90386866,CUST-162241,Umbrella,2019-02-15,421.92,2447000,0,1,0.119
POL-58048625,CUST-655797,Motorcycle,2018-08-18,52.85,35000,4,1,0.21
POL-17217582,CUST-516699,Boat,2018-01-20,580.31,343000,1,1,0.046
POL-62738656,CUST-489540,Auto,2023-02-20,126.71,313000,4,1,0.232
POL-27347134,CUST-984857,RV,2019-03-17,968.07,193000,1,1,0.109
POL-55588616,CUST-929775,Motorcycle,2016-10-10,142.05,94000,3,1,0.123
POL-93931394,CUST-35410,Motorcycle,2024-02-08,107.84,51000,1,1,0.171
POL-53929902,CUST-973686,Home,2022-04-09,494.24,949000,0,1,0.204
POL-97994142,CUST-501368,Health,2020-07-29,945.12,423000,0,1,0.104
POL-59451721,CUST-3616,Health,2015-12-22,781.15,463000,0,1,0.018
POL-74962170,CUST-379066,Home,2019-01-08,703.43,1951000,0,0,0.127
POL-31949215,CUST-396835,Auto,2016-05-20,265.35,27000,1,1,0.035
POL-44970734,CUST-644205,Life,2016-01-30,197.93,426000,0,1,0.187
POL-22745303,CUST-654211,Auto,2020-10-27,226.28,148000,3,1,0.192
POL-40833796,CUST-141843,RV,2024-01-22,699.87,58000,2,1,0.018
POL-11383588,CUST-763285,Boat,2020-05-21,269.92,470000,1,1,0.072
POL-85941380,CUST-495889,RV,2016-02-18,426.95,262000,2,1,0.224
POL-97700383,CUST-56251,Business,2020-07-21,1942.0,1122000,0,0,0.048
POL-66579910,CUST-283376,Auto,2017-09-28,293.45,245000,3,1,0.101
POL-90650318,CUST-679481,RV,2015-10-22,740.71,182000,2,1,0.107
POL-63517577,CUST-819463,Auto,2022-11-18,129.36,128000,1,1,0.06
POL-67959744,CUST-175116,Umbrella,2021-09-25,221.28,3889000,0,1,0.218
POL-60860103,CUST-440661,Auto,2022-10-10,186.36,129000,2,1,0.196
POL-49828367,CUST-596822,Auto,2017-11-01,331.96,389000,3,1,0.227
POL-57673347,CUST-870744,Home,2015-07-15,562.73,996000,0,1,0.064
POL-1851318,CUST-883708,Umbrella,2018-03-19,372.51,2257000,0,1,0.104
POL-32898142,CUST-740911,Boat,2016-03-04,437.93,358000,2,1,0.214
POL-25623542,CUST-843946,Home,2022-05-19,294.64,1598000,0,1,0.002
POL-88900418,CUST-374163,Auto,2024-02-21,332.33,463000,1,1,0.027
POL-35214993,CUST-991810,Boat,2022-05-11,357.86,260000,2,1,0.024
POL-97835128,CUST-74421,Boat,2022-06-30,344.15,451000,1,1,0.045
POL-76997569,CUST-469569,Umbrella,2020-04-20,538.83,4949000,0,1,0.136
POL-42286809,CUST-623915,Health,2020-01-15,423.2,274000,0,1,0.226
POL-86662893,CUST-614673,Life,2023-10-04,177.41,269000,0,1,0.067
POL-14024033,CUST-548110,Auto,2019-01-17,111.21,170000,1,1,0.101
POL-78795817,CUST-732936,Boat,2019-03-13,523.4,246000,2,1,0.175
POL-91186334,CUST-507935,Auto,2025-03-15,89.65,490000,3,1,0.213
POL-72703520,CUST-742462,Home,2025-04-06,470.77,899000,0,1,0.183
POL-80283262,CUST-827948,Boat,2020-03-21,565.03,150000,1,1,0.052
POL-34586225,CUST-627826,Renters,2016-10-22,32.79,86000,0,1,0.014
POL-57344434,CUST-36051,Motorcycle,2024-02-07,146.46,94000,4,0,0.224
POL-42088357,CUST-14896,Home,2020-11-07,771.37,1567000,0,1,0.088
POL-80156892,CUST-736310,RV,2020-04-16,333.49,55000,2,1,0.193
POL-19182726,CUST-863550,Boat,2019-01-09,397.1,387000,1,1,0.232
POL-58588535,CUST-311006,Health,2022-08-02,935.4,339000,0,1,0.048
POL-17120677,CUST-138189,Auto,2019-03-06,259.63,307000,3,1,0.097
POL-79252562,CUST-269756,Umbrella,2019-04-12,206.61,3800000,0,1,0.135
POL-13613606,CUST-137114,Health,2021-12-22,706.55,425000,0,0,0.169
POL-21065267,CUST-753507,Home,2017-03-17,484.41,747000,0,1,0.056
POL-78614521,CUST-738080,Motorcycle,2024-10-25,118.78,52000,4,1,0.117
POL-87364536,CUST-78255,Boat,2024-07-28,349.76,466000,2,1,0.017
POL-44230687,CUST-645836,Motorcycle,2017-04-08,73.36,63000,1,1,0.197
POL-75482020,CUST-978096,Business,2020-05-25,1472.78,1642000,0,1,0.058
POL-30598747,CUST-263693,Auto,2021-04-08,224.18,486000,4,1,0.162
POL-548114,CUST-733796,Boat,2015-10-09,388.13,470000,1,1,0.006
POL-24488359,CUST-718333,Home,2016-09-27,453.8,1392000,0,1,0.003
POL-58644742,CUST-777322,Umbrella,2023-02-26,353.69,4623000,0,1,0.021
POL-18451000,CUST-953804,RV,2018-04-10,430.81,201000,1,1,0.177
POL-79400305,CUST-556851,Boat,2018-10-11,387.93,251000,2,1,0.141
POL-66801198,CUST-314752,Health,2020-09-01,222.36,308000,0,1,0.247
POL-85493329,CUST-169466,Motorcycle,2018-06-06,53.79,44000,2,1,0.148
POL-53377272,CUST-749870,Business,2021-04-17,688.89,3491000,0,1,0.119
POL-67647844,CUST-729896,Motorcycle,2023-05-04,95.46,39000,3,0,0.165
POL-8618654,CUST-888400,Business,2023-11-10,2418.78,2447000,0,1,0.042
POL-67268176,CUST-551923,Auto,2024-03-24,192.33,459000,2,1,0.086
POL-17282930,CUST-214989,Health,2017-11-24,254.47,154000,0,1,0.087
POL-70579679,CUST-674192,Auto,2023-02-25,259.24,396000,4,1,0.157
POL-87098117,CUST-506544,Health,2024-10-12,453.96,202000,0,1,0.18
POL-44268735,CUST-689191,Auto,2016-06-23,216.88,207000,2,1,0.139
POL-38939663,CUST-70666,RV,2024-10-16,468.0,72000,1,1,0.247
POL-70082665,CUST-51879,Boat,2022-02-03,707.4,450000,2,1,0.052
POL-93620685,CUST-80777,Auto,2022-01-12,214.11,463000,2,1,0.239
POL-93671608,CUST-758473,Home,2018-11-23,757.21,287000,0,1,0.118
POL-77246939,CUST-673640,Boat,2019-11-03,471.15,74000,1,1,0.071
POL-53796351,CUST-320809,Life,2021-10-15,34.32,565000,0,1,0.109
POL-77169073,CUST-628577,Boat,2023-06-13,386.54,264000,2,1,0.157
POL-36375503,CUST-410428,Home,2024-08-14,451.38,1440000,0,1,0.004
POL-91193986,CUST-340333,Auto,2015-11-29,87.63,33000,1,1,0.015
POL-57496370,CUST-720055,Life,2024-04-05,151.25,340000,0,1,0.147
POL-83689067,CUST-282422,Renters,2023-01-16,47.05,20000,0,1,0.205
POL-51918178,CUST-202163,Health,2025-02-22,1034.66,454000,0,1,0.04
POL-32405779,CUST-3887,Umbrella,2024-09-15,464.2,3343000,0,1,0.22
POL-20691715,CUST-211110,Business,2023-01-22,799.99,4227000,0,0,0.067
POL-16016228,CUST-53157,Health,2022-03-19,845.1,423000,0,1,0.072
POL-7966355,CUST-601809,Motorcycle,2024-09-24,39.06,51000,4,1,0.222
POL-55993064,CUST-87738,Umbrella,2017-11-20,561.54,3664000,0,1,0.207
POL-53791255,CUST-138840,Health,2022-01-11,1112.1,222000,0,1,0.111
POL-13281710,CUST-439033,Boat,2015-08-15,730.38,355000,1,1,0.115
POL-47825619,CUST-944628,Home,2020-12-24,522.28,1562000,0,1,0.188
POL-98308432,CUST-471459,RV,2020-11-30,851.85,108000,1,1,0.094
POL-54539646,CUST-997283,Motorcycle,2024-02-10,44.55,72000,4,1,0.018
POL-44364861,CUST-523514,Motorcycle,2020-03-21,78.38,100000,1,1,0.211
POL-53498812,CUST-338138,Business,2024-05-21,2244.61,3938000,0,1,0.169
POL-48113555,CUST-931625,RV,2021-01-25,868.28,161000,2,1,0.23
POL-47253373,CUST-104727,Renters,2023-11-21,47.42,66000,0,1,0.149
POL-34194073,CUST-493103,Boat,2018-06-03,598.16,193000,2,1,0.121
POL-36855808,CUST-5998,RV,2022-10-28,310.97,287000,2,1,0.183
POL-7020005,CUST-405185,Motorcycle,2015-08-11,92.94,35000,2,1,0.059
POL-59916247,CUST-353976,Health,2024-05-27,765.93,196000,0,1,0.071
POL-55690277,CUST-847623,Home,2024-05-10,748.62,1608000,0,1,0.125
POL-17823096,CUST-305314,RV,2024-07-11,583.04,139000,2,1,0.061
POL-47971203,CUST-74754,RV,2016-06-21,933.29,146000,2,1,0.001
POL-51353651,CUST-370042,Umbrella,2022-07-20,262.16,2929000,0,0,0.235
POL-43633661,CUST-111685,Life,2019-11-02,36.67,278000,0,1,0.083
POL-23504891,CUST-935092,Boat,2018-02-10,608.26,331000,1,1,0.127
POL-40605773,CUST-272642,Auto,2019-11-11,345.45,399000,2,1,0.204
POL-68758689,CUST-617326,Umbrella,2016-08-29,510.89,4652000,0,1,0.1
POL-39742688,CUST-5178,Health,2023-07-12,255.16,324000,0,1,0.125
POL-27073928,CUST-211383,Auto,2017-12-09,198.43,409000,1,1,0.168
POL-54564323,CUST-956457,Auto,2024-06-30,192.71,124000,1,1,0.071
POL-57149990,CUST-17813,Renters,2024-08-01,25.28,20000,0,1,0.123
POL-31323894,CUST-877131,Boat,2024-03-18,201.83,311000,2,1,0.099
POL-63075887,CUST-909391,Home,2020-11-27,178.26,1022000,0,1,0.04
POL-98004411,CUST-66608,Business,2016-03-16,1556.86,2752000,0,1,0.094
POL-2668228,CUST-257058,Renters,2023-03-12,22.07,59000,0,1,0.243
POL-26036342,CUST-47796,Auto,2022-06-09,341.88,156000,1,1,0.035
POL-35940979,CUST-161357,Motorcycle,2020-07-26,145.67,33000,3,1,0.152
POL-68812696,CUST-674221,Life,2019-02-07,122.94,566000,0,1,0.223
POL-8155490,CUST-181779,Health,2022-06-28,342.68,103000,0,1,0.213
POL-93105027,CUST-348949,Motorcycle,2016-04-06,83.86,18000,1,1,0.03
POL-72552378,CUST-641165,Home,2016-04-26,105.08,1748000,0,1,0.153
POL-29976031,CUST-31873,Business,2024-08-03,817.4,478000,0,1,0.02
POL-9282918,CUST-222917,RV,2020-03-22,906.49,194000,1,1,0.02
POL-89653875,CUST-606482,Home,2020-01-27,794.67,1322000,0,1,0.008
POL-78367287,CUST-807569,Auto,2015-09-13,131.52,189000,4,1,0.231
POL-85626890,CUST-69429,Home,2022-11-12,431.58,719000,0,1,0.244
POL-80044318,CUST-508340,Renters,2023-08-02,46.9,47000,0,1,0.236
POL-65361170,CUST-141483,Umbrella,2025-04-16,320.01,1360000,0,1,0.046
POL-45182432,CUST-160281,Health,2020-02-18,1059.38,228000,0,1,0.019
POL-36067815,CUST-114835,Renters,2024-12-09,41.11,21000,0,1,0.103
POL-48664468,CUST-408148,Health,2019-01-23,223.51,153000,0,1,0.058
POL-70682648,CUST-13822,Motorcycle,2020-02-03,115.8,77000,4,1,0.014
POL-42650793,CUST-958789,Renters,2020-07-29,24.17,53000,0,1,0.201
POL-62282219,CUST-214584,Auto,2016-03-18,97.36,322000,1,1,0.058
POL-50686092,CUST-788311,Renters,2021-07-07,31.14,61000,0,1,0.153
POL-40151920,CUST-534185,Boat,2023-11-13,491.27,353000,1,1,0.052
POL-76911711,CUST-337503,Home,2015-09-25,316.26,818000,0,1,0.237
POL-85928848,CUST-670206,Renters,2023-12-21,34.16,67000,0,1,0.146
POL-76911749,CUST-263417,Umbrella,2019-04-14,286.43,4848000,0,1,0.004
POL-45202165,CUST-612869,Renters,2015-10-25,21.87,56000,0,1,0.019
POL-6060922,CUST-147173,RV,2024-10-28,494.1,298000,2,0,0.15
POL-146265,CUST-176775,Business,2022-11-05,1922.24,3489000,0,1,0.195
POL-36274334,CUST-154286,Health,2019-10-06,344.78,289000,0,1,0.009
POL-31308738,CUST-94396,Business,2016-03-31,1810.98,970000,0,1,0.107
POL-71195280,CUST-629632,Renters,2021-07-06,49.27,41000,0,0,0.066
POL-44576867,CUST-545872,Boat,2017-11-15,626.8,409000,1,1,0.04
POL-81943167,CUST-882409,Auto,2020-04-06,177.84,343000,1,0,0.215
POL-62900310,CUST-200498,Health,2015-10-17,766.55,435000,0,0,0.165
POL-20611126,CUST-42854,Motorcycle,2020-10-20,45.25,86000,2,1,0.138
POL-12934433,CUST-590894,Umbrella,2019-05-12,395.84,4294000,0,1,0.246
POL-89253164,CUST-482173,Business,2022-12-24,837.66,2559000,0,0,0.186
POL-38346374,CUST-558461,Life,2023-07-05,114.4,830000,0,0,0.053
POL-61777181,CUST-380186,Auto,2022-12-04,195.45,482000,2,1,0.028
POL-15257708,CUST-688186,Health,2021-09-15,1111.42,394000,0,1,0.067
POL-8951475,CUST-538428,Home,2020-09-29,390.11,1296000,0,1,0.113
POL-99027729,CUST-280289,Home,2022-09-24,577.39,1302000,0,1,0.123
POL-96856146,CUST-166688,Home,2024-05-20,166.42,395000,0,1,0.229
POL-495739,CUST-525190,Life,2018-12-02,66.5,787000,0,1,0.031
POL-97161392,CUST-135409,Health,2024-05-16,561.38,93000,0,0,0.062
POL-86085615,CUST-545259,Motorcycle,2020-12-08,50.11,81000,4,1,0.18
POL-93460014,CUST-539285,Umbrella,2022-03-28,479.22,3658000,0,1,0.068
POL-14229923,CUST-598266,Auto,2020-03-12,235.12,79000,3,1,0.166
POL-21363906,CUST-256578,Home,2022-08-23,629.23,1000000,0,1,0.133
POL-22590892,CUST-934805,Business,2019-03-26,1576.52,750000,0,1,0.032
POL-4177925,CUST-772620,Renters,2022-10-18,28.52,31000,0,1,0.024
POL-96981914,CUST-575286,Health,2021-08-17,575.39,363000,0,1,0.053
POL-96157809,CUST-652959,Motorcycle,2021-11-26,132.39,47000,4,1,0.035
POL-22246098,CUST-481554,Life,2020-04-03,63.1,196000,0,0,0.063
POL-64500417,CUST-306745,Motorcycle,2022-08-21,53.99,83000,2,1,0.187
POL-28157130,CUST-103449,Life,2024-04-11,84.57,159000,0,1,0.25
POL-25832859,CUST-733787,RV,2023-01-14,844.5,297000,2,1,0.153
POL-51532773,CUST-422424,Renters,2015-07-15,24.04,47000,0,1,0.111
POL-79236172,CUST-224014,Renters,2018-08-02,22.52,45000,0,1,0.086
POL-49865975,CUST-96754,Business,2016-12-18,1099.09,382000,0,1,0.08
POL-12123631,CUST-491508,Umbrella,2024-07-03,286.77,3429000,0,1,0.032
POL-67196472,CUST-156847,Renters,2024-09-10,44.25,97000,0,1,0.058
POL-19687245,CUST-929409,Umbrella,2020-07-05,247.48,4987000,0,1,0.08
POL-48561828,CUST-861617,Auto,2021-12-25,283.44,367000,4,1,0.231
POL-75581549,CUST-327584,Renters,2021-04-10,32.29,81000,0,1,0.186
POL-83598524,CUST-575415,Boat,2022-07-17,216.55,249000,2,1,0.198
POL-56426269,CUST-972922,Auto,2015-11-22,107.95,250000,2,1,0.075
POL-31617209,CUST-140003,Boat,2018-02-03,466.13,90000,2,1,0.071
POL-97298822,CUST-151426,Boat,2023-04-28,299.01,297000,2,1,0.032
POL-87746635,CUST-496770,Home,2019-03-28,343.95,1188000,0,1,0.171
POL-60439581,CUST-655017,Health,2017-07-08,205.81,444000,0,1,0.033
POL-77748507,CUST-28285,Auto,2024-01-16,312.22,318000,1,1,0.005
POL-22986505,CUST-239074,Boat,2018-01-26,584.82,473000,1,1,0.129
POL-91175398,CUST-867722,Life,2023-07-07,54.93,88000,0,1,0.032
POL-7598605,CUST-37656,Life,2025-03-30,134.57,54000,0,1,0.2
POL-42460906,CUST-863944,Renters,2022-10-13,41.86,36000,0,1,0.17
POL-95894185,CUST-568488,Boat,2020-02-18,538.94,136000,1,1,0.122
POL-7466373,CUST-703698,Business,2023-02-11,761.41,4967000,0,1,0.079
POL-37657195,CUST-849262,Auto,2024-11-20,84.17,378000,2,1,0.149
POL-59945416,CUST-609143,Life,2023-06-03,172.69,928000,0,1,0.244
POL-94390891,CUST-272095,Business,2020-12-26,2156.5,4508000,0,1,0.197
POL-84170608,CUST-829488,Renters,2016-09-10,47.49,32000,0,1,0.008
POL-56467984,CUST-520512,Life,2023-01-25,172.13,364000,0,1,0.001
POL-42127527,CUST-212362,Boat,2020-10-31,484.16,42000,1,1,0.193
POL-10387636,CUST-858304,Home,2024-06-03,443.5,1750000,0,1,0.224
POL-72583190,CUST-654641,RV,2024-10-04,529.43,127000,2,1,0.128
POL-60724532,CUST-785327,RV,2016-03-03,857.34,147000,1,0,0.012
POL-62111791,CUST-539165,Umbrella,2019-01-25,246.83,2502000,0,1,0.047
POL-47344278,CUST-611514,RV,2016-08-15,591.65,150000,1,1,0.143
POL-43004111,CUST-518114,Business,2016-08-05,1937.24,2531000,0,1,0.23
POL-74870185,CUST-609255,Home,2016-06-24,645.48,331000,0,1,0.146
POL-49606051,CUST-534698,Auto,2020-08-21,143.37,180000,4,1,0.031
POL-22501369,CUST-424659,Umbrella,2022-02-20,445.47,4363000,0,1,0.005
POL-28198860,CUST-530084,Home,2024-11-06,202.19,1363000,0,1,0.127
POL-73886058,CUST-536584,RV,2019-12-23,782.71,121000,1,1,0.246
POL-55166830,CUST-215338,Boat,2023-01-13,524.59,371000,2,1,0.019
POL-3067430,CUST-903080,Renters,2024-06-05,49.22,96000,0,1,0.202
POL-2267498,CUST-718534,Business,2018-02-20,1879.77,2950000,0,1,0.231
POL-53498338,CUST-83124,Business,2023-08-23,2017.69,2818000,0,1,0.02
POL-31916348,CUST-622516,Business,2018-01-22,1104.04,4266000,0,1,0.117
POL-91437003,CUST-114058,Home,2022-04-14,520.13,275000,0,1,0.176
POL-15370116,CUST-981104,Auto,2018-07-25,142.69,124000,2,1,0.056
POL-84830279,CUST-891000,Umbrella,2015-12-20,449.63,1480000,0,1,0.118
POL-99083251,CUST-92500,Health,2021-03-03,465.71,227000,0,1,0.022
POL-73393315,CUST-104614,Umbrella,2024-10-20,413.23,4027000,0,0,0.161
POL-76111173,CUST-678471,Motorcycle,2018-02-15,80.46,24000,3,1,0.135
POL-70195166,CUST-674837,Auto,2024-09-05,181.35,59000,3,1,0.215
POL-88001633,CUST-822228,Home,2022-01-28,178.7,1987000,0,1,0.19
POL-68550839,CUST-804274,Business,2017-03-01,2111.77,2254000,0,1,0.224
POL-3563869,CUST-680374,Business,2017-10-08,795.89,3341000,0,1,0.145
POL-945273,CUST-959875,Home,2023-10-21,433.1,588000,0,1,0.097
POL-52079695,CUST-750013,Renters,2022-04-30,34.21,47000,0,1,0.055
POL-15894291,CUST-49362,Boat,2016-02-12,740.76,37000,1,1,0.142
POL-78669894,CUST-138365,Auto,2023-03-25,320.46,458000,1,1,0.102
POL-64565120,CUST-817192,RV,2019-03-24,415.24,122000,2,1,0.096
POL-79118626,CUST-581788,Renters,2017-12-27,48.79,85000,0,1,0.079
POL-52025775,CUST-580155,RV,2017-12-10,725.5,222000,1,1,0.122
POL-30051846,CUST-288254,Umbrella,2019-06-04,543.49,1273000,0,0,0.15
POL-88953284,CUST-974857,Umbrella,2024-03-11,314.0,2000000,0,1,0.14
POL-88765289,CUST-318544,Auto,2022-12-03,320.98,496000,2,1,0.151
POL-6203566,CUST-254395,Renters,2023-03-21,33.68,88000,0,1,0.244
POL-5937620,CUST-441160,Renters,2020-11-14,36.6,16000,0,1,0.152
POL-44010480,CUST-482598,Home,2023-11-04,123.42,112000,0,1,0.081
POL-82434304,CUST-433864,Business,2024-03-09,1581.87,4594000,0,1,0.047
POL-97926021,CUST-907051,Health,2024-04-25,285.76,297000,0,1,0.19
POL-25636783,CUST-354753,Motorcycle,2019-04-29,125.91,48000,1,1,0.209
POL-92679623,CUST-467760,Health,2021-07-09,907.62,284000,0,1,0.084
POL-65342342,CUST-463742,Business,2015-09-20,1633.76,3712000,0,1,0.129
POL-99285561,CUST-106494,Auto,2019-07-06,181.39,83000,1,1,0.11
POL-88342130,CUST-942457,Motorcycle,2018-05-26,74.34,12000,3,1,0.207
POL-13441911,CUST-338590,Auto,2019-03-15,225.88,197000,2,1,0.072
POL-45669408,CUST-662831,Renters,2021-02-04,27.39,57000,0,1,0.049
POL-91448652,CUST-885163,Health,2016-03-21,285.09,241000,0,1,0.183
POL-59052886,CUST-708962,Motorcycle,2020-11-27,117.95,54000,3,1,0.241
POL-47979670,CUST-133146,Renters,2016-01-19,47.15,77000,0,1,0.037
POL-70437142,CUST-501681,Motorcycle,2017-01-31,92.07,77000,1,1,0.157
POL-69333964,CUST-287150,RV,2019-04-13,911.23,235000,1,1,0.02
POL-35353959,CUST-46884,Boat,2020-04-04,223.89,453000,1,1,0.157
POL-49344407,CUST-533830,RV,2020-10-14,384.47,244000,2,1,0.241
POL-28083258,CUST-109755,Life,2024-08-20,82.24,607000,0,1,0.021
POL-41790477,CUST-66994,Business,2016-10-16,1800.56,1488000,0,1,0.116
POL-64880483,CUST-997168,Home,2020-09-28,717.89,1885000,0,1,0.007
POL-87429522,CUST-964423,RV,2016-05-14,901.76,132000,1,1,0.117
POL-20452685,CUST-981686,Auto,2017-03-27,96.5,481000,2,1,0.086
POL-86996788,CUST-831813,Boat,2019-05-09,729.02,190000,2,1,0.085
POL-6606138,CUST-208092,Renters,2020-12-25,45.61,81000,0,1,0.246
POL-71907704,CUST-465535,Business,2022-04-23,1829.16,3060000,0,1,0.098
POL-43526721,CUST-658280,Renters,2017-06-06,35.08,91000,0,1,0.211
POL-71647438,CUST-630970,Renters,2022-03-10,15.98,87000,0,0,0.084
POL-99811628,CUST-39294,Renters,2016-10-05,25.89,85000,0,1,0.162
POL-85747695,CUST-459182,Umbrella,2025-05-29,257.87,1459000,0,1,0.062
POL-82934499,CUST-468093,Business,2023-02-26,1413.5,1921000,0,1,0.244
POL-7172167,CUST-916151,Auto,2024-08-22,203.52,237000,4,1,0.122
POL-31154721,CUST-669840,Life,2017-11-29,173.2,726000,0,1,0.004
POL-84230088,CUST-279979,Health,2020-08-21,303.79,452000,0,1,0.147
POL-57223954,CUST-537267,Boat,2021-07-27,205.43,498000,2,1,0.016
POL-35353565,CUST-432027,Life,2020-06-16,73.55,844000,0,1,0.118
POL-77108752,CUST-849561,RV,2023-07-17,463.65,109000,2,1,0.199
POL-3320509,CUST-959425,Motorcycle,2020-06-26,118.19,16000,1,1,0.248
POL-56808785,CUST-760877,Boat,2019-06-09,271.86,432000,2,1,0.052
POL-40018778,CUST-853963,Business,2022-10-05,1792.28,3104000,0,1,0.105
POL-8911205,CUST-452991,Home,2015-11-11,422.78,1420000,0,0,0.043
POL-18080813,CUST-642940,Motorcycle,2019-03-15,71.2,76000,1,1,0.051
POL-64393080,CUST-229249,Motorcycle,2020-12-04,41.83,54000,3,0,0.206
POL-67918454,CUST-694057,Auto,2023-12-23,102.2,466000,2,1,0.162
POL-15975293,CUST-372314,Life,2019-01-14,137.64,110000,0,1,0.081
POL-66869884,CUST-383832,Health,2025-05-26,243.09,485000,0,0,0.181
POL-94813882,CUST-961540,Boat,2023-03-14,640.53,34000,2,1,0.231
POL-80721220,CUST-954216,Umbrella,2018-03-21,288.03,1475000,0,1,0.085
POL-88925470,CUST-460515,Renters,2017-12-31,39.4,39000,0,1,0.104
POL-14020462,CUST-533771,RV,2019-06-20,917.26,139000,1,1,0.194
POL-75102909,CUST-811622,Renters,2022-03-10,34.0,41000,0,1,0.072
POL-95384562,CUST-39579,Life,2019-01-14,44.38,207000,0,1,0.218
POL-75824274,CUST-870177,Business,2017-10-26,1329.92,3152000,0,0,0.117
POL-44483342,CUST-586374,Home,2017-01-01,364.74,507000,0,1,0.052
POL-94653129,CUST-694040,Auto,2021-10-04,136.02,95000,2,1,0.19
POL-86239314,CUST-171628,RV,2020-09-01,799.04,185000,1,1,0.024
POL-30418991,CUST-183553,Life,2019-05-09,177.13,138000,0,1,0.206
POL-12142709,CUST-394175,Umbrella,2020-08-06,334.49,2103000,0,0,0.206
POL-9257341,CUST-576706,Home,2021-11-01,728.39,1789000,0,1,0.025
POL-84131537,CUST-774757,Home,2021-05-24,481.32,499000,0,0,0.173
POL-72147956,CUST-259458,Renters,2019-10-27,15.53,95000,0,1,0.144
POL-58097544,CUST-835816,Home,2025-05-31,515.02,738000,0,1,0.174
POL-3216660,CUST-992722,Umbrella,2022-02-10,451.8,4703000,0,1,0.109
POL-27823865,CUST-314458,Motorcycle,2023-06-07,141.35,59000,2,1,0.103
POL-51579960,CUST-887681,Home,2020-06-15,171.69,358000,0,1,0.011
POL-95162917,CUST-266975,Renters,2023-07-04,49.13,73000,0,1,0.031
POL-23714390,CUST-762477,Boat,2022-02-08,404.47,206000,1,1,0.001
POL-46355704,CUST-779102,Life,2017-07-29,57.36,237000,0,1,0.242
POL-47880373,CUST-571232,Boat,2025-03-25,254.94,227000,2,1,0.054
POL-87282022,CUST-86330,Health,2020-04-25,935.96,497000,0,0,0.089
POL-35934752,CUST-776705,Home,2023-10-12,667.76,1406000,0,1,0.157
POL-57001569,CUST-66733,Life,2017-06-12,185.62,119000,0,1,0.033
POL-394249,CUST-353024,Business,2023-01-05,823.38,173000,0,1,0.243
POL-21684479,CUST-941159,Business,2015-09-19,924.63,566000,0,1,0.118
POL-10324372,CUST-538569,Renters,2018-04-23,19.4,93000,0,0,0.175
POL-54289660,CUST-591967,Home,2017-02-03,609.39,296000,0,1,0.19
POL-9637542,CUST-676887,Health,2024-11-17,275.16,91000,0,1,0.217
POL-13271700,CUST-238998,Auto,2020-05-15,338.05,427000,3,1,0.012
POL-36702832,CUST-700077,Umbrella,2020-08-05,274.38,4874000,0,1,0.146
POL-51889106,CUST-733007,Motorcycle,2023-08-26,137.82,80000,4,1,0.022
POL-94654824,CUST-619497,Health,2016-06-27,748.31,363000,0,1,0.118
POL-75491123,CUST-213275,Life,2019-11-01,48.7,860000,0,1,0.132
POL-60364220,CUST-301781,Business,2023-10-11,2311.68,168000,0,1,0.197
POL-98776732,CUST-134701,Life,2015-12-07,78.81,604000,0,1,0.217
POL-71942653,CUST-424744,Auto,2017-08-17,212.76,240000,4,1,0.118
POL-89179347,CUST-667861,Motorcycle,2020-05-27,67.73,38000,3,0,0.239
POL-27015665,CUST-808085,RV,2019-08-07,696.77,117000,2,1,0.018
POL-20342394,CUST-445385,Renters,2015-12-25,26.99,41000,0,1,0.065
POL-3968838,CUST-603075,Home,2021-05-30,764.39,952000,0,1,0.127
POL-51602800,CUST-741427,Boat,2025-06-12,526.48,88000,1,1,0.053
POL-15646439,CUST-584927,Renters,2018-09-05,38.77,93000,0,1,0.072
POL-55783051,CUST-395430,Boat,2018-09-13,673.42,375000,2,1,0.131
POL-61697164,CUST-129094,Motorcycle,2023-03-11,123.4,51000,3,0,0.02
POL-55765838,CUST-433966,Renters,2021-12-01,21.2,92000,0,1,0.035
POL-10463550,CUST-1568,Business,2022-11-26,686.1,1212000,0,1,0.014
POL-42070223,CUST-782872,Home,2017-11-13,253.59,1755000,0,1,0.067
POL-32280747,CUST-291383,RV,2022-03-14,390.75,156000,2,1,0.029
POL-4304580,CUST-140957,Life,2018-06-14,62.02,680000,0,1,0.066
POL-17936791,CUST-713083,Life,2017-09-02,181.86,810000,0,1,0.028
POL-36059588,CUST-643530,Health,2019-03-29,641.49,490000,0,0,0.206
POL-5317415,CUST-75885,Boat,2024-10-01,464.84,476000,1,1,0.155
POL-97334431,CUST-458980,Boat,2019-01-17,536.98,151000,1,1,0.14
POL-74319944,CUST-231428,Life,2022-09-11,33.9,552000,0,1,0.237
POL-65528067,CUST-375477,Health,2022-08-27,763.17,478000,0,1,0.19
POL-12587924,CUST-497395,Business,2015-10-08,2403.7,4705000,0,0,0.129
POL-82445680,CUST-75672,Business,2023-03-10,2146.28,4379000,0,1,0.053
POL-20095069,CUST-666542,Umbrella,2021-01-23,205.26,1991000,0,1,0.076
POL-37054585,CUST-853805,Umbrella,2020-09-02,335.89,2524000,0,1,0.127
POL-16146074,CUST-287674,Umbrella,2022-05-11,237.57,1363000,0,1,0.033
POL-3610695,CUST-646742,RV,2020-06-28,533.57,252000,2,1,0.117
POL-28358696,CUST-257229,Motorcycle,2018-04-15,141.12,98000,4,1,0.044
POL-8411037,CUST-480165,Health,2021-06-15,1018.02,484000,0,1,0.225
POL-53076788,CUST-952070,Renters,2020-08-31,45.51,64000,0,1,0.247
POL-58288208,CUST-924510,Home,2021-08-17,596.62,1902000,0,1,0.151
POL-18805580,CUST-910744,Umbrella,2020-09-19,281.44,1147000,0,1,0.065
POL-7052675,CUST-115389,Health,2021-11-26,444.11,187000,0,1,0.071
POL-51503382,CUST-258298,Auto,2024-11-04,104.1,369000,2,1,0.227
POL-17212173,CUST-398049,RV,2023-10-28,752.93,182000,2,1,0.051
POL-8923381,CUST-595183,Life,2019-03-16,195.08,425000,0,1,0.061
POL-47876025,CUST-770770,RV,2025-06-09,701.75,212000,1,1,0.141
POL-82186957,CUST-664488,Life,2021-12-24,139.4,244000,0,1,0.01
POL-47783527,CUST-610950,Renters,2021-03-10,45.69,76000,0,1,0.229
POL-85813283,CUST-191582,Business,2018-03-07,1377.34,3488000,0,1,0.05
POL-91980630,CUST-459980,RV,2023-10-05,411.23,93000,2,1,0.112
POL-35260096,CUST-851331,Auto,2021-11-19,264.59,35000,1,1,0.247
POL-40081515,CUST-637383,Boat,2017-01-25,492.64,197000,2,1,0.102
POL-3533390,CUST-226840,Umbrella,2016-04-04,466.29,3507000,0,1,0.005
POL-43402842,CUST-2600,Home,2024-10-22,198.78,556000,0,1,0.229
POL-99717208,CUST-840519,Auto,2018-07-15,111.9,202000,2,1,0.249
POL-46073599,CUST-66632,Motorcycle,2021-03-08,117.46,61000,4,1,0.116
POL-36384571,CUST-817351,Motorcycle,2019-01-14,87.07,53000,4,1,0.006
POL-91717148,CUST-268244,Home,2020-05-26,287.51,468000,0,1,0.019
POL-53597191,CUST-504481,Renters,2024-11-02,46.84,53000,0,0,0.189
POL-24235418,CUST-559357,Boat,2017-11-20,308.33,491000,2,1,0.245
POL-30694764,CUST-600480,Life,2024-08-11,42.64,900000,0,0,0.184
POL-40357936,CUST-491595,RV,2015-07-04,887.87,280000,2,1,0.039
POL-31329793,CUST-69315,Business,2019-08-06,1070.28,3182000,0,1,0.242
POL-48479068,CUST-289399,Health,2019-10-17,927.27,78000,0,1,0.037
POL-98142025,CUST-774831,RV,2021-12-03,652.03,255000,1,0,0.145
POL-50169427,CUST-719991,RV,2016-12-01,743.99,197000,2,1,0.126
POL-39246701,CUST-608446,RV,2023-09-12,310.18,58000,2,1,0.085
POL-19973866,CUST-374968,Life,2018-11-11,117.79,349000,0,0,0.184
POL-15362119,CUST-273378,Auto,2017-01-26,164.78,371000,2,1,0.106
POL-70596261,CUST-542175,Renters,2023-04-14,45.38,23000,0,1,0.197
POL-79140869,CUST-863921,Health,2023-06-07,852.61,59000,0,1,0.04
POL-28676458,CUST-66613,Renters,2020-11-18,39.69,14000,0,1,0.245
POL-92369133,CUST-8469,Umbrella,2017-10-09,221.18,3726000,0,1,0.201
POL-1874217,CUST-611490,Auto,2020-06-01,319.36,257000,2,1,0.111
POL-38307739,CUST-255705,RV,2020-12-22,658.82,72000,1,0,0.127
POL-66511207,CUST-682236,Business,2022-12-29,700.6,3020000,0,1,0.006
POL-57032586,CUST-99361,Umbrella,2022-11-25,545.71,1716000,0,1,0.074
POL-26081078,CUST-54282,Boat,2024-03-26,513.63,357000,1,1,0.192
POL-50194200,CUST-526435,Boat,2024-06-24,780.7,161000,1,1,0.215
POL-8022803,CUST-104758,RV,2016-05-15,624.06,264000,2,1,0.019
POL-64481318,CUST-255022,Motorcycle,2024-08-11,103.19,31000,2,1,0.234
POL-41878595,CUST-216143,Health,2016-12-13,656.1,453000,0,1,0.157
POL-11315592,CUST-340338,Motorcycle,2025-05-26,96.56,47000,1,1,0.119
POL-8713806,CUST-262322,Motorcycle,2017-01-22,112.75,40000,1,1,0.173
POL-58134282,CUST-504764,Business,2019-05-21,1119.73,939000,0,1,0.226
POL-55371899,CUST-179128,Business,2024-08-04,871.94,4305000,0,1,0.117
POL-1984025,CUST-509487,Motorcycle,2017-04-05,88.84,70000,3,1,0.084
POL-10417475,CUST-575450,Boat,2024-10-28,367.95,239000,2,1,0.11
POL-13061775,CUST-47539,Umbrella,2023-04-03,530.93,1864000,0,1,0.025
POL-84672838,CUST-549983,Renters,2022-05-23,23.28,19000,0,1,0.176
POL-56806940,CUST-315823,Home,2020-12-08,770.16,1788000,0,1,0.147
POL-44381572,CUST-797951,Umbrella,2017-09-07,596.23,1580000,0,1,0.226
POL-7097304,CUST-426294,Home,2023-03-21,401.19,1136000,0,1,0.137
POL-87469400,CUST-878552,Umbrella,2024-10-24,362.71,2040000,0,1,0.185
POL-19164667,CUST-905681,Life,2015-07-14,81.81,61000,0,1,0.02
POL-77602817,CUST-688438,Life,2022-10-09,140.15,893000,0,0,0.131
POL-32801620,CUST-969406,Home,2018-11-10,649.46,1299000,0,1,0.017
POL-49967612,CUST-987827,Home,2016-09-20,137.26,288000,0,1,0.011
POL-24052602,CUST-741058,Home,2019-12-21,552.86,1803000,0,1,0.065
POL-1642473,CUST-423880,RV,2018-10-30,365.27,132000,2,1,0.024
POL-7085868,CUST-193657,Business,2016-01-22,2239.66,2399000,0,1,0.047
POL-7278605,CUST-194006,RV,2018-10-25,339.55,244000,1,1,0.081
POL-57946787,CUST-916747,RV,2024-01-14,407.88,274000,2,1,0.127
POL-86843154,CUST-724967,Auto,2021-03-13,282.35,48000,2,1,0.161
POL-93331598,CUST-19783,Umbrella,2021-03-12,379.45,4071000,0,1,0.173
POL-18536193,CUST-176370,Life,2021-01-17,82.76,237000,0,1,0.17
POL-99441974,CUST-100219,Auto,2020-05-25,335.78,227000,1,1,0.206
POL-38825980,CUST-826551,Renters,2017-02-14,28.95,67000,0,1,0.033
POL-3665284,CUST-423326,Auto,2018-02-07,210.62,391000,2,1,0.037
POL-64478145,CUST-38449,Health,2022-06-13,900.79,428000,0,0,0.162
POL-42283563,CUST-79049,Auto,2017-03-31,217.37,240000,2,1,0.243
POL-42917259,CUST-774410,Renters,2019-11-07,27.26,86000,0,1,0.09
POL-19014290,CUST-20020,Auto,2025-02-16,228.21,324000,1,1,0.239
POL-53928057,CUST-445031,Umbrella,2017-02-12,355.75,4595000,0,1,0.011
POL-27622902,CUST-890036,Life,2019-09-29,122.5,342000,0,1,0.231
POL-18877659,CUST-134977,Boat,2024-04-29,510.52,245000,1,1,0.138
POL-18338178,CUST-291373,Renters,2017-10-20,36.63,49000,0,1,0.219
POL-4228818,CUST-335036,Renters,2016-02-17,43.27,70000,0,1,0.066
POL-78800061,CUST-136830,Boat,2019-06-11,395.76,207000,1,1,0.158
POL-89233211,CUST-184655,Life,2018-08-17,95.14,719000,0,1,0.19
POL-49987814,CUST-396131,Auto,2016-04-18,321.89,429000,2,1,0.129
POL-87914631,CUST-28868,Auto,2017-11-14,338.66,34000,1,1,0.043
POL-89020563,CUST-775065,Boat,2017-02-13,521.8,246000,2,1,0.138
POL-10136881,CUST-119403,Renters,2016-04-13,29.77,93000,0,1,0.001
POL-34363225,CUST-560133,Life,2019-01-10,51.12,228000,0,1,0.129
POL-28061693,CUST-234490,Home,2020-09-17,379.11,144000,0,1,0.238
POL-13559849,CUST-201791,RV,2025-04-16,873.5,253000,1,1,0.037
POL-86133200,CUST-182776,Life,2019-05-15,111.6,286000,0,1,0.035
POL-24365277,CUST-542138,Home,2021-09-05,729.03,1947000,0,1,0.014
POL-15669076,CUST-835303,Health,2021-12-08,756.2,388000,0,1,0.064
POL-21249869,CUST-255073,RV,2019-02-22,708.88,206000,2,1,0.167
POL-45034753,CUST-872838,Life,2019-10-26,62.56,251000,0,1,0.126
POL-91170735,CUST-297070,Renters,2022-07-01,29.87,62000,0,1,0.146
POL-16943702,CUST-227098,Boat,2021-02-28,248.65,292000,1,1,0.1
POL-24920268,CUST-524914,Life,2020-09-01,188.92,166000,0,1,0.057
POL-40050708,CUST-810040,Umbrella,2022-04-17,486.27,3856000,0,1,0.02
POL-81793881,CUST-464223,Renters,2020-07-24,27.07,57000,0,1,0.064
POL-667938,CUST-181679,Life,2022-10-11,52.01,79000,0,1,0.218
POL-78336154,CUST-536869,RV,2019-12-24,935.69,291000,2,1,0.193
POL-57632927,CUST-202717,Life,2022-10-23,184.0,740000,0,1,0.171
POL-23336119,CUST-781632,Boat,2020-01-17,320.38,139000,2,1,0.215
POL-97936327,CUST-849598,Umbrella,2016-06-02,459.1,3201000,0,1,0.245
POL-47863282,CUST-259540,Renters,2025-06-01,44.63,29000,0,1,0.188
POL-60910295,CUST-667583,Auto,2022-12-07,188.04,27000,2,1,0.238
POL-83899820,CUST-948867,Boat,2023-07-20,345.9,253000,2,1,0.091
POL-37141791,CUST-694022,RV,2019-08-14,549.01,186000,2,0,0.239
POL-73839408,CUST-667917,Umbrella,2025-03-28,387.12,1983000,0,1,0.083
POL-23803103,CUST-652036,Health,2021-08-17,701.54,312000,0,1,0.147
POL-31145672,CUST-373514,Auto,2023-07-10,129.77,305000,3,1,0.014
POL-12363487,CUST-350862,Motorcycle,2022-05-19,101.3,48000,4,1,0.026
POL-51492407,CUST-423922,Business,2018-07-07,837.54,4500000,0,1,0.186
POL-44629491,CUST-590055,Auto,2021-10-20,204.58,356000,4,1,0.135
POL-35904728,CUST-511626,Business,2016-08-15,2095.14,3063000,0,1,0.066
POL-21166948,CUST-387692,Life,2022-02-16,157.01,394000,0,1,0.218
POL-85843097,CUST-535714,Health,2019-09-07,1097.96,284000,0,1,0.02
POL-83159763,CUST-960623,Auto,2016-07-10,97.18,259000,3,1,0.083
POL-55900222,CUST-314726,Motorcycle,2022-07-31,84.56,49000,4,1,0.028
POL-35782585,CUST-495695,Motorcycle,2017-04-13,84.4,50000,3,1,0.151
POL-29417237,CUST-261319,Business,2021-10-11,2080.38,4828000,0,0,0.196
POL-78061689,CUST-731873,Boat,2022-05-16,769.52,393000,2,1,0.123
POL-21374704,CUST-302559,RV,2021-10-20,336.62,55000,1,0,0.246
POL-36345478,CUST-968678,Business,2023-01-02,2197.49,1938000,0,1,0.183
POL-58291059,CUST-754638,Auto,2022-03-12,231.22,143000,3,1,0.133
POL-89512937,CUST-244659,Home,2020-11-24,645.58,1582000,0,1,0.171
POL-27968065,CUST-588453,Health,2021-03-30,817.03,152000,0,1,0.21
POL-93783578,CUST-722888,RV,2025-05-15,960.24,295000,1,1,0.092
POL-17083475,CUST-798898,Health,2022-06-06,305.43,181000,0,1,0.055
POL-74013597,CUST-931372,Life,2025-04-20,188.05,649000,0,1,0.174
POL-33533178,CUST-161581,Renters,2021-04-05,34.28,77000,0,1,0.244
POL-27185528,CUST-920051,RV,2020-06-02,375.83,212000,2,1,0.141
POL-66283981,CUST-968652,Business,2022-02-05,1424.93,1259000,0,1,0.161
POL-39971412,CUST-108273,Life,2018-01-21,178.08,554000,0,1,0.155
POL-63729405,CUST-85769,Life,2021-04-03,183.76,297000,0,1,0.175
POL-86027340,CUST-479898,Business,2018-02-27,2187.79,3423000,0,1,0.144
POL-26375893,CUST-781133,Auto,2022-08-11,193.28,41000,3,0,0.208
POL-30146046,CUST-339719,RV,2024-10-19,590.32,102000,1,1,0.136
POL-28521600,CUST-985856,Motorcycle,2020-02-10,99.46,85000,3,1,0.12
POL-55139902,CUST-575174,Boat,2020-05-14,589.42,391000,2,1,0.205
POL-67137222,CUST-785470,Renters,2021-01-30,43.89,87000,0,1,0.136
POL-33064672,CUST-701241,Home,2022-10-17,129.59,819000,0,1,0.042
POL-3507673,CUST-433018,Life,2025-04-28,81.51,981000,0,1,0.004
POL-52787346,CUST-766224,Home,2017-03-20,794.32,1666000,0,1,0.124
POL-19745439,CUST-310415,Umbrella,2024-08-26,401.26,1736000,0,1,0.004
POL-63134531,CUST-618909,Life,2025-02-10,137.11,548000,0,0,0.231
POL-82666190,CUST-637973,Life,2019-07-07,109.84,922000,0,1,0.029
POL-88217691,CUST-80912,Umbrella,2024-10-15,537.04,1705000,0,1,0.24
POL-12909263,CUST-371704,Life,2022-07-23,67.24,957000,0,1,0.067
POL-90437356,CUST-992309,Renters,2019-04-25,17.37,61000,0,1,0.216
POL-11180661,CUST-106436,RV,2024-01-01,411.08,171000,2,1,0.199
POL-69158241,CUST-687633,Boat,2022-03-11,279.11,256000,2,1,0.143
POL-93232761,CUST-484342,Renters,2018-11-03,29.26,56000,0,1,0.231
POL-3922772,CUST-256736,Motorcycle,2016-12-30,140.22,53000,4,1,0.19
POL-66720006,CUST-845574,Auto,2015-11-20,245.71,440000,2,1,0.162
POL-63617029,CUST-137152,Motorcycle,2019-01-13,123.76,88000,4,1,0.174
POL-7909548,CUST-494435,Motorcycle,2021-12-13,124.64,91000,2,1,0.191
POL-545853,CUST-988791,Boat,2018-04-26,651.13,229000,1,1,0.189
POL-36758166,CUST-562357,Business,2017-02-11,504.05,4661000,0,0,0.021
POL-64689395,CUST-580796,Auto,2022-09-13,86.3,278000,4,1,0.243
POL-74615922,CUST-939773,Home,2015-10-26,794.4,1187000,0,1,0.039
POL-51888236,CUST-767469,Motorcycle,2017-11-15,54.4,94000,3,1,0.135
POL-77019613,CUST-218110,Auto,2020-03-04,136.1,121000,2,1,0.183
POL-17691897,CUST-128435,Home,2017-07-01,537.14,584000,0,1,0.038
POL-53449779,CUST-821825,Boat,2020-05-07,783.68,160000,2,1,0.066
POL-79477464,CUST-805530,Umbrella,2018-11-01,490.59,2189000,0,1,0.228
POL-59327130,CUST-416138,Life,2020-07-23,102.65,568000,0,1,0.209
POL-43394568,CUST-673651,Renters,2018-08-15,24.89,67000,0,1,0.182
POL-19347463,CUST-785032,Boat,2020-03-22,753.31,65000,2,1,0.102
POL-84937629,CUST-172435,Motorcycle,2025-04-30,96.97,69000,3,1,0.001
POL-94292151,CUST-310942,Motorcycle,2022-02-07,44.47,72000,4,1,0.133
POL-54419851,CUST-215078,Life,2021-05-09,58.44,444000,0,1,0.14
POL-80241789,CUST-114173,Umbrella,2018-09-30,590.68,3538000,0,1,0.21
POL-18615277,CUST-784388,Health,2023-04-27,1111.97,336000,0,1,0.215
POL-79004738,CUST-661241,Boat,2025-06-12,538.23,340000,1,1,0.246
POL-1523124,CUST-225686,Life,2020-08-09,190.63,219000,0,1,0.054
POL-76860780,CUST-275004,RV,2022-03-22,378.16,164000,2,1,0.043
POL-89247243,CUST-83806,Motorcycle,2024-02-04,50.56,53000,1,1,0.048
POL-24363479,CUST-673218,Motorcycle,2017-05-12,45.66,77000,3,1,0.122
POL-94290084,CUST-955298,Life,2022-07-13,164.57,243000,0,1,0.125
POL-96449568,CUST-306322,Auto,2022-01-05,275.46,77000,2,1,0.174
POL-61762245,CUST-92726,Auto,2025-02-21,91.64,154000,2,1,0.245
POL-60599012,CUST-704889,RV,2022-06-20,409.65,250000,1,1,0.12
POL-55256621,CUST-715053,Business,2015-12-05,1294.68,3614000,0,1,0.2
POL-30091130,CUST-229062,Boat,2024-11-10,507.84,39000,1,0,0.123
POL-29618314,CUST-629231,Business,2021-01-31,1991.48,521000,0,1,0.054
POL-4410593,CUST-109973,Boat,2017-05-19,410.19,137000,2,1,0.223
POL-14419839,CUST-178056,RV,2022-02-14,962.0,118000,1,1,0.163
POL-76667744,CUST-28877,Business,2021-06-12,1972.56,4250000,0,1,0.215
POL-53868567,CUST-813769,Home,2017-06-04,489.63,1805000,0,1,0.156
POL-76193589,CUST-630856,Auto,2019-09-11,217.36,168000,4,1,0.197
POL-98164377,CUST-613523,Umbrella,2020-02-14,236.47,3391000,0,1,0.093
POL-10912414,CUST-204144,Motorcycle,2016-01-26,94.75,100000,3,1,0.228
POL-31088021,CUST-285396,Health,2019-05-06,894.01,79000,0,0,0.025
POL-28916427,CUST-499371,Boat,2020-02-13,418.15,117000,2,1,0.244
POL-64697129,CUST-688695,Business,2022-08-17,1447.69,1268000,0,1,0.222
POL-92026538,CUST-286923,Boat,2018-12-25,671.24,370000,2,1,0.227
POL-13474234,CUST-295118,Umbrella,2024-07-26,446.8,4751000,0,1,0.029
POL-75611792,CUST-571993,Life,2016-04-08,180.07,244000,0,0,0.042
POL-11893154,CUST-763751,Renters,2020-01-03,45.81,99000,0,1,0.202
POL-9550768,CUST-906992,Umbrella,2016-07-19,450.08,2037000,0,1,0.113
POL-66253065,CUST-629665,Umbrella,2022-11-17,418.34,2385000,0,1,0.107
POL-5059637,CUST-77503,Boat,2019-03-06,289.11,349000,2,1,0.121
POL-73068652,CUST-95568,Health,2019-10-06,763.54,283000,0,1,0.02
POL-53748388,CUST-10928,Health,2017-04-04,743.47,260000,0,1,0.101
POL-77623736,CUST-686243,Boat,2020-04-22,572.91,182000,1,1,0.145
POL-3344072,CUST-49870,Auto,2016-11-26,203.93,270000,2,1,0.241
POL-88067926,CUST-942626,Home,2020-10-16,449.67,675000,0,1,0.054
POL-5187852,CUST-157833,Home,2018-03-29,300.0,1501000,0,1,0.076
POL-75406370,CUST-871150,Auto,2024-07-03,263.28,121000,1,0,0.153
POL-55967954,CUST-970802,Motorcycle,2022-08-04,69.94,97000,3,1,0.07
POL-54250582,CUST-960473,Renters,2017-07-08,17.48,94000,0,1,0.045
POL-4426551,CUST-784324,Life,2024-10-02,119.11,928000,0,1,0.1
POL-83328329,CUST-631475,Life,2016-09-21,48.6,672000,0,1,0.089
POL-33077664,CUST-306161,Home,2016-03-01,157.41,1123000,0,1,0.22
POL-16373743,CUST-886709,RV,2017-12-13,744.32,100000,2,1,0.231
POL-34603606,CUST-526326,Auto,2018-11-27,174.53,158000,4,0,0.119
POL-40582530,CUST-580404,Renters,2021-02-03,23.01,98000,0,1,0.122
POL-20929420,CUST-62824,Business,2019-12-08,882.92,3770000,0,1,0.232
POL-42849209,CUST-207074,Home,2019-01-21,716.05,170000,0,1,0.206
POL-57105228,CUST-64365,Umbrella,2016-10-06,358.82,4877000,0,1,0.189
POL-75896671,CUST-703908,Renters,2023-08-17,30.64,88000,0,0,0.026
POL-65184646,CUST-878007,Life,2017-02-16,98.82,103000,0,1,0.178
POL-27569515,CUST-965508,Business,2017-03-10,1472.68,2910000,0,1,0.08
POL-51292322,CUST-61615,Boat,2024-09-27,554.27,375000,2,0,0.233
POL-43476543,CUST-825443,Home,2016-11-07,398.1,979000,0,1,0.011
POL-13271722,CUST-896755,Motorcycle,2023-09-02,69.6,24000,4,1,0.076
POL-66506548,CUST-121641,Boat,2016-12-17,316.48,120000,1,1,0.113
POL-18150476,CUST-820710,RV,2018-12-14,835.3,127000,2,1,0.224
POL-78244475,CUST-714966,Boat,2017-02-26,214.01,46000,2,1,0.138
POL-2177526,CUST-141933,RV,2020-10-03,768.89,132000,2,1,0.071
POL-62267690,CUST-701504,Health,2020-08-27,1128.84,498000,0,1,0.091
POL-21685822,CUST-978166,Home,2015-07-26,781.88,249000,0,1,0.08
POL-74577463,CUST-842010,Umbrella,2024-05-08,260.13,2904000,0,1,0.021
POL-38832971,CUST-96485,Umbrella,2016-12-29,526.66,2606000,0,1,0.1
POL-17786534,CUST-881205,Business,2017-07-09,1628.98,782000,0,1,0.206
POL-61656478,CUST-892426,Life,2024-07-27,103.85,897000,0,1,0.007
POL-42562292,CUST-143358,RV,2020-07-31,528.01,154000,1,1,0.106
POL-93576651,CUST-78730,Renters,2023-09-27,47.63,64000,0,1,0.244
POL-58537694,CUST-499580,Motorcycle,2019-02-13,106.15,84000,2,1,0.06
POL-49459554,CUST-514703,Umbrella,2024-03-03,331.58,4441000,0,1,0.129
POL-39535714,CUST-901970,Health,2021-12-19,925.69,168000,0,1,0.022
POL-25168816,CUST-634594,Business,2022-10-14,997.99,1397000,0,1,0.071
POL-32056846,CUST-581024,Umbrella,2016-09-17,572.42,3876000,0,1,0.2
POL-5034402,CUST-962562,Life,2016-11-06,155.43,896000,0,1,0.109
POL-40488852,CUST-644524,Health,2023-12-27,458.69,370000,0,1,0.174
POL-88264438,CUST-397358,Home,2017-05-20,124.48,145000,0,1,0.211
POL-77523534,CUST-300173,Home,2017-07-27,100.08,141000,0,1,0.042
POL-33487805,CUST-672572,Motorcycle,2018-05-17,77.9,22000,4,1,0.127
POL-15967936,CUST-365272,RV,2018-01-27,877.5,259000,2,1,0.156
POL-6427033,CUST-79833,Business,2020-04-28,2285.61,3384000,0,0,0.036
POL-11059697,CUST-964775,Boat,2019-07-14,616.87,433000,2,1,0.037
POL-29231948,CUST-347599,Business,2021-03-14,2026.31,1457000,0,1,0.189
POL-55158740,CUST-625802,Life,2016-05-14,48.29,969000,0,1,0.09
POL-88837319,CUST-194559,Health,2022-11-12,568.43,289000,0,1,0.146
POL-8915990,CUST-426267,Life,2022-02-07,195.84,127000,0,0,0.116
POL-33993444,CUST-853696,Motorcycle,2024-10-24,119.44,25000,4,1,0.034
POL-45249515,CUST-175343,Health,2021-05-08,412.6,63000,0,1,0.167
POL-23555259,CUST-794464,Boat,2020-12-28,729.63,48000,1,1,0.189
POL-99266581,CUST-327038,Renters,2023-12-12,25.8,13000,0,1,0.074
POL-270663,CUST-145679,RV,2016-10-08,937.12,120000,1,1,0.081
POL-37983040,CUST-510193,Boat,2021-09-03,528.56,474000,1,1,0.033
POL-94970680,CUST-489207,Health,2016-08-06,422.63,499000,0,1,0.171
POL-72853850,CUST-626220,Renters,2025-06-04,35.95,59000,0,1,0.209
POL-69873267,CUST-551248,Renters,2020-03-09,17.5,14000,0,1,0.242
POL-57165857,CUST-409392,Health,2021-08-07,652.53,105000,0,1,0.095
POL-68005917,CUST-597911,RV,2020-04-18,812.98,157000,2,1,0.144
POL-7832182,CUST-32113,Life,2019-04-02,185.79,249000,0,1,0.113
POL-14222635,CUST-619548,Health,2021-10-10,1153.29,119000,0,1,0.098
POL-58074117,CUST-473345,Life,2021-04-16,167.14,354000,0,1,0.235
POL-89041118,CUST-961559,Motorcycle,2021-05-30,55.85,57000,3,0,0.164
POL-27945099,CUST-383380,Auto,2022-05-01,98.37,60000,1,1,0.169
POL-67761937,CUST-310634,Business,2021-09-08,1196.03,2798000,0,1,0.225
POL-24727121,CUST-470029,Business,2017-12-21,1230.65,163000,0,1,0.143
POL-61160970,CUST-163643,Umbrella,2016-12-18,308.63,4063000,0,1,0.084
POL-54251790,CUST-139742,Business,2022-02-14,2219.7,2249000,0,1,0.166
POL-54370744,CUST-384783,Business,2021-08-24,700.47,2726000,0,1,0.232
POL-34761123,CUST-401375,Auto,2015-12-07,116.94,360000,2,1,0.167
POL-63942794,CUST-23650,Auto,2015-08-18,250.53,63000,2,1,0.159
POL-11140488,CUST-308344,Auto,2016-03-22,308.87,94000,1,1,0.229
POL-14929252,CUST-879579,Auto,2020-02-29,89.15,239000,4,1,0.088
POL-683656,CUST-858166,Home,2019-04-12,128.31,227000,0,1,0.138
POL-68349575,CUST-679772,Umbrella,2021-12-04,319.83,2456000,0,1,0.083
POL-24163569,CUST-273339,Motorcycle,2022-08-27,142.92,78000,4,1,0.046
POL-94010618,CUST-536819,Business,2016-03-07,610.31,2803000,0,1,0.071
POL-13771734,CUST-919547,Home,2023-01-24,421.99,137000,0,1,0.216
POL-460418,CUST-669171,Boat,2015-07-31,328.89,409000,1,1,0.174
POL-54918951,CUST-567799,Motorcycle,2022-07-02,120.49,14000,4,0,0.208
POL-90236701,CUST-285153,Renters,2016-06-30,38.78,95000,0,1,0.179
POL-65211223,CUST-142161,Umbrella,2017-03-14,503.5,4261000,0,0,0.19
POL-18886930,CUST-8082,Health,2024-08-13,1146.99,382000,0,0,0.167
POL-54713029,CUST-176685,Umbrella,2023-07-09,233.05,4676000,0,1,0.035
POL-67310485,CUST-755095,Renters,2018-10-06,31.26,13000,0,1,0.13
POL-16336260,CUST-368232,Auto,2017-05-21,265.52,259000,4,1,0.219
POL-18791420,CUST-240510,Life,2018-03-28,88.34,274000,0,1,0.115
POL-74116934,CUST-155276,Renters,2017-12-03,22.56,41000,0,1,0.205
POL-23486656,CUST-583077,Life,2018-07-28,176.57,404000,0,1,0.218
POL-38105554,CUST-13810,Health,2018-02-17,504.08,161000,0,1,0.225
POL-37274678,CUST-493923,Life,2024-08-11,181.69,293000,0,1,0.018
POL-20876851,CUST-551560,Motorcycle,2021-01-19,60.79,73000,3,0,0.237
POL-48038653,CUST-635432,Health,2018-10-08,730.23,466000,0,1,0.082
POL-4288227,CUST-1351,Renters,2020-07-19,46.47,21000,0,1,0.174
POL-12384194,CUST-40908,Auto,2020-02-19,137.27,285000,1,1,0.204
POL-35967208,CUST-474345,Home,2024-12-02,584.5,141000,0,1,0.068
POL-30624865,CUST-391145,Health,2017-06-18,235.85,450000,0,1,0.135
POL-94560557,CUST-121069,Business,2017-03-23,1674.91,2125000,0,1,0.01
POL-46577480,CUST-699414,Business,2019-09-07,2177.61,266000,0,1,0.132
POL-42200544,CUST-203675,Boat,2015-12-31,726.29,237000,2,1,0.098
POL-59457952,CUST-972706,Umbrella,2020-11-30,408.57,2272000,0,1,0.088
POL-22109952,CUST-803359,Boat,2017-12-20,463.91,299000,2,1,0.092
POL-79463428,CUST-137627,Motorcycle,2024-07-09,130.98,48000,3,0,0.145
POL-58610285,CUST-303319,Boat,2015-08-16,496.22,37000,1,1,0.037
POL-85839833,CUST-734222,Umbrella,2017-06-30,252.2,2711000,0,1,0.078
POL-65682810,CUST-583558,Renters,2021-08-10,19.82,35000,0,1,0.043
POL-80368898,CUST-796048,Motorcycle,2016-03-10,76.25,90000,3,1,0.127
POL-70355705,CUST-251935,Home,2023-05-24,782.86,1377000,0,1,0.019
POL-17129638,CUST-971646,Renters,2015-12-28,21.36,13000,0,1,0.175
POL-2307688,CUST-892849,Umbrella,2024-09-08,382.62,3092000,0,1,0.055
POL-3184937,CUST-938428,Life,2016-09-24,69.35,354000,0,1,0.129
POL-13734052,CUST-652276,Health,2020-08-06,575.02,446000,0,1,0.017
POL-95602621,CUST-989040,Boat,2020-05-21,402.76,209000,1,1,0.117
POL-32559181,CUST-315917,Renters,2021-02-04,46.95,71000,0,1,0.054
POL-82310958,CUST-349088,Motorcycle,2016-10-21,68.43,80000,3,1,0.114
POL-68523330,CUST-797914,Motorcycle,2017-08-22,148.95,49000,4,1,0.227
POL-88018173,CUST-275394,Business,2017-02-13,2475.34,2997000,0,1,0.22
POL-63019381,CUST-582662,Business,2020-05-23,1478.66,339000,0,1,0.178
POL-60952599,CUST-301819,RV,2022-06-20,948.77,188000,1,0,0.167
POL-73900640,CUST-38181,Renters,2017-09-07,37.31,27000,0,0,0.131
POL-11408835,CUST-672723,Health,2018-06-23,608.23,295000,0,1,0.156
POL-90480824,CUST-582447,Boat,2024-03-02,387.95,191000,2,1,0.232
POL-3029672,CUST-404253,Umbrella,2019-04-17,579.07,2481000,0,1,0.024
POL-46218260,CUST-521899,Boat,2019-04-09,758.5,448000,1,1,0.1
POL-86231589,CUST-744875,Business,2025-01-03,2245.91,976000,0,1,0.139
POL-90420950,CUST-238387,Business,2015-12-01,555.03,4194000,0,1,0.126
POL-74935254,CUST-613608,Life,2023-05-26,128.72,998000,0,1,0.02
POL-89608371,CUST-152996,Life,2017-06-16,179.39,582000,0,1,0.029
POL-29785413,CUST-863929,Motorcycle,2017-02-23,50.24,44000,2,1,0.012
POL-33632413,CUST-976395,Home,2023-01-21,644.63,947000,0,1,0.246
POL-96703415,CUST-422049,Motorcycle,2019-07-27,103.21,55000,3,1,0.191
POL-1844257,CUST-334429,Motorcycle,2025-04-15,135.16,26000,1,1,0.221
POL-74161951,CUST-338860,Boat,2021-02-20,250.14,410000,1,1,0.167
POL-66167563,CUST-822343,Life,2021-05-09,111.9,160000,0,1,0.204
POL-79504741,CUST-599958,Boat,2021-10-28,669.01,91000,2,0,0.091
POL-93666893,CUST-805469,Life,2020-09-12,46.07,240000,0,1,0.009
POL-73112591,CUST-796456,Health,2015-11-06,1060.6,317000,0,1,0.191
POL-25041333,CUST-603888,Auto,2020-03-24,167.65,399000,3,0,0.051
POL-56250899,CUST-632021,Home,2015-07-04,410.0,1726000,0,0,0.184
POL-76026118,CUST-668606,Renters,2022-10-22,44.42,62000,0,1,0.203
POL-92539157,CUST-312514,Home,2016-04-28,467.51,910000,0,1,0.183
POL-20565671,CUST-545072,Auto,2021-08-09,256.03,322000,4,1,0.213
POL-57599647,CUST-15490,Umbrella,2024-09-25,208.0,2340000,0,1,0.074
POL-8949314,CUST-763245,Business,2021-11-29,879.11,4690000,0,1,0.243
POL-52144567,CUST-347665,Life,2016-04-26,87.83,996000,0,1,0.24
POL-61699587,CUST-252279,Business,2022-08-24,1660.34,1720000,0,1,0.026
POL-60713000,CUST-792876,Umbrella,2019-06-20,460.52,4361000,0,1,0.086
POL-49828955,CUST-465622,Auto,2020-02-22,201.39,473000,4,1,0.221
POL-11139313,CUST-418458,Home,2016-03-24,554.83,1853000,0,1,0.173
POL-19314149,CUST-465734,Business,2020-11-28,1040.04,3531000,0,1,0.028
POL-12513577,CUST-971446,Home,2022-07-17,306.9,798000,0,0,0.236
POL-56137195,CUST-696130,Business,2019-04-13,1062.91,170000,0,1,0.208
POL-9276071,CUST-313357,Auto,2025-01-08,300.98,256000,3,1,0.087
POL-74066316,CUST-61432,RV,2025-06-29,493.91,190000,2,1,0.033
POL-48011607,CUST-230636,Boat,2017-11-16,631.86,224000,1,1,0.139
POL-68723270,CUST-293971,Auto,2015-11-04,194.36,252000,4,1,0.044
POL-64278296,CUST-758000,Business,2018-10-20,883.9,2480000,0,1,0.068
POL-82673451,CUST-643595,Home,2022-04-09,598.51,1335000,0,1,0.11
POL-85919174,CUST-642640,Renters,2018-03-24,37.42,19000,0,1,0.002
POL-39696365,CUST-282437,RV,2022-04-05,434.59,159000,1,1,0.074
POL-61717603,CUST-811463,Boat,2020-08-14,261.7,383000,2,1,0.111
POL-24206172,CUST-338803,Umbrella,2023-12-25,599.02,1777000,0,1,0.115
POL-71337227,CUST-295681,Health,2015-08-25,537.61,411000,0,1,0.213
POL-32264369,CUST-780084,Life,2018-08-17,196.09,597000,0,1,0.155
POL-33625868,CUST-182566,RV,2017-11-21,887.45,221000,1,1,0.224
POL-40464166,CUST-537168,Health,2019-02-09,536.65,147000,0,0,0.045
POL-4282852,CUST-287211,Boat,2015-07-29,356.93,232000,1,1,0.129
POL-60984401,CUST-743899,Boat,2016-11-08,724.6,140000,2,1,0.085
POL-41314124,CUST-115983,Boat,2017-08-21,727.87,398000,2,1,0.035
POL-45903538,CUST-258579,Life,2021-02-14,163.0,941000,0,1,0.157
POL-80577960,CUST-113259,Life,2022-04-09,196.3,97000,0,1,0.076
POL-71749735,CUST-354457,Life,2021-01-24,62.59,345000,0,1,0.232
POL-61543645,CUST-295476,Auto,2020-11-09,130.69,380000,4,1,0.138
POL-3864700,CUST-402834,Umbrella,2025-06-11,567.73,4538000,0,1,0.209
POL-66972974,CUST-590452,Auto,2018-06-15,113.82,190000,4,1,0.05
POL-2006059,CUST-170028,Motorcycle,2021-12-08,79.86,47000,2,1,0.085
POL-22084483,CUST-386843,Motorcycle,2020-03-19,117.69,50000,1,1,0.12
POL-8245547,CUST-250779,Umbrella,2023-03-09,540.81,1479000,0,1,0.177
POL-29745767,CUST-689081,Renters,2019-02-11,25.28,51000,0,1,0.062
POL-83293187,CUST-833437,Life,2017-12-13,129.38,572000,0,1,0.123
POL-90685083,CUST-628918,Umbrella,2021-03-29,432.62,4656000,0,1,0.135
POL-48162197,CUST-190089,Home,2020-06-11,452.44,1240000,0,1,0.098
POL-11081940,CUST-337807,Motorcycle,2019-04-10,144.03,62000,2,1,0.075
POL-18696461,CUST-550880,RV,2024-08-22,867.32,208000,1,1,0.065
POL-30381501,CUST-48329,Home,2022-01-27,365.39,461000,0,1,0.198
POL-2718687,CUST-955932,Boat,2020-03-31,203.41,212000,2,1,0.028
POL-81215263,CUST-456217,Renters,2017-11-14,45.93,66000,0,1,0.068
POL-24672036,CUST-948773,Boat,2022-03-02,438.04,75000,1,0,0.106
POL-59407700,CUST-165603,Renters,2017-01-13,49.16,12000,0,1,0.201
POL-65145653,CUST-309844,Umbrella,2017-03-07,240.54,3154000,0,1,0.234
POL-80562685,CUST-145578,Motorcycle,2018-03-01,49.71,84000,2,1,0.167
POL-3549093,CUST-316707,Umbrella,2017-09-21,368.78,2387000,0,1,0.173
POL-54662975,CUST-486550,Life,2016-12-21,52.1,978000,0,1,0.013
POL-23734184,CUST-949142,Renters,2024-09-15,32.04,15000,0,1,0.107
POL-48208672,CUST-717747,Motorcycle,2017-07-09,147.66,58000,4,1,0.068
POL-79234132,CUST-184646,RV,2019-08-03,778.38,110000,2,1,0.078
POL-51331534,CUST-633469,Boat,2022-05-27,679.28,467000,2,1,0.185
POL-63731819,CUST-900137,Health,2019-01-24,709.25,129000,0,1,0.041
POL-53179088,CUST-232040,Business,2015-07-30,701.84,2501000,0,1,0.056
POL-47640750,CUST-788030,Boat,2017-08-22,773.41,420000,2,1,0.164
POL-28917053,CUST-126993,Business,2016-01-21,595.39,1985000,0,1,0.183
POL-78701173,CUST-164512,Motorcycle,2019-06-02,112.61,77000,4,1,0.066
POL-6060961,CUST-316743,Renters,2024-01-01,42.25,69000,0,1,0.109
POL-48089112,CUST-7958,RV,2024-07-15,941.79,102000,1,1,0.016
POL-20296909,CUST-47273,Home,2018-08-22,782.97,947000,0,1,0.063
POL-12780167,CUST-704039,Home,2022-08-09,564.22,400000,0,1,0.151
POL-6542972,CUST-111403,Home,2025-06-12,453.04,1699000,0,1,0.014
POL-32126291,CUST-674220,Home,2025-04-19,339.98,1610000,0,1,0.168
POL-28406702,CUST-391823,Renters,2019-08-21,48.33,13000,0,1,0.068
POL-65687367,CUST-633544,Business,2019-05-02,629.17,4991000,0,1,0.222
POL-11375304,CUST-633028,Business,2023-10-13,1568.41,2771000,0,1,0.03
POL-276712,CUST-60958,Home,2016-07-17,740.6,705000,0,1,0.02
POL-24670174,CUST-743160,Life,2015-11-11,49.83,515000,0,1,0.074
POL-86977257,CUST-358184,Home,2025-05-22,789.8,1850000,0,1,0.17
POL-13347955,CUST-395085,RV,2022-10-24,696.0,254000,1,1,0.007
POL-24723692,CUST-882572,Home,2017-12-24,134.62,595000,0,1,0.171
POL-50542762,CUST-750300,Health,2021-04-14,1108.68,342000,0,1,0.029
POL-93954271,CUST-516139,Auto,2020-04-08,164.07,480000,2,1,0.009
POL-69004387,CUST-775906,Home,2016-07-31,722.27,416000,0,1,0.09
POL-47499299,CUST-628833,Business,2021-10-05,1649.84,3938000,0,0,0.1
POL-329821,CUST-762413,Health,2020-10-01,300.22,226000,0,1,0.018
POL-77761337,CUST-651846,RV,2023-02-21,604.37,166000,1,1,0.169
POL-30454606,CUST-493,Life,2017-12-02,154.03,426000,0,1,0.112
POL-46188173,CUST-762268,Auto,2020-05-08,342.59,194000,3,1,0.208
POL-18349768,CUST-778986,Motorcycle,2019-03-10,62.5,96000,2,1,0.09
POL-11119104,CUST-403775,RV,2019-06-25,495.93,190000,2,1,0.156
POL-62474755,CUST-960547,Home,2023-06-20,476.41,1778000,0,1,0.242
POL-10129246,CUST-298701,RV,2024-08-02,785.77,124000,1,0,0.02
POL-50579208,CUST-303694,Health,2021-02-17,481.72,249000,0,1,0.151
POL-98504657,CUST-301926,Health,2022-12-30,957.2,72000,0,1,0.037
POL-59584335,CUST-13472,Life,2019-08-30,64.52,196000,0,1,0.178
POL-82535681,CUST-310072,Health,2017-07-03,581.55,108000,0,1,0.238
POL-26281402,CUST-710598,RV,2021-06-29,856.74,190000,2,1,0.08
POL-10774925,CUST-702629,Home,2017-04-08,726.75,1007000,0,1,0.155
POL-66968371,CUST-448694,Renters,2023-03-04,32.41,59000,0,0,0.126
POL-95495700,CUST-448802,Auto,2022-08-26,279.38,53000,4,1,0.029
POL-7840102,CUST-361340,Motorcycle,2021-04-11,98.8,47000,2,0,0.198
POL-88427126,CUST-493807,Umbrella,2018-07-02,361.97,1185000,0,1,0.202
POL-8978692,CUST-131094,RV,2022-08-09,537.0,291000,2,1,0.196
POL-77242120,CUST-167899,RV,2015-12-11,722.34,111000,1,1,0.113
POL-11615274,CUST-861265,Umbrella,2024-11-30,519.55,3572000,0,1,0.057
POL-63993682,CUST-574032,Motorcycle,2020-12-15,141.86,90000,2,1,0.183
POL-54597014,CUST-694346,Health,2016-06-05,984.64,411000,0,1,0.246
POL-96819464,CUST-655305,Umbrella,2016-10-02,488.56,4687000,0,1,0.249
POL-20921814,CUST-138459,Life,2016-07-06,176.8,930000,0,0,0.047
POL-9294238,CUST-707969,Motorcycle,2019-09-05,94.21,69000,1,1,0.113
POL-52451159,CUST-501702,Boat,2017-06-06,243.67,252000,2,1,0.136
POL-91234857,CUST-972408,Boat,2024-10-19,370.94,236000,1,1,0.01
POL-3226649,CUST-405150,Motorcycle,2023-01-04,70.54,53000,4,1,0.097
POL-84907623,CUST-448348,Motorcycle,2023-08-16,119.9,37000,4,1,0.177
POL-45003155,CUST-258027,Home,2018-12-21,246.2,1398000,0,1,0.165
POL-20289508,CUST-208061,Life,2017-10-18,179.8,271000,0,1,0.226
POL-16522764,CUST-565340,Life,2023-10-07,41.95,292000,0,1,0.187
POL-78621217,CUST-162856,Business,2021-07-18,1597.98,1660000,0,0,0.076
POL-18530031,CUST-396939,RV,2016-09-16,612.18,296000,1,1,0.011
POL-96698735,CUST-298302,Home,2024-04-14,222.1,521000,0,1,0.112
POL-49343037,CUST-434199,Business,2024-03-19,2123.71,1926000,0,1,0.157
POL-66837769,CUST-87858,Umbrella,2019-04-01,438.82,1339000,0,1,0.032
POL-38395262,CUST-886888,Business,2016-11-27,759.57,1398000,0,1,0.017
POL-81372722,CUST-326703,Health,2018-01-30,643.94,440000,0,1,0.221
POL-2895539,CUST-41987,Renters,2018-10-08,39.97,97000,0,1,0.08
POL-32862031,CUST-475587,Boat,2015-12-26,623.54,341000,1,0,0.02
POL-32971677,CUST-597476,Health,2021-03-21,803.98,332000,0,1,0.218
POL-75779237,CUST-951964,Motorcycle,2024-08-23,99.58,51000,2,1,0.037
POL-32653792,CUST-737189,Motorcycle,2018-01-07,97.32,21000,2,1,0.172
POL-27807105,CUST-150157,Health,2016-09-26,1139.66,345000,0,1,0.059
POL-58700627,CUST-361317,Motorcycle,2019-11-29,119.95,36000,4,1,0.18
POL-51015999,CUST-398447,Auto,2024-01-14,156.64,378000,4,1,0.072
POL-17020143,CUST-502003,Umbrella,2019-01-16,555.5,2764000,0,1,0.167
POL-95778524,CUST-270380,Umbrella,2024-08-07,414.37,3119000,0,1,0.019
POL-65885973,CUST-691127,Motorcycle,2017-04-01,113.93,90000,3,1,0.038
POL-27072445,CUST-840378,Business,2024-11-29,868.78,2079000,0,1,0.155
POL-55396292,CUST-359135,RV,2023-12-12,705.6,289000,2,1,0.131
POL-9607081,CUST-925247,Business,2025-03-11,920.7,1335000,0,1,0.227
POL-28227237,CUST-964008,Auto,2021-04-16,348.84,318000,1,0,0.12
POL-18718144,CUST-43247,Health,2024-05-27,347.92,468000,0,1,0.224
POL-13201902,CUST-816781,Boat,2017-02-04,380.0,413000,2,1,0.2
POL-89563347,CUST-913098,Home,2020-03-02,537.42,1696000,0,1,0.031
POL-52054365,CUST-842875,RV,2016-01-04,962.56,103000,2,1,0.067
POL-21967075,CUST-734348,Life,2021-07-02,84.38,559000,0,1,0.067
POL-52736741,CUST-307061,Renters,2022-10-10,18.22,75000,0,1,0.137
POL-57858924,CUST-466738,Boat,2018-08-16,649.25,48000,1,1,0.033
POL-49499531,CUST-66703,Health,2019-03-30,281.59,366000,0,1,0.11
POL-65478354,CUST-191971,Home,2017-12-13,518.02,297000,0,1,0.16
POL-42402423,CUST-988877,Business,2020-04-01,1389.27,4949000,0,1,0.044
POL-29609418,CUST-847038,Health,2021-05-15,1169.38,98000,0,1,0.187
POL-65633669,CUST-996338,Life,2019-09-23,197.04,365000,0,1,0.012
POL-90280376,CUST-411305,Business,2021-09-16,1873.73,1806000,0,1,0.229
POL-51795004,CUST-643401,Life,2020-11-01,99.16,638000,0,1,0.224
POL-55127609,CUST-272816,RV,2023-06-23,627.98,256000,2,1,0.208
POL-59228514,CUST-536146,RV,2024-06-28,727.69,73000,2,0,0.158
POL-79011369,CUST-446547,Boat,2020-06-26,621.15,320000,2,1,0.217
POL-22103878,CUST-292219,Renters,2018-03-18,20.95,87000,0,1,0.198
POL-38651896,CUST-742557,RV,2025-04-28,739.88,65000,1,1,0.223
POL-16148236,CUST-22733,Home,2021-09-30,132.88,161000,0,1,0.237
POL-54599235,CUST-655857,Umbrella,2020-09-17,568.35,3665000,0,1,0.012
POL-42265353,CUST-6095,Umbrella,2017-11-04,238.67,3008000,0,1,0.04
POL-77657634,CUST-135909,Umbrella,2022-07-11,558.44,2342000,0,1,0.223
POL-56211276,CUST-342874,RV,2025-02-23,659.66,61000,2,1,0.104
POL-71649701,CUST-973927,Auto,2022-01-04,302.54,169000,4,1,0.093
POL-14744772,CUST-149940,Auto,2021-03-04,216.62,362000,3,1,0.022
POL-56599806,CUST-803120,Auto,2016-06-01,326.88,91000,1,1,0.12
POL-60036941,CUST-918359,Auto,2017-08-23,320.22,460000,4,1,0.205
POL-95423695,CUST-516098,Umbrella,2022-08-08,571.46,2621000,0,1,0.041
POL-80165167,CUST-990545,RV,2018-07-18,910.86,127000,1,1,0.17
POL-99280192,CUST-335100,Umbrella,2019-06-06,420.8,1229000,0,1,0.171
POL-82394780,CUST-462264,Home,2015-11-12,141.73,1107000,0,1,0.004
POL-28925378,CUST-269904,Life,2025-06-07,66.77,275000,0,1,0.035
POL-18586879,CUST-76492,Umbrella,2020-01-28,521.87,4608000,0,1,0.043
POL-77246064,CUST-115602,Renters,2017-09-20,38.42,58000,0,1,0.013
POL-58664720,CUST-910873,RV,2020-08-13,957.14,279000,1,1,0.249
POL-586580,CUST-195083,Auto,2021-10-22,151.24,225000,1,1,0.085
POL-26291051,CUST-306925,Renters,2017-12-31,22.69,50000,0,1,0.028
POL-61937331,CUST-576825,RV,2023-11-21,700.63,270000,2,1,0.166
POL-38503642,CUST-954946,Boat,2015-08-07,637.51,366000,2,1,0.181
POL-66135332,CUST-758161,Health,2021-05-12,1189.54,80000,0,1,0.004
POL-62228848,CUST-899646,Auto,2025-02-21,259.92,467000,3,1,0.02
POL-50141100,CUST-121862,Home,2017-10-27,352.22,1177000,0,0,0.059
POL-39098525,CUST-732026,Auto,2024-05-02,310.75,250000,2,1,0.09
POL-61599960,CUST-25404,RV,2016-05-17,764.5,242000,2,1,0.241
POL-30894000,CUST-681291,Renters,2018-12-16,42.08,68000,0,0,0.06
POL-17979051,CUST-98154,Home,2024-07-03,223.32,1850000,0,1,0.051
POL-60771579,CUST-582484,RV,2020-06-21,566.72,275000,2,1,0.194
POL-32616985,CUST-202446,Umbrella,2017-12-10,547.03,1249000,0,1,0.223
POL-86584886,CUST-766652,Auto,2023-01-22,252.39,34000,3,1,0.177
POL-93068655,CUST-58825,Boat,2018-02-23,772.18,378000,1,1,0.092
POL-93780178,CUST-737316,Health,2025-02-22,1058.44,458000,0,1,0.099
POL-42500868,CUST-67141,Home,2020-01-31,482.3,1533000,0,1,0.235
POL-65530149,CUST-419641,Home,2022-03-17,278.51,338000,0,1,0.011
POL-1577154,CUST-414632,Renters,2023-01-25,16.42,69000,0,1,0.127
POL-54626097,CUST-660749,Health,2018-11-05,474.54,53000,0,1,0.111
POL-90046989,CUST-147455,Home,2019-03-26,661.1,1467000,0,1,0.015
POL-57222186,CUST-210198,Auto,2024-05-05,231.63,447000,2,1,0.214
POL-15142946,CUST-70635,Boat,2015-07-26,683.09,187000,2,1,0.024
POL-20340520,CUST-28381,Umbrella,2017-11-05,288.62,4193000,0,1,0.154
POL-96642322,CUST-708721,Boat,2016-04-29,718.22,193000,1,1,0.246
POL-39215457,CUST-527831,Life,2024-04-21,168.01,915000,0,1,0.025
POL-16978567,CUST-406531,Life,2020-01-22,188.68,216000,0,1,0.006
POL-72898620,CUST-213427,Auto,2019-10-19,88.88,189000,2,1,0.177
POL-28523451,CUST-443400,RV,2018-12-22,358.54,110000,2,1,0.011
POL-90690259,CUST-604249,Life,2023-03-04,123.11,833000,0,1,0.244
POL-3079083,CUST-992997,RV,2021-12-22,713.91,148000,2,0,0.129
POL-22331898,CUST-984093,Renters,2024-02-28,45.44,40000,0,1,0.157
POL-81235551,CUST-425167,Auto,2024-09-07,271.04,109000,4,1,0.028
POL-97144329,CUST-776015,Renters,2023-12-24,35.49,80000,0,1,0.074
POL-93591614,CUST-216893,Motorcycle,2016-12-14,116.63,46000,3,1,0.162
POL-1171326,CUST-893199,Life,2021-12-23,109.86,702000,0,1,0.197
POL-85914779,CUST-710073,Health,2021-03-15,817.66,480000,0,1,0.086
POL-81415077,CUST-961915,Home,2019-10-20,685.05,1779000,0,1,0.162
POL-58366716,CUST-919295,Auto,2020-05-11,293.38,451000,3,1,0.047
POL-3224827,CUST-589605,Health,2017-10-03,211.11,165000,0,1,0.068
POL-56278367,CUST-293529,Home,2021-10-18,353.17,1289000,0,1,0.128
POL-95991483,CUST-874453,Life,2025-02-28,145.86,592000,0,1,0.073
POL-15263861,CUST-909206,Health,2016-05-18,873.03,158000,0,1,0.066
POL-19538254,CUST-274256,Auto,2018-09-08,118.55,36000,2,0,0.013
POL-12560324,CUST-952208,Home,2021-10-12,653.67,1770000,0,1,0.152
POL-28876806,CUST-392377,Home,2025-02-01,181.31,728000,0,1,0.086
POL-87655433,CUST-933231,Business,2016-05-05,1436.39,3765000,0,1,0.213
POL-10394529,CUST-113541,Health,2015-07-05,452.35,210000,0,1,0.236
POL-39161178,CUST-410522,Health,2021-02-19,1139.07,225000,0,1,0.232
POL-63779384,CUST-361738,Boat,2017-05-11,783.48,493000,2,1,0.129
POL-96018718,CUST-724485,Health,2024-07-09,754.6,327000,0,1,0.14
POL-72597478,CUST-920413,Motorcycle,2016-07-06,39.62,70000,1,1,0.082
POL-29089965,CUST-997886,RV,2016-04-28,674.77,253000,1,1,0.198
POL-98482041,CUST-534324,Life,2024-05-28,184.16,178000,0,1,0.056
POL-85754703,CUST-794120,Umbrella,2025-04-23,317.69,3240000,0,1,0.204
POL-38364963,CUST-267681,Motorcycle,2016-02-06,55.76,93000,4,1,0.052
POL-8220986,CUST-295536,Life,2016-08-26,59.9,284000,0,1,0.188
POL-36499069,CUST-253745,Boat,2016-07-15,236.33,345000,2,1,0.22
POL-46784401,CUST-425372,Boat,2016-07-30,780.2,178000,1,1,0.088
POL-68312956,CUST-356442,RV,2022-01-16,526.61,97000,2,1,0.232
POL-92221481,CUST-223951,Life,2016-10-13,66.24,812000,0,1,0.007
POL-25626483,CUST-547818,Home,2021-02-09,453.06,1458000,0,1,0.134
POL-36834775,CUST-540070,Auto,2017-03-31,300.79,416000,1,1,0.165
POL-64063707,CUST-325367,RV,2019-03-10,797.27,174000,1,1,0.194
POL-42911928,CUST-369375,Renters,2023-04-15,46.62,16000,0,1,0.065
POL-6702656,CUST-206658,Renters,2024-02-05,32.41,22000,0,1,0.236
POL-83814327,CUST-670209,Home,2016-03-17,605.39,1834000,0,1,0.074
POL-13839095,CUST-966969,Auto,2015-09-12,189.74,488000,1,1,0.242
POL-69299246,CUST-976640,Home,2022-05-10,262.65,836000,0,1,0.047
POL-51195094,CUST-295522,Health,2020-11-24,672.09,138000,0,1,0.08
POL-14762588,CUST-510717,Umbrella,2023-02-07,501.97,4146000,0,1,0.048
POL-73674105,CUST-275003,RV,2023-03-01,383.76,120000,1,1,0.162
POL-12242063,CUST-972178,Boat,2016-02-09,786.83,373000,1,0,0.014
POL-20772573,CUST-931740,Boat,2016-02-16,749.14,321000,1,1,0.165
POL-88188826,CUST-107696,Health,2023-05-13,819.03,275000,0,1,0.034
POL-81377462,CUST-552720,Umbrella,2022-05-19,481.1,3680000,0,1,0.148
POL-86682914,CUST-737446,RV,2024-12-30,830.19,291000,1,1,0.112
POL-64925522,CUST-735813,Umbrella,2018-12-19,463.08,2154000,0,1,0.087
POL-58509729,CUST-97946,Business,2017-03-29,1800.86,1360000,0,0,0.004
POL-49098675,CUST-541020,Motorcycle,2017-04-23,134.48,40000,4,1,0.199
POL-56947676,CUST-837637,Motorcycle,2022-02-11,64.62,36000,3,1,0.058
POL-56692915,CUST-118303,Home,2024-04-17,226.53,712000,0,1,0.013
POL-76336362,CUST-599037,Auto,2016-12-10,255.19,55000,3,1,0.201
POL-51724842,CUST-459843,Renters,2023-06-28,21.01,81000,0,0,0.098
POL-77731187,CUST-771587,Life,2021-07-21,66.95,102000,0,1,0.09
POL-27107234,CUST-696249,Umbrella,2024-05-12,577.02,3085000,0,1,0.066
POL-21452202,CUST-433925,Renters,2018-11-18,36.11,62000,0,1,0.057
POL-63953458,CUST-912035,Life,2016-08-11,42.39,67000,0,1,0.074
POL-96558536,CUST-336433,Life,2016-03-15,184.53,582000,0,1,0.201
POL-44672955,CUST-562361,Auto,2015-12-21,246.77,426000,2,1,0.236
POL-50321442,CUST-198800,Motorcycle,2019-01-08,63.56,89000,2,1,0.155
POL-47853595,CUST-674888,Umbrella,2019-11-04,547.14,1687000,0,1,0.185
POL-8989077,CUST-616628,Renters,2024-08-30,20.23,65000,0,1,0.103
POL-56637467,CUST-343040,Home,2021-05-30,768.36,1229000,0,1,0.161
POL-94702587,CUST-157235,Life,2022-12-22,187.72,820000,0,1,0.022
POL-49609223,CUST-258907,Motorcycle,2024-10-09,37.84,22000,4,1,0.055
POL-32133795,CUST-259485,Life,2021-09-12,46.06,822000,0,1,0.162
POL-88064760,CUST-622085,Boat,2025-05-02,792.8,334000,2,1,0.075
POL-21890169,CUST-296001,Boat,2024-02-26,487.49,118000,1,1,0.085
POL-52062562,CUST-419618,Health,2018-03-15,1174.27,282000,0,1,0.097
POL-12651946,CUST-490864,Boat,2017-11-28,558.92,390000,2,1,0.1
POL-44983217,CUST-586739,Renters,2023-09-10,23.56,64000,0,1,0.013
POL-8930288,CUST-714415,Motorcycle,2016-03-25,56.49,15000,4,1,0.237
POL-72400512,CUST-853943,Life,2021-02-10,61.36,277000,0,1,0.206
POL-57085807,CUST-448535,RV,2020-01-18,707.26,70000,2,1,0.189
POL-65079143,CUST-634128,Umbrella,2024-10-25,545.5,1927000,0,1,0.019
POL-577198,CUST-854366,RV,2019-01-12,964.6,195000,1,1,0.035
POL-867056,CUST-158990,Business,2018-12-08,1551.9,3772000,0,1,0.185
POL-45764539,CUST-214442,Home,2024-04-05,750.07,841000,0,1,0.199
POL-62012067,CUST-187453,Business,2018-03-05,1424.52,2607000,0,1,0.225
POL-51572981,CUST-450885,RV,2023-08-23,540.23,51000,1,1,0.112
POL-86885711,CUST-232761,Renters,2025-01-08,30.98,97000,0,1,0.148
POL-42500820,CUST-73014,Business,2019-10-31,968.18,3444000,0,1,0.233
POL-99140241,CUST-744615,Home,2021-10-21,371.58,963000,0,1,0.227
POL-22093112,CUST-335476,Business,2016-07-14,2390.15,4669000,0,1,0.222
POL-69505854,CUST-388619,Life,2017-08-19,124.66,616000,0,0,0.096
POL-57239714,CUST-111668,Motorcycle,2020-08-05,117.88,74000,4,1,0.058
POL-592997,CUST-842836,Motorcycle,2019-07-21,76.28,59000,2,1,0.101
POL-62695212,CUST-857928,Auto,2024-10-02,293.41,262000,3,1,0.064
POL-1027311,CUST-561167,RV,2018-09-25,492.99,236000,1,0,0.058
POL-63337529,CUST-131136,RV,2025-02-03,701.6,76000,1,1,0.229
POL-85752856,CUST-478863,RV,2015-08-18,751.97,51000,2,1,0.246
POL-74567327,CUST-907048,Boat,2019-04-20,711.5,329000,2,1,0.129
POL-64931883,CUST-831896,Umbrella,2018-05-02,365.7,1288000,0,1,0.065
POL-62967268,CUST-478025,Life,2023-07-30,121.65,54000,0,1,0.231
POL-16222974,CUST-921509,Auto,2017-06-19,119.08,500000,2,1,0.074
POL-39257265,CUST-147019,Motorcycle,2024-01-08,81.97,64000,3,1,0.175
POL-17216331,CUST-726971,Umbrella,2020-12-02,424.61,2669000,0,1,0.046
POL-87573473,CUST-528434,Motorcycle,2023-09-03,72.58,75000,1,1,0.055
POL-26631419,CUST-1149,RV,2022-02-15,440.77,248000,1,1,0.242
POL-1156974,CUST-464084,RV,2016-07-16,485.55,213000,1,1,0.099
POL-19653080,CUST-76738,Business,2016-11-26,655.37,3499000,0,1,0.144
POL-18999328,CUST-751124,Umbrella,2016-04-23,379.11,4698000,0,1,0.111
POL-18899505,CUST-202859,Umbrella,2020-03-26,427.15,2098000,0,0,0.17
POL-90615177,CUST-304367,Boat,2020-07-07,215.5,451000,2,1,0.039
POL-29072409,CUST-931605,Business,2023-10-23,766.82,2347000,0,1,0.097
POL-46814976,CUST-774750,Umbrella,2016-05-17,522.59,3463000,0,0,0.115
POL-92843711,CUST-694382,Business,2023-09-19,2144.91,4054000,0,1,0.151
POL-63035498,CUST-98498,Home,2023-02-05,591.16,959000,0,1,0.123
POL-16147671,CUST-710783,Home,2022-10-05,608.3,197000,0,1,0.02
POL-78190445,CUST-661543,Boat,2025-05-09,541.45,271000,2,1,0.167
POL-14540669,CUST-394472,Auto,2023-07-27,128.31,32000,1,1,0.062
POL-95264613,CUST-639541,Motorcycle,2021-09-12,66.95,27000,2,1,0.034
POL-46958354,CUST-809375,Umbrella,2022-11-19,327.83,1591000,0,1,0.078
POL-54040872,CUST-807052,Life,2022-04-11,198.66,403000,0,1,0.1
POL-54588986,CUST-310373,Home,2023-03-28,203.51,1951000,0,1,0.042
POL-81504474,CUST-639002,Renters,2016-03-08,50.0,95000,0,1,0.144
POL-70332126,CUST-896212,Home,2021-12-01,155.8,497000,0,1,0.101
POL-26141770,CUST-301541,Renters,2019-06-26,27.19,53000,0,1,0.024
POL-2157922,CUST-18313,Motorcycle,2020-01-07,68.34,90000,2,1,0.212
POL-20446613,CUST-169320,Umbrella,2021-09-24,210.45,3514000,0,1,0.044
POL-18577030,CUST-707226,Life,2020-04-13,114.47,696000,0,1,0.093
POL-91556726,CUST-747263,Boat,2021-12-15,291.57,407000,1,1,0.025
POL-26343807,CUST-818236,Health,2021-09-11,1055.18,263000,0,1,0.059
POL-83771055,CUST-210020,Life,2023-04-20,114.28,434000,0,0,0.144
POL-17070364,CUST-878484,Renters,2018-08-05,30.85,89000,0,1,0.203
POL-77773189,CUST-79627,Auto,2016-12-29,191.93,327000,1,1,0.032
POL-32732649,CUST-654067,Boat,2019-11-21,242.88,160000,2,1,0.124
POL-61559591,CUST-22283,Home,2015-09-20,256.5,985000,0,1,0.135
POL-93050392,CUST-298334,Business,2021-08-25,607.93,3330000,0,1,0.225
POL-90162354,CUST-255062,Boat,2023-08-18,508.85,308000,1,1,0.025
POL-6720126,CUST-799290,Boat,2022-08-30,677.61,279000,1,1,0.24
POL-44905887,CUST-516782,RV,2017-06-07,820.17,137000,1,1,0.127
POL-15339663,CUST-86629,Business,2025-06-22,1181.74,2211000,0,0,0.247
POL-4985096,CUST-781421,Business,2021-01-31,1403.05,552000,0,1,0.186
POL-5886282,CUST-72606,Boat,2017-02-16,639.18,437000,2,1,0.236
POL-95138784,CUST-869064,Auto,2022-03-31,314.13,158000,1,1,0.239
POL-56245148,CUST-9346,Health,2018-01-25,364.99,456000,0,1,0.182
POL-67634912,CUST-34284,Business,2016-01-06,2273.64,2623000,0,1,0.002
POL-53865025,CUST-365585,Renters,2017-10-13,41.8,37000,0,1,0.233
POL-76748461,CUST-752634,Auto,2025-01-10,321.29,390000,4,1,0.094
POL-89848654,CUST-274364,Health,2019-01-18,1138.72,186000,0,1,0.131
POL-45132604,CUST-626915,Business,2023-06-20,958.06,1503000,0,1,0.016
POL-74666074,CUST-963131,Renters,2023-03-31,30.33,47000,0,1,0.079
POL-29616088,CUST-334122,Boat,2018-12-14,331.67,393000,2,1,0.157
POL-68128931,CUST-524700,Home,2020-05-29,333.36,980000,0,1,0.232
POL-48070969,CUST-515895,Home,2019-01-06,224.27,574000,0,1,0.182
POL-80547146,CUST-195969,Boat,2017-01-04,543.46,106000,2,0,0.203
POL-38075963,CUST-598165,Motorcycle,2017-04-29,148.88,71000,3,1,0.082
POL-63349917,CUST-597829,Health,2022-05-07,907.78,70000,0,1,0.227
POL-33842880,CUST-403076,RV,2017-01-17,989.96,82000,2,1,0.053
POL-95412772,CUST-529905,Auto,2019-08-14,185.57,464000,4,1,0.066
POL-85036366,CUST-406153,Health,2022-07-10,1189.15,145000,0,1,0.18
POL-91104130,CUST-872157,Auto,2020-04-26,326.43,475000,1,1,0.208
POL-20906603,CUST-24060,Auto,2019-07-30,325.93,314000,2,1,0.126
POL-12296926,CUST-988189,Auto,2019-01-10,239.43,101000,1,1,0.052
POL-92969033,CUST-145446,Boat,2023-11-29,218.32,375000,2,1,0.01
POL-56812031,CUST-382590,RV,2022-06-06,586.76,54000,2,1,0.075
POL-69584869,CUST-148884,Auto,2017-12-24,190.74,289000,4,1,0.069
POL-52726815,CUST-564895,Home,2020-10-09,196.76,874000,0,1,0.154
POL-35415982,CUST-900004,Life,2021-02-27,118.97,402000,0,1,0.096
POL-96717861,CUST-522253,Business,2018-04-29,1941.35,1102000,0,1,0.219
POL-38936328,CUST-2740,Life,2017-09-05,107.75,496000,0,1,0.182
POL-4614759,CUST-722684,Renters,2016-02-29,33.72,68000,0,1,0.195
POL-2790536,CUST-572631,Umbrella,2017-11-23,487.55,4837000,0,1,0.033
POL-89130077,CUST-52040,Auto,2022-02-23,347.9,239000,3,0,0.196
POL-40828255,CUST-698917,Life,2016-12-17,179.5,161000,0,1,0.206
POL-2344518,CUST-335155,Umbrella,2021-11-27,284.82,2668000,0,1,0.084
POL-79084880,CUST-25257,Motorcycle,2016-12-15,86.63,83000,3,1,0.189
POL-45354912,CUST-293395,Health,2025-01-04,468.18,109000,0,0,0.207
POL-19225466,CUST-519577,Business,2019-01-15,794.81,4600000,0,1,0.13
POL-53773579,CUST-683359,Auto,2017-06-10,152.91,471000,2,1,0.168
POL-97929702,CUST-59789,Life,2018-12-11,69.36,700000,0,1,0.172
POL-31470269,CUST-335825,Umbrella,2018-11-12,316.0,2491000,0,1,0.125
POL-87973637,CUST-953759,Umbrella,2022-08-26,304.49,3171000,0,1,0.15
POL-51189221,CUST-627334,Auto,2019-03-09,184.49,51000,3,1,0.196
POL-1726506,CUST-93752,Boat,2018-11-28,509.03,308000,2,1,0.208
POL-7632213,CUST-757472,Renters,2016-06-25,41.86,10000,0,1,0.037
POL-79098923,CUST-54961,Motorcycle,2016-02-19,99.57,15000,3,1,0.012
POL-79884868,CUST-617238,Life,2024-06-12,43.43,643000,0,1,0.154
POL-8853873,CUST-579909,Life,2019-06-27,185.08,884000,0,1,0.116
POL-69932957,CUST-119493,Health,2023-01-13,251.08,314000,0,1,0.082
POL-41570260,CUST-895072,Auto,2015-07-22,123.95,329000,2,1,0.238
POL-6020320,CUST-181917,Boat,2024-07-15,469.29,206000,1,1,0.145
POL-86395574,CUST-994422,Umbrella,2024-06-14,293.63,2290000,0,1,0.195
POL-45086729,CUST-732975,Boat,2019-06-02,552.76,80000,1,1,0.055
POL-8652877,CUST-351380,Health,2020-03-26,339.9,237000,0,1,0.14
POL-80548980,CUST-792721,Renters,2024-09-28,41.97,12000,0,1,0.02
POL-83885180,CUST-716117,Life,2018-07-20,110.09,236000,0,1,0.032
POL-83434777,CUST-775521,Home,2016-05-09,161.82,1862000,0,1,0.23
POL-6626186,CUST-968320,Renters,2019-05-29,37.8,51000,0,1,0.129
POL-94794910,CUST-231342,Umbrella,2019-12-17,206.15,3841000,0,1,0.102
POL-55990141,CUST-445327,Home,2023-01-14,112.81,1550000,0,1,0.208
POL-32539947,CUST-807733,Home,2016-12-31,716.07,1138000,0,1,0.223
POL-52869451,CUST-178670,Boat,2022-08-06,607.01,469000,2,1,0.235
POL-86261359,CUST-25933,Umbrella,2024-07-28,576.03,3959000,0,1,0.237
POL-11052484,CUST-147147,Motorcycle,2024-03-14,31.25,35000,4,1,0.077
POL-90513632,CUST-666044,Health,2017-10-28,834.82,404000,0,1,0.002
POL-69781516,CUST-70023,Renters,2022-10-17,47.35,23000,0,1,0.111
POL-76783086,CUST-317823,Umbrella,2021-06-05,581.88,3968000,0,0,0.221
POL-93604459,CUST-268891,Health,2023-04-20,1100.03,447000,0,1,0.1
POL-502763,CUST-914164,Renters,2023-04-14,26.8,14000,0,1,0.15
POL-96342524,CUST-230988,Renters,2021-05-28,23.36,31000,0,1,0.109
POL-11848331,CUST-38100,Motorcycle,2016-09-29,81.34,67000,3,1,0.1
POL-91386254,CUST-575123,Business,2021-06-05,2434.08,4308000,0,1,0.05
POL-90508809,CUST-817632,Health,2019-02-06,406.29,129000,0,1,0.071
POL-1122998,CUST-903891,Home,2019-08-27,384.51,1860000,0,1,0.021
POL-66732339,CUST-975037,Business,2022-11-08,2297.24,114000,0,1,0.118
POL-81156129,CUST-469620,Auto,2018-12-11,98.16,185000,4,1,0.129
POL-38952120,CUST-146284,Auto,2024-01-24,291.69,395000,2,1,0.205
POL-74853166,CUST-612923,Business,2017-02-07,758.8,3371000,0,1,0.195
POL-41396067,CUST-146728,Home,2017-08-13,313.38,1547000,0,1,0.07
POL-81390183,CUST-244088,Umbrella,2022-09-04,508.66,3131000,0,1,0.183
POL-54786586,CUST-769074,Health,2023-07-25,341.36,189000,0,1,0.156
POL-86924611,CUST-30179,Business,2021-07-19,1363.71,2660000,0,0,0.168
POL-54430126,CUST-851752,Boat,2017-04-05,327.78,103000,1,1,0.064
POL-57329867,CUST-502201,Business,2023-10-04,1926.73,1481000,0,1,0.162
POL-68328515,CUST-519296,Health,2017-03-01,430.51,210000,0,0,0.232
POL-53435899,CUST-911981,Home,2023-08-21,461.91,1537000,0,1,0.072
POL-88342383,CUST-556553,Auto,2017-08-16,176.55,334000,2,0,0.063
POL-29090885,CUST-429042,Umbrella,2024-09-22,210.8,2537000,0,1,0.102
POL-58041409,CUST-571208,Umbrella,2019-07-06,466.51,1704000,0,1,0.227
POL-89228124,CUST-699157,Motorcycle,2024-06-10,118.41,22000,2,1,0.056
POL-3298373,CUST-92045,RV,2021-07-29,772.65,69000,1,1,0.14
POL-85883279,CUST-169308,Auto,2022-03-28,130.06,478000,4,1,0.15
POL-53890850,CUST-180247,Renters,2023-04-26,31.64,16000,0,1,0.074
POL-24706188,CUST-445764,Renters,2018-03-13,20.15,24000,0,1,0.173
POL-58382207,CUST-465413,Motorcycle,2022-11-05,67.81,30000,4,1,0.099
POL-92761879,CUST-539889,Renters,2024-04-01,29.14,42000,0,1,0.18
POL-76487458,CUST-733203,Boat,2015-09-07,296.12,268000,2,1,0.243
POL-60068642,CUST-674843,Auto,2018-10-21,339.67,212000,2,1,0.054
POL-11492429,CUST-995730,Boat,2022-04-01,654.0,135000,2,1,0.094
POL-43602595,CUST-177217,Business,2022-03-20,2064.35,4235000,0,1,0.12
POL-73859604,CUST-961310,Life,2018-09-05,78.4,832000,0,1,0.064
POL-81764926,CUST-708,Boat,2024-08-22,505.97,435000,1,1,0.135
POL-39115599,CUST-608992,Boat,2023-05-20,584.26,429000,1,1,0.184
POL-32458878,CUST-847693,Life,2025-06-04,99.67,161000,0,1,0.209
POL-75913624,CUST-561471,Business,2020-11-25,1725.08,4745000,0,1,0.152
POL-18197113,CUST-339171,Business,2017-04-19,2187.71,4336000,0,1,0.078
POL-83548775,CUST-499773,Auto,2021-04-20,189.9,314000,1,1,0.115
POL-62391538,CUST-159691,Motorcycle,2023-08-31,145.65,11000,3,0,0.14
POL-43314217,CUST-632565,Boat,2022-11-15,699.95,123000,1,1,0.13
POL-51027154,CUST-310783,Motorcycle,2023-12-07,90.4,45000,1,1,0.213
POL-73691521,CUST-879340,Renters,2015-12-01,31.11,61000,0,1,0.098
POL-74765139,CUST-387299,Health,2018-09-09,828.93,447000,0,1,0.196
POL-3306687,CUST-332490,Motorcycle,2024-07-18,137.11,19000,2,1,0.066
POL-9722710,CUST-963070,Umbrella,2015-12-29,516.61,3107000,0,1,0.121
POL-16750164,CUST-810765,Motorcycle,2020-06-10,135.65,49000,4,1,0.002
POL-14678110,CUST-935268,Motorcycle,2022-12-29,143.5,59000,2,0,0.221
POL-44246409,CUST-506300,Life,2022-02-01,141.1,252000,0,1,0.123
POL-78210326,CUST-197626,Auto,2024-11-15,188.01,428000,2,1,0.018
POL-9391350,CUST-999709,Boat,2025-03-21,524.03,199000,2,1,0.234
POL-79219503,CUST-995103,Umbrella,2017-11-10,317.85,1947000,0,1,0.233
POL-53214873,CUST-367965,Life,2021-06-28,127.97,70000,0,1,0.136
POL-71723698,CUST-558761,Business,2017-01-26,2124.68,1938000,0,1,0.089
POL-10774838,CUST-679778,Business,2023-01-01,2356.43,1257000,0,1,0.215
POL-41388702,CUST-551112,Umbrella,2017-06-08,539.9,1240000,0,1,0.079
POL-5285199,CUST-58806,Home,2022-10-13,622.63,146000,0,1,0.161
POL-5850133,CUST-4574,Motorcycle,2021-08-20,31.52,83000,1,1,0.142
POL-35150315,CUST-282874,Renters,2018-08-14,22.39,94000,0,0,0.126
POL-70176141,CUST-993939,Umbrella,2018-07-28,597.78,3626000,0,1,0.041
POL-75320054,CUST-875844,Umbrella,2023-02-06,530.62,1235000,0,1,0.027
POL-46919936,CUST-670514,RV,2023-11-07,824.29,155000,1,1,0.135
POL-6682630,CUST-656890,Life,2023-05-16,116.82,944000,0,1,0.154
POL-86243003,CUST-17469,Business,2019-06-16,1287.71,3035000,0,1,0.215
POL-79141563,CUST-205706,Business,2017-11-23,1823.71,893000,0,1,0.121
POL-16574707,CUST-106614,Home,2015-10-19,768.27,1997000,0,0,0.248
POL-45619988,CUST-664398,RV,2018-01-16,789.08,151000,1,1,0.017
POL-8564145,CUST-675016,Health,2015-09-19,757.72,167000,0,0,0.097
POL-52536177,CUST-876203,Renters,2024-02-14,24.97,36000,0,1,0.175
POL-66224048,CUST-288606,Health,2016-02-09,252.45,204000,0,1,0.108
POL-76721626,CUST-790873,Boat,2018-05-27,528.35,432000,2,1,0.2
POL-53888440,CUST-693703,Motorcycle,2015-11-19,117.82,18000,1,1,0.233
POL-20029964,CUST-189958,Motorcycle,2021-05-10,97.47,20000,4,0,0.149
POL-30475736,CUST-892319,Motorcycle,2018-04-01,66.88,18000,3,1,0.123
POL-54770806,CUST-634103,Motorcycle,2018-09-16,80.1,20000,4,0,0.039
POL-15980798,CUST-664784,Business,2019-01-29,1261.72,905000,0,1,0.071
POL-2104170,CUST-403116,Boat,2025-01-12,336.51,262000,2,0,0.18
POL-5616707,CUST-14302,Life,2018-05-09,104.87,572000,0,1,0.175
POL-85756894,CUST-205065,Boat,2023-12-22,321.39,84000,2,1,0.217
POL-18267234,CUST-851848,Renters,2015-10-31,28.83,59000,0,1,0.201
POL-23187599,CUST-948645,Home,2019-12-12,432.65,1934000,0,1,0.098
POL-87403693,CUST-745103,RV,2022-01-15,707.42,232000,2,1,0.138
POL-18641879,CUST-272170,RV,2022-09-12,507.09,130000,1,1,0.006
POL-60563375,CUST-381136,Motorcycle,2025-04-06,135.93,46000,1,1,0.093
POL-63025092,CUST-991104,Business,2019-07-25,1207.37,3013000,0,0,0.203
POL-3339687,CUST-731157,Boat,2020-05-25,318.2,478000,1,1,0.106
POL-66413366,CUST-927077,Boat,2021-01-18,546.87,337000,2,1,0.132
POL-86167913,CUST-799686,Umbrella,2017-01-21,571.91,1352000,0,1,0.005
POL-40946544,CUST-410022,Health,2020-03-16,1056.68,461000,0,1,0.241
POL-54761738,CUST-711237,Health,2021-09-29,794.83,97000,0,1,0.158
POL-34321106,CUST-52113,Business,2023-12-07,1068.12,4289000,0,1,0.193
POL-72846692,CUST-947092,Business,2021-12-18,1401.68,4491000,0,1,0.174
POL-27954684,CUST-379466,Umbrella,2023-11-18,433.33,2713000,0,1,0.215
POL-33977489,CUST-985393,Home,2020-08-30,473.25,1864000,0,1,0.234
POL-29376208,CUST-266742,Umbrella,2021-10-31,588.25,2117000,0,1,0.108
POL-97247937,CUST-68769,Business,2021-02-10,2309.76,3801000,0,1,0.21
POL-51112422,CUST-687149,Home,2020-04-08,160.93,1118000,0,1,0.238
POL-73681919,CUST-562518,Renters,2022-10-17,43.74,18000,0,1,0.038
POL-47504462,CUST-972531,Auto,2022-08-14,238.85,490000,4,1,0.217
POL-26659217,CUST-698621,Motorcycle,2024-03-28,103.79,91000,4,0,0.041
POL-68004971,CUST-207931,Boat,2020-01-18,672.9,289000,1,1,0.202
POL-75371889,CUST-777424,Life,2020-07-16,91.37,268000,0,0,0.05
POL-88764955,CUST-985429,Business,2019-05-20,1326.1,4434000,0,1,0.048
POL-87901087,CUST-573605,Business,2021-07-02,1500.25,698000,0,1,0.222
POL-84554626,CUST-167794,Auto,2022-10-16,196.24,317000,4,1,0.115
POL-66373810,CUST-226318,Umbrella,2022-07-30,586.03,3453000,0,1,0.075
POL-52564632,CUST-870182,Boat,2022-11-17,683.46,33000,1,1,0.207
POL-69469109,CUST-328403,RV,2020-08-04,447.98,227000,2,1,0.073
POL-20704087,CUST-30721,Motorcycle,2019-08-01,63.08,14000,4,1,0.088
POL-63453077,CUST-382644,Auto,2023-05-01,196.51,389000,4,1,0.041
POL-63216489,CUST-4797,Umbrella,2024-06-01,561.87,1210000,0,1,0.082
POL-81731591,CUST-304850,Boat,2024-02-18,616.96,292000,2,1,0.2
POL-21349759,CUST-810695,Business,2019-08-22,864.69,1371000,0,1,0.216
POL-81884091,CUST-588096,Auto,2022-06-11,84.98,227000,3,1,0.156
POL-88165909,CUST-869396,Boat,2019-03-18,588.03,185000,1,1,0.034
POL-40368134,CUST-255700,Auto,2019-10-11,102.4,370000,1,1,0.071
POL-80136436,CUST-724050,Life,2022-10-26,25.22,447000,0,0,0.233
POL-71883251,CUST-33212,Boat,2021-03-25,708.79,116000,1,0,0.007
POL-3191589,CUST-800230,Motorcycle,2021-07-20,80.13,72000,1,0,0.201
POL-42832536,CUST-838556,RV,2020-09-09,384.6,178000,2,1,0.02
POL-48476510,CUST-755741,Motorcycle,2016-07-04,88.01,29000,2,1,0.097
POL-79977755,CUST-183362,Umbrella,2016-01-14,402.98,4701000,0,1,0.091
POL-36123349,CUST-420366,Business,2024-07-17,1578.77,906000,0,1,0.104
POL-22170750,CUST-768413,RV,2023-05-18,871.46,77000,1,1,0.102
POL-6863441,CUST-480127,Life,2015-08-19,54.24,211000,0,0,0.215
POL-37629829,CUST-180580,Auto,2018-11-05,226.66,478000,1,1,0.035
POL-76120854,CUST-47897,Health,2018-10-30,1057.78,422000,0,1,0.006
POL-59973391,CUST-238316,Business,2023-06-12,2353.25,2082000,0,1,0.065
POL-19042608,CUST-885560,RV,2023-10-30,435.92,127000,1,1,0.099
POL-36190613,CUST-665778,RV,2020-11-05,401.82,233000,2,1,0.248
POL-89517091,CUST-659434,Boat,2021-05-14,539.85,474000,2,0,0.078
POL-32438964,CUST-589538,Renters,2015-07-29,42.94,98000,0,0,0.206
POL-8514187,CUST-442195,Motorcycle,2015-12-24,81.51,61000,1,1,0.15
POL-44974011,CUST-586253,Life,2017-11-01,40.32,229000,0,0,0.059
POL-14755720,CUST-371560,Life,2021-06-20,133.6,60000,0,1,0.169
POL-90809573,CUST-139099,Business,2016-02-23,1466.57,3326000,0,1,0.191
POL-40251543,CUST-360182,Life,2015-07-30,165.51,461000,0,1,0.201
POL-88306356,CUST-193977,Auto,2015-11-20,342.87,266000,2,1,0.119
POL-12645091,CUST-326790,Auto,2025-01-22,315.62,199000,1,1,0.155
POL-46092741,CUST-238001,RV,2019-01-23,674.61,294000,1,1,0.068
POL-18692391,CUST-953004,RV,2016-08-05,361.26,224000,2,1,0.15
POL-80077658,CUST-277687,Home,2023-05-22,520.52,610000,0,1,0.032
POL-30037513,CUST-787057,Auto,2019-06-13,103.63,319000,3,1,0.193
POL-83274119,CUST-900173,Life,2023-11-08,108.67,166000,0,1,0.137
POL-25245107,CUST-82490,Motorcycle,2021-02-12,72.13,64000,4,0,0.046
POL-14988809,CUST-149145,Home,2017-03-15,209.63,917000,0,0,0.182
POL-88156936,CUST-369720,Health,2019-07-24,1160.69,321000,0,1,0.014
POL-3918150,CUST-288118,Business,2025-04-17,1207.87,4974000,0,0,0.157
POL-53835402,CUST-375358,Life,2018-05-01,52.93,327000,0,1,0.173
POL-61836669,CUST-856807,Renters,2018-08-20,23.92,45000,0,1,0.186
POL-19996714,CUST-578143,Motorcycle,2019-12-27,141.16,21000,3,1,0.044
POL-90683403,CUST-398777,Life,2022-11-17,48.5,968000,0,1,0.207
POL-89635689,CUST-360653,Renters,2018-08-11,43.67,61000,0,1,0.047
POL-92865342,CUST-53595,RV,2017-05-19,417.61,261000,2,1,0.03
POL-48785107,CUST-519999,Health,2024-05-26,376.53,89000,0,1,0.177
POL-70938057,CUST-201786,Life,2019-04-18,73.88,446000,0,1,0.195
POL-95953914,CUST-709778,Home,2024-12-01,458.22,216000,0,1,0.01
POL-46783145,CUST-306766,Motorcycle,2021-06-13,43.66,69000,1,1,0.23
POL-10770572,CUST-272151,Health,2021-04-25,540.14,322000,0,1,0.111
POL-5499946,CUST-836959,Health,2022-10-31,349.56,189000,0,1,0.015
POL-78463726,CUST-243427,Umbrella,2016-11-13,385.71,4132000,0,1,0.091
POL-12585191,CUST-82200,Umbrella,2021-01-03,432.18,2325000,0,1,0.123
POL-89330247,CUST-945686,Life,2023-08-08,163.16,553000,0,1,0.186
POL-46173586,CUST-869056,Life,2020-09-02,130.24,784000,0,1,0.108
POL-41965117,CUST-792512,Business,2021-07-29,2406.25,4614000,0,1,0.202
POL-92427396,CUST-475797,Home,2019-03-27,727.7,1964000,0,1,0.182
POL-56086773,CUST-142304,Life,2016-01-10,184.98,731000,0,0,0.12
POL-25028516,CUST-570232,Life,2023-07-22,147.9,809000,0,1,0.122
POL-55798756,CUST-477760,Motorcycle,2017-04-28,139.35,72000,2,1,0.013
POL-33212275,CUST-463745,Life,2018-11-22,152.86,133000,0,1,0.041
POL-51710231,CUST-100105,Life,2019-10-01,42.07,610000,0,1,0.137
POL-11659353,CUST-700239,Life,2017-11-18,28.27,873000,0,0,0.145
POL-63837669,CUST-392746,Renters,2020-11-22,39.83,94000,0,1,0.144
POL-96521577,CUST-756981,RV,2022-09-10,865.36,286000,2,1,0.196
POL-57096487,CUST-269828,Health,2018-05-01,1189.28,405000,0,1,0.22
POL-23327018,CUST-789847,Business,2017-03-21,835.02,550000,0,1,0.058
POL-3858404,CUST-538648,Health,2022-09-17,788.12,125000,0,1,0.13
POL-70560818,CUST-124285,Life,2019-11-16,117.6,534000,0,1,0.229
POL-87912977,CUST-463549,Auto,2024-03-10,161.72,472000,2,1,0.168
POL-21445813,CUST-14801,RV,2022-03-02,927.58,244000,1,1,0.235
POL-56894416,CUST-598757,Boat,2016-07-01,569.97,173000,1,1,0.219
POL-11252313,CUST-632823,Auto,2019-06-23,243.71,267000,3,1,0.061
POL-32279221,CUST-21157,Business,2022-11-01,1735.47,651000,0,1,0.131
POL-83009162,CUST-626747,Renters,2019-06-28,48.2,40000,0,1,0.179
POL-9899046,CUST-456997,Renters,2021-03-17,23.76,98000,0,1,0.202
POL-7961300,CUST-325860,Home,2023-11-25,656.61,852000,0,1,0.236
POL-4360211,CUST-746876,Health,2021-03-15,405.18,184000,0,1,0.093
POL-96784883,CUST-645446,RV,2021-02-08,756.8,145000,2,0,0.002
POL-19171481,CUST-962262,RV,2024-09-04,724.42,216000,1,1,0.249
POL-90889510,CUST-738091,RV,2017-08-14,765.08,122000,2,1,0.085
POL-59151525,CUST-238618,Business,2022-08-14,1366.71,3429000,0,1,0.14
POL-23252333,CUST-998525,Boat,2017-03-12,608.27,457000,2,1,0.216
POL-37634250,CUST-819613,Boat,2019-02-26,398.36,293000,1,1,0.198
POL-71271728,CUST-964435,RV,2019-05-23,457.29,100000,1,1,0.131
POL-71214939,CUST-40347,Home,2024-12-14,108.09,1492000,0,0,0.198
POL-67388280,CUST-360874,Life,2020-09-28,44.98,687000,0,1,0.218
POL-88257644,CUST-305924,Boat,2017-01-12,353.27,174000,2,1,0.247
POL-7675148,CUST-152305,Home,2018-01-31,393.32,1552000,0,1,0.242
POL-81578435,CUST-855543,Umbrella,2021-10-10,471.15,1307000,0,1,0.154
POL-53786125,CUST-312244,Business,2019-08-13,537.78,496000,0,1,0.226
POL-6200582,CUST-900748,Umbrella,2021-09-21,246.4,3898000,0,1,0.208
POL-74219322,CUST-184239,Life,2017-12-15,66.78,76000,0,1,0.239
POL-14370285,CUST-258281,Home,2019-07-15,695.1,1393000,0,1,0.12
POL-17785811,CUST-494278,Renters,2019-11-02,42.36,48000,0,1,0.08
POL-49806244,CUST-463012,Renters,2021-08-25,45.04,71000,0,1,0.055
POL-62620390,CUST-193782,Motorcycle,2021-12-07,115.77,95000,3,1,0.122
POL-14790674,CUST-753229,Health,2016-07-31,887.54,63000,0,1,0.12
POL-39299567,CUST-619152,Health,2021-02-16,540.18,393000,0,1,0.051
POL-38283938,CUST-659251,Renters,2015-11-27,48.73,53000,0,1,0.232
POL-26049312,CUST-938790,Umbrella,2019-11-23,566.28,1476000,0,1,0.057
POL-69972705,CUST-892169,Motorcycle,2016-12-09,119.14,59000,3,1,0.061
POL-86825012,CUST-313686,Renters,2018-12-13,29.54,39000,0,1,0.031
POL-58502641,CUST-925821,Business,2019-09-22,1492.56,4433000,0,1,0.164
POL-30202191,CUST-959815,Boat,2021-10-30,687.39,273000,2,1,0.19
POL-5118359,CUST-718983,Renters,2016-12-06,23.05,84000,0,0,0.214
POL-89183981,CUST-613685,RV,2018-02-28,658.97,228000,2,1,0.211
POL-64913616,CUST-124468,Motorcycle,2023-09-22,116.92,66000,3,1,0.232
POL-43042719,CUST-16567,Umbrella,2017-04-26,493.52,4312000,0,1,0.249
POL-19740391,CUST-716512,RV,2022-06-08,482.58,279000,1,0,0.122
POL-15393738,CUST-994808,Business,2025-06-09,1302.88,3212000,0,1,0.233
POL-81195906,CUST-132652,Renters,2023-06-14,15.02,62000,0,1,0.149
POL-45598060,CUST-848190,Renters,2022-02-15,20.23,38000,0,1,0.047
POL-60654935,CUST-224006,Business,2016-08-02,964.42,4742000,0,1,0.025
POL-68348181,CUST-116961,RV,2018-03-30,642.55,80000,1,1,0.182
POL-18958869,CUST-718597,Auto,2022-10-06,328.46,44000,1,1,0.242
POL-99809573,CUST-56177,Umbrella,2016-11-29,378.97,4465000,0,1,0.051
POL-65655526,CUST-239691,Motorcycle,2024-01-22,110.04,63000,1,1,0.205
POL-21036065,CUST-102708,Home,2018-02-20,507.1,1954000,0,1,0.236
POL-33042472,CUST-416358,Motorcycle,2024-11-06,111.27,18000,4,1,0.236
POL-10135587,CUST-825068,Auto,2025-02-21,291.14,214000,1,1,0.078
POL-59411958,CUST-228412,Renters,2020-12-22,37.54,74000,0,1,0.009
POL-58404773,CUST-815806,Home,2023-04-30,458.81,1209000,0,1,0.115
POL-15288519,CUST-810419,Renters,2023-09-23,17.24,39000,0,1,0.246
POL-48182132,CUST-143559,Umbrella,2015-12-14,341.85,4596000,0,0,0.056
POL-68967077,CUST-715595,Health,2025-02-07,622.38,483000,0,1,0.166
POL-65407506,CUST-1026,Life,2023-03-03,64.04,204000,0,1,0.182
POL-86364990,CUST-306202,Home,2023-01-05,448.47,1303000,0,1,0.25
POL-79840335,CUST-776454,Home,2021-05-20,182.46,1270000,0,1,0.134
POL-50084701,CUST-905328,Home,2016-11-14,273.51,1804000,0,1,0.019
POL-7580576,CUST-266648,Life,2018-11-01,104.34,690000,0,1,0.225
POL-42653860,CUST-53601,RV,2020-02-27,361.28,171000,2,1,0.177
POL-23834602,CUST-6163,Motorcycle,2015-09-02,46.87,38000,1,1,0.115
POL-86731757,CUST-395610,Boat,2017-09-20,442.39,295000,2,1,0.049
POL-32753932,CUST-587686,Motorcycle,2024-05-08,125.84,46000,3,1,0.153
POL-74484336,CUST-642690,Renters,2023-11-26,29.1,37000,0,0,0.212
POL-28594677,CUST-780954,Health,2016-01-28,448.3,55000,0,1,0.182
POL-85624361,CUST-363038,Renters,2020-10-05,30.97,60000,0,1,0.203
POL-22830570,CUST-623321,Life,2016-06-07,66.22,734000,0,1,0.062
POL-67511372,CUST-419184,Auto,2020-11-14,345.08,91000,1,1,0.003
POL-53230861,CUST-49525,Auto,2023-03-12,109.32,96000,3,1,0.122
POL-87050130,CUST-816957,RV,2019-07-16,371.48,180000,2,1,0.097
POL-36534148,CUST-8922,Motorcycle,2016-04-20,129.14,95000,2,1,0.123
POL-36660566,CUST-427910,Renters,2018-12-29,41.85,41000,0,1,0.119
POL-91190207,CUST-364889,Boat,2023-04-22,622.32,68000,2,1,0.24
POL-83944295,CUST-72149,Umbrella,2020-07-22,340.61,2102000,0,1,0.041
POL-95426573,CUST-758751,Life,2024-08-14,144.18,977000,0,1,0.115
POL-32224818,CUST-827124,Motorcycle,2017-12-24,76.44,17000,4,1,0.227
POL-72706217,CUST-529518,Business,2022-09-15,502.91,865000,0,1,0.095
POL-5993292,CUST-79185,Business,2017-02-17,952.87,4755000,0,1,0.025
POL-73747346,CUST-697335,Home,2019-08-21,480.85,1921000,0,1,0.206
POL-59915762,CUST-180903,Renters,2017-09-28,16.99,51000,0,0,0.249
POL-6505289,CUST-913674,Motorcycle,2016-09-17,70.22,11000,3,1,0.092
POL-13439045,CUST-255521,Renters,2020-10-29,35.91,51000,0,0,0.186
POL-37690657,CUST-393527,Business,2019-08-27,2149.01,3979000,0,1,0.107
POL-13495598,CUST-571989,Home,2016-07-07,212.31,712000,0,1,0.246
POL-21432300,CUST-156130,Umbrella,2020-10-10,253.4,3568000,0,1,0.073
POL-13225823,CUST-246437,Home,2015-07-18,350.12,1112000,0,1,0.148
POL-88252710,CUST-573471,Renters,2024-08-07,20.97,23000,0,1,0.027
POL-48541458,CUST-834765,Life,2018-05-15,160.98,94000,0,1,0.056
POL-23328735,CUST-33057,Life,2019-07-05,57.8,593000,0,0,0.074
POL-99352266,CUST-206555,Home,2024-11-07,571.25,1248000,0,1,0.116
POL-90210201,CUST-405521,RV,2016-10-19,632.24,126000,1,1,0.06
POL-16315303,CUST-758817,Boat,2024-05-22,289.43,46000,2,1,0.123
POL-29831718,CUST-435511,Health,2022-06-27,590.19,86000,0,1,0.117
POL-31884632,CUST-563579,Business,2015-08-25,1494.75,3118000,0,1,0.217
POL-90830077,CUST-699992,Umbrella,2025-02-09,563.09,1684000,0,1,0.08
POL-87041918,CUST-983995,Health,2016-12-15,1008.67,220000,0,1,0.155
POL-32954882,CUST-774142,Umbrella,2023-08-22,247.97,2134000,0,1,0.073
POL-80561864,CUST-13243,Motorcycle,2021-12-18,141.55,48000,2,1,0.032
POL-68488718,CUST-621292,Renters,2023-06-02,23.23,81000,0,1,0.14
POL-86975241,CUST-509704,Motorcycle,2020-09-14,117.67,66000,3,1,0.232
POL-64712102,CUST-193134,Renters,2022-10-13,25.51,30000,0,1,0.202
POL-5736700,CUST-24258,Auto,2016-04-11,233.3,380000,4,1,0.062
POL-17367982,CUST-84717,Boat,2021-07-05,399.17,280000,1,1,0.239
POL-93784553,CUST-752113,Auto,2019-11-12,222.88,26000,4,1,0.085
POL-6758413,CUST-496908,Renters,2017-03-10,26.63,56000,0,1,0.08
POL-61304217,CUST-119684,Life,2015-08-23,194.57,682000,0,1,0.06
POL-32406090,CUST-282060,Auto,2022-11-14,308.51,158000,4,1,0.126
POL-49014146,CUST-913688,Auto,2025-01-11,244.23,211000,4,1,0.227
POL-87806679,CUST-703900,Auto,2015-12-18,175.97,457000,2,1,0.25
POL-81424009,CUST-336216,Life,2024-07-24,105.11,430000,0,1,0.123
POL-24199907,CUST-227217,Auto,2017-04-07,113.61,170000,2,1,0.147
POL-861645,CUST-554787,Auto,2023-04-19,144.88,130000,4,1,0.095
POL-10861834,CUST-801896,Health,2021-10-23,499.15,131000,0,1,0.031
POL-78402053,CUST-790075,Renters,2017-05-14,27.1,85000,0,1,0.157
POL-83512388,CUST-277695,Renters,2016-11-11,28.61,62000,0,1,0.227
POL-48560924,CUST-272149,Business,2020-08-30,925.91,3648000,0,1,0.109
POL-56413822,CUST-634921,Health,2021-09-03,509.9,115000,0,1,0.216
POL-19027791,CUST-646798,Umbrella,2023-07-14,496.97,3068000,0,1,0.048
POL-46186621,CUST-354871,Business,2022-03-22,579.85,3110000,0,1,0.074
POL-15419427,CUST-629187,Motorcycle,2022-02-13,149.96,39000,2,1,0.247
POL-60870360,CUST-448566,Health,2018-08-29,273.82,132000,0,1,0.18
POL-10502180,CUST-247807,RV,2023-12-22,387.05,229000,1,1,0.122
POL-59880867,CUST-770033,Health,2022-12-19,1128.64,337000,0,1,0.008
POL-92355028,CUST-791935,Boat,2017-06-21,644.44,435000,1,1,0.173
POL-67172742,CUST-435446,RV,2024-01-07,842.45,169000,1,1,0.104
POL-57130722,CUST-252201,Motorcycle,2017-11-24,142.97,77000,3,0,0.206
POL-47563461,CUST-420260,Home,2025-06-09,403.48,168000,0,1,0.053
POL-18048527,CUST-778237,RV,2017-04-22,346.22,97000,2,1,0.073
POL-51228594,CUST-968534,Auto,2022-04-30,109.18,166000,1,1,0.05
POL-73001397,CUST-229385,Business,2022-12-27,960.42,3259000,0,0,0.129
POL-49963258,CUST-381111,RV,2015-12-03,485.64,222000,1,1,0.07
POL-27846585,CUST-481051,Business,2023-11-27,1133.12,1901000,0,1,0.044
POL-26252609,CUST-570918,Umbrella,2017-03-02,488.66,1053000,0,1,0.228
POL-64132903,CUST-783747,Health,2024-06-02,866.15,243000,0,1,0.143
POL-6246261,CUST-173930,Life,2020-05-14,176.43,87000,0,1,0.21
POL-29181001,CUST-720781,Auto,2017-11-14,123.85,84000,2,1,0.134
POL-89552332,CUST-399277,Motorcycle,2020-05-27,37.26,24000,4,1,0.089
POL-40523810,CUST-311552,Umbrella,2016-08-30,345.39,1207000,0,1,0.156
POL-51172286,CUST-184453,Home,2022-02-22,677.81,1985000,0,1,0.169
POL-56943605,CUST-214741,Motorcycle,2023-11-26,142.28,22000,3,1,0.198
POL-113880,CUST-311276,Life,2019-03-18,76.77,288000,0,1,0.119
POL-9612455,CUST-844665,Auto,2017-05-16,303.35,355000,1,1,0.125
POL-55847453,CUST-816982,Auto,2023-04-09,250.55,119000,4,1,0.154
POL-91831475,CUST-312675,Health,2017-02-20,1127.05,394000,0,1,0.065
POL-84048411,CUST-703534,RV,2018-06-15,714.85,297000,2,1,0.093
POL-50277056,CUST-194583,Boat,2017-03-26,403.27,138000,1,1,0.189
POL-68633402,CUST-237779,Home,2020-07-09,104.68,1728000,0,1,0.044
POL-80660222,CUST-416056,Umbrella,2017-05-30,364.03,2614000,0,1,0.052
POL-98934835,CUST-441972,Health,2024-07-16,1155.23,150000,0,1,0.137
POL-55788698,CUST-274655,Business,2019-01-07,648.37,608000,0,1,0.208
POL-3652487,CUST-882606,Auto,2023-08-24,329.54,113000,3,1,0.228
POL-52116494,CUST-328407,Home,2019-10-02,662.52,1042000,0,1,0.198
POL-72296087,CUST-592840,Motorcycle,2021-11-28,145.38,27000,3,1,0.093
POL-79611948,CUST-535312,Boat,2022-01-31,526.42,180000,2,1,0.032
POL-2932319,CUST-226964,RV,2023-09-17,517.45,125000,1,1,0.243
POL-73981681,CUST-585873,Life,2021-11-30,199.27,560000,0,1,0.225
POL-401299,CUST-29681,Life,2019-06-06,38.61,794000,0,1,0.014
POL-72649868,CUST-230570,Renters,2020-03-24,49.39,72000,0,1,0.141
POL-91658818,CUST-632659,Home,2023-10-08,241.81,1106000,0,1,0.018
POL-53897082,CUST-764345,Motorcycle,2019-05-15,92.99,49000,1,1,0.096
POL-92623016,CUST-883885,Health,2019-05-10,889.95,411000,0,1,0.113
POL-46240074,CUST-604664,Business,2016-10-31,1117.08,2671000,0,1,0.229
POL-19457121,CUST-817327,Umbrella,2018-07-29,201.28,2953000,0,1,0.191
POL-88760953,CUST-675124,Health,2017-06-04,1092.01,366000,0,0,0.119
POL-64767335,CUST-980462,Health,2018-05-06,1054.89,319000,0,1,0.068
POL-51445893,CUST-345852,Life,2016-06-22,184.32,623000,0,1,0.039
POL-37602378,CUST-67542,Auto,2019-04-16,158.89,259000,2,1,0.227
POL-35463333,CUST-52302,Motorcycle,2016-03-27,135.48,96000,3,1,0.12
POL-99700524,CUST-982139,Business,2021-11-28,1367.06,2937000,0,1,0.062
POL-77713329,CUST-98763,Home,2017-12-17,110.12,1731000,0,1,0.209
POL-72909230,CUST-473602,Home,2016-11-20,785.06,1411000,0,1,0.088
POL-17217782,CUST-538509,Business,2018-05-23,1210.8,4634000,0,1,0.041
POL-37683749,CUST-503121,Motorcycle,2018-02-28,125.74,84000,4,1,0.127
POL-69604493,CUST-201934,RV,2017-08-08,985.3,111000,1,1,0.093
POL-11744737,CUST-562533,Home,2015-11-03,272.48,1328000,0,1,0.041
POL-59908086,CUST-730357,Umbrella,2017-06-08,488.03,3413000,0,1,0.072
POL-53751321,CUST-683675,Boat,2025-06-02,211.56,67000,2,1,0.165
POL-64486044,CUST-350922,Auto,2016-05-26,301.02,455000,1,0,0.163
POL-70574403,CUST-642590,Life,2023-02-13,73.68,106000,0,1,0.047
POL-88069497,CUST-264287,RV,2024-05-08,369.24,71000,2,1,0.056
POL-64030487,CUST-937835,Umbrella,2025-04-20,375.29,2156000,0,1,0.17
POL-78065767,CUST-644140,Umbrella,2020-05-04,545.31,1514000,0,0,0.11
POL-83789728,CUST-629426,Health,2023-02-16,957.68,152000,0,1,0.102
POL-42375735,CUST-169061,Renters,2016-06-17,44.44,70000,0,1,0.112
POL-14288223,CUST-514150,Home,2017-10-14,770.89,879000,0,1,0.018
POL-14814798,CUST-292719,Motorcycle,2017-08-09,141.8,56000,3,1,0.232
POL-54924440,CUST-828928,Boat,2024-10-14,287.03,317000,2,1,0.019
POL-56037099,CUST-373236,Health,2021-03-16,634.17,110000,0,1,0.023
POL-99021728,CUST-99531,Boat,2024-04-14,746.7,109000,1,1,0.031
POL-83189631,CUST-560502,Renters,2024-11-24,26.57,23000,0,1,0.177
POL-1263412,CUST-453685,Umbrella,2017-03-24,232.54,2183000,0,1,0.22
POL-66104380,CUST-221521,Home,2016-10-20,483.07,133000,0,1,0.067
POL-54543706,CUST-903422,Auto,2020-10-28,87.53,195000,2,1,0.202
POL-12712149,CUST-427750,Auto,2019-08-19,259.48,342000,3,1,0.005
POL-12632355,CUST-176331,Boat,2018-11-24,656.56,234000,1,1,0.148
POL-49193931,CUST-873257,Business,2023-05-03,1426.09,4646000,0,1,0.106
POL-60214278,CUST-857710,Business,2021-06-27,1890.85,1997000,0,1,0.139
POL-99971593,CUST-908836,Boat,2018-07-10,213.22,469000,2,1,0.019
POL-13872173,CUST-438884,Boat,2022-07-18,744.97,389000,1,1,0.121
POL-81712078,CUST-430462,Motorcycle,2020-09-06,135.75,67000,4,1,0.144
POL-65498728,CUST-958247,Motorcycle,2019-03-15,81.65,82000,3,1,0.106
POL-68064034,CUST-74480,Life,2025-01-11,29.05,634000,0,0,0.207
POL-77035437,CUST-879944,Life,2017-01-01,139.58,434000,0,1,0.075
POL-70538895,CUST-894378,Auto,2019-02-01,97.82,477000,3,0,0.072
POL-78550579,CUST-56153,Home,2025-05-16,566.53,138000,0,1,0.196
POL-71189253,CUST-993797,RV,2022-02-28,537.95,78000,1,1,0.17
POL-93643627,CUST-49661,Boat,2018-04-30,790.5,306000,2,1,0.128
POL-27807428,CUST-674236,Auto,2017-06-06,231.06,193000,1,1,0.154
POL-67053980,CUST-80593,Motorcycle,2015-09-18,133.73,69000,3,1,0.025
POL-66270221,CUST-364966,Motorcycle,2022-09-28,98.56,48000,1,1,0.023
POL-91706650,CUST-729397,Health,2018-09-13,960.76,201000,0,0,0.172
POL-15424203,CUST-407914,RV,2018-06-01,437.46,221000,2,1,0.086
POL-92751579,CUST-203916,Home,2019-04-08,775.95,1805000,0,1,0.159
POL-16177844,CUST-841304,Umbrella,2022-08-31,385.59,1191000,0,1,0.137
POL-10318892,CUST-493047,Renters,2019-08-12,27.17,92000,0,1,0.183
POL-44214396,CUST-280767,Auto,2024-06-15,127.02,297000,4,1,0.134
POL-4916524,CUST-790954,Health,2025-05-02,244.24,332000,0,1,0.074
POL-41670885,CUST-722727,Boat,2016-04-07,435.48,457000,1,1,0.143
POL-32570966,CUST-499354,Life,2016-06-13,154.06,493000,0,1,0.141
POL-80715400,CUST-374611,Life,2018-04-09,51.36,869000,0,0,0.196
POL-49871485,CUST-540948,Umbrella,2020-07-11,281.22,2786000,0,1,0.214
POL-67581598,CUST-235832,Business,2021-02-26,1599.53,3117000,0,1,0.179
POL-93260462,CUST-441553,Life,2021-04-22,101.9,192000,0,1,0.01
POL-91279125,CUST-626735,Motorcycle,2019-06-25,85.56,46000,1,1,0.144
POL-73572616,CUST-795349,Health,2025-06-18,1163.25,176000,0,1,0.167
POL-20555256,CUST-505234,Boat,2017-08-06,665.17,221000,1,0,0.192
POL-98316885,CUST-228408,RV,2020-03-25,442.62,238000,2,1,0.035
POL-19528669,CUST-955017,Renters,2018-02-11,33.07,68000,0,0,0.013
POL-45905919,CUST-110982,Business,2020-12-21,1878.2,4195000,0,1,0.075
POL-36551388,CUST-73127,Boat,2022-12-11,632.08,426000,1,0,0.234
POL-43308203,CUST-584739,Motorcycle,2018-08-17,138.92,38000,4,1,0.131
POL-84469965,CUST-774954,Auto,2016-08-17,89.64,421000,4,1,0.042
POL-66240612,CUST-909793,RV,2019-10-25,956.06,196000,1,0,0.145
POL-24092638,CUST-948545,Business,2022-08-27,2337.94,4195000,0,1,0.14
POL-94383922,CUST-191047,Boat,2017-04-20,485.65,477000,1,1,0.042
POL-54467710,CUST-850497,Renters,2018-09-09,39.01,45000,0,1,0.022
POL-16309371,CUST-730032,Life,2016-02-16,133.61,278000,0,1,0.024
POL-53038144,CUST-244602,Health,2024-09-17,1196.55,297000,0,1,0.066
POL-80293626,CUST-273804,Auto,2025-03-19,89.59,122000,3,1,0.167
POL-34656091,CUST-102412,Renters,2021-08-01,20.15,13000,0,1,0.129
POL-97083425,CUST-810088,Home,2019-01-11,584.28,1178000,0,1,0.236
POL-33781142,CUST-333802,Auto,2024-12-06,144.04,171000,2,1,0.114
POL-12591773,CUST-329201,Renters,2019-06-21,43.8,82000,0,1,0.22
POL-29209542,CUST-813674,Umbrella,2022-02-13,498.69,2288000,0,1,0.197
POL-80947751,CUST-254134,RV,2016-05-22,392.41,180000,2,1,0.15
POL-63121706,CUST-626855,Motorcycle,2015-08-22,92.21,83000,1,1,0.123
POL-69969907,CUST-693609,RV,2022-04-19,686.14,234000,2,1,0.11
POL-83451534,CUST-48382,RV,2021-03-28,916.04,95000,1,1,0.134
POL-57532295,CUST-729560,Renters,2025-06-25,20.78,54000,0,1,0.102
POL-48635466,CUST-924769,Boat,2020-09-11,256.15,390000,2,1,0.097
POL-72260050,CUST-487392,RV,2025-05-07,681.39,260000,2,0,0.242
POL-84508548,CUST-291048,Motorcycle,2017-10-19,82.26,21000,2,1,0.006
POL-75484499,CUST-785654,Home,2016-01-15,403.07,179000,0,1,0.039
POL-94303819,CUST-112838,Renters,2018-06-26,39.63,25000,0,1,0.026
POL-64888253,CUST-666947,Motorcycle,2023-05-02,36.33,62000,2,1,0.006
POL-44106903,CUST-682466,Motorcycle,2018-09-11,103.25,31000,4,1,0.023
POL-56175091,CUST-419912,RV,2017-01-27,489.87,97000,1,1,0.095
POL-8639852,CUST-69774,Home,2024-02-20,648.61,242000,0,1,0.229
POL-28963196,CUST-651899,Life,2019-01-01,74.22,275000,0,1,0.089
POL-25784496,CUST-979690,Renters,2023-07-01,15.15,55000,0,1,0.215
POL-60776641,CUST-30181,Motorcycle,2022-10-15,64.25,85000,4,1,0.177
POL-92933775,CUST-142695,Boat,2023-08-18,303.73,170000,2,0,0.034
POL-64266373,CUST-688770,Boat,2017-07-21,604.97,61000,2,1,0.229
POL-94839914,CUST-308002,Renters,2019-05-06,24.35,29000,0,1,0.111
POL-94804316,CUST-964565,Renters,2015-09-07,40.6,72000,0,1,0.156
POL-41020952,CUST-139045,Motorcycle,2018-07-24,111.57,36000,3,1,0.213
POL-86750195,CUST-179029,Home,2018-05-31,277.97,292000,0,1,0.006
POL-12624199,CUST-721782,RV,2020-02-04,841.37,276000,1,0,0.166
POL-96884273,CUST-240683,Renters,2024-06-05,35.91,88000,0,1,0.014
POL-55270148,CUST-706435,RV,2016-07-15,868.68,272000,2,1,0.029
POL-24807126,CUST-769151,Health,2019-09-03,927.21,125000,0,1,0.014
POL-58234321,CUST-327859,Renters,2019-06-27,38.29,85000,0,1,0.208
POL-1934886,CUST-98717,Umbrella,2020-09-28,478.09,4349000,0,1,0.024
POL-13405403,CUST-680330,Renters,2024-10-02,16.73,14000,0,1,0.125
POL-38948545,CUST-281495,Business,2020-10-07,1220.1,1468000,0,1,0.067
POL-39799701,CUST-797734,Renters,2018-05-10,42.53,58000,0,1,0.102
POL-36339605,CUST-162845,Motorcycle,2024-11-23,56.18,73000,1,1,0.011
POL-21118074,CUST-726796,Home,2016-01-07,197.62,194000,0,1,0.06
POL-32836464,CUST-847784,Boat,2020-03-31,414.01,328000,2,1,0.149
POL-982858,CUST-731598,Umbrella,2021-10-01,557.85,2932000,0,1,0.07
POL-58950875,CUST-431334,Motorcycle,2020-09-22,89.52,62000,4,1,0.241
POL-94160679,CUST-937894,Home,2021-06-19,253.82,1573000,0,1,0.098
POL-15839749,CUST-700771,Business,2017-01-14,2028.82,2435000,0,0,0.053
POL-57149463,CUST-689302,Renters,2024-04-01,42.26,31000,0,1,0.248
POL-45145882,CUST-436761,Renters,2016-08-07,41.0,36000,0,1,0.218
POL-1082382,CUST-642450,Renters,2020-02-26,40.25,48000,0,1,0.033
POL-38253012,CUST-108055,Renters,2025-04-16,28.97,12000,0,1,0.143
POL-66436808,CUST-368630,Health,2020-09-30,515.39,376000,0,1,0.013
POL-83348828,CUST-565341,RV,2018-10-07,370.17,212000,1,1,0.019
POL-25839651,CUST-490165,Renters,2016-08-06,29.01,18000,0,1,0.167
POL-42938800,CUST-326155,RV,2016-02-26,934.67,176000,2,1,0.155
POL-40276314,CUST-879514,Business,2017-10-11,2003.49,405000,0,1,0.248
POL-12527708,CUST-717621,Health,2021-01-07,965.61,98000,0,1,0.012
POL-68259226,CUST-953468,Umbrella,2016-06-10,214.35,4782000,0,1,0.015
POL-51746772,CUST-901857,Health,2018-07-16,1198.95,193000,0,0,0.093
POL-89576541,CUST-945624,Health,2016-10-14,1110.75,194000,0,1,0.181
POL-3645536,CUST-674238,Business,2016-09-10,2280.06,1570000,0,0,0.037
POL-42722315,CUST-401951,Auto,2018-11-21,259.62,319000,3,1,0.001
POL-82745618,CUST-280145,Health,2020-12-05,1190.56,102000,0,1,0.189
POL-77565391,CUST-622468,Home,2018-07-30,351.91,1302000,0,1,0.154
POL-4728845,CUST-664978,Umbrella,2018-06-24,428.21,1725000,0,0,0.018
POL-32462158,CUST-503615,Boat,2018-06-18,266.73,230000,2,1,0.2
POL-95445580,CUST-400141,Motorcycle,2021-12-30,127.21,25000,1,1,0.118
POL-78260480,CUST-696217,Auto,2022-11-09,135.25,312000,1,1,0.038
POL-80523708,CUST-181685,Umbrella,2022-09-12,280.44,1838000,0,1,0.219
POL-76483623,CUST-363828,Renters,2018-05-08,49.14,92000,0,1,0.145
POL-31099966,CUST-563357,Home,2019-06-21,558.03,809000,0,1,0.209
POL-12518558,CUST-596305,RV,2022-01-08,384.46,67000,1,1,0.215
POL-12464150,CUST-875313,Motorcycle,2019-09-30,96.36,33000,4,1,0.123
POL-83901180,CUST-862684,Boat,2016-08-09,208.69,89000,2,1,0.208
POL-25752970,CUST-638404,Renters,2024-09-16,27.25,37000,0,1,0.157
POL-83364164,CUST-831572,Business,2015-10-08,1294.54,3970000,0,1,0.05
POL-41009388,CUST-132976,Home,2019-06-01,206.27,526000,0,1,0.202
POL-87738800,CUST-661573,Home,2020-04-06,779.18,1982000,0,1,0.078
POL-39467543,CUST-2307,Renters,2018-01-09,39.79,60000,0,1,0.097
POL-56994196,CUST-706056,Business,2021-12-07,722.52,1789000,0,0,0.201
POL-68771458,CUST-780853,Life,2018-07-08,38.7,288000,0,1,0.239
POL-36260114,CUST-430033,Renters,2018-09-09,15.51,60000,0,1,0.21
POL-27054502,CUST-845103,Renters,2018-09-30,29.67,25000,0,1,0.002
POL-90536007,CUST-542525,RV,2020-08-05,492.66,196000,2,1,0.113
POL-81135680,CUST-241248,Health,2024-08-28,819.08,273000,0,0,0.007
POL-34541505,CUST-218824,Renters,2019-07-18,33.05,36000,0,1,0.047
POL-49784981,CUST-107507,Health,2023-07-14,411.11,414000,0,1,0.107
POL-51170366,CUST-457367,Business,2024-06-15,1050.64,3817000,0,1,0.125
POL-98201036,CUST-39093,Auto,2019-10-27,201.06,208000,4,1,0.035
POL-58338774,CUST-813743,Umbrella,2024-02-17,304.36,4095000,0,1,0.106
POL-38650694,CUST-184264,Motorcycle,2021-08-26,40.59,36000,3,1,0.122
POL-33432208,CUST-762795,Auto,2020-04-30,329.08,27000,4,1,0.01
POL-23702186,CUST-402358,Business,2025-01-20,623.67,1168000,0,1,0.239
POL-74421726,CUST-345788,RV,2017-10-06,519.63,258000,1,1,0.101
POL-2794890,CUST-471614,Health,2021-05-03,297.82,162000,0,1,0.185
POL-27407585,CUST-356542,Life,2020-01-26,145.72,466000,0,1,0.136
POL-77526539,CUST-903839,Boat,2015-11-11,400.42,282000,1,1,0.02
POL-21889463,CUST-795993,Home,2021-05-27,301.14,1878000,0,1,0.152
POL-85040563,CUST-947304,Health,2025-01-04,1095.56,169000,0,1,0.04
POL-83411355,CUST-391347,Boat,2024-05-23,791.39,293000,1,0,0.133
POL-64371388,CUST-884503,RV,2020-02-14,384.28,142000,2,1,0.156
POL-33385139,CUST-596973,Motorcycle,2015-08-20,31.65,17000,2,1,0.116
POL-81208321,CUST-916061,Renters,2022-10-03,31.11,12000,0,1,0.136
POL-38034516,CUST-342631,Health,2022-09-02,439.74,312000,0,1,0.234
POL-43314199,CUST-630130,Business,2019-01-21,2193.31,1402000,0,1,0.187
POL-63125832,CUST-424523,Life,2017-02-16,65.56,391000,0,1,0.101
POL-6013165,CUST-271176,RV,2021-01-27,518.59,249000,1,1,0.056
POL-16723636,CUST-841553,Business,2023-04-14,1278.76,3389000,0,1,0.218
POL-70200392,CUST-211192,Health,2024-11-03,742.79,127000,0,1,0.027
POL-5051362,CUST-799038,Life,2015-07-28,127.42,543000,0,0,0.186
POL-36771459,CUST-142998,Boat,2021-04-13,367.17,439000,2,1,0.105
POL-68271020,CUST-995664,Auto,2024-11-09,312.19,373000,1,1,0.21
POL-28489931,CUST-979958,RV,2023-03-29,587.97,285000,2,1,0.046
POL-38225468,CUST-775497,Business,2020-03-02,2152.58,2705000,0,0,0.028
POL-89518125,CUST-395618,Life,2022-05-01,131.07,482000,0,1,0.243
POL-58201944,CUST-450572,Renters,2024-04-11,33.19,27000,0,1,0.031
POL-79059993,CUST-565071,Umbrella,2023-02-24,441.71,4992000,0,1,0.156
POL-34656910,CUST-479183,Business,2025-05-08,1026.59,2007000,0,1,0.078
POL-54839082,CUST-734838,Boat,2015-10-09,482.44,328000,1,1,0.126
POL-61414821,CUST-734296,Renters,2017-04-21,45.2,16000,0,1,0.029
POL-58147182,CUST-612622,Renters,2015-11-15,30.65,10000,0,1,0.242
POL-11408980,CUST-887388,Home,2016-05-14,578.69,1748000,0,1,0.118
POL-83379472,CUST-461703,Life,2019-12-06,86.75,947000,0,1,0.171
POL-10843930,CUST-27595,RV,2016-11-20,480.9,119000,1,0,0.243
POL-70276331,CUST-273374,RV,2019-02-24,892.31,119000,2,1,0.234
POL-13774635,CUST-353078,Life,2023-02-11,187.1,959000,0,0,0.141
POL-64482820,CUST-869551,Home,2022-03-01,212.83,1434000,0,1,0.248
POL-56214589,CUST-453126,Renters,2021-08-04,41.31,94000,0,0,0.203
POL-6914,CUST-684320,Umbrella,2021-01-13,583.16,4148000,0,1,0.057
POL-10277532,CUST-569187,Umbrella,2021-04-03,249.65,3113000,0,1,0.194
POL-56690547,CUST-989523,Auto,2024-02-02,161.83,47000,2,1,0.113
POL-92103557,CUST-100581,Home,2015-11-01,559.14,442000,0,1,0.094
POL-65953891,CUST-694352,RV,2022-01-12,429.65,242000,1,1,0.232
POL-34998540,CUST-590322,Umbrella,2020-06-20,405.75,4274000,0,1,0.193
POL-27435471,CUST-297886,Business,2018-07-26,1759.26,3829000,0,0,0.155
POL-49383717,CUST-640361,Umbrella,2019-01-09,233.19,4329000,0,1,0.225
POL-77240111,CUST-542242,Motorcycle,2022-11-22,106.08,45000,3,1,0.008
POL-2502696,CUST-925833,Umbrella,2021-01-25,402.57,2954000,0,1,0.205
POL-43514076,CUST-796360,Umbrella,2020-03-23,438.14,4314000,0,0,0.247
POL-86666133,CUST-351402,Business,2015-10-11,1525.66,4440000,0,0,0.194
POL-54831765,CUST-898495,Umbrella,2022-06-14,262.62,1711000,0,1,0.153
POL-30779634,CUST-508006,Boat,2025-04-20,672.03,120000,2,1,0.198
POL-41723818,CUST-47774,Renters,2021-05-01,27.43,52000,0,0,0.211
POL-95554038,CUST-785792,Life,2017-10-20,52.61,90000,0,1,0.182
POL-23883732,CUST-834042,RV,2019-12-28,807.57,169000,1,1,0.217
POL-58335522,CUST-75603,Business,2025-01-13,721.27,4328000,0,1,0.22
POL-94356124,CUST-563147,Business,2023-07-08,1304.27,2099000,0,1,0.092
POL-22524235,CUST-943203,Health,2025-06-29,655.95,492000,0,1,0.187
POL-59821191,CUST-130413,Life,2021-02-15,61.07,54000,0,1,0.11
POL-4468446,CUST-885506,Business,2020-08-10,2450.15,3068000,0,0,0.089
POL-44350692,CUST-58402,Boat,2017-09-15,676.94,124000,1,1,0.094
POL-72332254,CUST-339451,Home,2019-08-03,375.09,968000,0,1,0.219
POL-57422715,CUST-780736,Motorcycle,2023-11-02,106.24,72000,3,1,0.185
POL-50518488,CUST-917026,Health,2018-06-05,696.82,478000,0,1,0.059
POL-69009687,CUST-827940,Auto,2020-08-11,137.4,231000,2,0,0.129
POL-84447782,CUST-431250,Auto,2016-09-15,114.42,353000,4,1,0.17
POL-69431072,CUST-678245,Umbrella,2019-09-26,573.98,2081000,0,0,0.005
POL-76902763,CUST-256370,Health,2020-05-20,1167.27,85000,0,1,0.138
POL-75066320,CUST-910344,Umbrella,2022-06-03,418.48,1765000,0,1,0.129
POL-90083340,CUST-404081,Boat,2016-05-16,434.16,90000,2,1,0.068
POL-43362563,CUST-537027,Motorcycle,2018-10-29,36.95,42000,3,1,0.191
POL-29626511,CUST-19865,RV,2021-06-17,959.61,196000,1,1,0.113
POL-2917311,CUST-807173,Health,2016-12-06,573.02,300000,0,1,0.147
POL-18965255,CUST-460613,Business,2016-11-04,1389.8,2941000,0,1,0.241
POL-77592020,CUST-395703,Auto,2024-11-02,243.03,51000,4,1,0.165
POL-11282229,CUST-845689,Renters,2021-03-02,16.76,72000,0,1,0.018
POL-205861,CUST-795965,Life,2019-01-14,144.1,290000,0,1,0.242
POL-86261787,CUST-965382,Home,2020-06-29,167.88,1874000,0,1,0.156
POL-49509360,CUST-154591,Life,2024-01-23,171.04,323000,0,1,0.198
POL-61695387,CUST-367293,Boat,2023-10-29,536.08,381000,1,1,0.09
POL-50472286,CUST-795855,Home,2024-05-30,180.17,163000,0,1,0.244
POL-6546154,CUST-934840,Health,2023-07-28,794.51,150000,0,1,0.192
POL-51981352,CUST-343458,Business,2019-03-04,1146.57,1135000,0,1,0.032
POL-19687189,CUST-54112,Health,2022-07-21,462.89,465000,0,1,0.208
POL-56701893,CUST-226106,RV,2018-10-19,695.32,58000,2,1,0.226
POL-40808173,CUST-713034,Health,2019-10-23,688.24,452000,0,1,0.202
POL-28358171,CUST-659415,Auto,2020-04-11,257.46,319000,1,1,0.002
POL-54085226,CUST-533379,Auto,2019-11-20,330.98,401000,1,1,0.072
POL-99153283,CUST-753643,Umbrella,2021-11-30,238.2,3267000,0,1,0.138
POL-31222956,CUST-110049,Renters,2019-08-27,15.77,23000,0,1,0.181
POL-9655529,CUST-707018,Auto,2024-08-19,202.67,36000,3,1,0.129
POL-26330332,CUST-233151,Business,2018-01-20,2275.96,1709000,0,1,0.025
POL-59021497,CUST-712641,Health,2021-10-19,938.68,202000,0,1,0.088
POL-11915483,CUST-499937,Umbrella,2022-09-01,262.52,2218000,0,1,0.02
POL-60195738,CUST-925677,Health,2016-04-22,1131.55,91000,0,1,0.138
POL-16647276,CUST-928942,Home,2019-03-27,196.83,1635000,0,1,0.033
POL-40460356,CUST-293538,Motorcycle,2023-02-02,74.39,39000,3,0,0.044
POL-61872236,CUST-483971,Health,2021-07-28,736.79,495000,0,0,0.163
POL-23227630,CUST-708000,Business,2022-10-10,1319.96,4299000,0,1,0.102
POL-18240842,CUST-406977,Motorcycle,2022-07-12,146.31,90000,3,1,0.101
POL-52668823,CUST-466088,Renters,2019-08-30,30.37,90000,0,1,0.22
POL-42031854,CUST-730459,Business,2024-08-25,1249.61,4861000,0,1,0.107
POL-68375912,CUST-644091,Business,2016-03-11,707.49,2148000,0,1,0.063
POL-81262595,CUST-512108,Renters,2024-12-03,43.66,95000,0,1,0.152
POL-35563149,CUST-821618,Business,2023-12-06,935.33,3983000,0,1,0.138
POL-50242229,CUST-643066,Umbrella,2023-12-05,381.83,4485000,0,1,0.063
POL-91823493,CUST-300788,Auto,2020-02-17,278.49,113000,2,1,0.204
POL-38286911,CUST-880081,Boat,2019-07-26,268.71,436000,2,1,0.206
POL-95678736,CUST-350520,Auto,2024-01-16,256.47,379000,2,1,0.003
POL-78843944,CUST-371344,Home,2017-11-05,798.98,1165000,0,1,0.102
POL-59877900,CUST-786331,Business,2018-09-24,2499.44,365000,0,1,0.196
POL-34057736,CUST-920835,RV,2023-04-25,798.29,191000,1,1,0.189
POL-32215762,CUST-499330,Boat,2015-12-17,516.82,84000,1,1,0.115
POL-62509349,CUST-440288,RV,2022-02-11,758.25,120000,2,1,0.063
POL-63796343,CUST-295061,Umbrella,2024-12-23,542.89,1966000,0,1,0.211
POL-35586276,CUST-914483,Life,2015-12-02,86.09,543000,0,1,0.243
POL-3023574,CUST-908671,Home,2018-01-18,493.99,1747000,0,1,0.24
POL-56539275,CUST-489942,Home,2023-08-29,105.3,672000,0,1,0.172
POL-10806821,CUST-323092,Life,2021-07-11,95.35,992000,0,1,0.16
POL-47074488,CUST-209422,Life,2023-01-25,37.4,408000,0,1,0.075
POL-11846980,CUST-79724,Motorcycle,2020-07-25,50.71,11000,1,1,0.25
POL-63241319,CUST-803765,RV,2020-11-20,824.07,221000,2,1,0.075
POL-87475155,CUST-814697,Home,2019-01-10,315.81,1060000,0,1,0.041
POL-7971858,CUST-652204,Life,2019-01-12,113.74,392000,0,0,0.107
POL-4337677,CUST-674601,Business,2016-06-25,2429.23,1693000,0,1,0.189
POL-76635017,CUST-892449,Business,2016-04-14,963.29,2510000,0,1,0.018
POL-99116414,CUST-35124,Auto,2020-03-20,274.7,283000,2,1,0.104
POL-50009613,CUST-417782,Home,2022-06-14,513.61,1374000,0,1,0.059
POL-97438382,CUST-530831,Boat,2021-07-26,470.78,71000,1,1,0.043
POL-32503259,CUST-781047,Umbrella,2018-01-17,476.14,1810000,0,1,0.246
POL-96952375,CUST-276186,Umbrella,2020-06-08,543.22,3435000,0,1,0.083
POL-32771427,CUST-550852,RV,2021-05-02,519.58,232000,2,1,0.156
POL-87871558,CUST-689150,Business,2021-03-02,1048.16,268000,0,1,0.231
POL-49050807,CUST-257951,Motorcycle,2022-09-07,134.52,72000,2,1,0.115
POL-24198568,CUST-958176,Business,2021-04-23,2125.06,4477000,0,1,0.02
POL-90843120,CUST-136455,RV,2018-11-25,977.88,88000,1,1,0.187
POL-57691785,CUST-33440,Auto,2022-06-30,198.59,473000,1,1,0.245
POL-4941784,CUST-272869,Business,2015-09-21,2341.12,2769000,0,1,0.158
POL-3879315,CUST-897022,Boat,2023-06-06,796.46,49000,2,1,0.056
POL-98900012,CUST-82503,Boat,2025-03-14,745.36,238000,2,1,0.062
POL-8043668,CUST-771345,Umbrella,2016-09-07,555.24,3464000,0,1,0.008
POL-41294087,CUST-613327,Boat,2019-09-02,670.88,117000,2,1,0.188
POL-56561395,CUST-81575,Boat,2021-08-24,703.48,135000,1,1,0.029
POL-80531581,CUST-722924,Life,2016-10-30,45.28,944000,0,1,0.243
POL-76194951,CUST-620305,Motorcycle,2024-01-12,51.59,60000,4,1,0.192
POL-42192439,CUST-84252,Life,2022-04-13,108.58,328000,0,1,0.141
POL-73500120,CUST-106747,Auto,2016-12-20,256.51,164000,2,1,0.081
POL-67428627,CUST-225482,Renters,2020-11-27,25.17,10000,0,1,0.157
POL-37135605,CUST-421310,Motorcycle,2023-02-10,149.68,79000,3,0,0.243
POL-10267761,CUST-327112,Business,2022-09-30,2066.69,2107000,0,0,0.018
POL-63133849,CUST-470472,Home,2020-09-14,569.87,1804000,0,1,0.047
POL-12483511,CUST-535535,Auto,2022-09-22,328.71,181000,2,1,0.151
POL-68601597,CUST-510510,Health,2022-06-10,499.65,412000,0,1,0.087
POL-37670102,CUST-755548,Renters,2015-06-30,45.45,12000,0,1,0.104
POL-98392017,CUST-611896,Renters,2023-05-07,15.87,51000,0,1,0.189
POL-53673036,CUST-703819,Renters,2022-06-30,49.89,23000,0,1,0.054
POL-73492271,CUST-928449,Motorcycle,2022-01-06,116.97,61000,3,1,0.122
POL-95048940,CUST-643941,Auto,2017-12-31,96.85,140000,4,1,0.064
POL-99371327,CUST-390976,Boat,2015-10-06,359.46,91000,1,1,0.227
POL-49507565,CUST-423746,Motorcycle,2017-10-04,126.43,98000,4,1,0.218
POL-80584175,CUST-614640,RV,2021-04-30,318.3,268000,2,1,0.231
POL-2251618,CUST-552341,Life,2021-11-14,151.77,749000,0,1,0.157
POL-37074477,CUST-753222,Auto,2016-08-24,215.22,291000,1,1,0.035
POL-94138118,CUST-243972,Life,2018-04-14,191.42,551000,0,1,0.004
POL-484377,CUST-765455,RV,2019-06-07,958.33,167000,2,1,0.095
POL-77074737,CUST-738587,Business,2018-07-25,1347.4,3384000,0,0,0.056
POL-66622941,CUST-443351,Business,2018-08-28,1130.21,4479000,0,1,0.197
POL-2328554,CUST-330873,Auto,2020-05-09,104.12,195000,1,1,0.093
POL-64582711,CUST-713460,RV,2020-03-23,525.83,121000,1,1,0.172
POL-83636667,CUST-561019,Umbrella,2019-08-11,227.01,4760000,0,1,0.211
POL-23452558,CUST-959054,Life,2022-09-05,192.85,200000,0,1,0.18
POL-9004041,CUST-265684,Umbrella,2018-02-20,256.7,1389000,0,1,0.128
POL-47587342,CUST-70498,Boat,2016-06-04,236.08,332000,2,1,0.215
POL-11843295,CUST-557773,Boat,2019-03-04,284.19,39000,1,1,0.064
POL-50478809,CUST-33797,Umbrella,2022-02-07,576.34,2940000,0,1,0.055
POL-65035667,CUST-322466,Umbrella,2020-09-26,421.57,3940000,0,1,0.102
POL-32700268,CUST-223571,Renters,2023-03-02,34.4,22000,0,1,0.211
POL-79293253,CUST-878715,Renters,2024-11-17,38.81,42000,0,1,0.22
POL-34001436,CUST-475825,Umbrella,2017-01-11,456.74,2640000,0,1,0.167
POL-45578219,CUST-175803,Health,2024-01-03,1152.67,387000,0,1,0.216
POL-61096872,CUST-313767,Health,2019-12-08,207.65,342000,0,1,0.02
POL-17207018,CUST-2792,RV,2020-08-21,649.74,150000,1,0,0.001
POL-43931390,CUST-635130,Motorcycle,2018-09-10,75.36,14000,1,1,0.242
POL-37852887,CUST-108120,Home,2019-12-16,500.88,1659000,0,1,0.017
POL-90220846,CUST-174570,Motorcycle,2015-10-11,40.99,90000,2,1,0.143
POL-67719328,CUST-504208,RV,2019-05-03,601.7,101000,2,0,0.193
POL-47962541,CUST-86074,Renters,2019-05-02,27.48,98000,0,1,0.018
POL-91530933,CUST-733669,Boat,2024-08-19,535.45,484000,1,0,0.204
POL-55515109,CUST-325156,Renters,2022-05-28,41.33,37000,0,1,0.019
POL-64299148,CUST-317137,Umbrella,2023-12-12,226.24,1697000,0,1,0.165
POL-27351825,CUST-94552,Motorcycle,2017-02-12,135.0,79000,1,1,0.016
POL-49186621,CUST-80063,Life,2018-12-15,36.68,135000,0,1,0.198
POL-90505162,CUST-197025,Business,2024-02-03,980.27,1881000,0,1,0.052
POL-18972245,CUST-372602,Auto,2015-08-22,264.38,45000,2,1,0.204
POL-50182404,CUST-205096,RV,2024-03-28,712.57,208000,2,0,0.057
POL-56157785,CUST-809968,Boat,2020-01-17,420.5,414000,2,1,0.005
POL-71740949,CUST-854290,Business,2020-11-27,2214.73,3203000,0,1,0.12
POL-46877123,CUST-220240,Umbrella,2016-10-29,443.61,2143000,0,1,0.048
POL-72204352,CUST-382394,Motorcycle,2024-06-18,61.46,49000,1,1,0.059
POL-93115758,CUST-124704,Auto,2018-05-07,332.34,294000,3,1,0.09
POL-73870396,CUST-631575,Life,2023-10-24,168.99,389000,0,1,0.216
POL-46134283,CUST-919416,Renters,2021-01-26,43.32,32000,0,1,0.25
POL-77488773,CUST-547896,Home,2016-06-23,281.48,1972000,0,1,0.098
POL-94741853,CUST-929240,Health,2020-08-28,347.9,215000,0,1,0.108
POL-22925613,CUST-580911,Home,2016-10-14,264.64,1640000,0,1,0.163
POL-44331052,CUST-378542,Auto,2021-11-15,173.9,77000,2,1,0.031
POL-14844760,CUST-395092,Health,2024-04-26,692.65,158000,0,1,0.217
POL-46326837,CUST-794714,Motorcycle,2023-05-01,86.32,91000,1,1,0.186
POL-28874552,CUST-564172,Home,2018-07-08,761.68,1655000,0,1,0.182
POL-13032659,CUST-616139,Life,2018-12-28,154.51,209000,0,1,0.029
POL-41748287,CUST-558359,Home,2019-03-30,461.59,163000,0,0,0.137
POL-12307746,CUST-574338,Auto,2025-03-22,216.99,332000,2,1,0.052
POL-98292956,CUST-58182,Business,2016-03-11,1805.16,630000,0,1,0.201
POL-71520534,CUST-68189,Business,2018-10-30,664.92,4817000,0,0,0.203
POL-51697915,CUST-198263,Auto,2019-11-20,123.67,475000,2,1,0.102
POL-17063807,CUST-737754,RV,2019-11-26,745.08,193000,1,1,0.051
POL-41843281,CUST-959161,Umbrella,2018-06-09,569.14,3702000,0,1,0.227
POL-13797091,CUST-722612,Motorcycle,2018-03-01,51.51,81000,2,1,0.092
POL-77072286,CUST-485816,RV,2021-10-14,305.86,192000,2,1,0.238
POL-6982290,CUST-881240,Business,2019-08-12,1371.27,404000,0,1,0.139
POL-98717880,CUST-968612,Business,2025-06-28,602.95,2444000,0,1,0.065
POL-23271861,CUST-66389,Life,2017-03-22,187.41,738000,0,1,0.144
POL-42197356,CUST-162254,Motorcycle,2024-04-03,62.62,46000,1,1,0.237
POL-25929785,CUST-309531,Business,2023-07-12,871.53,4058000,0,1,0.036
POL-11697884,CUST-310087,Auto,2017-01-13,298.03,220000,3,0,0.199
POL-11827410,CUST-206193,Life,2022-04-29,187.14,722000,0,1,0.146
POL-11253815,CUST-348483,Auto,2019-09-27,104.47,268000,4,1,0.138
POL-48646304,CUST-205287,Health,2021-07-22,1024.84,150000,0,1,0.152
POL-8425088,CUST-336307,Home,2016-05-30,335.11,1406000,0,1,0.191
POL-5233343,CUST-199029,Motorcycle,2019-04-18,79.99,79000,1,1,0.195
POL-41246696,CUST-311251,Renters,2016-06-29,33.86,43000,0,1,0.241
POL-60368483,CUST-462370,Umbrella,2015-09-01,296.67,2907000,0,1,0.221
POL-11804569,CUST-704348,Health,2024-07-22,851.92,140000,0,0,0.048
POL-6368984,CUST-646592,Renters,2017-03-11,27.06,68000,0,1,0.167
POL-48393887,CUST-643732,Home,2022-06-03,745.01,854000,0,0,0.221
POL-40678597,CUST-695880,Motorcycle,2024-10-31,78.96,21000,3,1,0.106
POL-42918356,CUST-478799,Umbrella,2020-10-25,407.77,2125000,0,0,0.015
POL-99512021,CUST-880185,Business,2022-05-31,2101.72,3039000,0,1,0.012
POL-31860721,CUST-785710,Auto,2022-11-05,183.72,75000,3,1,0.235
POL-43692745,CUST-929400,Life,2020-09-08,140.27,916000,0,1,0.224
POL-16063090,CUST-821124,Business,2020-08-28,1335.59,3263000,0,0,0.13
POL-99587201,CUST-192688,Umbrella,2024-12-28,269.45,4726000,0,1,0.195
POL-18972893,CUST-426361,Umbrella,2017-03-01,209.16,3817000,0,1,0.054
POL-45800887,CUST-160118,Auto,2020-01-13,296.51,167000,3,1,0.176
POL-55965577,CUST-321688,Motorcycle,2016-06-06,116.39,19000,1,1,0.081
POL-82963151,CUST-961922,Umbrella,2016-11-20,376.48,3195000,0,0,0.108
POL-3074636,CUST-439721,Health,2017-03-30,995.89,364000,0,1,0.003
POL-93251071,CUST-784558,Auto,2017-04-10,326.06,330000,4,0,0.238
POL-85995513,CUST-399020,Auto,2021-12-31,139.6,211000,1,1,0.069
POL-2317854,CUST-61733,Boat,2017-01-29,685.71,156000,1,1,0.233
POL-85422636,CUST-138846,Business,2024-06-13,1913.73,3929000,0,1,0.084
POL-89141214,CUST-262205,Auto,2018-03-20,109.75,377000,2,1,0.204
POL-99328288,CUST-129496,Renters,2017-10-09,45.25,40000,0,1,0.245
POL-71879932,CUST-148263,Boat,2022-05-17,635.1,384000,2,1,0.156
POL-67572962,CUST-969990,Motorcycle,2022-08-05,113.46,23000,3,1,0.064
POL-20393707,CUST-720386,Life,2017-08-20,93.46,180000,0,1,0.012
POL-84935617,CUST-849925,Umbrella,2016-12-01,498.13,4542000,0,1,0.218
POL-47759988,CUST-972942,Motorcycle,2023-12-27,54.91,32000,2,0,0.011
POL-22884017,CUST-681976,RV,2022-05-02,893.72,214000,2,1,0.129
POL-82984566,CUST-596095,RV,2021-12-22,496.92,87000,1,1,0.073
POL-19597211,CUST-31957,Auto,2021-12-25,282.42,71000,1,1,0.098
POL-25978209,CUST-662099,RV,2024-06-29,421.09,93000,2,1,0.076
POL-66648409,CUST-600766,Home,2020-02-07,646.32,1244000,0,1,0.141
POL-521062,CUST-11662,Boat,2016-12-17,633.77,82000,1,1,0.172
POL-76330033,CUST-241586,Life,2021-05-14,106.05,728000,0,1,0.225
POL-88858674,CUST-838496,Home,2017-11-10,642.22,1673000,0,1,0.068
POL-66072249,CUST-135797,Life,2021-06-23,154.51,638000,0,1,0.117
POL-73989967,CUST-657768,Health,2017-10-01,470.1,467000,0,1,0.108
POL-6597648,CUST-737630,Umbrella,2023-04-01,378.68,1438000,0,1,0.173
POL-21193066,CUST-152848,RV,2018-12-01,581.33,191000,1,1,0.07
POL-6258097,CUST-676738,Health,2016-01-05,1037.81,200000,0,1,0.028
POL-35880608,CUST-586003,Boat,2023-05-17,311.03,163000,2,1,0.051
POL-82635787,CUST-517310,Business,2021-04-09,1579.86,3809000,0,1,0.062
POL-34103198,CUST-844168,Motorcycle,2017-09-07,83.19,24000,2,1,0.083
POL-74692313,CUST-485575,Renters,2018-10-01,47.8,31000,0,1,0.11
POL-19427754,CUST-639694,Business,2017-07-27,1866.82,3890000,0,1,0.175
POL-11861130,CUST-309583,Auto,2021-06-10,153.2,79000,3,1,0.084
POL-25000242,CUST-944732,RV,2021-03-09,673.35,158000,1,1,0.068
POL-44450585,CUST-709772,Life,2016-04-02,67.62,641000,0,1,0.23
POL-86237487,CUST-24188,Auto,2024-03-13,187.59,92000,4,1,0.189
POL-84792346,CUST-993761,Renters,2018-01-01,40.19,76000,0,1,0.211
POL-53611078,CUST-16709,Renters,2024-04-09,20.25,10000,0,0,0.196
POL-5894550,CUST-302027,Business,2021-12-16,1653.64,4461000,0,1,0.115
POL-3849353,CUST-181930,Auto,2024-11-21,98.65,325000,4,1,0.228
POL-35184829,CUST-13415,Motorcycle,2018-08-03,112.46,85000,2,1,0.142
POL-48132110,CUST-888351,Life,2022-08-12,111.35,614000,0,1,0.049
POL-64036095,CUST-276289,Auto,2020-08-08,314.36,394000,4,1,0.149
POL-53571581,CUST-726233,Business,2023-03-03,1473.8,4576000,0,0,0.157
POL-5591248,CUST-752895,Auto,2021-04-18,214.97,499000,2,0,0.175
POL-3126438,CUST-269668,RV,2025-05-09,349.23,53000,1,0,0.047
POL-85169781,CUST-527094,Life,2016-11-29,74.08,582000,0,1,0.02
POL-67787932,CUST-346535,Umbrella,2025-06-08,516.1,1629000,0,1,0.177
POL-52632484,CUST-721221,Renters,2022-11-27,42.14,73000,0,1,0.063
POL-27412322,CUST-36990,Umbrella,2019-11-29,364.47,4713000,0,1,0.181
POL-52201134,CUST-345221,Life,2017-02-01,50.3,726000,0,0,0.082
POL-57903564,CUST-844375,Umbrella,2021-07-10,322.05,2602000,0,1,0.131
POL-29602737,CUST-539831,RV,2017-10-12,880.89,125000,1,1,0.224
POL-66053505,CUST-556629,Business,2024-12-31,1162.48,4119000,0,1,0.002
POL-68511494,CUST-464306,Life,2024-02-23,118.31,648000,0,1,0.056
POL-46653374,CUST-446240,Health,2021-12-21,861.83,99000,0,0,0.216
POL-9941358,CUST-216010,Renters,2019-07-15,21.74,76000,0,1,0.015
POL-88449737,CUST-55015,Home,2022-02-12,272.14,1611000,0,1,0.23
POL-86859583,CUST-134193,Renters,2022-08-01,36.26,80000,0,1,0.074
POL-79400280,CUST-24148,Auto,2017-11-03,291.26,441000,4,1,0.105
POL-13111315,CUST-838194,Boat,2016-12-28,333.73,385000,2,1,0.116
POL-74626744,CUST-400755,Home,2018-10-14,223.06,417000,0,1,0.034
POL-37506097,CUST-505407,Umbrella,2015-08-25,518.71,3850000,0,1,0.233
POL-89309703,CUST-789825,Umbrella,2020-03-16,353.69,1744000,0,0,0.038
POL-10689300,CUST-790275,Boat,2023-02-06,591.16,146000,1,1,0.249
POL-82597413,CUST-16173,Home,2025-04-25,265.77,1873000,0,1,0.048
POL-68308735,CUST-17486,RV,2019-02-20,913.36,54000,1,1,0.077
POL-44194002,CUST-127143,Business,2019-01-08,1874.77,2430000,0,0,0.037
POL-69934871,CUST-615370,Health,2019-11-08,760.37,496000,0,1,0.092
POL-97959165,CUST-257836,Boat,2020-12-24,576.38,124000,1,1,0.217
POL-22614135,CUST-996921,Auto,2025-01-08,90.24,396000,2,1,0.2
POL-38902776,CUST-323003,Renters,2025-03-07,24.36,88000,0,1,0.01
POL-79070526,CUST-745849,Motorcycle,2016-09-28,131.22,10000,3,1,0.202
POL-34845000,CUST-481927,Auto,2017-07-27,155.44,328000,2,1,0.0
POL-98123493,CUST-50100,Motorcycle,2025-01-28,62.9,23000,3,1,0.242
POL-31320839,CUST-322568,Home,2021-08-24,456.48,481000,0,1,0.028
POL-17199439,CUST-588035,Life,2022-12-27,155.37,655000,0,1,0.019
POL-78990348,CUST-375817,Life,2019-07-26,67.82,254000,0,1,0.04
POL-98705939,CUST-428699,Home,2017-01-27,252.1,1311000,0,1,0.034
POL-28863906,CUST-670674,RV,2023-07-24,520.29,283000,1,1,0.047
POL-75752409,CUST-347478,Health,2016-06-13,516.94,140000,0,1,0.178
POL-16924127,CUST-689447,Business,2019-04-03,669.64,881000,0,1,0.19
POL-66226301,CUST-8206,Business,2022-03-12,2145.78,4972000,0,1,0.171
POL-34339270,CUST-906526,Home,2024-12-17,100.05,1381000,0,1,0.16
POL-69399674,CUST-423637,Life,2024-03-06,167.29,948000,0,0,0.135
POL-55548895,CUST-875260,Renters,2024-06-27,47.63,42000,0,1,0.21
POL-51002447,CUST-722224,Business,2021-02-19,1795.33,1125000,0,1,0.143
POL-79591271,CUST-934196,Business,2018-01-12,2076.34,827000,0,1,0.06
POL-49333062,CUST-811910,Home,2018-05-01,516.21,1475000,0,1,0.21
POL-89060133,CUST-194585,Home,2024-08-04,175.62,680000,0,1,0.052
POL-70536400,CUST-950254,Home,2018-03-13,669.7,1549000,0,1,0.013
POL-96221245,CUST-562583,Renters,2018-04-18,18.84,10000,0,0,0.241
POL-14869050,CUST-552539,RV,2015-07-10,665.27,264000,1,1,0.166
POL-20704750,CUST-257393,Motorcycle,2019-03-17,144.28,95000,1,1,0.154
POL-28141240,CUST-43761,Health,2021-11-05,831.88,420000,0,1,0.108
POL-68444765,CUST-539218,Umbrella,2022-12-04,258.03,3892000,0,1,0.243
POL-57323574,CUST-561174,Business,2021-04-29,1411.22,3231000,0,0,0.182
POL-91470502,CUST-987886,Life,2020-07-24,33.99,719000,0,1,0.088
POL-65090023,CUST-950689,Boat,2022-09-05,571.31,75000,2,1,0.21
POL-85783731,CUST-519264,Life,2022-06-17,106.19,897000,0,0,0.154
POL-2479283,CUST-640482,Renters,2024-01-15,39.68,23000,0,1,0.087
POL-37385258,CUST-339683,Business,2022-04-14,1401.08,2794000,0,1,0.062
POL-29368299,CUST-502928,Life,2024-11-16,79.16,711000,0,1,0.201
POL-98524674,CUST-294362,Boat,2020-01-25,600.59,34000,2,1,0.217
POL-43681667,CUST-871315,RV,2025-04-08,630.83,194000,2,1,0.144
POL-63745889,CUST-350982,Auto,2025-04-09,272.14,491000,2,1,0.035
POL-10650098,CUST-242274,Umbrella,2017-12-26,315.57,2125000,0,1,0.101
POL-85386415,CUST-210413,Home,2021-07-28,400.0,918000,0,1,0.13
POL-64099153,CUST-338037,Renters,2016-11-15,26.19,18000,0,1,0.199
POL-91761851,CUST-825535,Life,2021-05-10,54.04,886000,0,1,0.13
POL-80490408,CUST-659038,Business,2021-02-07,2012.78,3518000,0,1,0.083
POL-67504319,CUST-734024,Business,2018-03-11,1586.84,3782000,0,1,0.071
POL-36847864,CUST-563556,Boat,2023-10-21,785.58,204000,2,1,0.194
POL-37102357,CUST-91211,Home,2023-04-10,690.39,405000,0,1,0.043
POL-94724710,CUST-667013,Business,2016-08-02,1526.46,2731000,0,1,0.056
POL-70674136,CUST-404510,Umbrella,2020-06-12,290.13,3284000,0,1,0.052
POL-57517981,CUST-465319,Business,2018-02-26,1773.7,3602000,0,1,0.126
POL-16146437,CUST-879787,Health,2020-12-28,409.36,76000,0,0,0.044
POL-82825222,CUST-648878,Auto,2017-07-01,215.91,385000,2,1,0.091
POL-56962109,CUST-269664,Renters,2023-11-18,26.83,79000,0,1,0.047
POL-30067421,CUST-281249,Renters,2021-03-09,16.81,80000,0,1,0.109
POL-47726845,CUST-825366,Business,2022-05-28,2128.55,762000,0,1,0.118
POL-9655821,CUST-804785,Renters,2020-11-27,39.46,89000,0,1,0.236
POL-86077332,CUST-457001,Renters,2021-08-02,49.6,49000,0,1,0.249
POL-14977672,CUST-641075,Renters,2020-10-11,45.34,84000,0,1,0.199
POL-59136292,CUST-555103,Auto,2022-05-10,240.1,172000,3,1,0.235
POL-31887829,CUST-980801,Home,2022-10-02,227.8,1204000,0,1,0.209
POL-6686777,CUST-593205,Boat,2015-08-18,733.27,324000,2,0,0.146
POL-47105377,CUST-772169,Renters,2019-01-03,46.82,34000,0,1,0.059
POL-24653846,CUST-63989,Business,2024-01-27,1771.25,2911000,0,1,0.223
POL-53150566,CUST-822380,Renters,2017-05-15,20.43,89000,0,1,0.103
POL-5051841,CUST-90032,Health,2018-10-03,203.51,196000,0,1,0.08
POL-77256690,CUST-498493,Umbrella,2021-01-22,209.3,4318000,0,1,0.243
POL-23159530,CUST-966750,RV,2018-02-18,756.58,150000,2,1,0.109
POL-19405670,CUST-132385,RV,2020-04-08,687.12,94000,1,1,0.18
POL-37683552,CUST-796209,Umbrella,2024-05-31,487.93,3364000,0,1,0.087
POL-28852315,CUST-320140,Life,2024-09-14,43.32,963000,0,0,0.148
POL-64370467,CUST-400105,Renters,2018-05-05,28.34,42000,0,0,0.24
POL-74262295,CUST-51191,Motorcycle,2022-06-21,147.41,59000,3,1,0.21
POL-84346382,CUST-545154,Motorcycle,2025-02-24,56.73,92000,4,1,0.0
POL-58504692,CUST-686719,Renters,2019-10-25,43.72,35000,0,1,0.145
POL-11114927,CUST-843542,Auto,2016-05-01,101.29,233000,3,1,0.167
POL-4507845,CUST-287932,Umbrella,2024-02-08,534.8,4174000,0,1,0.101
POL-27377903,CUST-206081,Renters,2015-08-19,44.73,45000,0,0,0.244
POL-74296059,CUST-5251,Boat,2020-08-06,798.52,203000,1,1,0.049
POL-44780924,CUST-912750,Business,2016-09-19,1266.19,1347000,0,1,0.119
POL-58872401,CUST-784073,Boat,2019-03-22,357.23,78000,2,1,0.205
POL-50295134,CUST-833157,Motorcycle,2019-08-11,140.44,58000,4,1,0.188
POL-53570579,CUST-419687,Boat,2024-06-16,441.2,32000,2,1,0.096
POL-14002515,CUST-973648,Umbrella,2023-10-05,403.5,1481000,0,1,0.021
POL-43794708,CUST-273903,Motorcycle,2021-05-18,98.44,64000,4,1,0.15
POL-55945823,CUST-923534,Business,2020-02-17,2270.74,1641000,0,1,0.146
POL-46311869,CUST-256951,Motorcycle,2015-10-06,141.5,40000,3,1,0.106
POL-20701884,CUST-935850,Life,2025-06-16,113.07,381000,0,1,0.104
POL-5489895,CUST-644931,RV,2022-03-06,444.34,180000,2,1,0.158
POL-65035969,CUST-897363,Home,2022-12-08,449.82,553000,0,1,0.062
POL-54076401,CUST-663740,Auto,2020-01-16,111.26,271000,4,1,0.193
POL-66541473,CUST-142640,Auto,2017-11-02,179.28,173000,3,1,0.082
POL-84439916,CUST-348921,RV,2016-04-23,887.72,254000,1,1,0.185
POL-53027777,CUST-970120,Umbrella,2019-01-01,568.25,3563000,0,1,0.135
POL-83758691,CUST-601238,Auto,2020-07-30,249.47,231000,1,1,0.078
POL-14372776,CUST-628412,Renters,2016-07-25,34.4,75000,0,1,0.241
POL-95374761,CUST-556495,Umbrella,2018-02-05,542.31,4782000,0,1,0.107
POL-54863915,CUST-466036,Auto,2021-06-06,135.0,222000,2,1,0.22
POL-67284894,CUST-382133,Life,2018-02-08,119.04,502000,0,1,0.036
POL-22912642,CUST-89644,Home,2016-03-20,740.95,1416000,0,1,0.114
POL-43081518,CUST-757758,Motorcycle,2021-07-28,76.47,54000,4,1,0.058
POL-74770388,CUST-257844,Business,2019-03-12,611.75,471000,0,0,0.226
POL-90406057,CUST-521275,Boat,2015-10-29,608.36,422000,1,0,0.167
POL-45658737,CUST-917243,Motorcycle,2023-03-20,74.82,68000,4,1,0.065
POL-73688558,CUST-145500,Motorcycle,2020-12-08,79.35,72000,1,1,0.007
POL-21302349,CUST-405041,Life,2017-01-05,52.61,165000,0,0,0.165
POL-55939934,CUST-272442,Life,2018-08-06,168.1,318000,0,1,0.146
POL-81515784,CUST-388791,Renters,2019-03-12,43.51,54000,0,1,0.044
POL-64114803,CUST-672501,Renters,2022-04-05,35.81,21000,0,1,0.068
POL-35835453,CUST-302589,Life,2024-03-15,98.97,366000,0,1,0.159
POL-339260,CUST-467466,Auto,2022-03-22,236.14,499000,3,0,0.12
POL-81807088,CUST-814493,Home,2025-01-15,774.63,612000,0,1,0.159
POL-64491302,CUST-870460,Auto,2015-11-16,212.6,32000,2,1,0.187
POL-11030828,CUST-698670,Umbrella,2021-05-02,357.5,2752000,0,0,0.002
POL-93545374,CUST-597182,Health,2025-01-23,1024.72,389000,0,0,0.167
POL-81490276,CUST-529397,RV,2017-03-12,846.75,73000,1,1,0.096
POL-61214669,CUST-506750,Motorcycle,2016-08-04,98.24,34000,3,0,0.137
POL-49704219,CUST-71850,Business,2021-11-12,1228.14,4898000,0,1,0.011
POL-76851275,CUST-710500,Health,2018-02-05,213.45,334000,0,1,0.147
POL-40122421,CUST-100639,Umbrella,2020-03-18,411.17,1893000,0,1,0.164
POL-81069563,CUST-818678,Auto,2020-09-17,331.97,54000,3,1,0.024
POL-45506952,CUST-216015,Motorcycle,2018-04-21,38.93,63000,1,1,0.001
POL-57639002,CUST-962228,Health,2017-03-14,527.88,326000,0,1,0.143
POL-83203248,CUST-567801,Motorcycle,2020-03-07,40.58,12000,3,1,0.197
POL-69795026,CUST-796220,RV,2018-07-09,693.33,52000,2,1,0.12
POL-69437440,CUST-818543,Renters,2019-08-27,49.84,99000,0,1,0.177
POL-88981466,CUST-598070,Boat,2021-03-19,416.13,396000,2,1,0.212
POL-36522429,CUST-461347,Life,2023-08-03,77.52,669000,0,1,0.115
POL-58300566,CUST-367531,Health,2023-01-23,738.46,364000,0,1,0.115
POL-42847571,CUST-610637,Health,2021-12-11,538.33,197000,0,1,0.207
POL-64613595,CUST-19652,Renters,2016-02-13,26.78,81000,0,0,0.22
POL-43774258,CUST-317710,Business,2021-08-24,546.55,3771000,0,0,0.051
POL-87059278,CUST-832350,Auto,2019-12-22,339.61,335000,3,1,0.019
POL-85717754,CUST-875922,Renters,2019-01-26,39.5,99000,0,1,0.129
POL-29884262,CUST-803036,Renters,2020-09-11,27.87,94000,0,1,0.057
POL-72080753,CUST-493617,Health,2022-11-03,247.0,108000,0,1,0.229
POL-13669886,CUST-352621,Motorcycle,2023-11-16,53.45,67000,4,1,0.022
POL-75655486,CUST-183208,Boat,2022-06-23,345.41,420000,1,0,0.14
POL-97431868,CUST-2802,Umbrella,2017-11-21,358.4,3639000,0,1,0.143
POL-35652454,CUST-804972,Umbrella,2025-05-26,378.96,4069000,0,1,0.225
POL-65347509,CUST-424584,Home,2016-05-29,330.48,171000,0,1,0.061
POL-40058376,CUST-907153,Health,2019-08-05,319.47,495000,0,1,0.152
POL-46409030,CUST-220734,Health,2017-05-29,926.94,262000,0,1,0.213
POL-79690750,CUST-486343,Renters,2021-08-13,43.52,41000,0,1,0.112
POL-16775788,CUST-53428,Life,2023-06-07,27.9,388000,0,1,0.154
POL-14735742,CUST-129047,Home,2016-04-21,253.44,1222000,0,1,0.095
POL-86362263,CUST-264514,Life,2021-02-27,117.88,523000,0,1,0.197
POL-61049491,CUST-900525,RV,2023-05-11,614.33,87000,2,1,0.077
POL-38619326,CUST-644414,Umbrella,2019-05-21,552.29,1978000,0,1,0.169
POL-32264859,CUST-695428,Auto,2019-12-19,207.01,360000,1,1,0.004
POL-88484809,CUST-275162,Business,2016-09-17,1271.27,4707000,0,1,0.116
POL-64928712,CUST-139976,Renters,2024-08-15,22.97,52000,0,0,0.147
POL-47298006,CUST-988371,Health,2018-06-08,477.76,394000,0,0,0.23
POL-62853949,CUST-524792,Motorcycle,2021-09-15,114.12,25000,3,1,0.161
POL-53860348,CUST-266927,Motorcycle,2021-03-22,54.8,61000,1,1,0.239
POL-29964212,CUST-359251,Auto,2017-04-05,282.59,378000,1,1,0.171
POL-86994265,CUST-766749,Health,2020-02-03,269.54,150000,0,1,0.223
POL-41476044,CUST-99856,Boat,2023-10-17,295.72,289000,2,1,0.25
POL-71667869,CUST-344770,Auto,2022-03-10,226.47,241000,1,1,0.007
POL-62759270,CUST-224391,Renters,2021-11-09,48.94,16000,0,1,0.127
POL-20353937,CUST-249338,Business,2020-11-01,1186.84,4523000,0,1,0.069
POL-71995285,CUST-384532,Renters,2017-12-14,46.24,83000,0,1,0.243
POL-46911526,CUST-579535,Home,2021-11-01,539.94,1482000,0,1,0.18
POL-90483024,CUST-786302,Health,2015-10-17,784.72,88000,0,1,0.219
POL-46172299,CUST-509591,Health,2025-05-24,833.14,310000,0,1,0.132
POL-65471290,CUST-379715,Health,2020-08-14,394.07,471000,0,1,0.244
POL-13115897,CUST-685371,Motorcycle,2024-01-10,75.42,73000,4,0,0.1
POL-54016186,CUST-46463,Life,2022-06-13,132.75,107000,0,0,0.185
POL-71256600,CUST-810981,Health,2018-02-19,671.85,176000,0,0,0.239
POL-84298106,CUST-671377,Boat,2019-12-17,374.38,252000,2,1,0.166
POL-25959953,CUST-430487,Auto,2017-06-29,221.7,472000,2,1,0.113
POL-31988938,CUST-223771,Renters,2018-05-06,24.3,54000,0,1,0.063
POL-59597985,CUST-1972,RV,2020-08-18,472.01,216000,2,1,0.043
POL-2448519,CUST-487602,Auto,2020-08-09,236.98,147000,1,1,0.07
POL-33772223,CUST-419899,Boat,2017-03-23,705.17,335000,2,1,0.148
POL-85040154,CUST-751113,Health,2023-01-21,206.6,113000,0,1,0.207
POL-34156455,CUST-764971,Auto,2017-02-15,325.79,40000,4,1,0.179
POL-89850845,CUST-618520,Health,2023-11-16,1199.75,170000,0,1,0.182
POL-96685654,CUST-848672,RV,2023-10-25,909.52,251000,2,1,0.191
POL-39036715,CUST-130532,Motorcycle,2019-09-02,124.02,14000,3,1,0.01
POL-46882181,CUST-748310,RV,2024-12-13,467.77,158000,2,1,0.207
POL-76759874,CUST-356563,RV,2020-12-04,914.24,203000,2,1,0.17
POL-69551833,CUST-747496,Health,2016-03-15,982.23,319000,0,1,0.002
POL-67016752,CUST-984434,Umbrella,2019-03-07,286.84,4766000,0,1,0.063
POL-50044865,CUST-748562,Home,2020-04-24,755.07,1544000,0,1,0.126
POL-4976741,CUST-128619,Renters,2022-05-04,42.32,68000,0,1,0.201
POL-3408900,CUST-200239,RV,2023-05-06,343.28,215000,2,1,0.197
POL-13525516,CUST-20232,Business,2022-02-05,843.04,4417000,0,1,0.066
POL-61755903,CUST-364835,Home,2016-10-25,300.9,114000,0,1,0.065
POL-88456661,CUST-887497,Business,2016-01-10,845.8,4350000,0,1,0.024
POL-14074092,CUST-459621,Auto,2016-02-29,173.57,491000,4,1,0.13
POL-51434597,CUST-482357,Business,2016-02-04,1958.77,3287000,0,1,0.233
POL-86732269,CUST-282811,Home,2025-03-28,368.92,1638000,0,1,0.065
POL-4488719,CUST-512629,Boat,2025-04-08,740.22,379000,2,1,0.241
POL-58045967,CUST-734767,Home,2024-09-24,120.94,941000,0,1,0.22
POL-71001456,CUST-327785,Motorcycle,2018-07-10,138.52,46000,4,1,0.231
POL-91255179,CUST-102620,Life,2020-10-30,189.31,407000,0,0,0.184
POL-94440374,CUST-163678,Boat,2022-04-06,525.7,242000,2,1,0.084
POL-49011649,CUST-606392,RV,2017-05-12,568.48,153000,2,0,0.107
POL-89198749,CUST-576378,Auto,2019-07-07,139.11,101000,1,1,0.169
POL-56937913,CUST-466794,Life,2025-06-14,73.52,639000,0,1,0.089
POL-90846063,CUST-262130,Renters,2022-04-30,31.89,86000,0,0,0.214
POL-26567299,CUST-828990,Renters,2021-07-01,46.46,23000,0,1,0.087
POL-65338134,CUST-251818,Business,2022-10-13,1688.67,4401000,0,1,0.04
POL-90436808,CUST-834229,Motorcycle,2021-10-02,143.01,80000,1,1,0.229
POL-94386062,CUST-552796,Boat,2021-07-20,265.76,221000,2,1,0.041
POL-6103610,CUST-512805,Health,2022-06-05,890.2,317000,0,1,0.111
POL-60995860,CUST-134309,Health,2016-06-23,352.34,307000,0,1,0.046
POL-71669376,CUST-564480,Renters,2017-10-02,21.65,74000,0,0,0.24
POL-36250950,CUST-816935,Home,2019-02-21,171.83,381000,0,1,0.098
POL-28673093,CUST-241679,Business,2016-12-11,2178.88,3843000,0,0,0.126
POL-14290225,CUST-789872,Home,2021-05-15,183.31,1505000,0,0,0.11
POL-82153565,CUST-7656,Boat,2018-10-16,700.63,226000,1,1,0.079
POL-36521309,CUST-198769,Health,2016-10-04,723.61,361000,0,1,0.036
POL-81013957,CUST-490833,Boat,2016-04-17,506.87,232000,1,1,0.187
POL-22141696,CUST-516422,Home,2020-10-06,496.2,1271000,0,1,0.179
POL-82474982,CUST-237723,Renters,2020-10-05,16.28,27000,0,1,0.178
POL-54383490,CUST-892407,Auto,2022-11-05,260.4,490000,2,1,0.139
POL-42097153,CUST-503090,RV,2019-04-28,822.55,172000,2,1,0.053
POL-55572363,CUST-463082,Renters,2025-02-25,17.13,77000,0,1,0.194
POL-93214760,CUST-281049,RV,2016-07-22,503.13,272000,1,1,0.19
POL-2999320,CUST-205538,Renters,2024-05-05,47.33,33000,0,1,0.097
POL-89146488,CUST-54053,Boat,2015-09-06,601.84,252000,2,1,0.188
POL-90401600,CUST-755935,Motorcycle,2023-04-04,79.08,78000,1,1,0.086
POL-48882805,CUST-811785,Health,2019-05-18,954.98,483000,0,1,0.077
POL-48956912,CUST-587957,Home,2022-12-05,789.52,1769000,0,1,0.222
POL-52322352,CUST-864406,Boat,2018-02-06,322.23,446000,1,0,0.165
POL-68943105,CUST-182563,Auto,2015-12-03,220.52,340000,3,1,0.141
POL-24357127,CUST-994661,Auto,2021-04-28,287.34,101000,1,1,0.035
POL-31847797,CUST-940495,Boat,2022-07-22,340.18,345000,1,1,0.032
POL-79362602,CUST-991927,Umbrella,2023-07-03,390.6,3802000,0,1,0.204
POL-94964678,CUST-816215,Renters,2019-12-29,39.67,80000,0,1,0.041
POL-18990527,CUST-929411,Motorcycle,2016-08-27,39.51,32000,1,1,0.078
POL-70207946,CUST-409301,RV,2024-02-10,613.15,59000,1,1,0.094
POL-78285706,CUST-108722,Renters,2022-10-17,29.93,59000,0,1,0.248
POL-16945764,CUST-704872,Life,2016-12-30,177.52,420000,0,1,0.063
POL-26323326,CUST-835467,Health,2017-09-04,661.11,469000,0,1,0.152
POL-10141335,CUST-276671,Life,2018-04-28,151.55,90000,0,1,0.231
POL-43254525,CUST-908839,Renters,2018-04-28,27.85,64000,0,1,0.232
POL-50682062,CUST-86621,Motorcycle,2018-03-14,123.91,17000,2,1,0.012
POL-78595333,CUST-512996,Auto,2017-05-02,98.12,52000,3,0,0.22
POL-76183158,CUST-845182,Boat,2024-10-16,666.14,210000,1,0,0.22
POL-44714192,CUST-849359,Life,2017-12-27,197.08,863000,0,1,0.139
POL-52923987,CUST-795054,Health,2020-09-13,658.93,104000,0,1,0.193
POL-60599967,CUST-276935,RV,2020-11-28,545.31,295000,2,1,0.172
POL-50672881,CUST-959146,Boat,2020-02-19,705.16,312000,1,1,0.122
POL-93961331,CUST-225202,Umbrella,2021-10-29,566.41,3118000,0,1,0.09
POL-50302748,CUST-719785,Business,2018-07-27,2076.83,4533000,0,1,0.107
POL-37602980,CUST-300322,Health,2020-11-19,802.02,295000,0,1,0.014
POL-14680122,CUST-546068,Boat,2016-10-16,240.6,216000,2,1,0.215
POL-92279057,CUST-558181,Life,2017-02-25,158.27,60000,0,0,0.207
POL-11452539,CUST-224216,Renters,2021-04-27,46.63,19000,0,1,0.189
POL-60417500,CUST-196692,Auto,2021-12-28,197.24,197000,4,1,0.201
POL-2454882,CUST-720528,Auto,2024-03-10,298.69,127000,4,0,0.222
POL-19378957,CUST-60753,Motorcycle,2021-03-31,149.3,18000,3,1,0.051
POL-74170981,CUST-865630,Home,2018-12-31,137.85,1757000,0,1,0.158
POL-13457647,CUST-723534,Life,2024-09-04,63.02,885000,0,0,0.049
POL-59667720,CUST-878183,Motorcycle,2019-03-05,46.54,41000,1,1,0.224
POL-68852492,CUST-315525,Boat,2022-10-15,202.48,74000,1,1,0.005
POL-72082682,CUST-816415,Umbrella,2017-03-10,553.27,4791000,0,1,0.227
POL-66659916,CUST-984717,Life,2020-03-31,199.68,185000,0,1,0.147
POL-34919531,CUST-400557,Health,2016-11-09,587.72,77000,0,0,0.248
POL-22254977,CUST-29256,Health,2017-10-13,489.1,103000,0,1,0.127
POL-35035588,CUST-694027,Boat,2016-10-04,462.28,41000,1,1,0.125
POL-32726323,CUST-207960,Life,2024-05-18,199.06,165000,0,1,0.004
POL-43438653,CUST-279930,Home,2019-08-17,511.66,1542000,0,1,0.082
POL-13078971,CUST-116698,Umbrella,2016-07-04,435.95,1805000,0,1,0.232
POL-59447164,CUST-177192,Life,2018-08-19,142.88,312000,0,1,0.222
POL-27790964,CUST-955691,Renters,2024-09-16,30.63,79000,0,1,0.132
POL-1532487,CUST-205096,Life,2022-02-11,76.98,769000,0,1,0.031
POL-68203840,CUST-505081,RV,2015-07-10,648.85,80000,1,1,0.03
POL-39068079,CUST-491481,Boat,2022-03-18,289.15,424000,1,1,0.039
POL-6202184,CUST-767887,Health,2023-09-16,818.77,419000,0,1,0.114
POL-1418292,CUST-442276,Renters,2025-03-29,18.24,37000,0,1,0.118
POL-58450558,CUST-113673,Umbrella,2023-09-18,569.1,2198000,0,1,0.007
POL-31841589,CUST-813149,Umbrella,2024-09-26,475.68,3040000,0,1,0.048
POL-50629134,CUST-151394,Renters,2023-05-28,49.31,36000,0,1,0.209
POL-346771,CUST-506653,Auto,2021-11-03,299.36,43000,2,1,0.075
POL-87806001,CUST-506231,Business,2022-08-28,2398.16,2427000,0,1,0.003
POL-85430740,CUST-436245,Boat,2016-08-11,718.97,272000,2,1,0.105
POL-12590849,CUST-523226,Umbrella,2018-08-25,495.86,3888000,0,1,0.003
POL-5609850,CUST-295634,Renters,2017-12-31,44.18,51000,0,1,0.076
POL-70270040,CUST-886629,Boat,2024-10-10,563.97,98000,2,1,0.058
POL-52982698,CUST-588161,Health,2024-04-10,654.75,137000,0,0,0.212
POL-88150269,CUST-314367,Business,2016-05-01,2247.81,1787000,0,1,0.064
POL-67243601,CUST-408872,Renters,2017-03-30,34.93,72000,0,1,0.03
POL-29846042,CUST-46888,Life,2025-04-06,91.09,670000,0,1,0.018
POL-90098518,CUST-169696,Health,2019-05-05,616.34,135000,0,0,0.012
POL-39912731,CUST-686126,Business,2022-01-29,692.8,1306000,0,0,0.18
POL-53768384,CUST-269172,RV,2021-01-30,561.62,276000,2,1,0.013
POL-62715673,CUST-313011,Business,2022-10-19,1468.93,242000,0,1,0.144
POL-79030395,CUST-642645,Health,2017-05-08,707.59,461000,0,1,0.118
POL-53858626,CUST-38802,Motorcycle,2016-11-28,109.62,15000,1,1,0.215
POL-96358133,CUST-950227,Renters,2020-12-26,34.41,61000,0,1,0.139
POL-81768943,CUST-714846,Life,2019-06-02,99.98,283000,0,0,0.095
POL-51929332,CUST-822741,Life,2015-11-03,71.01,123000,0,1,0.18
POL-76387049,CUST-34802,Business,2019-10-01,1759.87,2144000,0,1,0.227
POL-96545245,CUST-744127,Renters,2025-02-05,38.35,73000,0,1,0.247
POL-86593644,CUST-16217,Umbrella,2023-10-09,215.23,4102000,0,0,0.082
POL-40046248,CUST-137036,Home,2019-05-25,333.41,673000,0,1,0.102
POL-88852629,CUST-120054,Auto,2021-03-19,145.48,198000,4,1,0.249
POL-91627362,CUST-55658,Boat,2023-02-28,786.67,492000,2,1,0.164
POL-74129978,CUST-72510,Auto,2017-08-04,95.71,429000,1,1,0.026
POL-74981169,CUST-601744,Business,2021-11-07,1757.47,2152000,0,1,0.139
POL-25209875,CUST-416395,Home,2017-03-11,422.86,1665000,0,1,0.139
POL-19085963,CUST-607730,RV,2024-10-05,667.13,174000,2,1,0.053
POL-62350425,CUST-11298,Home,2022-02-24,353.78,1900000,0,1,0.236
POL-37214819,CUST-183659,Home,2023-05-12,394.74,550000,0,1,0.172
POL-44575565,CUST-967073,Business,2017-07-01,1557.44,4458000,0,1,0.096
POL-8990534,CUST-627427,Boat,2019-09-09,780.07,46000,2,1,0.026
POL-85579412,CUST-945111,RV,2019-09-24,683.74,195000,1,1,0.172
POL-97794457,CUST-145277,Boat,2022-04-06,638.18,282000,1,1,0.25
POL-23068309,CUST-421033,RV,2021-04-17,621.88,99000,1,1,0.11
POL-18870433,CUST-182695,Umbrella,2015-07-21,532.02,4476000,0,1,0.207
POL-56833639,CUST-599142,Home,2017-06-01,365.68,1903000,0,1,0.025
POL-73873832,CUST-742222,Health,2015-12-02,1035.67,69000,0,1,0.155
POL-61135583,CUST-384657,Life,2024-03-03,53.72,478000,0,1,0.044
POL-69041472,CUST-10972,Motorcycle,2020-03-12,108.11,74000,2,1,0.125
POL-80998272,CUST-243170,Motorcycle,2017-11-25,123.63,88000,3,1,0.181
POL-49399803,CUST-571721,Auto,2018-11-17,129.02,289000,2,1,0.05
POL-67576689,CUST-867755,RV,2019-06-03,781.01,96000,2,1,0.149
POL-25786464,CUST-715593,Life,2020-07-24,170.83,853000,0,1,0.058
POL-571999,CUST-428084,Umbrella,2016-11-24,242.92,4733000,0,1,0.186
POL-60214706,CUST-250937,Umbrella,2021-08-26,456.94,3207000,0,1,0.196
POL-11336167,CUST-503335,Boat,2021-01-16,304.76,363000,1,1,0.133
POL-45375246,CUST-962882,Motorcycle,2020-10-16,58.09,64000,1,1,0.004
POL-50651325,CUST-601788,Health,2019-10-23,348.5,222000,0,1,0.012
POL-92646159,CUST-740313,Home,2019-03-13,544.57,1231000,0,1,0.222
POL-16390366,CUST-27261,Health,2021-05-13,1117.34,302000,0,1,0.132
POL-98570122,CUST-85445,RV,2018-04-07,760.19,295000,1,1,0.042
POL-6319628,CUST-951421,Life,2020-09-01,71.18,258000,0,1,0.189
POL-20205381,CUST-955129,Motorcycle,2016-12-30,72.02,27000,1,1,0.008
POL-32822070,CUST-198598,Renters,2024-09-24,26.64,16000,0,1,0.176
POL-76686210,CUST-346469,Auto,2016-12-20,239.05,327000,1,1,0.157
POL-68884191,CUST-997733,Boat,2021-09-30,270.05,289000,1,1,0.093
POL-94829348,CUST-505613,Home,2025-05-30,158.32,1555000,0,1,0.219
POL-77603163,CUST-12514,Umbrella,2025-02-15,209.3,3937000,0,1,0.041
POL-45483001,CUST-847276,Life,2019-03-31,151.95,410000,0,1,0.019
POL-13417244,CUST-516719,Life,2023-03-19,183.44,528000,0,1,0.233
POL-10931484,CUST-898650,Auto,2023-11-18,346.91,120000,4,1,0.01
POL-93852936,CUST-28128,Business,2023-10-05,609.97,4169000,0,1,0.002
POL-4383327,CUST-362177,Business,2018-10-06,1678.78,2484000,0,1,0.06
POL-67151414,CUST-473852,Home,2022-06-25,520.22,166000,0,1,0.028
POL-76924129,CUST-318205,Home,2016-06-18,279.07,1577000,0,1,0.198
POL-17390520,CUST-265970,Home,2016-09-30,651.36,767000,0,1,0.016
POL-645951,CUST-345987,Business,2021-12-28,1198.68,2007000,0,1,0.074
POL-52634879,CUST-265677,Health,2017-01-29,539.31,363000,0,1,0.04
POL-31119594,CUST-797721,Umbrella,2024-09-10,550.36,2749000,0,1,0.075
POL-79268540,CUST-336341,Boat,2024-12-09,568.47,349000,1,1,0.191
POL-32087136,CUST-469990,Health,2019-01-17,1141.3,396000,0,1,0.119
POL-74976112,CUST-271442,Auto,2022-01-17,297.37,423000,1,1,0.138
POL-74806586,CUST-475576,Umbrella,2017-06-15,492.48,1803000,0,0,0.094
POL-61405294,CUST-487365,Renters,2022-05-12,44.52,93000,0,0,0.167
POL-8139099,CUST-9846,RV,2022-11-26,957.77,183000,1,1,0.093
POL-37556176,CUST-235343,Boat,2022-02-02,485.1,272000,1,1,0.113
POL-43566725,CUST-987488,Boat,2020-10-08,455.74,495000,2,0,0.247
POL-96096872,CUST-477150,Boat,2025-06-25,242.79,471000,2,1,0.008
POL-10741296,CUST-670095,Life,2019-06-17,161.17,85000,0,1,0.118
POL-31720243,CUST-46774,Umbrella,2023-07-13,293.61,2638000,0,1,0.215
POL-30306132,CUST-185647,Home,2019-05-14,325.32,1840000,0,0,0.134
POL-77865625,CUST-829680,Auto,2019-12-27,274.71,477000,4,1,0.23
POL-96980674,CUST-760526,Motorcycle,2022-08-23,102.59,18000,3,1,0.179
POL-44738928,CUST-956730,Umbrella,2023-03-03,325.87,4131000,0,1,0.241
POL-35437132,CUST-910458,Home,2023-12-31,280.96,741000,0,1,0.148
POL-15610916,CUST-817345,Renters,2021-04-13,29.38,89000,0,1,0.1
POL-40559882,CUST-569214,Motorcycle,2015-07-02,122.57,88000,3,1,0.241
POL-71582244,CUST-900501,RV,2020-04-09,375.28,266000,1,1,0.231
POL-78738651,CUST-318211,Health,2016-03-24,479.3,417000,0,1,0.161
POL-97356411,CUST-840950,Home,2022-12-16,323.19,807000,0,0,0.143
POL-15712553,CUST-567700,Business,2019-03-10,818.39,3968000,0,1,0.17
POL-46229746,CUST-405816,Home,2017-01-26,233.15,1219000,0,1,0.241
POL-45755518,CUST-886178,Motorcycle,2015-10-29,44.09,61000,1,1,0.051
POL-21769838,CUST-507142,Home,2020-06-01,269.75,1744000,0,1,0.123
POL-61070966,CUST-623222,Boat,2016-05-14,240.5,309000,2,1,0.196
POL-48302092,CUST-857345,RV,2025-06-03,748.74,202000,1,1,0.06
POL-96384305,CUST-932992,Business,2025-05-10,615.03,3881000,0,0,0.035
POL-64064673,CUST-433645,Umbrella,2020-07-30,421.69,1204000,0,1,0.013
POL-14117849,CUST-112724,Auto,2017-06-28,311.17,123000,3,1,0.249
POL-64977057,CUST-999673,Renters,2016-05-13,29.29,60000,0,1,0.001
POL-63438877,CUST-411256,Auto,2025-04-17,192.39,322000,1,0,0.225
POL-60340934,CUST-379644,Umbrella,2020-09-16,496.39,4079000,0,1,0.126
POL-90410526,CUST-779280,Business,2020-06-04,1410.29,3959000,0,1,0.066
POL-56146977,CUST-358005,Boat,2021-06-19,595.37,163000,1,1,0.043
POL-20113607,CUST-536594,Renters,2023-05-05,43.77,64000,0,0,0.194
POL-61192114,CUST-159069,Home,2025-02-09,447.07,387000,0,1,0.125
POL-51996102,CUST-716306,Boat,2018-04-29,656.74,42000,1,1,0.056
POL-28197576,CUST-310423,Health,2025-04-20,960.14,111000,0,1,0.04
POL-45345909,CUST-281399,Home,2024-02-12,693.56,1205000,0,0,0.071
POL-27275395,CUST-608142,Auto,2015-11-30,149.76,220000,3,1,0.051
POL-81719144,CUST-532121,Health,2015-09-02,980.25,445000,0,1,0.073
POL-91976878,CUST-398695,Renters,2019-11-18,44.36,26000,0,1,0.228
POL-46825183,CUST-777669,Umbrella,2024-06-25,220.71,4443000,0,1,0.081
POL-1531126,CUST-883793,Auto,2022-08-02,82.88,160000,2,1,0.037
POL-50862626,CUST-758712,RV,2022-11-15,401.31,64000,1,1,0.036
POL-87235411,CUST-752697,Home,2018-08-03,737.24,1793000,0,1,0.234
POL-9083766,CUST-229096,Life,2022-06-06,33.4,741000,0,0,0.194
POL-17745835,CUST-976735,Boat,2024-04-30,543.54,398000,2,1,0.116
POL-73532711,CUST-499497,RV,2022-06-19,603.29,207000,2,1,0.004
POL-83858663,CUST-804813,Auto,2016-01-25,197.78,337000,4,1,0.086
POL-59150727,CUST-933621,RV,2023-01-10,613.8,238000,2,1,0.037
POL-58925994,CUST-625101,Health,2023-04-03,319.44,232000,0,1,0.002
POL-62865890,CUST-42866,RV,2021-11-12,354.9,179000,1,1,0.057
POL-76437408,CUST-592446,Boat,2018-12-25,242.56,349000,1,1,0.049
POL-19369643,CUST-394525,Motorcycle,2022-05-28,81.04,24000,4,0,0.09
POL-66706533,CUST-491190,RV,2019-04-14,360.04,255000,1,1,0.209
POL-59597939,CUST-73147,Auto,2018-08-14,193.66,366000,4,1,0.238
POL-7405345,CUST-992322,Umbrella,2016-12-11,475.56,4742000,0,1,0.135
POL-31992524,CUST-374960,Business,2022-12-10,891.44,1079000,0,1,0.12
POL-17450511,CUST-580804,RV,2017-08-03,411.7,269000,2,1,0.015
POL-23137964,CUST-196536,RV,2022-08-18,969.62,121000,2,1,0.069
POL-54608714,CUST-565852,Life,2016-01-17,180.13,597000,0,1,0.244
POL-38576809,CUST-211514,Umbrella,2018-05-08,437.43,1356000,0,1,0.114
POL-31115465,CUST-201947,Home,2018-04-13,441.96,1839000,0,1,0.182
POL-6963986,CUST-826061,Health,2019-08-10,513.45,355000,0,1,0.049
POL-28947425,CUST-646743,RV,2017-12-05,347.97,161000,1,1,0.002
POL-33853894,CUST-293520,Health,2019-05-27,753.55,409000,0,1,0.222
POL-3027638,CUST-825751,Health,2021-12-10,644.92,105000,0,1,0.241
POL-95075692,CUST-932810,Business,2022-04-26,1670.23,4504000,0,1,0.162
POL-50713614,CUST-593492,Life,2015-12-18,70.88,517000,0,1,0.238
POL-94988295,CUST-237571,Health,2019-11-22,510.29,330000,0,1,0.161
POL-53529606,CUST-641699,Motorcycle,2015-07-14,35.24,39000,1,1,0.156
POL-87827493,CUST-136854,Motorcycle,2021-05-05,45.8,58000,2,1,0.031
POL-45771402,CUST-458905,Umbrella,2018-09-27,501.78,1446000,0,1,0.035
POL-52584867,CUST-338814,Motorcycle,2024-08-22,70.27,34000,4,1,0.002
POL-80367654,CUST-320361,RV,2017-11-19,481.93,161000,2,1,0.104
POL-18326110,CUST-530420,RV,2017-01-11,475.13,124000,1,1,0.208
POL-32539759,CUST-505826,Business,2021-05-04,667.75,621000,0,1,0.111
POL-4430026,CUST-823624,Business,2016-04-26,2382.73,1724000,0,1,0.091
POL-35554422,CUST-266137,Boat,2022-01-01,785.63,109000,1,1,0.075
POL-74582978,CUST-352669,RV,2024-07-11,810.13,167000,2,1,0.075
POL-71364647,CUST-502138,Umbrella,2020-05-19,340.7,4477000,0,1,0.186
POL-32938229,CUST-111813,Life,2021-04-15,46.21,310000,0,0,0.244
POL-77666066,CUST-662439,Business,2017-06-22,666.04,4988000,0,0,0.131
POL-1316102,CUST-268356,Health,2024-05-05,1002.68,418000,0,1,0.042
POL-48601581,CUST-367067,RV,2018-04-30,411.88,168000,2,1,0.044
POL-19216298,CUST-555123,Auto,2020-10-13,213.74,69000,1,1,0.091
POL-43484326,CUST-259607,Health,2015-08-09,388.91,266000,0,1,0.214
POL-55055720,CUST-797056,Renters,2023-01-18,43.67,48000,0,1,0.124
POL-17718376,CUST-382901,Health,2020-08-22,626.39,302000,0,1,0.123
POL-4008222,CUST-502971,Life,2021-02-27,192.56,398000,0,1,0.238
POL-56945454,CUST-577396,Business,2024-12-20,2315.72,3167000,0,1,0.19
POL-85569389,CUST-468325,Motorcycle,2024-07-05,94.81,72000,2,0,0.172
POL-53269327,CUST-28744,Auto,2024-10-02,150.35,408000,2,1,0.023
POL-5642947,CUST-239793,Boat,2018-07-25,266.22,72000,2,0,0.147
POL-22653778,CUST-128286,Renters,2017-09-15,24.51,34000,0,1,0.14
POL-10087904,CUST-961599,Business,2019-09-24,1257.04,1556000,0,1,0.01
POL-4587918,CUST-945778,Auto,2023-09-01,163.78,332000,3,0,0.235
POL-83407203,CUST-751914,Renters,2017-01-28,49.69,72000,0,0,0.041
POL-75186443,CUST-420776,Auto,2021-01-14,199.07,71000,4,1,0.134
POL-28031039,CUST-997636,Motorcycle,2022-07-19,125.02,34000,3,1,0.155
POL-88829740,CUST-138116,Business,2025-04-21,1447.98,3773000,0,1,0.12
POL-63347457,CUST-593347,Umbrella,2024-09-05,279.21,4944000,0,1,0.142
POL-64966232,CUST-167226,Health,2024-06-01,777.53,339000,0,1,0.245
POL-66714670,CUST-212842,Business,2024-04-30,1647.31,3141000,0,1,0.075
POL-33768952,CUST-840369,Home,2016-10-16,508.64,1458000,0,1,0.077
POL-41569267,CUST-594945,Life,2018-03-04,73.24,916000,0,1,0.229
POL-54853689,CUST-182117,Home,2021-08-28,146.72,1209000,0,1,0.21
POL-15180063,CUST-496909,Renters,2025-04-18,29.05,16000,0,1,0.106
POL-52653861,CUST-324753,Motorcycle,2025-04-26,102.23,81000,3,1,0.128
POL-15415612,CUST-447857,Auto,2020-08-08,285.36,233000,2,1,0.001
POL-31467988,CUST-204155,Boat,2015-08-20,300.84,320000,2,1,0.032
POL-72732852,CUST-583750,Motorcycle,2018-08-08,37.78,43000,3,1,0.07
POL-889761,CUST-493887,Renters,2024-02-10,36.41,53000,0,0,0.154
POL-2601963,CUST-339928,Home,2015-07-27,433.23,458000,0,1,0.015
POL-94164986,CUST-43334,Auto,2016-10-30,99.49,217000,3,1,0.148
POL-70742278,CUST-511357,Health,2018-07-15,525.56,337000,0,1,0.023
POL-45429395,CUST-718038,Boat,2020-10-21,765.2,38000,1,1,0.183
POL-20141113,CUST-984609,Health,2016-11-03,393.56,323000,0,1,0.232
POL-19748739,CUST-714191,RV,2015-11-08,467.11,204000,1,1,0.227
POL-98062495,CUST-737472,Health,2018-03-15,702.22,115000,0,1,0.02
POL-11041966,CUST-758286,RV,2015-07-22,970.7,123000,1,1,0.124
POL-48432777,CUST-312011,Health,2023-10-25,953.76,253000,0,1,0.226
POL-36452326,CUST-70069,Renters,2021-09-23,22.42,39000,0,1,0.096
POL-36967156,CUST-555564,Health,2022-04-09,519.46,298000,0,0,0.148
POL-83149759,CUST-144167,Renters,2023-12-21,46.68,47000,0,1,0.043
POL-7456282,CUST-910629,Life,2016-08-26,52.52,494000,0,1,0.12
POL-54464311,CUST-435214,RV,2020-01-26,905.01,218000,1,1,0.187
POL-62608212,CUST-335059,Life,2017-09-24,135.73,96000,0,1,0.231
POL-13109745,CUST-372781,Health,2015-10-19,380.22,129000,0,1,0.083
POL-54459350,CUST-714023,Home,2018-05-28,449.23,1966000,0,0,0.233
POL-60037802,CUST-265145,RV,2025-03-18,449.88,229000,2,1,0.018
POL-22925754,CUST-865323,Boat,2020-03-08,331.38,352000,1,1,0.129
POL-30844816,CUST-909871,Home,2016-05-10,602.83,1304000,0,1,0.234
POL-7435952,CUST-504660,Renters,2022-04-08,40.6,96000,0,1,0.027
POL-45856072,CUST-306556,Life,2024-08-02,129.92,287000,0,1,0.151
POL-25318739,CUST-211459,Umbrella,2024-09-23,264.38,3151000,0,1,0.057
POL-76888624,CUST-390555,Auto,2015-09-21,285.41,141000,4,1,0.154
POL-66224539,CUST-148644,Auto,2024-02-17,300.76,456000,2,1,0.102
POL-92448430,CUST-582369,Boat,2019-07-17,520.16,460000,1,1,0.087
POL-53404755,CUST-560892,Renters,2019-03-04,41.95,88000,0,1,0.068
POL-57209590,CUST-51353,Renters,2015-09-03,19.93,89000,0,0,0.116
POL-34845033,CUST-351873,Health,2016-12-27,689.26,275000,0,1,0.041
POL-79781530,CUST-160986,Health,2023-01-26,404.2,470000,0,1,0.053
POL-18063312,CUST-420831,Boat,2019-05-23,604.05,220000,2,1,0.212
POL-10130392,CUST-280904,Health,2023-10-02,692.58,228000,0,1,0.242
POL-45934774,CUST-524463,Health,2024-07-14,1178.32,90000,0,1,0.227
POL-83343947,CUST-665078,Motorcycle,2017-03-10,69.59,25000,2,1,0.105
POL-935138,CUST-100300,Umbrella,2023-04-29,575.21,3914000,0,1,0.095
POL-5943806,CUST-757456,Umbrella,2021-09-13,535.71,1146000,0,1,0.027
POL-75899625,CUST-453284,Boat,2017-04-23,256.16,351000,1,1,0.056
POL-81779452,CUST-888168,Health,2023-12-09,989.26,169000,0,1,0.099
POL-89833190,CUST-138657,Umbrella,2023-09-19,334.71,1513000,0,1,0.191
POL-82869403,CUST-135399,Renters,2015-12-19,18.96,17000,0,1,0.061
POL-9880297,CUST-599216,Renters,2021-06-15,17.91,41000,0,1,0.205
POL-15993124,CUST-889596,Life,2017-09-19,29.13,744000,0,1,0.032
POL-20768503,CUST-576411,Auto,2025-01-22,102.42,264000,2,0,0.135
POL-16955438,CUST-249849,Life,2021-06-30,173.75,711000,0,1,0.242
POL-94627789,CUST-156651,Motorcycle,2019-05-09,94.67,93000,4,1,0.0
POL-60393048,CUST-882667,Boat,2025-02-08,209.9,351000,2,1,0.136
POL-36057928,CUST-603297,RV,2015-07-23,585.28,110000,2,1,0.107
POL-63970480,CUST-613931,Home,2018-11-09,503.32,1411000,0,1,0.083
POL-67849862,CUST-169371,Home,2021-04-14,160.49,138000,0,1,0.234
POL-46126741,CUST-561539,Renters,2017-03-31,35.36,37000,0,1,0.048
POL-43313930,CUST-849927,Auto,2021-10-27,300.19,153000,2,0,0.092
POL-10378430,CUST-450212,Life,2017-08-14,133.1,457000,0,1,0.212
POL-81115559,CUST-677300,Motorcycle,2019-01-31,52.93,97000,2,1,0.231
POL-11177910,CUST-296141,Health,2023-01-15,925.73,446000,0,1,0.099
POL-2603456,CUST-947952,Umbrella,2018-04-19,512.15,1845000,0,1,0.15
POL-44861853,CUST-870831,Motorcycle,2023-06-07,139.63,90000,1,1,0.165
POL-40628233,CUST-729799,Motorcycle,2023-04-24,75.62,99000,1,0,0.085
POL-41577026,CUST-959174,Motorcycle,2017-05-17,65.21,98000,3,0,0.199
POL-40134687,CUST-588553,Business,2018-08-13,2249.9,1710000,0,1,0.194
POL-31973862,CUST-611135,Business,2023-06-14,1444.8,1370000,0,1,0.005
POL-21266976,CUST-404203,RV,2022-07-03,310.34,124000,2,1,0.047
POL-46416118,CUST-630498,Motorcycle,2017-09-16,34.81,12000,3,1,0.165
POL-69408210,CUST-970641,Business,2016-11-06,661.74,2343000,0,1,0.061
POL-31908198,CUST-726768,Auto,2024-10-09,341.08,136000,2,1,0.04
POL-23866225,CUST-314970,Auto,2016-09-07,163.98,486000,3,1,0.219
POL-63059095,CUST-762961,Life,2025-04-11,66.68,491000,0,1,0.008
POL-31626318,CUST-796629,Home,2023-02-21,114.6,1403000,0,0,0.037
POL-95063739,CUST-827749,RV,2022-11-18,736.65,299000,1,1,0.043
POL-64426718,CUST-180198,Life,2023-05-04,173.09,907000,0,1,0.01
POL-39871655,CUST-200560,Umbrella,2019-11-18,502.82,1024000,0,0,0.243
POL-26515110,CUST-660251,Business,2020-09-10,1480.3,4418000,0,1,0.121
POL-40842543,CUST-652881,Auto,2021-04-27,156.01,378000,2,1,0.145
POL-69644509,CUST-519472,Boat,2023-05-12,700.08,238000,2,1,0.06
POL-81013993,CUST-909125,Auto,2018-04-18,93.62,188000,3,1,0.149
POL-48573820,CUST-499701,Renters,2021-11-23,19.89,38000,0,1,0.186
POL-45306327,CUST-947916,Health,2017-05-15,364.43,92000,0,1,0.216
POL-95429337,CUST-892767,Life,2022-05-27,137.64,413000,0,1,0.236
POL-29903771,CUST-937769,Life,2020-09-21,59.31,909000,0,1,0.194
POL-90778023,CUST-679046,Umbrella,2024-04-25,215.81,3777000,0,1,0.077
POL-21030803,CUST-643179,Renters,2016-03-23,33.01,21000,0,1,0.231
POL-6291489,CUST-799957,Renters,2025-03-19,41.15,38000,0,0,0.002
POL-36267057,CUST-973178,Home,2019-05-06,378.76,1015000,0,1,0.119
POL-86875656,CUST-19674,Motorcycle,2024-07-29,56.82,14000,4,1,0.041
POL-16825676,CUST-307244,Umbrella,2020-07-17,392.42,3287000,0,1,0.06
POL-78004977,CUST-906120,Health,2023-07-04,799.72,283000,0,1,0.026
POL-6786673,CUST-656916,Health,2022-08-14,987.71,372000,0,1,0.025
POL-96770309,CUST-52260,Life,2016-01-05,124.57,914000,0,1,0.13
POL-38531288,CUST-9944,Life,2025-02-24,198.12,269000,0,0,0.058
POL-56230544,CUST-732956,Umbrella,2016-08-11,411.91,1572000,0,1,0.245
POL-64817663,CUST-239132,Life,2021-07-09,139.9,289000,0,1,0.227
POL-55727155,CUST-133635,Life,2023-08-16,50.23,367000,0,1,0.03
POL-22520743,CUST-425215,Renters,2020-05-23,48.36,28000,0,1,0.001
POL-93217275,CUST-817056,Motorcycle,2021-12-28,128.7,54000,4,1,0.003
POL-16896770,CUST-383744,Motorcycle,2017-11-06,42.96,94000,2,1,0.031
POL-79711823,CUST-161260,Renters,2019-12-12,23.33,33000,0,1,0.135
POL-29638464,CUST-432633,Health,2016-01-21,1194.9,331000,0,1,0.233
POL-7120430,CUST-624356,Health,2019-06-03,898.08,347000,0,1,0.176
POL-96345835,CUST-281469,Motorcycle,2016-12-06,102.56,44000,4,1,0.129
POL-13456105,CUST-711741,Life,2016-06-28,169.54,461000,0,1,0.183
POL-19905627,CUST-489434,Boat,2021-02-21,375.18,318000,2,1,0.157
POL-14593920,CUST-990089,Boat,2019-08-10,696.13,247000,2,1,0.07
POL-61755566,CUST-193301,Motorcycle,2017-06-05,140.53,82000,3,1,0.146
POL-53150482,CUST-325833,Motorcycle,2018-08-05,81.09,66000,2,0,0.092
POL-34712014,CUST-515209,Auto,2016-08-12,129.41,109000,4,1,0.114
POL-56519645,CUST-599342,Renters,2021-01-28,29.37,46000,0,0,0.136
POL-1546923,CUST-664938,Umbrella,2015-09-17,485.57,4370000,0,1,0.095
POL-70021839,CUST-278811,Renters,2016-08-11,25.32,69000,0,1,0.249
POL-81923337,CUST-835909,Auto,2017-08-20,92.91,125000,4,1,0.128
POL-29182644,CUST-345987,Umbrella,2019-04-14,570.33,4621000,0,1,0.182
POL-98913330,CUST-286153,RV,2024-06-19,354.13,177000,1,1,0.043
POL-41094090,CUST-171530,Auto,2023-02-14,336.1,245000,3,1,0.219
POL-77203186,CUST-564872,Life,2018-03-07,36.64,566000,0,1,0.245
POL-86889969,CUST-798987,Boat,2019-08-13,280.7,442000,2,1,0.138
POL-82739430,CUST-437524,Auto,2020-12-27,297.91,50000,2,1,0.012
POL-93085304,CUST-504679,Auto,2022-07-24,152.49,130000,1,0,0.121
POL-11062221,CUST-370054,Business,2023-08-08,2179.92,334000,0,1,0.033
POL-79876792,CUST-20844,Home,2019-09-25,688.1,1949000,0,1,0.062
POL-22302166,CUST-452225,RV,2018-05-13,516.2,274000,2,1,0.002
POL-99556517,CUST-315825,Motorcycle,2018-04-11,130.05,74000,1,1,0.013
POL-97790240,CUST-817231,Health,2023-05-28,270.83,330000,0,1,0.069
POL-54047337,CUST-340207,RV,2019-07-07,337.69,152000,2,1,0.095
POL-5731910,CUST-754663,Motorcycle,2015-09-03,46.82,90000,1,1,0.244
POL-19226627,CUST-634507,Motorcycle,2018-12-11,68.71,62000,3,1,0.249
POL-2133958,CUST-602563,Umbrella,2025-01-24,548.03,2049000,0,0,0.21
POL-94378014,CUST-667056,Boat,2016-02-20,222.33,111000,1,1,0.03
POL-58025539,CUST-315216,Life,2016-06-09,66.23,522000,0,1,0.2
POL-54570141,CUST-70835,RV,2023-03-16,644.96,66000,1,1,0.132
POL-40413766,CUST-152724,Renters,2020-10-18,46.93,17000,0,1,0.149
POL-67543479,CUST-512638,Umbrella,2023-03-06,450.2,2671000,0,1,0.052
POL-98991703,CUST-739943,Home,2019-09-26,230.33,1961000,0,1,0.074
POL-42694510,CUST-272428,Health,2021-01-07,1169.53,392000,0,1,0.012
POL-95884954,CUST-965819,Motorcycle,2016-05-21,48.55,37000,4,0,0.014
POL-23627166,CUST-672449,Auto,2020-04-29,250.09,42000,4,1,0.059
POL-16769289,CUST-420009,Motorcycle,2019-09-21,80.31,80000,1,1,0.109
POL-80354946,CUST-150584,Business,2023-11-16,1785.46,3752000,0,1,0.179
POL-98610752,CUST-453894,Auto,2016-07-14,152.51,227000,4,1,0.084
POL-48812941,CUST-850840,Business,2023-01-10,2016.95,644000,0,1,0.07
POL-76625483,CUST-235545,Health,2020-01-18,1179.15,191000,0,1,0.152
POL-41040696,CUST-242428,Motorcycle,2018-11-01,40.25,91000,1,1,0.14
POL-53720043,CUST-616019,Business,2025-04-08,1897.52,1376000,0,1,0.043
POL-37202014,CUST-334983,Umbrella,2015-10-27,334.53,2397000,0,1,0.076
POL-99232766,CUST-815658,Home,2019-02-06,533.98,647000,0,1,0.249
POL-92461201,CUST-363603,Auto,2018-08-11,220.76,346000,1,1,0.006
POL-68905255,CUST-491582,Motorcycle,2018-06-18,57.95,12000,1,1,0.095
POL-93135455,CUST-233236,Home,2024-12-25,737.53,1286000,0,1,0.061
POL-61293693,CUST-207752,Health,2021-03-07,448.42,155000,0,1,0.198
POL-68577376,CUST-103397,Life,2019-09-18,118.47,332000,0,1,0.047
POL-33054244,CUST-20650,Motorcycle,2019-04-05,60.93,45000,3,1,0.024
POL-31198032,CUST-290701,Renters,2023-09-07,35.48,46000,0,1,0.024
POL-33360099,CUST-659629,Umbrella,2021-04-14,550.28,3666000,0,1,0.138
POL-6774455,CUST-189570,Umbrella,2019-01-13,590.55,3568000,0,1,0.103
POL-56787600,CUST-325295,Renters,2019-05-29,37.8,12000,0,1,0.173
POL-23986503,CUST-159936,Business,2017-03-21,1004.59,901000,0,1,0.174
POL-63841079,CUST-978745,Business,2020-06-24,2456.27,345000,0,1,0.167
POL-2904310,CUST-664315,RV,2019-10-22,984.18,76000,1,1,0.214
POL-72307608,CUST-392490,Motorcycle,2025-03-11,33.68,91000,2,0,0.066
POL-95909219,CUST-858712,RV,2018-09-28,709.15,234000,2,1,0.119
POL-21110104,CUST-57634,Motorcycle,2023-04-18,88.58,90000,4,1,0.008
POL-30890411,CUST-363688,Auto,2019-08-10,289.32,370000,1,1,0.028
POL-43512939,CUST-960343,Business,2016-04-03,1989.78,3839000,0,0,0.189
POL-53655030,CUST-50539,Motorcycle,2016-09-23,66.41,95000,4,1,0.078
POL-33358220,CUST-861404,RV,2017-08-17,586.75,58000,1,1,0.1
POL-43842699,CUST-100492,Life,2017-09-27,79.32,482000,0,1,0.103
POL-65427611,CUST-743127,Business,2015-12-23,1193.64,1280000,0,1,0.017
POL-49075036,CUST-993221,Life,2017-01-07,112.83,710000,0,1,0.095
POL-43522270,CUST-560276,Home,2021-07-23,650.72,1810000,0,1,0.045
POL-7266411,CUST-843025,Life,2023-12-23,167.28,745000,0,1,0.072
POL-35805685,CUST-664849,Business,2025-06-29,1473.36,2984000,0,1,0.053
POL-36692823,CUST-159263,RV,2016-05-20,351.57,122000,1,1,0.067
POL-86923464,CUST-857546,Motorcycle,2018-01-31,57.84,54000,1,1,0.186
POL-45753342,CUST-412373,Life,2020-07-31,188.18,522000,0,0,0.034
POL-9557164,CUST-82518,Home,2020-09-09,412.62,659000,0,1,0.033
POL-49839839,CUST-852505,Life,2018-02-25,131.76,413000,0,1,0.234
POL-11757659,CUST-137988,RV,2021-10-29,503.93,203000,1,0,0.158
POL-31215046,CUST-535499,Life,2020-12-13,90.64,947000,0,1,0.053
POL-65271974,CUST-808132,Health,2016-02-06,1190.7,208000,0,1,0.106
POL-10115683,CUST-614866,Boat,2024-04-14,507.28,402000,1,1,0.236
POL-33482786,CUST-862239,Life,2017-01-16,43.98,668000,0,1,0.136
POL-2861726,CUST-366263,Umbrella,2021-05-14,265.49,1697000,0,0,0.055
POL-97875055,CUST-722032,Home,2019-04-17,317.77,488000,0,1,0.02
POL-82039293,CUST-266263,Umbrella,2020-10-07,548.97,2304000,0,1,0.223
POL-82741255,CUST-747582,Boat,2016-08-27,577.95,482000,1,1,0.156
POL-14774041,CUST-349366,Business,2023-07-01,2036.47,4379000,0,0,0.248
POL-42152280,CUST-375329,Home,2023-12-14,653.35,1591000,0,0,0.004
POL-16277453,CUST-937570,Auto,2023-12-08,164.82,146000,3,1,0.077
POL-58014632,CUST-836283,Life,2022-03-02,183.3,340000,0,1,0.161
POL-23310618,CUST-539944,Life,2019-06-01,170.93,747000,0,1,0.052
POL-37267854,CUST-429475,Boat,2017-09-23,617.74,293000,2,1,0.001
POL-2342022,CUST-880694,Renters,2019-09-05,35.02,21000,0,1,0.248
POL-16149695,CUST-781168,Boat,2022-10-26,448.73,172000,1,1,0.001
POL-18002338,CUST-886440,Auto,2022-06-23,237.94,52000,1,1,0.219
POL-90107206,CUST-702142,Auto,2016-10-04,318.18,244000,2,1,0.143
POL-88198915,CUST-382398,Renters,2024-08-14,16.96,25000,0,1,0.211
POL-31869535,CUST-331289,Auto,2022-11-07,103.71,243000,1,0,0.116
POL-1242605,CUST-916456,Life,2017-09-23,185.22,160000,0,1,0.116
POL-61498755,CUST-456988,Umbrella,2015-07-04,450.36,3689000,0,1,0.114
POL-41964629,CUST-43553,Life,2016-09-26,37.98,921000,0,1,0.247
POL-20648422,CUST-57393,Motorcycle,2020-05-30,80.3,56000,1,1,0.106
POL-81485381,CUST-589695,Umbrella,2020-11-03,293.34,4760000,0,0,0.013
POL-67239704,CUST-847957,Life,2022-01-18,101.2,983000,0,1,0.103
POL-89609744,CUST-683808,Boat,2021-08-04,280.88,265000,2,1,0.169
POL-79946310,CUST-467027,Business,2022-08-21,2358.49,2273000,0,1,0.17
POL-10381267,CUST-320939,Motorcycle,2023-04-30,41.28,20000,4,1,0.028
POL-92051701,CUST-226253,Renters,2018-09-21,42.19,33000,0,1,0.029
POL-3218364,CUST-957249,Umbrella,2022-09-06,430.61,3376000,0,0,0.013
POL-5641553,CUST-781359,Auto,2024-02-02,317.31,379000,3,1,0.039
POL-14670573,CUST-46275,Business,2016-02-20,1033.06,4726000,0,1,0.1
POL-38188914,CUST-802465,Home,2016-10-30,385.37,962000,0,1,0.029
POL-98345915,CUST-100712,Umbrella,2022-08-06,385.35,4129000,0,1,0.208
POL-98338584,CUST-227068,Business,2016-05-06,813.75,4086000,0,1,0.138
POL-65175079,CUST-871427,Motorcycle,2018-01-09,78.2,57000,4,1,0.152
POL-70389816,CUST-525165,Umbrella,2024-03-24,393.01,3378000,0,1,0.066
POL-13175241,CUST-564078,Health,2024-12-21,746.41,476000,0,1,0.116
POL-5135828,CUST-294699,Boat,2019-01-07,786.05,477000,1,1,0.037
POL-88106372,CUST-120146,Boat,2022-02-20,302.19,464000,1,1,0.048
POL-32624704,CUST-581815,Business,2022-01-21,1888.1,1115000,0,1,0.029
POL-15284939,CUST-427432,Umbrella,2024-05-22,229.72,4898000,0,1,0.151
POL-63502724,CUST-742099,Business,2024-02-21,716.5,4521000,0,1,0.182
POL-98496901,CUST-369428,Renters,2024-08-09,33.3,67000,0,1,0.171
POL-70792096,CUST-857001,Home,2016-12-31,100.07,1951000,0,1,0.13
POL-56433733,CUST-976186,Boat,2021-07-02,479.12,386000,1,1,0.147
POL-47045642,CUST-658202,Life,2016-04-09,35.13,769000,0,1,0.085
POL-88696223,CUST-619930,Business,2016-02-03,959.12,4091000,0,1,0.152
POL-44838301,CUST-419702,Motorcycle,2021-12-27,57.09,96000,3,1,0.081
POL-71981346,CUST-795516,Renters,2024-12-18,45.16,82000,0,0,0.155
POL-51028711,CUST-501883,Motorcycle,2018-03-22,50.76,35000,1,1,0.217
POL-70330815,CUST-35939,Health,2018-06-28,590.95,294000,0,1,0.171
POL-64312760,CUST-995356,Umbrella,2015-09-12,391.36,4157000,0,1,0.13
POL-95903352,CUST-511993,Umbrella,2018-02-23,225.5,3257000,0,1,0.177
POL-238585,CUST-759171,Boat,2018-02-27,497.01,484000,1,1,0.107
POL-15067261,CUST-705932,Life,2024-12-01,96.83,355000,0,1,0.179
POL-60052849,CUST-161834,Motorcycle,2020-06-07,61.71,57000,3,1,0.223
POL-61485328,CUST-221017,Home,2018-10-12,143.12,192000,0,0,0.248
POL-56368085,CUST-296451,Motorcycle,2021-06-23,144.58,90000,4,1,0.234
POL-62560227,CUST-540818,Boat,2015-10-18,391.46,62000,2,1,0.241
POL-97596654,CUST-759619,Life,2019-04-17,199.87,417000,0,1,0.024
POL-71600765,CUST-232726,Motorcycle,2015-12-25,71.41,90000,4,1,0.069
POL-53733032,CUST-632983,Renters,2016-05-03,15.34,97000,0,0,0.221
POL-69850779,CUST-797164,RV,2023-01-14,752.64,265000,2,1,0.214
POL-84397566,CUST-597366,Business,2025-06-05,2132.53,3830000,0,1,0.09
POL-13856666,CUST-672706,Umbrella,2021-10-22,539.1,1710000,0,1,0.047
POL-46530527,CUST-297853,Life,2019-11-02,73.02,903000,0,1,0.047
POL-27436727,CUST-431652,RV,2024-10-29,814.23,287000,1,1,0.22
POL-10661020,CUST-272852,Business,2023-05-06,1064.16,3791000,0,1,0.187
POL-64532685,CUST-276232,Umbrella,2022-02-01,593.13,1449000,0,1,0.21
POL-4740382,CUST-989666,Health,2025-02-03,771.58,111000,0,1,0.033
POL-50857535,CUST-552447,Business,2022-11-21,612.21,4869000,0,1,0.03
POL-97068643,CUST-438154,Boat,2024-04-03,695.42,161000,1,1,0.232
POL-50006068,CUST-71699,Health,2023-02-20,340.49,347000,0,1,0.024
POL-45315433,CUST-799918,Auto,2025-01-15,239.45,249000,4,1,0.201
POL-13552803,CUST-88081,Renters,2023-11-08,36.8,20000,0,1,0.144
POL-40845403,CUST-371535,Business,2022-09-21,946.52,2604000,0,1,0.161
POL-6098023,CUST-368149,Boat,2022-10-29,477.96,100000,2,1,0.229
POL-53978436,CUST-217294,Boat,2021-09-16,564.08,26000,2,1,0.234
POL-33412670,CUST-971115,Boat,2020-08-28,705.93,117000,1,1,0.175
POL-67616303,CUST-51185,Life,2017-01-05,109.66,874000,0,1,0.201
POL-28119831,CUST-617161,Motorcycle,2022-12-17,118.88,95000,3,0,0.098
POL-2182045,CUST-754722,Life,2017-12-26,118.27,310000,0,1,0.165
POL-18079492,CUST-366466,Motorcycle,2016-01-17,52.89,58000,4,1,0.022
POL-46452909,CUST-449338,Health,2024-06-30,565.81,432000,0,1,0.078
POL-28712940,CUST-251895,Motorcycle,2021-02-16,86.37,52000,4,1,0.229
POL-94422957,CUST-499979,Renters,2023-06-26,49.99,26000,0,1,0.227
POL-32474543,CUST-19323,Home,2023-09-11,711.32,883000,0,0,0.019
POL-13344149,CUST-396915,Motorcycle,2018-11-24,90.01,39000,2,0,0.181
POL-92276409,CUST-584276,Business,2023-12-01,1921.32,2548000,0,0,0.001
POL-14531132,CUST-620654,RV,2023-09-05,979.68,151000,2,0,0.008
POL-55792084,CUST-112964,Life,2018-03-25,75.36,865000,0,1,0.217
POL-38006609,CUST-574101,Auto,2021-10-22,284.67,82000,4,1,0.151
POL-90368487,CUST-161165,Home,2023-09-01,646.9,1124000,0,0,0.23
POL-13891054,CUST-150551,RV,2015-09-16,859.05,196000,1,1,0.175
POL-89226114,CUST-60373,Life,2019-12-17,110.79,780000,0,1,0.09
POL-50324737,CUST-857802,Life,2017-11-06,111.35,786000,0,1,0.159
POL-45233421,CUST-336854,Health,2020-06-05,1168.66,273000,0,1,0.25
POL-88339988,CUST-60611,Health,2015-11-24,387.34,209000,0,1,0.218
POL-39699912,CUST-618506,Motorcycle,2021-04-24,130.95,31000,2,1,0.043
POL-68086079,CUST-780534,RV,2016-01-10,987.02,218000,2,1,0.234
POL-89363234,CUST-590961,Home,2016-02-11,659.76,1755000,0,1,0.007
POL-73895111,CUST-883877,Health,2025-06-19,1190.72,253000,0,1,0.188
POL-76239493,CUST-887762,Business,2019-01-17,1908.24,3938000,0,1,0.145
POL-53883262,CUST-661753,Business,2023-12-06,2412.1,3720000,0,1,0.148
POL-31796388,CUST-545708,RV,2023-04-16,347.07,95000,2,1,0.024
POL-64197731,CUST-141667,Renters,2024-03-03,17.24,82000,0,1,0.166
POL-50668069,CUST-102127,Umbrella,2020-10-06,432.23,1172000,0,1,0.054
POL-28797100,CUST-13830,Life,2022-02-27,198.17,166000,0,0,0.035
POL-37862613,CUST-260812,Home,2018-12-07,567.45,395000,0,1,0.089
POL-29495553,CUST-809969,Business,2024-06-11,2100.85,260000,0,1,0.101
POL-3690590,CUST-31361,Life,2016-07-03,105.27,165000,0,1,0.119
POL-10665998,CUST-305187,Renters,2025-05-13,48.73,91000,0,1,0.21
POL-41992881,CUST-165033,Life,2019-04-18,100.48,595000,0,1,0.023
POL-83008473,CUST-982346,Boat,2020-09-19,500.13,172000,1,1,0.135
POL-2383724,CUST-515604,Home,2019-05-04,189.63,955000,0,1,0.184
POL-14274940,CUST-458943,RV,2020-03-22,871.78,280000,1,1,0.027
POL-76020055,CUST-675092,Renters,2025-02-27,36.65,76000,0,1,0.025
POL-42156701,CUST-284656,Umbrella,2022-07-07,410.54,4600000,0,0,0.186
POL-52007482,CUST-160016,Life,2022-07-11,157.89,567000,0,1,0.025
POL-83107246,CUST-520650,Life,2024-03-15,145.29,675000,0,1,0.054
POL-48214537,CUST-104622,Business,2018-10-21,1869.66,743000,0,1,0.222
POL-81287012,CUST-837232,Business,2024-05-15,927.85,4307000,0,1,0.205
POL-21040273,CUST-152328,Life,2021-12-01,45.58,121000,0,1,0.182
POL-20830979,CUST-474314,Motorcycle,2021-03-22,37.99,11000,1,1,0.132
POL-84803643,CUST-423855,Life,2021-01-22,108.86,381000,0,1,0.228
POL-560704,CUST-173993,Health,2016-06-10,806.9,468000,0,1,0.053
POL-33529159,CUST-39169,Boat,2017-08-29,456.72,353000,2,1,0.2
POL-30125806,CUST-940194,Motorcycle,2017-09-12,120.52,50000,2,1,0.104
POL-5228178,CUST-390364,Boat,2020-05-17,465.58,40000,1,1,0.033
POL-99798674,CUST-490836,Health,2021-12-30,540.3,122000,0,1,0.153
POL-13701553,CUST-193412,Renters,2023-03-06,23.38,15000,0,0,0.114
POL-10578035,CUST-691321,Motorcycle,2021-08-10,47.02,74000,4,1,0.12
POL-69612976,CUST-591252,Renters,2021-10-08,33.26,14000,0,1,0.096
POL-35217996,CUST-107257,Home,2016-03-26,260.62,1585000,0,1,0.1
POL-84427432,CUST-174065,Auto,2024-04-12,275.53,346000,4,1,0.076
POL-1606904,CUST-353175,Home,2024-02-12,241.61,1626000,0,1,0.103
POL-55407459,CUST-422101,Business,2016-09-03,1684.08,739000,0,1,0.199
POL-5831024,CUST-744109,Auto,2022-10-31,188.61,63000,1,1,0.157
POL-15402621,CUST-891080,Business,2024-09-19,2165.73,3157000,0,1,0.24
POL-29193682,CUST-607245,Motorcycle,2018-07-20,130.54,99000,2,1,0.245
POL-65470955,CUST-552813,Boat,2017-08-27,393.42,201000,2,1,0.239
POL-39448319,CUST-808791,Motorcycle,2024-11-27,31.21,31000,4,1,0.224
POL-65218296,CUST-665725,Life,2020-03-06,74.57,108000,0,1,0.172
POL-78343319,CUST-583924,Health,2016-01-25,1151.48,477000,0,1,0.187
POL-25998100,CUST-436505,Renters,2021-12-26,40.09,79000,0,1,0.174
POL-43806657,CUST-147361,Life,2016-11-26,62.39,69000,0,1,0.198
POL-52466791,CUST-641203,Auto,2023-07-21,282.41,223000,3,1,0.006
POL-74041922,CUST-849675,Boat,2020-12-26,765.07,81000,2,1,0.124
POL-40633896,CUST-317646,Umbrella,2020-04-15,469.35,2203000,0,1,0.158
POL-1988189,CUST-151778,Boat,2018-02-18,621.1,463000,1,1,0.213
POL-34832400,CUST-727795,Umbrella,2018-03-20,595.57,1071000,0,1,0.123
POL-20021965,CUST-263257,Motorcycle,2024-12-09,61.04,86000,4,1,0.216
POL-73043949,CUST-877020,Business,2024-08-15,865.34,2652000,0,1,0.03
POL-25688312,CUST-759365,Motorcycle,2022-03-06,67.27,46000,1,1,0.192
POL-32791587,CUST-910485,Motorcycle,2016-09-10,73.9,52000,1,1,0.019
POL-31501634,CUST-484466,Motorcycle,2023-05-06,36.04,94000,2,1,0.038
POL-40292620,CUST-384818,Umbrella,2016-10-19,563.57,2770000,0,1,0.149
POL-30382029,CUST-988830,Life,2016-03-14,98.49,191000,0,1,0.214
POL-14747409,CUST-957769,Home,2016-09-29,723.01,1752000,0,1,0.164
POL-4236739,CUST-729232,Renters,2024-07-24,33.3,16000,0,1,0.176
POL-51037503,CUST-712025,Motorcycle,2018-02-01,73.27,95000,4,1,0.102
POL-84731443,CUST-615682,Life,2021-12-20,139.97,915000,0,0,0.173
POL-35375799,CUST-826263,Business,2017-07-25,944.65,3300000,0,1,0.188
POL-81105461,CUST-799259,Boat,2017-07-24,365.16,72000,1,0,0.179
POL-89863623,CUST-601623,Boat,2019-09-21,457.2,31000,2,1,0.232
POL-859143,CUST-401850,Home,2022-06-12,477.17,1284000,0,1,0.016
POL-3289311,CUST-276503,Business,2016-12-10,603.64,408000,0,1,0.127
POL-12417137,CUST-915781,Motorcycle,2023-03-22,46.87,78000,2,1,0.175
POL-76217000,CUST-873791,Boat,2024-01-09,260.6,121000,2,1,0.054
POL-13681577,CUST-854151,Home,2017-08-09,516.91,1625000,0,1,0.176
POL-82629613,CUST-131276,Life,2025-05-12,83.71,738000,0,1,0.084
POL-50783301,CUST-689729,Umbrella,2020-11-09,285.77,1565000,0,1,0.072
POL-40771829,CUST-761560,Life,2017-12-04,176.06,485000,0,1,0.044
POL-54922827,CUST-587411,Auto,2023-10-07,194.95,493000,3,1,0.196
POL-89802489,CUST-814809,Auto,2024-11-20,307.5,419000,1,1,0.129
POL-38851473,CUST-66469,Umbrella,2019-02-02,518.14,1288000,0,1,0.019
POL-29587553,CUST-274552,Home,2016-04-06,545.44,160000,0,1,0.008
POL-37702255,CUST-97765,Motorcycle,2016-10-29,135.31,54000,3,1,0.064
POL-9363099,CUST-540717,Life,2018-11-11,106.15,775000,0,1,0.222
POL-14879958,CUST-989717,Renters,2017-04-04,17.26,17000,0,1,0.089
POL-85025332,CUST-108599,RV,2025-01-22,675.29,157000,2,1,0.127
POL-1302913,CUST-994865,RV,2020-10-20,314.97,299000,1,1,0.063
POL-11532504,CUST-731284,Business,2021-04-22,1886.87,1411000,0,1,0.084
POL-21014788,CUST-330157,Home,2019-06-07,778.72,1654000,0,1,0.092
POL-59718067,CUST-916323,Renters,2017-06-18,40.68,60000,0,1,0.023
POL-89726761,CUST-2334,Health,2025-06-26,686.26,477000,0,1,0.027
POL-41851655,CUST-472316,Life,2020-10-05,54.31,131000,0,1,0.14
POL-67421330,CUST-378702,Motorcycle,2016-02-24,143.48,64000,4,1,0.044
POL-183014,CUST-600335,Umbrella,2022-07-15,347.03,4862000,0,1,0.189
POL-6411095,CUST-845857,Business,2020-03-03,1907.7,3852000,0,1,0.202
POL-60832218,CUST-104949,Life,2022-01-24,174.9,414000,0,1,0.191
POL-88661834,CUST-857240,Auto,2020-07-11,302.28,207000,4,1,0.175
POL-61575241,CUST-552145,Renters,2024-01-21,45.18,35000,0,1,0.2
POL-9289070,CUST-22838,Business,2019-02-10,1783.03,4640000,0,1,0.023
POL-14034673,CUST-275435,Auto,2018-11-10,272.53,337000,4,1,0.171
POL-52308070,CUST-284967,Business,2021-07-05,1947.99,3738000,0,1,0.096
POL-63592528,CUST-131222,Umbrella,2020-11-05,517.18,1035000,0,0,0.002
POL-61434761,CUST-344061,Boat,2018-02-01,354.74,358000,1,1,0.038
POL-80482789,CUST-281850,Auto,2023-07-13,247.28,347000,4,1,0.173
POL-61068253,CUST-760892,Boat,2016-06-03,480.06,384000,2,1,0.023
POL-3667014,CUST-233291,Umbrella,2020-01-18,514.47,2386000,0,1,0.249
POL-60362222,CUST-278422,Health,2019-02-23,775.22,199000,0,1,0.077
POL-82978349,CUST-657863,Motorcycle,2019-11-20,131.7,91000,1,1,0.209
POL-82334102,CUST-965850,Boat,2025-05-15,506.14,221000,1,1,0.03
POL-60368125,CUST-3890,RV,2024-06-05,946.39,58000,2,1,0.193
POL-33142680,CUST-638015,Auto,2019-05-27,176.73,34000,2,1,0.097
POL-95028693,CUST-239871,Motorcycle,2017-04-22,121.7,28000,3,1,0.014
POL-82526538,CUST-302965,Home,2022-03-08,354.95,620000,0,1,0.117
POL-24940623,CUST-855449,Auto,2017-01-02,144.47,25000,2,1,0.121
POL-40326991,CUST-74247,Boat,2022-05-17,451.35,352000,2,1,0.139
POL-51715208,CUST-17743,Boat,2015-07-26,639.09,248000,2,1,0.127
POL-22525718,CUST-447351,Business,2019-04-22,1822.19,657000,0,1,0.164
POL-47055782,CUST-245097,Business,2023-03-01,1728.14,3740000,0,1,0.044
POL-94331316,CUST-677279,RV,2016-08-09,537.12,80000,2,1,0.112
POL-6103320,CUST-364571,Health,2024-12-17,458.23,198000,0,1,0.023
POL-53227723,CUST-253163,Home,2023-10-23,564.79,211000,0,1,0.157
POL-91998883,CUST-877150,Umbrella,2016-12-25,526.67,3625000,0,1,0.221
POL-10900384,CUST-28062,Health,2016-02-09,852.49,390000,0,1,0.209
POL-80874328,CUST-425770,Renters,2024-07-29,23.55,74000,0,1,0.094
POL-39637541,CUST-426774,Motorcycle,2021-02-22,54.98,83000,3,1,0.156
POL-22245731,CUST-337766,Life,2017-02-06,113.78,807000,0,1,0.234
POL-53172340,CUST-39271,Health,2019-05-03,451.78,403000,0,1,0.016
POL-38737977,CUST-22353,Umbrella,2022-02-07,254.77,2756000,0,1,0.025
POL-37701601,CUST-462225,Motorcycle,2016-07-15,72.45,16000,4,0,0.074
POL-69934637,CUST-419436,Health,2020-06-08,1031.98,64000,0,1,0.015
POL-80456428,CUST-314901,Motorcycle,2023-05-21,98.4,58000,1,1,0.035
POL-50810942,CUST-812538,RV,2025-01-16,423.51,87000,2,1,0.245
POL-69635562,CUST-619647,Health,2025-06-05,1116.81,180000,0,1,0.145
POL-68285360,CUST-264582,Life,2020-02-11,181.03,213000,0,1,0.194
POL-9306171,CUST-489996,Home,2024-04-14,431.91,348000,0,1,0.176
POL-87192052,CUST-258428,Motorcycle,2015-09-13,142.72,42000,1,1,0.198
POL-14297366,CUST-26584,Life,2022-05-22,162.48,159000,0,1,0.026
POL-61202599,CUST-836692,Business,2016-05-27,2343.75,1434000,0,1,0.186
POL-527303,CUST-790095,Health,2023-06-19,619.83,353000,0,1,0.01
POL-59661898,CUST-509908,Health,2016-09-18,1065.41,375000,0,1,0.025
POL-87757204,CUST-503810,Home,2019-04-08,116.46,605000,0,1,0.142
POL-77057351,CUST-951533,Motorcycle,2020-10-27,122.39,78000,4,1,0.149
POL-79929117,CUST-206853,Home,2020-10-06,198.49,120000,0,1,0.118
POL-4962333,CUST-465726,Umbrella,2018-12-06,351.53,2884000,0,1,0.062
POL-13859781,CUST-116022,Boat,2024-06-21,221.63,232000,2,0,0.034
POL-59371178,CUST-111796,Motorcycle,2016-10-01,55.01,58000,1,1,0.238
POL-94420062,CUST-795753,Home,2025-04-03,208.05,1727000,0,1,0.02
POL-6988827,CUST-38287,Renters,2022-09-10,19.63,35000,0,1,0.02
POL-82689851,CUST-24773,Umbrella,2020-03-22,536.39,1238000,0,1,0.119
POL-12458835,CUST-281070,Renters,2018-05-22,18.59,43000,0,1,0.046
POL-39423056,CUST-90314,Umbrella,2020-05-14,347.92,1584000,0,1,0.125
POL-44853899,CUST-890459,Business,2021-07-24,866.56,179000,0,1,0.069
POL-60094499,CUST-292884,Home,2022-09-08,305.52,1186000,0,1,0.152
POL-31187115,CUST-244625,Boat,2019-05-13,504.95,124000,1,1,0.222
POL-40673081,CUST-695826,Umbrella,2024-04-27,276.98,1484000,0,1,0.191
POL-98034138,CUST-426935,Home,2025-02-05,734.15,1010000,0,1,0.014
POL-50200866,CUST-985790,Renters,2021-04-26,39.38,14000,0,1,0.139
POL-30710598,CUST-595116,Health,2018-03-31,934.74,334000,0,1,0.01
POL-64430538,CUST-813857,Boat,2017-05-06,286.91,218000,1,1,0.066
POL-28335496,CUST-762202,Boat,2015-12-11,777.69,173000,2,1,0.016
POL-48344299,CUST-255646,Umbrella,2019-06-23,301.42,2048000,0,1,0.244
POL-7435827,CUST-326229,Life,2015-07-07,47.23,797000,0,1,0.075
POL-78330410,CUST-188861,Life,2025-06-16,63.79,514000,0,1,0.159
POL-84088444,CUST-423853,Umbrella,2022-01-14,549.37,4687000,0,0,0.126
POL-28781963,CUST-754283,Health,2021-05-31,504.62,273000,0,1,0.24
POL-96319077,CUST-117092,Business,2022-01-22,1141.26,1673000,0,1,0.08
POL-86918659,CUST-871861,Boat,2023-08-14,485.22,180000,1,1,0.103
POL-31589221,CUST-108806,Boat,2023-04-04,237.88,176000,2,1,0.086
POL-29052220,CUST-595512,Renters,2023-03-23,27.58,48000,0,1,0.101
POL-57387731,CUST-728205,Motorcycle,2020-08-27,34.8,55000,2,1,0.091
POL-36647653,CUST-531173,Umbrella,2018-02-15,339.92,3098000,0,1,0.143
POL-96322283,CUST-757883,Home,2023-12-02,613.89,1872000,0,1,0.142
POL-26316891,CUST-831289,Auto,2018-01-30,139.33,165000,4,1,0.233
POL-46841447,CUST-886882,Renters,2025-01-08,41.07,86000,0,1,0.216
POL-50481407,CUST-899492,RV,2024-06-10,534.06,235000,1,1,0.216
POL-88752010,CUST-255434,Home,2021-02-05,256.18,215000,0,1,0.205
POL-64312089,CUST-690857,Life,2018-02-07,153.89,136000,0,1,0.026
POL-74277180,CUST-475251,Motorcycle,2022-02-04,42.14,95000,4,1,0.089
POL-35000560,CUST-735361,Home,2017-01-24,631.82,1305000,0,1,0.21
POL-32403652,CUST-286764,Home,2016-10-28,547.55,410000,0,1,0.166
POL-26945309,CUST-829456,RV,2025-04-20,745.19,115000,1,0,0.036
POL-64639935,CUST-961975,Umbrella,2017-08-10,572.8,1593000,0,1,0.024
POL-59098537,CUST-982752,Auto,2022-02-19,323.78,174000,4,1,0.002
POL-57770141,CUST-6148,Renters,2016-01-23,33.3,15000,0,1,0.061
POL-48833445,CUST-586379,RV,2021-09-15,915.41,65000,2,1,0.083
POL-64114593,CUST-915106,Home,2017-03-20,320.19,538000,0,1,0.238
POL-42873169,CUST-484974,Motorcycle,2019-05-22,48.68,42000,2,0,0.244
POL-15897063,CUST-923623,Motorcycle,2017-08-16,63.12,66000,3,1,0.17
POL-52154482,CUST-142865,Motorcycle,2017-07-23,141.21,84000,2,1,0.075
POL-3288014,CUST-412301,RV,2021-04-05,666.83,63000,2,0,0.038
POL-74798496,CUST-642101,Boat,2025-06-27,560.72,239000,1,1,0.155
POL-49794029,CUST-786552,Auto,2018-09-10,314.58,497000,4,1,0.152
POL-52767017,CUST-316942,Umbrella,2019-12-20,274.56,4868000,0,1,0.151
POL-28001296,CUST-859423,Motorcycle,2022-04-23,80.15,69000,2,1,0.008
POL-93141956,CUST-624919,Auto,2024-08-06,98.73,430000,1,1,0.137
POL-2090511,CUST-106560,Auto,2023-02-10,208.41,297000,2,1,0.12
POL-88935572,CUST-658916,Renters,2020-07-12,32.94,88000,0,1,0.221
POL-48401492,CUST-509605,Boat,2021-01-24,508.42,200000,2,1,0.165
POL-30974297,CUST-628411,Boat,2015-07-30,323.15,53000,2,1,0.099
POL-33626562,CUST-693540,Boat,2019-07-13,794.07,237000,2,1,0.003
POL-63811952,CUST-729400,Health,2017-09-29,1074.99,380000,0,1,0.111
POL-97213712,CUST-567286,Motorcycle,2017-03-06,142.46,29000,1,1,0.111
POL-53355943,CUST-783667,Home,2022-03-20,596.46,1306000,0,0,0.144
POL-20255526,CUST-379706,Motorcycle,2025-05-31,118.96,14000,1,1,0.248
POL-16930651,CUST-633693,Boat,2020-12-21,515.77,116000,1,1,0.068
POL-44193479,CUST-25012,Business,2016-06-04,1979.11,407000,0,0,0.055
POL-52268428,CUST-56199,Auto,2018-06-12,197.37,222000,2,1,0.169
POL-6430431,CUST-699200,Motorcycle,2015-08-13,67.49,20000,3,1,0.118
POL-14909701,CUST-699633,Boat,2016-11-09,464.1,357000,2,1,0.183
POL-11162108,CUST-857710,Renters,2016-06-08,19.25,80000,0,1,0.129
POL-56926086,CUST-77384,Auto,2021-01-19,226.27,456000,1,1,0.048
POL-9450698,CUST-887187,Auto,2022-07-23,198.49,229000,3,1,0.132
POL-61696280,CUST-201878,Home,2025-06-14,433.07,845000,0,0,0.089
POL-34617842,CUST-826048,Life,2025-01-19,167.58,925000,0,1,0.15
POL-83682955,CUST-657246,Home,2019-10-15,538.49,1702000,0,0,0.088
POL-10992522,CUST-146082,Life,2024-03-29,185.23,80000,0,0,0.19
POL-31002695,CUST-1265,Health,2016-12-26,250.79,352000,0,1,0.117
POL-90272957,CUST-775806,Health,2016-04-16,1167.61,299000,0,1,0.013
POL-68718643,CUST-146728,Life,2024-12-14,107.32,594000,0,1,0.238
POL-71250258,CUST-895163,Health,2018-10-12,333.24,465000,0,1,0.161
POL-89390270,CUST-393706,RV,2020-08-24,841.18,215000,2,1,0.049
POL-83818096,CUST-53722,Business,2025-03-29,751.19,2993000,0,1,0.216
POL-54341940,CUST-501294,Boat,2025-01-11,786.69,142000,2,1,0.126
POL-26392862,CUST-706586,Business,2017-09-01,1561.77,2069000,0,1,0.034
POL-9875253,CUST-64342,RV,2019-03-15,780.21,80000,2,1,0.079
POL-89296467,CUST-275145,Motorcycle,2019-12-24,142.39,15000,3,1,0.116
POL-16759624,CUST-517776,Home,2024-06-30,474.07,1172000,0,1,0.169
POL-84301757,CUST-256913,Motorcycle,2023-06-04,110.82,94000,3,1,0.243
POL-48694273,CUST-332409,Home,2022-07-07,509.79,1958000,0,1,0.041
POL-9423062,CUST-635341,Motorcycle,2022-08-15,83.77,36000,1,1,0.098
POL-16971186,CUST-75310,RV,2017-11-06,809.26,244000,1,1,0.094
POL-73410432,CUST-142829,Motorcycle,2024-07-07,130.54,18000,4,1,0.189
POL-2817399,CUST-430608,Life,2017-11-14,104.01,941000,0,1,0.155
POL-10953672,CUST-551833,Boat,2019-02-14,454.74,471000,2,0,0.223
POL-38577797,CUST-127469,RV,2022-04-04,656.19,108000,1,1,0.036
POL-51594165,CUST-66197,Auto,2023-09-02,159.32,78000,3,0,0.03
POL-3899798,CUST-163096,Umbrella,2019-04-17,366.46,1536000,0,1,0.226
POL-55493661,CUST-274515,RV,2018-09-20,889.16,227000,1,1,0.125
POL-92647532,CUST-658286,Business,2017-06-22,593.77,2068000,0,1,0.23
POL-81544074,CUST-250332,Renters,2022-12-01,37.46,18000,0,1,0.146
POL-68013886,CUST-198468,Renters,2022-09-12,19.17,90000,0,0,0.243
POL-83976791,CUST-639095,Health,2020-11-18,252.4,206000,0,1,0.037
POL-55542934,CUST-888790,Business,2016-08-13,569.13,167000,0,1,0.154
POL-58323698,CUST-287220,Life,2023-05-12,137.02,434000,0,0,0.162
POL-32724726,CUST-154499,Auto,2015-09-30,310.45,128000,2,1,0.039
POL-77498010,CUST-698797,Health,2019-04-30,997.49,51000,0,0,0.051
POL-95699527,CUST-599329,Boat,2016-08-23,502.9,420000,1,1,0.017
POL-88394347,CUST-188413,Motorcycle,2019-05-17,124.42,29000,3,1,0.101
POL-18778669,CUST-826690,Life,2021-05-02,135.38,420000,0,1,0.122
POL-20023268,CUST-928525,RV,2024-07-28,764.52,82000,1,1,0.195
POL-60963566,CUST-955786,Home,2022-05-03,579.33,161000,0,1,0.013
POL-23461913,CUST-399019,Business,2017-03-22,1701.2,3219000,0,1,0.223
POL-61887173,CUST-611501,Home,2019-08-01,789.52,712000,0,0,0.215
POL-81203522,CUST-886795,Home,2019-12-01,344.8,205000,0,0,0.202
POL-43067540,CUST-886738,Renters,2025-02-24,16.94,70000,0,1,0.018
POL-25031616,CUST-328226,Boat,2018-04-22,527.5,78000,1,1,0.234
POL-82530580,CUST-434607,Business,2018-08-22,999.78,1208000,0,1,0.234
POL-34646722,CUST-315919,Renters,2019-11-14,19.81,29000,0,1,0.051
POL-37369049,CUST-797044,Home,2024-05-05,623.45,1527000,0,1,0.027
POL-84529490,CUST-450053,Motorcycle,2019-09-19,51.32,25000,3,0,0.119
POL-58385552,CUST-531938,Umbrella,2024-09-18,460.58,2420000,0,1,0.005
POL-15588958,CUST-77998,Motorcycle,2017-05-31,48.1,43000,1,1,0.216
POL-29871880,CUST-231511,Auto,2020-10-01,263.16,59000,3,1,0.227
POL-57188252,CUST-270012,Motorcycle,2016-04-12,108.13,26000,3,1,0.245
POL-81201698,CUST-741901,Motorcycle,2015-11-28,145.0,52000,3,0,0.047
POL-3291261,CUST-336041,Auto,2024-05-02,264.38,159000,1,1,0.197
POL-67066202,CUST-502165,Renters,2025-01-19,27.58,59000,0,1,0.149
POL-44821162,CUST-332675,Motorcycle,2016-12-10,69.91,71000,1,1,0.054
POL-79702804,CUST-707594,RV,2021-05-29,767.94,209000,1,1,0.046
POL-85940733,CUST-954042,Health,2016-06-10,369.51,436000,0,1,0.178
POL-93764562,CUST-931951,Boat,2022-02-08,463.68,38000,2,1,0.075
POL-64623383,CUST-556423,Life,2018-05-02,86.96,862000,0,1,0.015
POL-81839237,CUST-54662,Health,2023-08-22,1010.13,216000,0,1,0.213
POL-47825905,CUST-605161,Life,2018-06-01,46.13,442000,0,0,0.231
POL-92354606,CUST-159324,Life,2017-02-27,71.22,654000,0,1,0.215
POL-95729357,CUST-765183,RV,2015-10-06,630.77,103000,1,1,0.101
POL-52368199,CUST-246814,RV,2020-01-10,665.95,57000,2,1,0.189
POL-22588689,CUST-121875,Home,2023-06-15,172.52,480000,0,1,0.016
POL-23968273,CUST-929378,Life,2022-07-05,92.38,102000,0,1,0.175
POL-53052213,CUST-760056,Auto,2022-03-30,194.78,87000,1,1,0.034
POL-29039901,CUST-152834,Business,2015-11-16,2055.02,3371000,0,1,0.235
POL-43486662,CUST-533431,Business,2018-09-24,1439.3,4389000,0,1,0.071
POL-9725451,CUST-561184,Health,2020-07-18,304.78,469000,0,1,0.148
POL-23516166,CUST-652726,Health,2015-08-10,895.5,209000,0,1,0.092
POL-46264922,CUST-689851,Boat,2020-12-05,387.2,40000,2,1,0.247
POL-65727209,CUST-491160,Boat,2025-02-25,250.03,257000,1,1,0.102
POL-96835933,CUST-477493,RV,2019-05-12,702.68,149000,2,1,0.038
POL-26248338,CUST-630869,Renters,2025-03-18,42.27,87000,0,1,0.027
POL-65614320,CUST-894136,RV,2021-08-07,957.98,76000,2,0,0.149
POL-42392285,CUST-800735,Motorcycle,2025-05-04,30.23,91000,2,1,0.161
POL-9052721,CUST-591737,Life,2021-05-20,92.89,314000,0,1,0.15
POL-34206177,CUST-754777,Motorcycle,2017-12-23,48.9,47000,2,1,0.028
POL-36162597,CUST-715327,Umbrella,2023-03-05,258.12,2890000,0,1,0.135
POL-9863721,CUST-67518,Auto,2016-12-11,98.21,299000,4,1,0.051
POL-90652331,CUST-227091,Life,2023-08-26,74.83,550000,0,1,0.165
POL-61209942,CUST-12425,Umbrella,2022-02-25,422.83,4966000,0,0,0.146
POL-95359548,CUST-553339,Business,2019-03-18,1900.94,3443000,0,1,0.22
POL-19920279,CUST-372397,Health,2022-09-26,814.57,150000,0,1,0.097
POL-87635588,CUST-485507,Boat,2022-03-06,666.57,465000,1,0,0.194
POL-13968435,CUST-108433,RV,2022-10-29,558.78,277000,2,1,0.06
POL-48958314,CUST-994128,Renters,2018-03-22,23.01,85000,0,1,0.233
POL-39146431,CUST-765757,RV,2024-12-11,548.24,167000,1,1,0.155
POL-27553060,CUST-218097,RV,2018-03-22,915.16,164000,2,1,0.137
POL-1934573,CUST-569419,Business,2016-01-06,1447.51,881000,0,0,0.179
POL-48518869,CUST-417252,Renters,2016-03-22,47.34,97000,0,1,0.165
POL-4304815,CUST-779212,Boat,2019-09-25,223.74,404000,2,1,0.114
POL-93875280,CUST-153252,Life,2024-02-20,31.09,950000,0,1,0.18
POL-22297367,CUST-658797,Health,2025-04-29,615.01,338000,0,1,0.18
POL-85562972,CUST-585754,Business,2019-10-17,604.39,4934000,0,1,0.055
POL-68622351,CUST-488990,Health,2017-11-11,1041.9,142000,0,1,0.135
POL-22989289,CUST-838201,Boat,2019-04-16,447.85,390000,1,1,0.196
POL-5276822,CUST-931110,Renters,2017-05-17,47.34,43000,0,1,0.223
POL-91664253,CUST-750902,Umbrella,2023-07-09,288.29,1009000,0,0,0.027
POL-70432631,CUST-212570,Boat,2024-05-14,635.04,447000,2,1,0.096
POL-23053885,CUST-667603,Life,2016-11-28,34.04,479000,0,1,0.192
POL-30806691,CUST-751062,Life,2023-01-01,111.92,321000,0,0,0.07
POL-47397903,CUST-799535,Auto,2022-10-02,302.86,330000,4,1,0.091
POL-73117599,CUST-365885,Boat,2020-06-08,238.87,101000,1,1,0.224
POL-24681567,CUST-2799,Umbrella,2018-01-13,253.23,3836000,0,1,0.202
POL-17949517,CUST-6903,Umbrella,2023-07-10,476.67,2863000,0,0,0.233
POL-82836863,CUST-471008,Motorcycle,2016-08-01,136.84,77000,1,1,0.21
POL-73875207,CUST-309253,Auto,2015-11-16,89.79,213000,4,1,0.172
POL-73117789,CUST-492789,Umbrella,2017-11-01,574.52,1204000,0,1,0.063
POL-90384629,CUST-72723,Boat,2019-10-21,678.92,171000,1,1,0.149
POL-91520169,CUST-751273,RV,2022-12-04,621.05,282000,2,1,0.119
POL-65774300,CUST-642852,Umbrella,2018-03-21,442.4,1900000,0,1,0.155
POL-28097221,CUST-659796,Life,2022-10-22,75.05,254000,0,1,0.063
POL-43788150,CUST-69439,Life,2022-03-22,68.21,208000,0,1,0.003
POL-83846569,CUST-766895,Boat,2018-03-01,237.51,233000,1,1,0.235
POL-47443611,CUST-348144,Home,2021-01-22,481.85,1195000,0,1,0.202
POL-91862804,CUST-743833,RV,2017-01-17,447.67,230000,2,1,0.048
POL-2458919,CUST-381086,Umbrella,2015-10-29,576.51,3094000,0,1,0.019
POL-4343431,CUST-538200,RV,2016-11-12,499.38,262000,1,1,0.066
POL-83006072,CUST-318321,Auto,2017-06-12,314.53,315000,4,1,0.063
POL-34350722,CUST-744494,Business,2024-08-22,1970.68,877000,0,1,0.203
POL-17290104,CUST-450126,RV,2017-09-07,756.3,107000,1,1,0.048
POL-27916110,CUST-723603,Home,2018-06-08,496.89,789000,0,1,0.104
POL-1726698,CUST-219995,Life,2016-04-21,58.08,308000,0,1,0.006
POL-1440873,CUST-473743,Umbrella,2022-08-11,586.94,4138000,0,1,0.19
POL-17314345,CUST-252315,Health,2017-10-13,1143.82,340000,0,1,0.136
POL-5138704,CUST-160999,Health,2020-12-22,1166.91,160000,0,1,0.13
POL-30992724,CUST-2957,Health,2024-06-28,868.56,170000,0,1,0.131
POL-89880988,CUST-284915,Umbrella,2018-09-25,533.06,3305000,0,1,0.157
POL-85865113,CUST-287999,Business,2017-11-30,2368.2,2948000,0,1,0.126
POL-61323628,CUST-346967,Renters,2018-11-08,48.39,80000,0,1,0.236
POL-77083341,CUST-120301,Umbrella,2018-12-23,226.76,2435000,0,1,0.069
POL-76923860,CUST-148421,Renters,2022-11-21,19.67,34000,0,1,0.013
POL-4044767,CUST-906461,Motorcycle,2025-01-09,58.76,48000,4,1,0.201
POL-55773216,CUST-743927,Boat,2017-05-25,235.94,463000,1,1,0.157
POL-29677356,CUST-129989,Renters,2022-03-28,47.44,81000,0,1,0.152
POL-57213325,CUST-641955,Business,2022-09-03,781.81,2545000,0,0,0.068
POL-74913865,CUST-494136,Motorcycle,2022-01-19,55.74,93000,4,1,0.151
POL-1241479,CUST-260811,Health,2020-09-09,710.31,183000,0,1,0.196
POL-192600,CUST-266589,Home,2019-01-02,270.62,119000,0,1,0.113
POL-37372680,CUST-954080,Auto,2021-11-07,327.43,335000,1,1,0.025
POL-8627194,CUST-988668,Boat,2019-10-17,556.88,270000,1,1,0.114
POL-52282473,CUST-104427,Boat,2015-10-25,329.89,36000,1,1,0.122
POL-52474261,CUST-276722,Home,2022-11-28,784.59,985000,0,1,0.216
POL-62318334,CUST-4492,Umbrella,2025-05-13,346.99,3182000,0,1,0.25
POL-92043061,CUST-573146,Auto,2016-01-06,147.29,92000,2,1,0.055
POL-38943255,CUST-827094,RV,2020-05-19,655.71,212000,1,1,0.108
POL-74131006,CUST-28803,Auto,2021-02-16,317.77,33000,3,1,0.188
POL-44184184,CUST-764273,Umbrella,2017-03-11,593.64,3080000,0,1,0.063
POL-65740036,CUST-426997,Motorcycle,2017-02-09,96.89,77000,3,1,0.199
POL-19153041,CUST-608286,Motorcycle,2020-08-01,97.99,77000,1,1,0.243
POL-93052851,CUST-178212,Umbrella,2022-07-08,279.85,4659000,0,1,0.091
POL-482235,CUST-614831,Renters,2024-04-07,32.39,47000,0,1,0.224
POL-39690619,CUST-100550,Health,2017-09-12,241.6,333000,0,1,0.013
POL-48139173,CUST-6366,Business,2017-07-08,1666.16,2049000,0,1,0.102
POL-2437182,CUST-685975,Home,2020-11-25,708.22,1337000,0,1,0.209
POL-82580658,CUST-600986,Life,2022-06-07,92.93,921000,0,1,0.166
POL-13249368,CUST-766307,Umbrella,2022-07-26,538.24,4071000,0,1,0.094
POL-16397251,CUST-345921,Umbrella,2018-10-24,490.96,3489000,0,1,0.11
POL-95072897,CUST-347515,RV,2018-04-04,889.75,221000,1,1,0.079
POL-21447620,CUST-732043,Life,2021-10-30,104.2,555000,0,1,0.175
POL-93457701,CUST-170545,Life,2019-08-27,184.38,259000,0,0,0.236
POL-88672138,CUST-831712,Motorcycle,2017-10-04,43.4,71000,1,1,0.016
POL-6441672,CUST-340134,RV,2024-11-23,883.96,139000,1,1,0.127
POL-73584618,CUST-202486,Auto,2024-01-20,290.11,105000,3,1,0.08
POL-86962570,CUST-466672,Health,2023-04-02,514.03,387000,0,1,0.092
POL-31542729,CUST-366835,Life,2020-08-31,37.51,172000,0,0,0.219
POL-99343936,CUST-60047,Umbrella,2020-02-08,389.38,4323000,0,1,0.077
POL-66698694,CUST-424245,Renters,2020-09-12,25.39,18000,0,1,0.146
POL-45615554,CUST-782397,Boat,2018-06-17,562.73,184000,1,1,0.085
POL-79968853,CUST-381820,Life,2018-11-14,109.92,702000,0,1,0.003
POL-14295118,CUST-91162,Boat,2016-04-15,383.0,209000,2,0,0.101
POL-44239781,CUST-814002,Health,2017-06-18,209.7,393000,0,0,0.002
POL-43570272,CUST-334853,Motorcycle,2018-03-14,94.48,63000,3,1,0.047
POL-92049626,CUST-456552,Auto,2024-02-10,161.88,462000,1,1,0.04
POL-62143726,CUST-466953,Renters,2018-08-01,31.27,11000,0,1,0.13
POL-74110101,CUST-564451,Renters,2024-09-25,32.54,51000,0,1,0.019
POL-53937534,CUST-42338,Motorcycle,2018-07-04,87.91,49000,3,1,0.154
POL-11067060,CUST-466765,Life,2019-04-03,151.39,937000,0,1,0.079
POL-71339972,CUST-616102,RV,2020-03-12,775.8,283000,2,1,0.016
POL-31938429,CUST-20837,Business,2015-10-24,952.38,3314000,0,1,0.069
POL-48149856,CUST-841316,Motorcycle,2019-10-29,66.77,23000,1,1,0.029
POL-68115337,CUST-7332,Life,2024-07-27,29.72,563000,0,1,0.085
POL-15801842,CUST-877416,RV,2023-07-03,449.84,144000,2,1,0.175
POL-57950709,CUST-70681,Boat,2024-09-27,733.9,425000,2,1,0.13
POL-17615582,CUST-186741,Business,2020-10-04,843.99,4955000,0,1,0.154
POL-49388927,CUST-736643,Renters,2019-03-29,34.47,33000,0,1,0.13
POL-92896983,CUST-805481,Boat,2021-01-30,359.09,236000,1,1,0.088
POL-88684481,CUST-766338,Home,2020-07-06,426.26,830000,0,1,0.212
POL-80028295,CUST-921993,Auto,2021-09-10,139.52,65000,4,1,0.201
POL-6066047,CUST-341820,RV,2018-07-28,385.79,170000,1,1,0.078
POL-75635834,CUST-426524,Auto,2021-06-29,260.75,344000,4,1,0.029
POL-43107401,CUST-466529,Auto,2023-01-11,85.11,322000,1,0,0.133
POL-80474851,CUST-636765,Home,2023-12-06,591.43,1066000,0,1,0.168
POL-14357909,CUST-713681,Boat,2016-12-29,443.55,351000,2,1,0.238
POL-60292341,CUST-621191,Auto,2018-09-12,230.83,317000,3,1,0.049
POL-29997619,CUST-19211,Boat,2024-10-26,297.53,444000,1,1,0.216
POL-44474154,CUST-490456,RV,2020-09-09,851.57,186000,2,1,0.147
POL-19165758,CUST-463629,Motorcycle,2022-07-01,32.06,47000,4,1,0.203
POL-43639349,CUST-804314,RV,2019-10-01,649.53,273000,2,1,0.042
POL-11779369,CUST-407953,Umbrella,2017-04-06,505.85,1967000,0,1,0.074
POL-73751604,CUST-597674,Health,2015-07-03,1182.13,424000,0,1,0.212
POL-71216853,CUST-598149,Life,2021-07-24,134.97,185000,0,1,0.127
POL-5231254,CUST-836755,Umbrella,2023-05-26,506.62,2985000,0,1,0.052
POL-46792399,CUST-691323,Life,2017-05-07,163.14,686000,0,1,0.24
POL-24365090,CUST-121934,Boat,2018-05-08,412.29,150000,1,1,0.109
POL-27033804,CUST-397321,Umbrella,2018-12-25,477.88,2059000,0,1,0.198
POL-79874673,CUST-814588,Auto,2024-05-14,349.17,272000,3,1,0.062
POL-8158813,CUST-8139,Business,2021-11-21,1469.96,1209000,0,1,0.001
POL-26274131,CUST-285521,Life,2024-03-27,188.77,179000,0,1,0.059
POL-58065670,CUST-713827,Boat,2023-04-18,735.59,29000,1,1,0.204
POL-17435514,CUST-704243,Life,2016-09-09,116.93,610000,0,1,0.118
POL-85311448,CUST-605832,Auto,2024-02-17,263.09,379000,4,1,0.159
POL-78747091,CUST-647419,Life,2024-04-10,35.7,938000,0,1,0.008
POL-943881,CUST-720223,RV,2019-05-12,501.07,280000,1,1,0.096
POL-37683408,CUST-409380,Business,2023-12-06,2319.6,4258000,0,1,0.161
POL-99384681,CUST-122507,Umbrella,2017-04-17,275.25,1585000,0,1,0.098
POL-98049086,CUST-877764,Boat,2019-09-08,482.32,236000,2,1,0.111
POL-81107497,CUST-791781,Umbrella,2025-03-24,485.02,4662000,0,1,0.118
POL-77486054,CUST-926791,Life,2023-08-24,115.09,747000,0,0,0.203
POL-62618249,CUST-110239,Renters,2017-08-24,39.65,39000,0,1,0.022
POL-93406369,CUST-413083,Renters,2021-01-29,48.43,35000,0,1,0.139
POL-29571749,CUST-221505,Auto,2016-04-27,284.77,365000,4,1,0.022
POL-90833050,CUST-509345,Home,2024-05-09,465.75,1302000,0,1,0.026
POL-69665571,CUST-709493,Boat,2024-09-11,379.65,198000,1,1,0.193
POL-19533216,CUST-538301,Health,2021-06-30,695.81,55000,0,1,0.063
POL-98499755,CUST-673928,Home,2021-09-17,741.79,463000,0,1,0.055
POL-82512975,CUST-536977,Motorcycle,2025-01-12,122.77,84000,4,1,0.02
POL-68790548,CUST-683630,Motorcycle,2022-03-29,135.73,27000,4,1,0.012
POL-73296061,CUST-810515,RV,2017-04-11,716.22,228000,1,1,0.238
POL-31521310,CUST-603330,Motorcycle,2019-11-20,108.71,86000,1,1,0.108
POL-53140250,CUST-730518,Umbrella,2023-06-12,380.19,2776000,0,1,0.149
POL-6865176,CUST-746338,Life,2019-08-16,128.23,282000,0,1,0.008
POL-1147952,CUST-676383,Auto,2025-03-01,326.69,309000,3,0,0.068
POL-63117761,CUST-248734,Umbrella,2015-07-25,503.07,4161000,0,1,0.129
POL-78837549,CUST-298390,Auto,2023-12-09,317.82,495000,1,1,0.124
POL-82103599,CUST-890925,Boat,2025-05-26,689.66,279000,2,1,0.227
POL-37137108,CUST-327819,Boat,2020-07-19,567.49,153000,1,1,0.051
POL-91803722,CUST-944405,Boat,2023-05-13,349.06,102000,1,1,0.083
POL-41568151,CUST-290564,Boat,2019-10-16,440.78,443000,1,1,0.116
POL-5800202,CUST-473850,Motorcycle,2017-05-15,139.79,89000,2,1,0.133
POL-78051688,CUST-949618,Umbrella,2022-05-08,519.84,4246000,0,1,0.238
POL-99833473,CUST-446738,Home,2018-05-23,758.13,1013000,0,1,0.055
POL-51754540,CUST-671350,Umbrella,2017-10-18,571.24,1896000,0,1,0.235
POL-38226449,CUST-685970,RV,2021-05-02,644.4,99000,1,1,0.182
POL-39959062,CUST-805927,Business,2019-06-12,614.73,1785000,0,1,0.036
POL-47601184,CUST-595638,Business,2023-03-08,2050.18,3533000,0,1,0.229
POL-92525576,CUST-409992,Renters,2017-05-08,25.48,38000,0,1,0.028
POL-98465597,CUST-271702,Auto,2016-01-08,308.68,187000,3,1,0.239
POL-45752482,CUST-607900,RV,2019-09-27,727.75,53000,1,1,0.159
POL-28091497,CUST-965635,Boat,2024-04-05,670.85,114000,2,0,0.079
POL-44209953,CUST-657116,Motorcycle,2024-04-07,78.5,80000,1,1,0.049
POL-99424752,CUST-56822,Umbrella,2025-02-24,478.69,4125000,0,0,0.208
POL-81331926,CUST-738242,Auto,2023-05-10,205.31,265000,1,1,0.088
POL-57605349,CUST-381549,Auto,2025-03-25,126.43,184000,4,1,0.05
POL-42174665,CUST-472320,Renters,2024-02-08,46.02,99000,0,1,0.039
POL-29926302,CUST-966716,Life,2024-02-15,27.22,518000,0,1,0.247
POL-44273820,CUST-436878,Business,2023-12-12,1361.19,3411000,0,1,0.087
POL-9669496,CUST-396798,Home,2024-11-20,583.54,728000,0,1,0.074
POL-70631761,CUST-324460,Renters,2023-08-10,31.22,68000,0,1,0.095
POL-41148878,CUST-710085,Life,2019-03-16,65.58,790000,0,1,0.096
POL-65606391,CUST-881861,Health,2016-02-26,646.46,274000,0,1,0.241
POL-7622114,CUST-464368,Auto,2019-01-28,306.63,210000,4,1,0.103
POL-92168427,CUST-881010,Renters,2017-02-27,17.0,91000,0,1,0.202
POL-62504085,CUST-406773,Motorcycle,2023-06-03,124.61,94000,2,1,0.021
POL-92084393,CUST-667755,Business,2017-02-02,2375.64,1143000,0,1,0.165
POL-42453462,CUST-689531,Motorcycle,2018-10-13,71.2,33000,2,1,0.139
POL-86156859,CUST-656846,Health,2015-12-05,605.26,185000,0,1,0.003
POL-66025664,CUST-532530,Renters,2015-07-16,30.17,72000,0,0,0.055
POL-29247654,CUST-406747,Health,2024-08-02,756.15,356000,0,1,0.183
POL-21034897,CUST-155831,Life,2025-06-05,134.43,536000,0,1,0.24
POL-26490721,CUST-750252,Life,2018-09-27,143.19,454000,0,1,0.169
POL-43157286,CUST-296244,Home,2024-01-07,284.96,288000,0,1,0.186
POL-31715154,CUST-948111,Auto,2015-09-22,132.1,465000,4,1,0.212
POL-54868237,CUST-609896,Home,2018-09-16,309.84,249000,0,1,0.211
POL-81069490,CUST-356586,Home,2025-06-29,151.81,1320000,0,1,0.123
POL-74400326,CUST-349207,Boat,2017-09-14,338.07,244000,2,1,0.059
POL-97716601,CUST-196384,Renters,2016-03-24,47.46,71000,0,1,0.029
POL-11676722,CUST-802138,Umbrella,2019-04-23,412.58,2187000,0,1,0.167
POL-91721266,CUST-840079,Boat,2017-11-05,660.94,291000,2,1,0.13
POL-42286773,CUST-205067,Home,2022-03-04,679.74,848000,0,1,0.023
POL-61552351,CUST-249448,Renters,2018-03-11,15.73,73000,0,1,0.103
POL-93194851,CUST-703564,RV,2020-10-29,564.72,257000,1,1,0.097
POL-15955956,CUST-298575,Motorcycle,2021-02-14,64.76,36000,2,1,0.114
POL-20921211,CUST-275232,Health,2023-02-27,322.81,472000,0,1,0.157
POL-25283206,CUST-146437,Renters,2016-05-28,30.33,13000,0,0,0.022
POL-32972877,CUST-280848,Boat,2017-09-02,466.14,125000,2,1,0.144
POL-65404146,CUST-78471,Renters,2023-09-11,17.77,50000,0,1,0.12
POL-56892333,CUST-830693,Umbrella,2020-06-17,391.94,4491000,0,1,0.138
POL-4480164,CUST-613584,Life,2021-02-06,105.08,196000,0,1,0.152
POL-95343060,CUST-374273,Health,2019-08-18,531.07,241000,0,1,0.0
POL-49411511,CUST-361419,Business,2020-10-31,1561.02,3106000,0,1,0.233
POL-5623943,CUST-957608,Motorcycle,2023-03-05,89.83,17000,1,1,0.088
POL-4932213,CUST-42943,RV,2018-01-09,621.69,265000,1,0,0.197
POL-15239904,CUST-493107,RV,2022-06-27,313.53,197000,2,1,0.069
POL-9884183,CUST-204012,Home,2019-10-09,374.32,1230000,0,1,0.009
POL-41495842,CUST-278364,Auto,2022-08-09,223.07,53000,1,1,0.086
POL-75645219,CUST-287409,Life,2021-08-16,176.37,521000,0,0,0.005
POL-52563413,CUST-116556,Umbrella,2023-06-29,363.42,1157000,0,1,0.102
POL-14465121,CUST-577778,RV,2018-03-20,966.79,260000,2,1,0.24
POL-33458001,CUST-972209,Life,2025-01-30,177.07,377000,0,1,0.202
POL-85210492,CUST-154638,Renters,2017-01-29,24.2,47000,0,1,0.007
POL-90865509,CUST-767997,Umbrella,2023-08-14,398.23,1698000,0,1,0.166
POL-56166893,CUST-340711,Home,2015-09-26,639.51,515000,0,1,0.12
POL-58733605,CUST-770643,RV,2015-12-31,921.77,140000,1,1,0.058
POL-13873812,CUST-950142,Umbrella,2022-05-21,350.07,3933000,0,1,0.152
POL-22663997,CUST-911530,Home,2018-02-09,426.11,1704000,0,1,0.059
POL-72614526,CUST-680638,RV,2018-01-13,755.24,292000,1,1,0.095
POL-88075719,CUST-744577,RV,2019-07-10,751.71,158000,2,1,0.142
POL-48946218,CUST-404963,Boat,2015-12-11,621.14,269000,2,1,0.13
POL-38021653,CUST-439611,Auto,2020-07-12,277.27,296000,3,1,0.15
POL-93277922,CUST-369833,Motorcycle,2024-12-22,82.38,29000,1,0,0.214
POL-90086492,CUST-4583,Health,2019-09-20,1186.14,386000,0,1,0.131
POL-49791875,CUST-387676,RV,2019-11-10,993.38,149000,2,0,0.23
POL-45648706,CUST-608837,RV,2021-01-01,316.67,63000,2,0,0.162
POL-6852499,CUST-132193,RV,2021-02-26,499.18,293000,1,1,0.201
POL-28487173,CUST-739972,Renters,2022-06-07,19.33,11000,0,1,0.203
POL-57539664,CUST-6938,Auto,2021-02-26,178.74,150000,3,1,0.246
POL-66896668,CUST-510959,Boat,2023-12-30,663.08,299000,1,1,0.056
POL-81297709,CUST-840968,Life,2024-08-29,90.87,231000,0,1,0.112
POL-29043039,CUST-243360,RV,2020-10-17,426.15,154000,1,1,0.174
POL-65519541,CUST-429855,Auto,2017-10-27,187.45,217000,1,0,0.02
POL-77384352,CUST-758303,Boat,2018-10-03,637.83,348000,1,1,0.243
POL-35279525,CUST-711326,Home,2016-07-17,532.78,1583000,0,1,0.236
POL-4746697,CUST-30651,Business,2022-06-27,2092.54,3768000,0,1,0.197
POL-23883134,CUST-728006,Business,2024-05-01,1718.9,1616000,0,1,0.184
POL-53728348,CUST-593038,Motorcycle,2019-08-25,88.83,41000,4,1,0.172
POL-96753897,CUST-692783,Auto,2021-11-27,102.13,320000,4,1,0.017
POL-56920243,CUST-933014,Life,2017-11-29,28.95,818000,0,1,0.116
POL-2331631,CUST-192667,Life,2025-01-25,44.87,304000,0,0,0.122
POL-20087920,CUST-65083,Home,2018-08-14,532.86,1886000,0,1,0.137
POL-59609128,CUST-392717,Life,2025-02-03,140.54,304000,0,1,0.07
POL-90802935,CUST-24498,Auto,2021-03-25,243.65,201000,4,1,0.073
POL-13983263,CUST-480155,Business,2022-04-22,870.38,1269000,0,1,0.199
POL-57937221,CUST-674564,Motorcycle,2016-02-15,46.69,30000,4,0,0.243
POL-3188608,CUST-962264,Health,2023-05-11,790.93,494000,0,1,0.033
POL-45736075,CUST-711160,Motorcycle,2016-08-20,80.78,38000,1,1,0.132
POL-23171812,CUST-40551,Auto,2017-04-29,82.51,457000,2,1,0.014
POL-27810769,CUST-612387,Motorcycle,2016-06-10,32.56,100000,2,1,0.017
POL-33937141,CUST-324365,Health,2019-01-17,890.36,181000,0,1,0.04
POL-61350360,CUST-457623,Business,2016-01-22,935.12,4692000,0,1,0.148
POL-21956648,CUST-956683,Umbrella,2023-08-02,599.03,2173000,0,1,0.225
POL-51323859,CUST-191177,Boat,2017-06-10,410.76,68000,2,1,0.193
POL-73985243,CUST-680581,Umbrella,2016-10-01,424.33,2843000,0,1,0.005
POL-92055521,CUST-249215,Motorcycle,2018-10-15,84.84,20000,2,1,0.217
POL-78942330,CUST-770380,Health,2019-06-05,650.46,419000,0,1,0.004
POL-99406026,CUST-625233,Auto,2016-09-22,318.66,80000,2,1,0.098
POL-77576696,CUST-964548,Renters,2018-03-04,47.0,89000,0,1,0.021
POL-87080212,CUST-639002,Health,2021-12-03,421.57,226000,0,1,0.21
POL-15096126,CUST-2563,Health,2017-12-27,892.19,476000,0,1,0.09
POL-30109240,CUST-26099,Business,2021-03-25,526.11,1563000,0,0,0.018
POL-11413833,CUST-167368,Renters,2023-09-01,37.82,80000,0,1,0.159
POL-56089993,CUST-44169,Renters,2018-06-11,26.67,18000,0,1,0.213
POL-75057990,CUST-132040,Auto,2016-06-09,286.48,228000,4,0,0.235
POL-68572891,CUST-244500,Business,2017-12-18,1685.15,1802000,0,1,0.14
POL-59655946,CUST-784961,Auto,2023-05-17,183.05,444000,1,1,0.099
POL-24404953,CUST-476084,Life,2020-04-02,44.64,567000,0,1,0.118
POL-42353280,CUST-299968,Motorcycle,2016-05-31,88.2,38000,3,1,0.245
POL-43506740,CUST-514846,RV,2025-01-05,682.53,238000,2,1,0.12
POL-71866592,CUST-932329,Umbrella,2024-09-14,568.56,3686000,0,1,0.104
POL-22349259,CUST-933929,RV,2023-01-23,716.64,177000,1,0,0.052
POL-19500942,CUST-65157,Renters,2024-10-22,37.64,26000,0,1,0.226
POL-25973235,CUST-158047,Auto,2022-04-20,276.36,293000,2,1,0.23
POL-93008797,CUST-692305,Business,2018-03-12,1510.17,1773000,0,1,0.144
POL-93107054,CUST-783591,Business,2024-04-25,1985.43,2150000,0,0,0.075
POL-10623370,CUST-175543,Auto,2015-12-07,168.96,238000,1,0,0.056
POL-77433088,CUST-580288,Umbrella,2022-08-30,524.74,1721000,0,1,0.079
POL-39075648,CUST-271252,Motorcycle,2016-05-24,72.31,33000,1,1,0.163
POL-94447463,CUST-439443,Auto,2022-07-27,295.71,233000,1,1,0.004
POL-67547679,CUST-607744,Renters,2021-09-18,36.94,93000,0,0,0.206
POL-18435369,CUST-776629,Umbrella,2021-01-02,243.6,4945000,0,1,0.225
POL-65910245,CUST-428187,Business,2020-02-06,1183.12,490000,0,1,0.199
POL-76217978,CUST-437210,Boat,2015-09-19,301.76,167000,2,1,0.025
POL-86802950,CUST-447308,Boat,2015-10-28,410.6,93000,1,1,0.061
POL-59050527,CUST-163191,Umbrella,2020-01-03,534.51,1328000,0,1,0.124
POL-45988531,CUST-185476,Life,2019-11-13,66.12,570000,0,1,0.063
POL-61878659,CUST-228085,Boat,2021-08-25,795.78,103000,2,1,0.024
POL-73834823,CUST-488401,Business,2023-03-15,1915.89,4225000,0,1,0.107
POL-62984831,CUST-518854,Umbrella,2019-10-04,235.85,3234000,0,1,0.17
POL-71986705,CUST-273543,Umbrella,2024-10-21,351.47,4827000,0,1,0.197
POL-59259655,CUST-3778,Auto,2015-09-25,294.21,122000,3,1,0.24
POL-55911641,CUST-333531,Boat,2020-02-17,534.83,346000,2,1,0.218
POL-62827683,CUST-480403,Boat,2023-08-20,275.84,426000,1,1,0.089
POL-58247317,CUST-90608,RV,2016-05-23,685.55,280000,1,1,0.132
POL-82519969,CUST-538914,Health,2017-11-30,297.41,151000,0,0,0.218
POL-81425021,CUST-475802,Auto,2024-01-01,258.99,105000,3,1,0.003
POL-73250114,CUST-321194,Life,2018-02-05,160.7,653000,0,1,0.212
POL-53537509,CUST-547831,Business,2018-02-17,560.63,1456000,0,1,0.143
POL-80361394,CUST-142953,RV,2016-07-14,331.77,175000,1,1,0.059
POL-19680026,CUST-936987,Motorcycle,2024-03-19,89.42,10000,4,1,0.126
POL-92209915,CUST-754506,Umbrella,2022-04-26,460.1,4164000,0,1,0.096
POL-94951494,CUST-675179,Health,2016-09-14,317.79,129000,0,0,0.115
POL-34515096,CUST-125332,RV,2021-12-01,673.72,239000,1,1,0.046
POL-3603181,CUST-1373,Motorcycle,2022-12-08,142.47,90000,4,1,0.222
POL-26289915,CUST-907738,Life,2021-04-21,178.91,970000,0,0,0.057
POL-10003491,CUST-676828,RV,2023-11-16,947.21,125000,2,0,0.1
POL-56941236,CUST-34891,Home,2024-04-08,422.35,1630000,0,1,0.079
POL-51968105,CUST-764030,Business,2021-03-09,1953.95,3945000,0,1,0.17
POL-72846503,CUST-540342,Home,2022-04-05,408.76,122000,0,1,0.237
POL-27013300,CUST-77878,Renters,2015-09-03,37.75,19000,0,1,0.048
POL-50734152,CUST-320459,Home,2022-04-28,280.37,1893000,0,1,0.166
POL-77474297,CUST-878825,RV,2023-07-10,916.88,107000,1,0,0.057
POL-85359444,CUST-67217,Home,2021-09-30,686.59,1204000,0,1,0.094
POL-62573929,CUST-610935,Boat,2017-12-12,684.79,183000,1,0,0.098
POL-25623259,CUST-941167,Home,2024-05-27,107.82,222000,0,0,0.032
POL-23380752,CUST-797934,Auto,2017-08-03,205.91,225000,3,1,0.219
POL-17922919,CUST-583683,Renters,2019-12-17,49.85,17000,0,1,0.106
POL-31973667,CUST-391203,Auto,2021-08-19,349.46,52000,3,1,0.23
POL-11167698,CUST-879183,Renters,2020-02-02,48.47,55000,0,1,0.201
POL-2416691,CUST-88857,RV,2022-04-12,913.79,176000,1,1,0.198
POL-81058148,CUST-89758,RV,2025-04-22,734.75,70000,1,1,0.235
POL-91390664,CUST-274403,Motorcycle,2024-12-16,126.9,47000,4,1,0.067
POL-2646846,CUST-547670,Health,2024-12-14,995.27,215000,0,1,0.08
POL-370853,CUST-976184,Renters,2022-12-24,39.47,58000,0,1,0.188
POL-63254279,CUST-1231,Health,2017-07-05,406.12,312000,0,1,0.145
POL-97164330,CUST-718437,Health,2024-03-30,423.59,242000,0,1,0.047
POL-65216242,CUST-914591,Health,2022-04-21,748.31,96000,0,1,0.028
POL-49260465,CUST-178834,Business,2017-03-29,1005.56,3784000,0,1,0.108
POL-64362557,CUST-490040,Business,2016-02-29,1835.74,1241000,0,1,0.157
POL-97244923,CUST-995153,Life,2017-04-02,79.24,888000,0,1,0.13
POL-63256226,CUST-867183,Boat,2016-06-04,281.73,271000,2,1,0.158
POL-7813506,CUST-298824,Health,2020-05-06,292.97,441000,0,1,0.047
POL-30190318,CUST-445276,Boat,2019-05-04,593.22,104000,1,1,0.108
POL-77709535,CUST-391108,Auto,2024-10-24,197.0,348000,3,1,0.148
POL-80141753,CUST-397732,Renters,2023-01-09,31.28,34000,0,1,0.034
POL-93870258,CUST-159033,Umbrella,2023-03-14,328.99,3040000,0,1,0.147
POL-55335804,CUST-87280,RV,2020-06-27,840.05,181000,2,1,0.156
POL-43959403,CUST-70646,RV,2016-05-28,714.49,115000,1,1,0.099
POL-4695976,CUST-971372,Health,2017-01-19,817.0,478000,0,1,0.249
POL-67616,CUST-53730,Home,2025-03-14,318.33,670000,0,1,0.091
POL-6844604,CUST-854843,Business,2023-06-22,1647.06,3945000,0,1,0.207
POL-66620601,CUST-582240,Business,2017-04-19,1017.1,2392000,0,1,0.091
POL-3768437,CUST-761803,Business,2021-08-27,1285.27,2310000,0,1,0.153
POL-1586540,CUST-390305,Boat,2018-07-01,472.22,187000,1,0,0.07
POL-19944387,CUST-364920,Life,2016-04-23,185.8,314000,0,1,0.081
POL-75879462,CUST-496558,Health,2020-05-30,1163.6,121000,0,0,0.055
POL-92083771,CUST-799645,Life,2018-04-10,48.6,535000,0,1,0.175
POL-94399286,CUST-715839,Health,2019-05-26,895.76,81000,0,1,0.114
POL-4398598,CUST-85887,Home,2018-06-25,457.06,685000,0,1,0.238
POL-90540764,CUST-180510,Health,2015-09-12,329.41,278000,0,1,0.101
POL-48918923,CUST-948402,Home,2023-07-02,428.08,1801000,0,1,0.141
POL-36108649,CUST-679919,Business,2023-07-19,1055.89,1467000,0,1,0.177
POL-90521656,CUST-726473,Business,2023-05-01,2090.43,4439000,0,1,0.089
POL-85899843,CUST-241243,Renters,2021-03-03,45.04,17000,0,1,0.215
POL-43122962,CUST-623905,RV,2022-09-04,670.44,112000,1,1,0.203
POL-41504428,CUST-266762,Motorcycle,2023-03-04,108.34,13000,3,1,0.162
POL-46512970,CUST-158699,Health,2018-05-02,1119.82,499000,0,1,0.193
POL-89000662,CUST-711145,Boat,2022-01-07,444.89,419000,1,1,0.232
POL-89784822,CUST-679945,Life,2019-11-18,155.65,635000,0,1,0.231
POL-7537175,CUST-294944,Motorcycle,2018-04-25,59.37,13000,4,1,0.114
POL-54286177,CUST-298019,Life,2016-11-29,90.42,364000,0,1,0.123
POL-46871772,CUST-816379,Renters,2017-06-01,33.86,79000,0,1,0.211
POL-59164310,CUST-305891,Motorcycle,2019-02-01,133.67,30000,1,1,0.041
POL-91259250,CUST-892115,RV,2016-02-29,364.17,171000,2,1,0.189
POL-12470928,CUST-944197,Boat,2021-09-22,377.62,485000,1,1,0.134
POL-31991528,CUST-480862,Renters,2018-09-08,21.63,81000,0,1,0.118
POL-59611267,CUST-827761,Renters,2019-05-27,19.85,56000,0,1,0.02
POL-53079040,CUST-777580,Auto,2022-09-14,267.26,197000,1,1,0.137
POL-92170942,CUST-637455,Business,2025-04-01,1776.54,1898000,0,1,0.221
POL-50911535,CUST-559492,Boat,2023-02-07,228.48,345000,2,1,0.139
POL-99796561,CUST-708899,Boat,2017-06-14,403.03,393000,2,1,0.161
POL-644042,CUST-878164,Health,2021-11-25,380.05,383000,0,1,0.094
POL-42980628,CUST-360191,RV,2024-07-06,658.06,200000,1,1,0.211
POL-11865330,CUST-847600,RV,2023-12-09,345.66,288000,2,1,0.248
POL-40423511,CUST-627794,Auto,2023-04-13,228.13,100000,1,1,0.014
POL-48743864,CUST-546271,Health,2016-04-13,456.86,416000,0,1,0.09
POL-82594502,CUST-758736,Business,2020-07-26,2084.98,2179000,0,1,0.111
POL-69284688,CUST-533871,RV,2022-02-22,462.06,185000,2,1,0.145
POL-36914230,CUST-286125,RV,2016-10-31,587.1,216000,1,1,0.169
POL-69190320,CUST-61144,Life,2016-02-01,156.36,774000,0,1,0.217
POL-45286295,CUST-527764,Home,2019-02-02,528.48,1797000,0,1,0.194
POL-22939881,CUST-297000,Motorcycle,2022-04-24,110.58,69000,3,1,0.185
POL-90441334,CUST-372752,Health,2016-04-05,1088.15,237000,0,1,0.062
POL-34291528,CUST-278431,RV,2023-01-19,769.77,280000,1,0,0.041
POL-3598268,CUST-592379,Boat,2021-02-12,205.29,234000,2,1,0.121
POL-74872162,CUST-457944,Auto,2025-04-26,223.77,189000,2,1,0.126
POL-24515854,CUST-270990,Auto,2019-01-19,201.63,255000,1,1,0.053
POL-32680207,CUST-332752,RV,2021-11-08,362.5,64000,2,1,0.196
POL-59239936,CUST-772420,Motorcycle,2017-12-19,110.1,29000,1,1,0.234
POL-13042098,CUST-945146,Renters,2017-05-09,28.15,27000,0,1,0.183
POL-12150619,CUST-725063,Home,2017-06-23,613.7,1442000,0,1,0.249
POL-94104685,CUST-543244,Motorcycle,2016-06-16,111.21,35000,1,1,0.065
POL-93010404,CUST-903455,Home,2021-10-27,685.24,1473000,0,1,0.064
POL-71703422,CUST-262443,Business,2016-09-12,2416.23,3584000,0,0,0.168
POL-90922848,CUST-444901,Home,2022-06-22,182.67,794000,0,1,0.239
POL-81830947,CUST-580809,Auto,2024-03-13,306.93,28000,2,1,0.023
POL-80054740,CUST-233174,Life,2020-12-17,42.76,786000,0,1,0.136
POL-10250766,CUST-254555,Business,2018-04-26,2372.27,686000,0,1,0.231
POL-77426850,CUST-432065,Life,2021-07-26,35.81,168000,0,1,0.203
POL-67119614,CUST-698360,Renters,2017-06-30,41.02,53000,0,1,0.149
POL-7021643,CUST-858505,Health,2019-01-22,212.02,375000,0,1,0.102
POL-97068008,CUST-728180,Boat,2023-03-20,287.47,487000,1,1,0.026
POL-87353513,CUST-288356,Umbrella,2018-11-14,421.06,4569000,0,1,0.049
POL-1115902,CUST-920213,Renters,2024-07-16,44.19,48000,0,1,0.184
POL-20964359,CUST-154976,Health,2016-03-03,632.12,260000,0,1,0.127
POL-35527060,CUST-162385,Umbrella,2022-08-13,304.33,1035000,0,1,0.13
POL-82704915,CUST-994334,Umbrella,2021-05-19,473.72,1405000,0,1,0.118
POL-88945791,CUST-977721,Business,2023-12-02,1373.31,1350000,0,1,0.057
POL-1161238,CUST-351216,Renters,2017-10-11,41.15,64000,0,1,0.135
POL-39796456,CUST-573202,Renters,2021-02-20,29.59,96000,0,1,0.035
POL-77100880,CUST-542157,Renters,2018-04-13,23.51,96000,0,1,0.182
POL-73559482,CUST-906455,Motorcycle,2023-09-25,83.54,96000,3,1,0.235
POL-96403445,CUST-639377,Home,2017-03-24,544.3,1610000,0,0,0.075
POL-8621840,CUST-895342,Motorcycle,2017-11-21,139.28,87000,3,1,0.143
POL-63146805,CUST-716270,Auto,2020-04-15,199.81,71000,2,1,0.234
POL-81718494,CUST-764248,Auto,2019-11-02,228.5,157000,4,1,0.175
POL-37586447,CUST-468562,Auto,2024-09-04,287.05,207000,4,1,0.172
POL-51888097,CUST-5158,Boat,2020-09-06,274.99,56000,1,0,0.247
POL-23421654,CUST-612236,RV,2020-07-04,669.49,68000,2,1,0.06
POL-61158617,CUST-108730,Home,2019-09-17,142.11,701000,0,1,0.079
POL-96778792,CUST-574245,RV,2023-09-09,430.95,66000,2,1,0.219
POL-91562384,CUST-497486,Auto,2019-10-13,276.47,190000,1,1,0.194
POL-10818494,CUST-274989,Boat,2018-07-23,401.66,481000,1,1,0.019
POL-10539131,CUST-480259,RV,2022-10-21,306.25,157000,2,1,0.076
POL-66979544,CUST-352268,RV,2018-08-11,349.18,202000,1,1,0.157
POL-6364509,CUST-847954,Motorcycle,2024-08-07,54.34,98000,4,1,0.238
POL-46189300,CUST-839500,Life,2020-02-10,177.26,495000,0,1,0.248
POL-83415614,CUST-872603,Health,2017-12-11,637.06,337000,0,1,0.024
POL-56884597,CUST-467679,Health,2018-07-28,516.7,362000,0,1,0.181
POL-83171169,CUST-964147,Umbrella,2022-10-09,382.91,2952000,0,1,0.123
POL-69587863,CUST-680581,RV,2024-01-22,378.68,240000,2,1,0.181
POL-79145547,CUST-568074,Boat,2023-03-27,428.02,448000,1,1,0.039
POL-61877617,CUST-986404,Boat,2024-06-02,234.77,471000,2,1,0.139
POL-44378136,CUST-307436,Boat,2023-07-02,606.97,71000,2,1,0.07
POL-44209899,CUST-537626,RV,2020-03-27,386.59,291000,2,1,0.221
POL-60655552,CUST-795336,Business,2019-11-19,1657.25,1370000,0,1,0.227
POL-9297424,CUST-247044,Motorcycle,2020-07-05,137.43,29000,2,1,0.225
POL-573297,CUST-121159,Life,2020-03-20,131.18,680000,0,1,0.001
POL-96911062,CUST-981068,Home,2017-10-23,248.74,724000,0,1,0.187
POL-92868025,CUST-223376,Auto,2025-05-19,333.47,253000,4,0,0.135
POL-437695,CUST-724834,Motorcycle,2022-07-27,76.48,55000,1,1,0.094
POL-80808054,CUST-456093,Boat,2021-01-28,690.17,265000,1,1,0.156
POL-93332254,CUST-475716,Life,2018-08-03,109.17,701000,0,0,0.021
POL-89051886,CUST-67111,Health,2021-02-26,1139.24,174000,0,1,0.111
POL-28023971,CUST-263368,Umbrella,2025-05-20,527.5,2438000,0,1,0.003
POL-33446484,CUST-540994,Health,2021-11-26,412.65,247000,0,1,0.219
POL-14882050,CUST-160632,Auto,2015-12-16,324.33,179000,4,0,0.208
POL-70865061,CUST-300252,Home,2020-03-27,345.32,274000,0,0,0.135
POL-64225466,CUST-633384,RV,2020-07-03,661.35,284000,1,1,0.013
POL-56630797,CUST-753681,Life,2019-08-14,154.73,228000,0,1,0.126
POL-54643199,CUST-124600,Home,2021-06-09,265.67,182000,0,1,0.049
POL-48337355,CUST-429485,Renters,2016-09-06,27.05,69000,0,1,0.109
POL-53963968,CUST-142714,Health,2024-12-03,769.7,209000,0,1,0.021
POL-94117573,CUST-966363,Life,2017-09-29,111.94,582000,0,1,0.069
POL-8335251,CUST-987646,RV,2019-07-30,941.02,178000,2,1,0.076
POL-3788009,CUST-689156,Boat,2023-05-30,562.15,470000,1,1,0.221
POL-45001576,CUST-643080,Auto,2022-08-14,102.43,335000,2,1,0.094
POL-69586530,CUST-31725,Umbrella,2019-10-14,444.91,3030000,0,1,0.158
POL-31147316,CUST-107099,Health,2020-11-14,446.04,113000,0,0,0.237
POL-4714158,CUST-137698,Home,2021-12-08,520.46,769000,0,1,0.116
POL-60332302,CUST-666543,RV,2017-09-18,619.04,79000,2,1,0.132
POL-32383040,CUST-260126,Home,2020-08-03,427.43,527000,0,1,0.249
POL-28612511,CUST-877654,Motorcycle,2016-05-23,38.19,53000,2,1,0.138
POL-90622101,CUST-184822,Home,2022-12-24,399.61,1955000,0,1,0.06
POL-9047050,CUST-562975,RV,2023-11-12,481.23,140000,2,1,0.158
POL-85327540,CUST-680211,Boat,2022-07-14,280.12,168000,2,1,0.051
POL-38153914,CUST-312739,Business,2018-04-01,2172.57,4753000,0,1,0.162
POL-47263956,CUST-438692,Life,2023-04-06,140.65,144000,0,1,0.243
POL-8405656,CUST-838651,Life,2018-09-10,199.29,692000,0,1,0.241
POL-17456155,CUST-655929,Business,2017-04-13,2482.86,1610000,0,1,0.143
POL-28146386,CUST-570012,Business,2016-10-17,1262.28,3543000,0,0,0.08
POL-65973748,CUST-570981,Motorcycle,2015-09-27,80.1,26000,1,1,0.084
POL-74839893,CUST-947995,Motorcycle,2018-08-28,72.46,21000,3,0,0.007
POL-72422044,CUST-795131,Umbrella,2023-10-20,345.68,3317000,0,1,0.213
POL-53028461,CUST-436413,Auto,2016-04-20,261.91,384000,1,1,0.164
POL-42808737,CUST-730809,Umbrella,2016-10-24,369.36,3869000,0,0,0.121
POL-46535547,CUST-652825,Life,2020-07-29,136.92,247000,0,0,0.004
POL-44470247,CUST-538548,RV,2024-03-07,856.23,242000,1,1,0.229
POL-50561023,CUST-242899,Motorcycle,2022-04-27,147.13,90000,2,1,0.034
POL-58117404,CUST-341944,Health,2021-07-05,621.89,418000,0,0,0.003
POL-10724650,CUST-548285,Business,2020-07-15,1950.72,4290000,0,1,0.113
POL-22179123,CUST-659007,Home,2015-12-25,503.52,1801000,0,1,0.167
POL-91356906,CUST-547622,Business,2024-11-12,2270.73,3724000,0,1,0.105
POL-45444584,CUST-146286,Auto,2018-06-27,88.42,458000,4,1,0.082
POL-22998991,CUST-959310,Umbrella,2016-10-14,388.7,3793000,0,1,0.153
POL-94609125,CUST-566539,Umbrella,2024-05-24,403.44,4676000,0,1,0.227
POL-58088262,CUST-612368,Life,2021-12-23,26.73,742000,0,1,0.235
POL-42426064,CUST-874702,Umbrella,2016-03-13,205.68,4717000,0,1,0.136
POL-52360117,CUST-617959,RV,2020-02-17,705.24,288000,1,1,0.233
POL-41629273,CUST-184133,Business,2024-06-10,1711.45,2310000,0,1,0.033
POL-67310395,CUST-933821,Umbrella,2024-08-16,465.54,4690000,0,1,0.162
POL-92969808,CUST-881536,Renters,2018-02-25,36.32,100000,0,1,0.044
POL-38461227,CUST-470818,Home,2024-07-21,745.85,1520000,0,1,0.199
POL-44068856,CUST-161601,Life,2016-02-08,82.93,740000,0,1,0.051
POL-32553021,CUST-83091,Auto,2016-04-01,138.87,355000,1,1,0.035
POL-90531439,CUST-175701,Boat,2019-03-29,736.22,410000,1,1,0.206
POL-74556312,CUST-909165,Boat,2024-09-07,768.69,163000,2,1,0.164
POL-12236743,CUST-831174,Health,2023-04-29,211.96,382000,0,1,0.025
POL-28133133,CUST-782019,Auto,2018-05-06,306.73,258000,1,1,0.209
POL-2250909,CUST-218088,Boat,2018-03-16,451.52,225000,2,1,0.085
POL-51222220,CUST-548357,Health,2022-11-08,490.25,391000,0,1,0.061
POL-39323096,CUST-132934,Boat,2022-12-02,507.4,140000,2,1,0.017
POL-64495668,CUST-571620,Home,2023-01-08,455.21,1533000,0,1,0.049
POL-18278310,CUST-448240,Motorcycle,2022-02-11,134.11,37000,4,1,0.176
POL-94277677,CUST-695627,Umbrella,2024-09-15,209.62,1092000,0,1,0.055
POL-24984979,CUST-494087,Umbrella,2021-03-29,239.01,4952000,0,1,0.028
POL-71025912,CUST-485247,Health,2017-12-10,999.57,431000,0,1,0.12
POL-3900400,CUST-757465,Renters,2021-12-08,49.32,56000,0,1,0.113
POL-20071352,CUST-6597,Health,2019-08-19,612.5,138000,0,1,0.211
POL-64842882,CUST-470638,Auto,2024-02-06,146.15,372000,2,1,0.196
POL-30399871,CUST-871536,Auto,2025-01-14,125.58,463000,2,1,0.032
POL-58737908,CUST-83879,Business,2020-01-24,1717.73,3877000,0,1,0.129
POL-54586336,CUST-190837,Auto,2015-08-14,115.12,342000,3,1,0.004
POL-30542047,CUST-863899,Boat,2024-08-17,398.18,469000,1,1,0.047
POL-35696518,CUST-668704,Health,2019-04-08,805.38,495000,0,1,0.246
POL-85444170,CUST-738441,Business,2021-05-24,2056.64,4926000,0,1,0.104
POL-64469963,CUST-254508,RV,2021-10-04,697.78,144000,2,1,0.185
POL-57080495,CUST-181911,Business,2021-04-24,2444.83,4495000,0,1,0.19
POL-87291731,CUST-135334,Boat,2018-10-10,238.43,484000,1,1,0.223
POL-67069373,CUST-675614,Life,2023-03-14,162.33,356000,0,1,0.18
POL-7507424,CUST-267061,Home,2016-02-12,248.41,713000,0,1,0.054
POL-28583750,CUST-356156,Home,2021-02-12,639.43,1942000,0,1,0.191
POL-47842293,CUST-739999,Auto,2024-07-09,254.56,177000,2,1,0.094
POL-63057671,CUST-228929,Health,2025-06-05,228.89,118000,0,1,0.171
POL-16888229,CUST-813641,Business,2016-07-12,1176.28,4325000,0,1,0.046
POL-29611968,CUST-781675,Life,2023-05-11,29.19,525000,0,1,0.013
POL-22845907,CUST-577504,Life,2017-08-24,81.98,462000,0,1,0.021
POL-60151314,CUST-967605,Motorcycle,2021-05-08,30.85,31000,2,1,0.197
POL-41899078,CUST-743635,Renters,2015-11-17,23.46,73000,0,1,0.058
POL-34168310,CUST-43787,Health,2018-04-09,206.99,170000,0,0,0.154
POL-44435111,CUST-358804,Life,2018-01-31,190.17,484000,0,1,0.009
POL-38970622,CUST-952360,Business,2021-03-28,2476.63,4212000,0,1,0.057
POL-69955294,CUST-632953,Life,2022-06-24,81.93,530000,0,1,0.152
POL-77691564,CUST-834418,Motorcycle,2019-04-15,88.29,44000,1,1,0.145
POL-61492303,CUST-680776,Renters,2023-02-23,20.12,11000,0,1,0.125
POL-39348837,CUST-109325,Motorcycle,2016-02-25,103.91,51000,1,1,0.062
POL-55776732,CUST-499831,Renters,2017-04-06,16.02,41000,0,1,0.14
POL-72133576,CUST-895283,RV,2024-12-25,516.1,211000,2,1,0.195
POL-48276118,CUST-827027,Boat,2016-09-01,261.98,332000,2,1,0.188
POL-56549389,CUST-668605,RV,2025-06-04,920.35,53000,2,1,0.055
POL-53650974,CUST-911679,Auto,2020-05-07,129.42,311000,3,1,0.038
POL-31252151,CUST-553274,Auto,2023-04-28,93.19,175000,1,1,0.233
POL-46072878,CUST-398578,Umbrella,2022-02-22,483.64,4612000,0,0,0.088
POL-39865345,CUST-292067,Motorcycle,2015-09-01,61.4,73000,1,1,0.209
POL-90087368,CUST-972483,Home,2024-04-02,462.41,131000,0,1,0.092
POL-90077418,CUST-452181,Auto,2019-12-29,276.09,312000,3,1,0.058
POL-30637088,CUST-217295,Umbrella,2023-12-28,447.08,1037000,0,1,0.2
POL-95519468,CUST-186977,Motorcycle,2018-09-06,99.03,16000,4,1,0.057
POL-92581193,CUST-170954,Motorcycle,2016-09-10,54.48,60000,2,1,0.171
POL-73063168,CUST-631544,Motorcycle,2020-04-25,122.47,66000,3,1,0.03
POL-47278097,CUST-560630,Boat,2021-02-10,594.08,92000,1,1,0.086
POL-92539336,CUST-458965,Home,2023-05-29,783.15,377000,0,1,0.238
POL-1418338,CUST-691258,RV,2015-12-27,507.58,293000,1,1,0.222
POL-21700441,CUST-250768,Business,2022-09-10,1697.56,2434000,0,1,0.112
POL-41981391,CUST-610988,Umbrella,2019-12-12,290.62,1235000,0,1,0.125
POL-21429184,CUST-442232,Renters,2020-03-28,32.45,99000,0,1,0.181
POL-4264600,CUST-511904,Boat,2020-03-01,384.4,344000,1,1,0.096
POL-3225177,CUST-667083,Life,2022-07-06,136.26,527000,0,0,0.014
POL-79811209,CUST-338722,Boat,2024-12-08,654.09,81000,1,1,0.074
POL-7939904,CUST-89279,Auto,2019-01-02,320.53,101000,2,1,0.089
POL-96423466,CUST-49491,RV,2017-09-07,577.83,213000,1,1,0.136
POL-32875162,CUST-603896,Home,2019-04-30,299.24,731000,0,1,0.151
POL-3883704,CUST-727511,Motorcycle,2024-03-13,112.39,53000,3,1,0.017
POL-32389942,CUST-756380,Renters,2017-06-28,49.84,33000,0,0,0.15
POL-66947674,CUST-95543,Auto,2024-01-29,194.61,350000,1,1,0.139
POL-19297925,CUST-570741,Home,2021-11-20,431.8,432000,0,1,0.156
POL-33252591,CUST-373139,Life,2019-04-20,145.32,636000,0,1,0.111
POL-73782677,CUST-654892,Life,2022-09-17,62.08,986000,0,1,0.102
POL-43012551,CUST-934378,Umbrella,2016-05-26,371.99,2905000,0,1,0.093
POL-10159797,CUST-40046,Renters,2024-10-25,38.97,83000,0,1,0.112
POL-90416920,CUST-17729,Boat,2024-09-10,694.22,371000,2,1,0.181
POL-49120375,CUST-858374,Home,2017-06-25,724.67,269000,0,1,0.155
POL-27743616,CUST-479235,Boat,2019-03-18,617.18,173000,1,1,0.111
POL-26538490,CUST-341916,Motorcycle,2020-04-05,53.88,73000,4,1,0.111
POL-61523286,CUST-22204,Motorcycle,2022-05-12,122.11,68000,2,1,0.096
POL-85347435,CUST-687799,RV,2017-09-10,376.62,159000,1,1,0.164
POL-65901195,CUST-173749,Business,2023-02-23,944.39,2688000,0,1,0.173
POL-61848509,CUST-74320,Life,2024-03-12,33.04,711000,0,1,0.237
POL-51133143,CUST-383584,RV,2020-11-30,408.25,267000,1,1,0.157
POL-88590444,CUST-651160,Business,2022-11-01,2475.86,2800000,0,1,0.102
POL-62099851,CUST-730687,Renters,2021-10-03,18.12,42000,0,0,0.036
POL-89628702,CUST-941593,Umbrella,2025-05-20,439.97,4074000,0,1,0.032
POL-47439688,CUST-518664,Home,2020-07-11,299.89,1533000,0,1,0.042
POL-76282104,CUST-359933,Umbrella,2021-04-15,408.24,2437000,0,1,0.064
POL-49775121,CUST-385712,Umbrella,2025-03-11,494.37,3874000,0,1,0.063
POL-45983437,CUST-339958,Renters,2015-12-04,22.62,29000,0,1,0.014
POL-92385945,CUST-659757,Motorcycle,2019-07-30,143.63,89000,2,0,0.087
POL-17985677,CUST-590500,Auto,2022-01-27,132.19,388000,1,1,0.076
POL-59473277,CUST-120306,Business,2016-11-26,2062.0,1249000,0,1,0.136
POL-68980674,CUST-382258,Renters,2020-08-08,35.3,30000,0,1,0.088
POL-9973272,CUST-586312,Life,2020-05-12,102.44,490000,0,1,0.121
POL-83787514,CUST-361731,Home,2019-04-23,292.53,1845000,0,1,0.073
POL-92567122,CUST-328144,Health,2018-03-23,595.66,371000,0,1,0.221
POL-99196100,CUST-894687,Auto,2017-09-20,143.33,481000,2,1,0.046
POL-19248456,CUST-848303,Renters,2021-09-26,17.43,70000,0,0,0.114
POL-60818211,CUST-937657,Life,2016-07-17,158.51,834000,0,1,0.169
POL-86602341,CUST-524941,Boat,2024-07-02,235.63,216000,1,1,0.215
POL-9973170,CUST-413513,Motorcycle,2018-04-14,31.6,13000,1,1,0.118
POL-12922575,CUST-916105,Home,2020-10-27,436.98,1863000,0,1,0.168
POL-81907495,CUST-659714,Renters,2016-08-19,46.74,31000,0,1,0.009
POL-12419350,CUST-313911,Business,2018-08-22,1042.13,863000,0,1,0.029
POL-65958085,CUST-309745,Business,2021-11-10,2130.97,4209000,0,1,0.246
POL-42905306,CUST-156172,Motorcycle,2020-07-11,116.53,55000,4,1,0.023
POL-27448798,CUST-42320,Motorcycle,2016-07-07,58.89,83000,4,1,0.167
POL-63563406,CUST-661310,Umbrella,2017-10-19,458.89,2193000,0,1,0.094
POL-83612431,CUST-924537,Motorcycle,2022-01-20,30.63,64000,2,1,0.057
POL-62173598,CUST-212316,Boat,2019-12-14,692.07,342000,1,1,0.201
POL-68839047,CUST-766143,RV,2015-12-06,998.72,173000,1,1,0.018
POL-18991345,CUST-314767,Health,2024-10-18,1115.15,265000,0,1,0.193
POL-25307134,CUST-862489,Health,2016-06-16,1171.73,172000,0,1,0.029
POL-91697819,CUST-899933,Life,2021-08-28,145.19,563000,0,1,0.109
POL-23126099,CUST-758639,Renters,2019-08-11,26.2,73000,0,1,0.132
POL-22619894,CUST-773667,Health,2017-01-18,1097.02,349000,0,1,0.142
POL-38350150,CUST-10073,Auto,2020-05-01,155.36,328000,4,1,0.022
POL-78215320,CUST-210003,Health,2018-06-08,239.96,160000,0,1,0.119
POL-31346763,CUST-303627,Business,2022-12-02,731.26,695000,0,0,0.084
POL-77292569,CUST-262683,Auto,2015-11-14,123.42,268000,4,1,0.195
POL-23626002,CUST-835942,Renters,2017-01-10,24.89,11000,0,1,0.19
POL-74044876,CUST-944953,Umbrella,2016-12-31,392.47,2785000,0,1,0.162
POL-48546204,CUST-753328,Renters,2016-02-26,48.68,60000,0,1,0.038
POL-47456960,CUST-501424,Auto,2018-04-18,91.77,174000,2,1,0.054
POL-42544938,CUST-611314,Boat,2025-03-21,368.48,453000,2,1,0.077
POL-8204812,CUST-741764,Renters,2025-02-27,25.15,20000,0,1,0.19
POL-37891425,CUST-970009,RV,2015-12-14,887.18,133000,1,1,0.194
POL-81575137,CUST-957452,Umbrella,2023-08-20,337.33,2646000,0,1,0.051
POL-11883722,CUST-142916,RV,2019-10-18,836.04,272000,2,1,0.124
POL-20651179,CUST-340700,Business,2019-07-09,1701.27,4830000,0,1,0.213
POL-54577800,CUST-8557,Health,2020-08-21,734.29,95000,0,0,0.003
POL-74314767,CUST-943764,Health,2016-12-17,307.63,215000,0,0,0.158
POL-15281129,CUST-213853,Umbrella,2016-12-21,211.18,4280000,0,1,0.064
POL-99457279,CUST-765314,Renters,2020-08-22,33.01,76000,0,1,0.215
POL-35163181,CUST-839956,Motorcycle,2019-06-18,101.54,73000,2,0,0.056
POL-95301612,CUST-384711,Life,2024-01-15,164.99,110000,0,1,0.013
POL-9215034,CUST-211947,Business,2023-07-17,715.19,2439000,0,1,0.131
POL-80641581,CUST-804401,Life,2019-02-20,45.48,450000,0,1,0.22
POL-92865855,CUST-184445,Business,2022-11-06,2436.97,4392000,0,1,0.07
POL-57380624,CUST-573429,Business,2023-05-07,885.86,4470000,0,1,0.055
POL-11701669,CUST-194657,Motorcycle,2022-07-28,140.03,44000,4,1,0.157
POL-32107112,CUST-304458,Motorcycle,2023-11-21,106.12,12000,4,1,0.224
POL-15565838,CUST-805309,RV,2017-09-04,808.82,291000,1,1,0.052
POL-20231619,CUST-27178,Life,2017-06-22,56.97,442000,0,1,0.079
POL-83113767,CUST-90505,Boat,2018-04-22,789.01,269000,1,1,0.033
POL-67444515,CUST-87643,Umbrella,2018-12-17,211.25,1271000,0,0,0.213
POL-5292672,CUST-96748,RV,2019-04-20,611.0,62000,2,1,0.09
POL-79465353,CUST-901038,Boat,2020-06-04,497.78,280000,2,1,0.195
POL-75226816,CUST-36039,Boat,2020-09-08,273.7,473000,1,1,0.064
POL-82955825,CUST-551176,RV,2018-04-06,447.63,180000,1,1,0.01
POL-74632841,CUST-571511,Motorcycle,2016-05-10,55.53,91000,3,1,0.141
POL-95483122,CUST-73647,Motorcycle,2024-06-24,72.45,51000,2,1,0.214
POL-50982086,CUST-710333,Auto,2025-05-02,196.51,59000,4,0,0.002
POL-40536246,CUST-848895,Health,2022-07-04,723.99,476000,0,1,0.075
POL-21177314,CUST-197400,Auto,2021-08-16,149.49,484000,1,1,0.213
POL-76810005,CUST-112923,Home,2017-06-26,347.22,113000,0,1,0.09
POL-79200432,CUST-37853,RV,2025-04-15,447.0,226000,1,1,0.135
POL-20680239,CUST-73508,RV,2024-03-22,505.33,98000,2,1,0.017
POL-25795744,CUST-336523,Home,2019-03-09,798.53,1026000,0,0,0.075
POL-75375049,CUST-762377,Boat,2022-03-04,433.99,76000,1,1,0.09
POL-12629912,CUST-463752,Business,2019-01-05,1522.99,1086000,0,0,0.096
POL-31340453,CUST-797311,Umbrella,2018-01-27,478.49,4164000,0,1,0.204
POL-84025036,CUST-418059,Life,2022-10-29,70.68,811000,0,1,0.207
POL-7225547,CUST-314984,Health,2023-10-24,956.73,274000,0,1,0.19
POL-64995354,CUST-89208,Life,2016-09-02,82.41,660000,0,1,0.185
POL-87938735,CUST-228227,Auto,2015-09-08,98.62,152000,3,1,0.14
POL-75589391,CUST-96722,RV,2024-10-24,355.79,246000,2,1,0.047
POL-67938013,CUST-831713,Renters,2017-06-14,46.14,57000,0,1,0.078
POL-38998599,CUST-37502,Health,2023-08-24,511.98,146000,0,1,0.089
POL-4049682,CUST-117455,Home,2020-12-14,210.38,427000,0,1,0.19
POL-96928951,CUST-215948,Umbrella,2019-07-25,256.95,4205000,0,1,0.219
POL-3077109,CUST-800527,RV,2018-03-13,412.32,63000,2,1,0.095
POL-36565047,CUST-998963,Umbrella,2019-09-24,254.25,3866000,0,1,0.176
POL-79515107,CUST-385749,Health,2019-12-23,536.19,67000,0,1,0.046
POL-3733392,CUST-517045,Umbrella,2022-10-22,539.49,2936000,0,1,0.191
POL-34373400,CUST-937810,Renters,2016-10-18,42.94,21000,0,1,0.127
POL-63719766,CUST-807347,Life,2024-04-29,73.86,270000,0,1,0.005
POL-46297382,CUST-60850,Umbrella,2022-02-21,445.79,3115000,0,1,0.091
POL-60905581,CUST-363596,Umbrella,2023-12-06,560.39,1876000,0,1,0.055
POL-48064168,CUST-741853,Boat,2018-02-07,360.54,360000,2,1,0.09
POL-20404292,CUST-237076,Auto,2023-04-22,116.59,373000,4,1,0.208
POL-50643612,CUST-792621,Business,2016-10-09,1723.48,2330000,0,1,0.24
POL-15793656,CUST-413531,Health,2019-01-18,1042.56,216000,0,1,0.143
POL-26286037,CUST-694300,Umbrella,2015-12-09,578.84,4367000,0,1,0.151
POL-86233514,CUST-528302,Home,2023-12-16,425.44,439000,0,0,0.118
POL-12458358,CUST-684010,Health,2016-10-19,635.38,305000,0,1,0.205
POL-42339954,CUST-807973,RV,2016-06-04,719.96,103000,2,1,0.055
POL-4157653,CUST-197093,Auto,2022-12-20,105.97,494000,2,1,0.121
POL-82148163,CUST-397531,Health,2025-03-31,668.13,426000,0,1,0.225
POL-8110368,CUST-445147,Home,2018-12-29,472.08,677000,0,1,0.133
POL-61962500,CUST-23813,Auto,2022-04-12,176.49,326000,1,1,0.071
POL-46354774,CUST-622652,Auto,2015-09-22,233.69,57000,2,1,0.08
POL-54035208,CUST-958395,RV,2020-04-09,619.84,90000,2,1,0.05
POL-53313041,CUST-719762,Home,2022-03-31,789.52,147000,0,1,0.216
POL-96061432,CUST-143576,Auto,2019-09-02,338.26,262000,2,0,0.087
POL-29286313,CUST-723540,Auto,2019-09-16,311.5,217000,2,1,0.17
POL-7954442,CUST-30700,Auto,2023-05-04,296.64,75000,4,1,0.199
POL-14508258,CUST-778242,Boat,2023-11-19,525.86,214000,1,1,0.104
POL-70184456,CUST-858565,Auto,2020-11-27,248.58,403000,2,1,0.017
POL-3547107,CUST-608171,RV,2015-08-24,566.36,183000,2,1,0.033
POL-8818288,CUST-287675,Home,2023-12-03,669.34,706000,0,1,0.065
POL-75085833,CUST-441299,Home,2016-04-26,494.72,1707000,0,1,0.043
POL-33507076,CUST-191475,Life,2018-11-10,177.95,73000,0,1,0.098
POL-40029698,CUST-225960,Home,2019-03-04,347.08,1535000,0,1,0.007
POL-54522034,CUST-354046,Business,2016-01-06,2121.33,3771000,0,1,0.231
POL-65890183,CUST-307392,Boat,2024-08-02,538.46,36000,2,1,0.175
POL-93394698,CUST-568025,Auto,2020-05-06,312.48,235000,2,1,0.204
POL-74096160,CUST-202058,Auto,2024-06-11,100.51,262000,4,1,0.019
POL-32669377,CUST-490859,Renters,2018-05-28,43.11,95000,0,1,0.244
POL-80500929,CUST-767776,Life,2021-03-11,59.86,640000,0,1,0.055
POL-77546952,CUST-516830,Auto,2015-08-01,269.18,361000,3,1,0.116
POL-19077793,CUST-550081,Auto,2018-08-31,193.25,52000,3,1,0.095
POL-72711014,CUST-879196,Umbrella,2021-01-08,251.2,1863000,0,1,0.197
POL-92059502,CUST-391993,RV,2017-11-24,472.44,69000,1,1,0.211
POL-45320630,CUST-778771,Business,2024-11-09,1507.06,1432000,0,1,0.204
POL-47791003,CUST-331732,RV,2020-02-28,794.42,190000,2,1,0.027
POL-28396839,CUST-650333,Life,2017-05-29,144.61,768000,0,1,0.086
POL-77323948,CUST-441272,Motorcycle,2017-06-09,103.0,64000,1,1,0.004
POL-28826107,CUST-963995,Renters,2015-11-25,16.04,81000,0,1,0.151
POL-69710035,CUST-903800,RV,2020-10-12,526.25,82000,2,1,0.2
POL-31569052,CUST-449173,Life,2018-04-20,195.6,706000,0,1,0.073
POL-72834723,CUST-588034,Business,2023-12-04,987.66,1072000,0,1,0.025
POL-73525025,CUST-744944,Motorcycle,2019-01-01,72.29,51000,3,0,0.006
POL-26233131,CUST-415633,Life,2023-10-24,34.59,754000,0,1,0.033
POL-85215627,CUST-201859,Boat,2025-01-23,568.02,287000,2,1,0.039
POL-32282131,CUST-557726,Auto,2017-12-19,307.03,494000,2,1,0.249
POL-4367654,CUST-270634,Health,2015-10-13,988.31,61000,0,1,0.203
POL-55189596,CUST-267739,RV,2019-07-01,429.99,87000,1,1,0.196
POL-48867631,CUST-544087,RV,2022-12-17,497.79,257000,1,1,0.052
POL-55471544,CUST-441546,Business,2020-10-14,1436.8,2757000,0,1,0.112
POL-69425550,CUST-451650,Umbrella,2020-02-23,546.32,4524000,0,1,0.056
POL-95524266,CUST-278657,Motorcycle,2023-08-27,75.19,14000,2,1,0.028
POL-52733451,CUST-242103,RV,2017-03-01,589.01,52000,2,1,0.011
POL-11856328,CUST-136597,Life,2023-11-06,90.11,948000,0,1,0.061
POL-53730676,CUST-239059,Business,2016-02-24,2011.71,3390000,0,1,0.152
POL-61386952,CUST-349088,Life,2017-04-16,162.01,748000,0,0,0.073
POL-22636753,CUST-603022,Business,2021-05-14,1496.41,4223000,0,1,0.005
POL-64529989,CUST-419048,Renters,2023-01-07,26.82,33000,0,1,0.09
POL-16351514,CUST-272785,Life,2016-02-16,109.88,318000,0,1,0.213
POL-68905447,CUST-316575,Motorcycle,2021-08-03,98.36,24000,3,1,0.089
POL-68836380,CUST-108463,Business,2015-07-30,2070.5,2654000,0,1,0.142
POL-36152183,CUST-265354,Auto,2017-05-19,147.74,164000,1,1,0.075
POL-49643306,CUST-460757,Boat,2016-11-04,515.67,461000,1,1,0.075
POL-73021172,CUST-118216,Business,2018-07-11,1503.58,3347000,0,1,0.101
POL-95474341,CUST-224579,Home,2020-10-17,706.37,1921000,0,1,0.218
POL-9186124,CUST-76222,Auto,2021-12-11,198.34,346000,1,1,0.023
POL-72345360,CUST-399726,Auto,2022-07-15,121.28,42000,2,1,0.092
POL-13687185,CUST-321824,Boat,2017-07-03,477.12,444000,2,1,0.246
POL-4167151,CUST-901510,Motorcycle,2022-01-26,53.45,91000,2,1,0.184
POL-50338642,CUST-79826,Renters,2018-11-12,48.95,57000,0,0,0.007
POL-69309635,CUST-637085,Motorcycle,2017-01-05,148.0,50000,4,1,0.224
POL-53642615,CUST-784875,Business,2018-04-28,694.89,2756000,0,1,0.156
POL-44674041,CUST-358293,Business,2015-11-14,1570.69,4012000,0,1,0.091
POL-95197582,CUST-661224,Home,2021-04-10,703.71,380000,0,1,0.179
POL-50879771,CUST-367666,Auto,2020-01-30,214.25,180000,2,1,0.04
POL-23548492,CUST-777538,Health,2019-11-20,1189.44,459000,0,1,0.053
POL-67213047,CUST-258787,Motorcycle,2022-04-08,31.46,24000,3,1,0.233
POL-67988953,CUST-789640,Life,2021-12-14,67.74,849000,0,1,0.19
POL-31067928,CUST-524111,Life,2019-11-03,136.59,85000,0,1,0.025
POL-12013137,CUST-279883,Business,2023-03-09,924.37,4904000,0,1,0.128
POL-26629414,CUST-304158,Health,2015-12-16,214.92,303000,0,1,0.128
POL-84809946,CUST-719308,Motorcycle,2020-02-18,81.72,90000,1,1,0.083
POL-37689650,CUST-354379,Renters,2020-11-05,35.91,96000,0,1,0.231
POL-47536203,CUST-707334,Home,2025-02-17,272.99,509000,0,1,0.185
POL-56907156,CUST-30054,Umbrella,2022-06-22,479.06,1622000,0,1,0.013
POL-30986492,CUST-7282,Boat,2015-08-24,320.89,62000,2,1,0.19
POL-12444108,CUST-630166,Motorcycle,2016-12-16,88.75,64000,2,0,0.126
POL-86372978,CUST-144354,Motorcycle,2022-07-13,73.07,27000,4,1,0.007
POL-66644877,CUST-813103,Home,2018-01-30,595.36,1909000,0,1,0.014
POL-29601248,CUST-548048,Auto,2018-01-16,344.0,377000,2,1,0.203
POL-78791839,CUST-494483,Renters,2021-11-23,20.52,38000,0,1,0.071
POL-92206105,CUST-131814,Umbrella,2020-01-14,317.94,3068000,0,1,0.018
POL-87460707,CUST-898881,Motorcycle,2017-03-06,104.62,39000,2,1,0.206
POL-99823712,CUST-914659,Home,2023-01-24,591.51,1248000,0,1,0.041
POL-52422607,CUST-836598,Auto,2019-01-10,244.31,61000,1,1,0.174
POL-31105502,CUST-561071,Home,2024-07-07,502.77,1543000,0,1,0.209
POL-88331397,CUST-824289,Boat,2021-09-30,587.82,438000,1,1,0.084
POL-77971078,CUST-340623,Boat,2016-06-07,511.25,357000,2,1,0.109
POL-2882469,CUST-828368,Life,2023-03-02,39.04,522000,0,1,0.184
POL-25995114,CUST-271201,Renters,2025-06-15,49.77,44000,0,1,0.086
POL-96118142,CUST-633926,Motorcycle,2015-12-29,73.19,47000,2,0,0.211
POL-11413030,CUST-426128,Boat,2025-04-02,735.42,201000,1,1,0.133
POL-4448823,CUST-570001,Health,2021-08-18,345.46,332000,0,1,0.029
POL-9346008,CUST-198155,Auto,2017-06-04,291.55,120000,3,1,0.068
POL-93036158,CUST-829130,Renters,2022-07-02,26.09,35000,0,1,0.098
POL-2585103,CUST-252232,Auto,2019-11-29,296.61,82000,3,1,0.232
POL-70825374,CUST-658888,Home,2020-03-04,238.34,187000,0,1,0.231
POL-75426728,CUST-285223,Umbrella,2019-10-12,257.24,2305000,0,1,0.182
POL-63600573,CUST-852441,Umbrella,2018-09-15,372.72,2346000,0,1,0.053
POL-4553490,CUST-16353,Life,2023-05-18,125.62,299000,0,1,0.044
POL-23182157,CUST-849840,Umbrella,2022-08-21,239.68,4174000,0,1,0.113
POL-76559466,CUST-346784,Business,2023-10-12,1664.5,3501000,0,1,0.049
POL-45014479,CUST-918838,Auto,2025-04-19,323.73,43000,3,1,0.055
POL-40920425,CUST-850710,Business,2017-08-09,2228.32,797000,0,1,0.046
POL-79714295,CUST-372663,Life,2018-07-30,52.32,805000,0,0,0.108
POL-38263303,CUST-642836,Umbrella,2019-11-01,421.2,4266000,0,1,0.175
POL-57411199,CUST-604061,Home,2022-01-29,736.95,1235000,0,1,0.118
POL-39417556,CUST-144900,Renters,2021-02-04,47.54,31000,0,1,0.14
POL-99573280,CUST-788081,RV,2016-12-06,451.09,73000,1,1,0.121
POL-93323316,CUST-732077,Boat,2023-08-04,215.75,178000,1,1,0.214
POL-58401251,CUST-136766,RV,2021-07-05,365.42,267000,2,1,0.237
POL-46009159,CUST-176743,Life,2023-07-27,136.73,511000,0,0,0.067
POL-1040510,CUST-12562,Home,2024-01-03,492.87,498000,0,1,0.181
POL-55687743,CUST-975404,Umbrella,2017-05-27,253.93,3009000,0,1,0.041
POL-87021537,CUST-468534,RV,2016-08-18,477.21,276000,2,1,0.031
POL-36359866,CUST-320898,Life,2018-12-22,95.49,561000,0,1,0.166
POL-77840684,CUST-694434,Umbrella,2023-05-03,474.48,4412000,0,1,0.208
POL-93565549,CUST-787754,Life,2020-05-02,103.84,796000,0,1,0.164
POL-78527518,CUST-193068,Auto,2020-12-01,303.92,53000,2,1,0.03
POL-42016122,CUST-706905,Home,2019-06-24,129.05,1173000,0,1,0.225
POL-54935222,CUST-746165,Home,2017-06-29,442.93,729000,0,1,0.178
POL-73927501,CUST-239026,Boat,2019-02-11,526.49,370000,2,1,0.075
POL-56715392,CUST-292026,Auto,2018-04-03,180.88,87000,4,1,0.032
POL-81341234,CUST-510041,Boat,2024-03-30,750.17,321000,2,1,0.014
POL-92187655,CUST-716718,Home,2017-01-16,391.37,577000,0,0,0.106
POL-7116333,CUST-94893,Business,2016-04-11,1131.05,649000,0,0,0.208
POL-1712513,CUST-487717,Boat,2023-01-23,487.22,330000,2,1,0.124
POL-13883460,CUST-131543,Boat,2024-12-15,721.22,159000,1,1,0.096
POL-85397096,CUST-687984,Auto,2020-04-27,189.38,312000,3,1,0.245
POL-60192839,CUST-424710,RV,2021-03-29,678.68,125000,2,1,0.034
POL-99007981,CUST-774306,Umbrella,2016-10-07,223.3,2143000,0,1,0.187
POL-5496767,CUST-898037,RV,2019-07-26,582.82,273000,2,1,0.106
POL-76004622,CUST-316392,Renters,2020-02-05,26.07,33000,0,1,0.221
POL-37828147,CUST-94227,Boat,2025-01-04,735.06,246000,2,0,0.059
POL-23317675,CUST-655898,Home,2020-05-26,340.15,461000,0,1,0.067
POL-42061050,CUST-748298,Boat,2019-08-31,697.86,137000,1,1,0.038
POL-20099327,CUST-825413,RV,2021-06-16,966.74,195000,2,1,0.006
POL-27111068,CUST-670990,Motorcycle,2024-09-16,55.75,53000,3,1,0.172
POL-64879943,CUST-177190,Boat,2019-02-14,751.18,58000,1,1,0.163
POL-63333581,CUST-747573,Motorcycle,2024-08-04,90.58,83000,2,1,0.175
POL-54409640,CUST-690419,Renters,2021-08-08,21.18,50000,0,1,0.09
POL-77011219,CUST-581744,Life,2023-11-11,117.84,595000,0,1,0.003
POL-88522598,CUST-218228,Auto,2017-08-12,169.61,208000,1,1,0.099
POL-18591988,CUST-434693,Boat,2016-04-24,752.49,472000,1,1,0.236
POL-50782232,CUST-287224,Motorcycle,2021-01-12,44.09,34000,1,1,0.064
POL-95425492,CUST-495298,RV,2023-04-04,491.27,297000,2,1,0.103
POL-11111564,CUST-358247,Umbrella,2017-02-14,452.84,2307000,0,1,0.2
POL-75211270,CUST-136204,Home,2024-04-19,637.52,887000,0,0,0.118
POL-70422146,CUST-907337,Boat,2016-08-05,578.38,151000,1,0,0.006
POL-5035739,CUST-707931,Home,2023-06-20,179.07,1453000,0,1,0.197
POL-79794795,CUST-291079,Motorcycle,2024-05-14,96.44,55000,2,1,0.167
POL-96842504,CUST-981476,Boat,2016-09-25,666.78,450000,1,1,0.18
POL-65450100,CUST-763071,Health,2015-07-12,835.0,238000,0,1,0.08
POL-16216350,CUST-121628,RV,2025-04-22,740.99,229000,2,1,0.059
POL-16006842,CUST-79761,RV,2022-07-31,450.16,225000,2,1,0.113
POL-53865433,CUST-270317,Business,2020-08-10,2441.65,3398000,0,1,0.153
POL-51247641,CUST-747177,Home,2019-10-28,321.76,778000,0,1,0.048
POL-13833969,CUST-610820,Business,2016-11-18,1356.94,531000,0,1,0.078
POL-32362235,CUST-63282,Umbrella,2024-01-30,564.51,1488000,0,1,0.002
POL-61401461,CUST-380885,Life,2025-04-20,72.03,194000,0,1,0.139
POL-23147442,CUST-766985,Motorcycle,2020-08-27,74.91,88000,2,1,0.198
POL-65695918,CUST-223226,Umbrella,2020-08-18,390.74,2878000,0,0,0.137
POL-73366106,CUST-899655,Umbrella,2024-04-10,276.9,4456000,0,1,0.068
POL-95354755,CUST-193697,Business,2021-03-20,2088.74,284000,0,1,0.216
POL-66711804,CUST-756665,Boat,2019-08-06,478.77,102000,2,1,0.113
POL-39244170,CUST-586749,RV,2023-09-16,317.0,279000,1,1,0.114
POL-61537646,CUST-4961,Home,2023-12-04,307.9,151000,0,0,0.171
POL-62915390,CUST-587535,Motorcycle,2016-06-15,140.76,17000,4,1,0.025
POL-16240296,CUST-663248,Boat,2025-01-10,341.57,83000,2,1,0.086
POL-45719517,CUST-254018,Renters,2017-12-29,46.01,31000,0,0,0.098
POL-44873591,CUST-976666,Life,2018-06-06,138.52,776000,0,0,0.023
POL-21048578,CUST-90750,RV,2017-02-08,335.27,94000,2,1,0.14
POL-4133133,CUST-577347,Umbrella,2024-12-07,253.44,4070000,0,0,0.02
POL-22279754,CUST-425909,Life,2018-04-10,44.69,895000,0,1,0.144
POL-76739153,CUST-613999,Renters,2023-09-17,42.53,42000,0,1,0.141
POL-82477427,CUST-428971,Boat,2016-07-09,780.98,376000,2,1,0.244
POL-55288944,CUST-763376,Business,2022-05-25,2315.12,949000,0,1,0.006
POL-19918252,CUST-567429,Motorcycle,2015-10-29,104.6,17000,3,0,0.227
POL-48397003,CUST-954796,Boat,2022-10-25,236.87,90000,1,1,0.151
POL-73727650,CUST-225451,Business,2018-12-14,1545.64,3510000,0,1,0.23
POL-86783467,CUST-378543,Renters,2025-03-17,37.42,38000,0,1,0.107
POL-8479515,CUST-429776,Business,2023-04-23,1262.06,4898000,0,1,0.078
POL-54024116,CUST-794800,Umbrella,2020-09-21,272.06,3471000,0,1,0.146
POL-17931112,CUST-113683,Motorcycle,2024-07-02,86.9,34000,3,1,0.209
POL-1861851,CUST-198088,Renters,2015-07-07,15.4,75000,0,1,0.015
POL-1292015,CUST-872380,Health,2023-07-13,1010.75,64000,0,1,0.082
POL-59997737,CUST-48908,Renters,2015-11-08,29.71,12000,0,1,0.145
POL-65420157,CUST-545455,Renters,2019-09-05,17.08,72000,0,1,0.109
POL-70830689,CUST-662190,Umbrella,2016-07-11,503.33,2132000,0,1,0.189
POL-98405101,CUST-437166,Life,2024-03-16,79.79,406000,0,0,0.058
POL-77851729,CUST-235715,Renters,2022-11-20,33.63,76000,0,1,0.08
POL-4910282,CUST-522935,Motorcycle,2018-04-15,95.58,11000,2,1,0.004
POL-76589871,CUST-932500,Business,2016-02-03,1386.53,2402000,0,1,0.05
POL-31484576,CUST-286221,Boat,2024-04-02,739.26,221000,2,1,0.033
POL-36415941,CUST-622715,Boat,2024-01-29,358.5,457000,1,1,0.235
POL-90246192,CUST-729016,Home,2018-02-14,725.89,421000,0,1,0.06
POL-65995916,CUST-757634,Health,2022-11-24,836.8,297000,0,1,0.115
POL-72588295,CUST-461644,Life,2020-09-02,93.68,693000,0,1,0.128
POL-91820322,CUST-184551,Boat,2022-06-16,413.78,338000,1,1,0.152
POL-46655850,CUST-62144,Health,2022-06-19,821.59,249000,0,1,0.152
POL-38439562,CUST-705898,Health,2023-07-28,327.55,255000,0,1,0.204
POL-45676146,CUST-414153,Motorcycle,2020-01-26,145.11,92000,3,1,0.197
POL-59276156,CUST-139703,Boat,2020-11-17,290.99,434000,1,1,0.044
POL-63201930,CUST-414362,Umbrella,2022-10-04,392.37,3174000,0,1,0.087
POL-90862950,CUST-289592,Health,2021-08-16,379.59,277000,0,1,0.159
POL-80273307,CUST-534596,Health,2017-01-08,805.36,107000,0,1,0.001
POL-67396777,CUST-107964,Umbrella,2018-03-21,340.37,1721000,0,1,0.098
POL-78648797,CUST-284632,Business,2023-02-03,1754.02,2196000,0,1,0.156
POL-63972066,CUST-605442,Motorcycle,2023-12-22,36.38,74000,3,1,0.19
POL-468741,CUST-900836,Umbrella,2021-06-12,507.42,1028000,0,1,0.221
POL-26015554,CUST-322260,Boat,2016-03-06,308.52,132000,1,1,0.088
POL-17767325,CUST-791461,Home,2021-03-04,267.8,1273000,0,1,0.085
POL-8188640,CUST-194933,Boat,2018-01-11,554.66,395000,1,1,0.047
POL-24098958,CUST-416496,Life,2022-12-08,53.56,53000,0,1,0.056
POL-7831280,CUST-227233,Life,2019-05-02,122.85,385000,0,1,0.219
POL-99749502,CUST-407833,Umbrella,2017-08-14,503.17,2293000,0,1,0.016
POL-46347162,CUST-180177,Renters,2019-11-04,37.2,74000,0,1,0.175
POL-59498908,CUST-233497,Business,2021-10-22,1077.21,2623000,0,1,0.137
POL-1356820,CUST-641505,Renters,2019-08-08,17.45,87000,0,1,0.117
POL-61934298,CUST-790087,Health,2016-01-21,619.37,76000,0,1,0.103
POL-5264340,CUST-768019,Health,2019-11-18,464.36,245000,0,0,0.225
POL-30480885,CUST-351284,Home,2021-12-23,722.06,176000,0,1,0.116
POL-58073398,CUST-539954,Health,2016-12-18,765.37,158000,0,1,0.244
POL-19681395,CUST-678739,Home,2021-04-29,455.42,576000,0,1,0.031
POL-36475405,CUST-487571,Boat,2018-01-07,271.23,97000,2,0,0.184
POL-99942767,CUST-501885,RV,2022-04-17,345.84,173000,2,1,0.243
POL-16397602,CUST-131223,Renters,2021-10-03,25.32,27000,0,1,0.062
POL-95038258,CUST-585084,Umbrella,2021-04-27,525.52,4805000,0,1,0.025
POL-64718137,CUST-796976,Motorcycle,2018-11-24,35.87,38000,2,1,0.202
POL-79665561,CUST-25924,Boat,2025-04-09,383.98,233000,2,0,0.033
POL-96653122,CUST-837343,Boat,2016-07-18,251.36,209000,2,1,0.057
POL-28177866,CUST-418843,Auto,2021-08-02,136.33,209000,4,1,0.15
POL-80594945,CUST-975913,RV,2022-06-09,988.36,288000,1,1,0.127
POL-26054686,CUST-142609,Renters,2019-01-17,18.5,77000,0,0,0.249
POL-58314316,CUST-241747,Boat,2023-11-15,570.34,435000,1,1,0.224
POL-34610990,CUST-135809,Motorcycle,2019-03-10,101.53,85000,3,1,0.221
POL-71509891,CUST-989516,Business,2018-01-13,1826.93,4225000,0,1,0.033
POL-93570163,CUST-419689,Health,2021-07-13,1094.42,136000,0,1,0.076
POL-69744293,CUST-242092,Home,2018-03-16,183.02,1817000,0,1,0.104
POL-18765362,CUST-938695,Home,2023-05-30,269.68,1220000,0,1,0.199
POL-66745463,CUST-706917,Business,2019-03-22,1953.01,2005000,0,1,0.053
POL-24996513,CUST-353389,Motorcycle,2018-07-02,53.87,97000,3,1,0.054
POL-27903550,CUST-106962,Umbrella,2025-05-10,478.12,3902000,0,1,0.186
POL-31283148,CUST-849255,Business,2016-02-04,893.67,1037000,0,1,0.07
POL-96295951,CUST-494440,Boat,2019-05-25,438.76,447000,2,1,0.223
POL-926856,CUST-569605,Home,2016-05-25,711.91,624000,0,1,0.234
POL-41901979,CUST-149500,Home,2025-06-06,388.24,1860000,0,1,0.067
POL-33686408,CUST-981053,Health,2019-01-10,1185.32,416000,0,1,0.243
POL-27435977,CUST-779158,Motorcycle,2016-01-27,45.53,24000,1,1,0.009
POL-1495259,CUST-280072,Health,2023-01-28,1042.76,314000,0,1,0.027
POL-25647315,CUST-244550,RV,2018-11-08,402.96,210000,1,1,0.094
POL-91643839,CUST-129802,Renters,2018-11-02,47.62,18000,0,1,0.188
POL-69073602,CUST-220769,Home,2024-08-20,567.81,974000,0,1,0.183
POL-37705888,CUST-384968,Home,2024-07-26,337.96,138000,0,1,0.092
POL-85176896,CUST-803254,Boat,2022-04-10,645.18,198000,2,1,0.022
POL-17164118,CUST-377537,Health,2016-11-23,452.7,90000,0,1,0.208
POL-73474164,CUST-656342,Business,2023-10-11,944.41,887000,0,1,0.058
POL-36155867,CUST-487315,Life,2015-09-16,181.56,592000,0,1,0.195
POL-59040790,CUST-105935,Health,2019-03-22,567.03,370000,0,1,0.061
POL-95410561,CUST-672889,Boat,2024-05-27,695.57,113000,2,1,0.068
POL-92218755,CUST-710443,Boat,2021-10-25,262.49,337000,1,1,0.105
POL-64091448,CUST-995599,Life,2017-06-05,102.67,988000,0,0,0.111
POL-76687558,CUST-690723,Health,2022-08-27,205.46,299000,0,1,0.169
POL-72525054,CUST-17367,Auto,2022-01-20,143.11,175000,1,1,0.172
POL-39700583,CUST-387479,Umbrella,2022-01-23,529.31,3775000,0,1,0.108
POL-41226745,CUST-317143,Renters,2021-07-23,46.57,92000,0,0,0.095
POL-12865988,CUST-385508,Boat,2017-12-11,453.48,59000,2,1,0.186
POL-89347103,CUST-730572,Umbrella,2023-10-27,502.15,1659000,0,1,0.247
POL-29857789,CUST-486085,Health,2024-09-01,836.15,220000,0,1,0.109
POL-58394941,CUST-303421,Renters,2018-03-03,18.8,87000,0,1,0.008
POL-43380355,CUST-216277,Umbrella,2016-01-03,446.76,1917000,0,0,0.046
POL-84455026,CUST-863929,Auto,2017-12-19,144.27,331000,2,1,0.168
POL-26604504,CUST-679155,Health,2023-02-26,982.13,156000,0,1,0.241
POL-70114635,CUST-555031,Umbrella,2022-10-14,353.48,1840000,0,1,0.198
POL-82777487,CUST-214096,Auto,2021-08-30,182.29,324000,3,1,0.233
POL-97418945,CUST-139236,Renters,2019-12-20,42.07,45000,0,1,0.098
POL-74637495,CUST-223750,Motorcycle,2024-06-11,130.6,50000,3,1,0.092
POL-5102440,CUST-231681,Umbrella,2025-03-24,385.23,3036000,0,1,0.038
POL-82357224,CUST-954391,Health,2023-04-07,1182.5,57000,0,0,0.131
POL-90857150,CUST-704779,Health,2023-06-20,1139.96,196000,0,1,0.165
POL-29218239,CUST-710640,RV,2024-04-21,486.78,128000,2,1,0.249
POL-10778040,CUST-727067,Auto,2019-02-01,208.33,466000,2,1,0.17
POL-3067849,CUST-249584,Life,2021-10-29,177.58,71000,0,1,0.122
POL-12697413,CUST-622710,Business,2018-04-20,1868.59,2348000,0,1,0.013
POL-50215002,CUST-794360,Home,2024-03-01,102.57,790000,0,1,0.248
POL-90488606,CUST-441037,Business,2025-05-22,2365.15,4077000,0,1,0.056
POL-48694889,CUST-817236,Motorcycle,2021-05-15,129.72,90000,4,1,0.034
POL-91393593,CUST-718220,Life,2016-11-12,171.14,171000,0,1,0.146
POL-17148566,CUST-347730,RV,2016-01-01,724.84,95000,2,1,0.146
POL-53166671,CUST-457086,Boat,2015-09-10,776.06,329000,1,1,0.125
POL-98843455,CUST-680893,Umbrella,2022-11-19,447.89,4722000,0,1,0.09
POL-54329495,CUST-668882,Life,2024-05-29,47.5,984000,0,1,0.181
POL-54126308,CUST-677623,Umbrella,2016-02-13,250.67,3819000,0,1,0.09
POL-29951222,CUST-312123,Boat,2023-04-13,556.15,312000,1,1,0.08
POL-56042762,CUST-493912,Home,2023-11-25,796.59,175000,0,1,0.092
POL-39975804,CUST-869099,Renters,2017-01-31,31.08,18000,0,1,0.246
POL-77444441,CUST-711500,Boat,2025-02-27,341.05,381000,2,1,0.009
POL-57520637,CUST-258592,Auto,2024-07-17,119.6,27000,2,1,0.244
POL-75096683,CUST-611922,Boat,2017-11-30,710.99,424000,1,1,0.131
POL-97194979,CUST-645543,Business,2021-08-03,2215.05,669000,0,1,0.181
POL-98074660,CUST-1016,Health,2017-01-03,997.25,398000,0,1,0.033
POL-70831681,CUST-351219,Auto,2019-06-05,241.51,80000,3,1,0.09
POL-41663806,CUST-153759,Health,2018-08-23,358.77,126000,0,1,0.176
POL-51154893,CUST-177100,Motorcycle,2023-06-26,136.11,22000,4,0,0.072
POL-13846353,CUST-341053,Motorcycle,2018-02-02,104.78,80000,2,1,0.228
POL-75964485,CUST-796259,Business,2021-06-28,1649.02,771000,0,1,0.037
POL-32482494,CUST-951629,Renters,2022-04-22,34.33,96000,0,1,0.189
POL-39588376,CUST-215899,Auto,2023-01-04,274.15,66000,3,1,0.101
POL-90820354,CUST-434773,Boat,2025-03-28,286.2,293000,2,1,0.006
POL-80070380,CUST-633043,Health,2019-05-15,861.17,360000,0,1,0.139
POL-82555542,CUST-353178,Boat,2019-11-14,618.38,67000,2,1,0.058
POL-969411,CUST-210829,Business,2020-05-29,1952.31,507000,0,1,0.031
POL-75548770,CUST-364764,Boat,2024-12-15,223.81,299000,1,1,0.121
POL-99871264,CUST-299889,Auto,2020-12-10,325.63,446000,2,0,0.109
POL-48626258,CUST-456633,Renters,2022-07-20,37.35,73000,0,1,0.06
POL-26626968,CUST-78104,Home,2021-10-02,476.73,331000,0,0,0.188
POL-7812519,CUST-538493,Boat,2023-06-28,591.0,462000,2,0,0.093
POL-29152148,CUST-32832,Auto,2023-11-03,118.41,293000,4,0,0.231
POL-20081256,CUST-774195,Business,2016-05-27,1620.34,821000,0,1,0.029
POL-2107242,CUST-694352,Home,2017-01-15,432.71,1692000,0,0,0.128
POL-98824691,CUST-845849,Home,2017-12-26,486.28,1380000,0,1,0.088
POL-27383624,CUST-398636,Auto,2023-06-14,250.3,142000,1,1,0.244
POL-29722157,CUST-716068,Health,2021-11-21,570.06,223000,0,1,0.181
POL-47100223,CUST-771574,Health,2018-05-07,797.47,145000,0,1,0.221
POL-88155778,CUST-833334,Umbrella,2022-02-19,526.45,1066000,0,1,0.104
POL-27499569,CUST-754782,Renters,2023-05-04,44.75,10000,0,1,0.213
POL-22818604,CUST-993078,Umbrella,2018-08-28,427.14,4393000,0,1,0.204
POL-38262927,CUST-962722,Boat,2018-12-21,681.37,259000,1,1,0.177
POL-60668770,CUST-280915,Auto,2024-01-31,332.93,415000,1,1,0.158
POL-28699384,CUST-627456,Auto,2025-02-03,140.47,110000,2,0,0.04
POL-57188096,CUST-699957,Umbrella,2016-08-08,483.87,1939000,0,1,0.123
POL-682953,CUST-835660,Renters,2022-02-25,26.15,66000,0,1,0.084
POL-77881220,CUST-129858,Auto,2017-02-15,293.5,230000,4,1,0.221
POL-80961227,CUST-10880,Life,2016-01-23,39.14,465000,0,1,0.127
POL-73647351,CUST-544627,Renters,2020-08-20,26.0,60000,0,0,0.042
POL-53194565,CUST-754972,Health,2022-10-27,1112.25,384000,0,1,0.07
POL-59373245,CUST-217970,RV,2015-11-19,871.71,107000,2,1,0.175
POL-55478943,CUST-324578,Auto,2018-02-12,241.27,334000,4,1,0.199
POL-60032106,CUST-811125,Business,2020-09-01,880.52,766000,0,1,0.238
POL-76640968,CUST-658453,Umbrella,2024-12-23,452.0,4110000,0,1,0.157
POL-89184131,CUST-491812,Auto,2018-11-09,332.88,303000,1,1,0.207
POL-47969943,CUST-643865,Umbrella,2024-03-28,280.03,4605000,0,1,0.176
POL-84570714,CUST-985079,RV,2021-09-02,553.44,223000,1,1,0.161
POL-12262898,CUST-507871,Health,2020-03-31,825.37,131000,0,1,0.154
POL-7822156,CUST-825116,RV,2022-10-27,459.9,148000,1,1,0.163
POL-80459517,CUST-207437,Business,2015-11-21,1163.02,772000,0,1,0.241
POL-12982543,CUST-963072,RV,2023-12-04,973.01,64000,2,1,0.132
POL-39276900,CUST-959752,Motorcycle,2022-07-20,44.66,92000,3,1,0.114
POL-85698101,CUST-995714,Business,2021-09-18,1663.84,1652000,0,1,0.177
POL-14420665,CUST-15182,Motorcycle,2025-01-02,112.57,89000,2,0,0.23
POL-46985532,CUST-787718,Motorcycle,2020-05-08,54.14,79000,4,1,0.026
POL-33141686,CUST-750541,Motorcycle,2023-11-04,75.26,90000,2,1,0.008
POL-56165676,CUST-456475,Renters,2020-02-13,30.61,47000,0,0,0.198
POL-40285056,CUST-267325,Renters,2025-04-08,36.63,50000,0,1,0.141
POL-28643142,CUST-722118,RV,2023-11-23,363.26,185000,1,1,0.091
POL-72418770,CUST-461876,Life,2019-06-21,90.71,879000,0,0,0.242
POL-7644959,CUST-780350,Home,2024-11-01,439.05,1226000,0,1,0.11
POL-17551376,CUST-525518,Business,2021-01-12,1417.15,1654000,0,1,0.108
POL-4025785,CUST-691201,Auto,2025-03-27,230.36,249000,1,1,0.032
POL-52209498,CUST-457958,Motorcycle,2021-02-19,57.46,64000,3,1,0.029
POL-11794480,CUST-579994,Life,2021-05-11,73.13,112000,0,1,0.166
POL-59391620,CUST-568664,Health,2018-10-01,512.1,101000,0,1,0.104
POL-99341263,CUST-471188,Business,2020-08-24,1476.27,1782000,0,0,0.119
POL-12156219,CUST-622240,Business,2023-01-08,933.12,3277000,0,1,0.065
POL-72443465,CUST-526864,Auto,2024-06-27,153.36,104000,1,1,0.236
POL-59735019,CUST-286721,Motorcycle,2019-07-07,126.15,49000,4,1,0.105
POL-35436564,CUST-371993,Umbrella,2019-09-02,479.51,3878000,0,1,0.003
POL-81366836,CUST-859214,Home,2016-03-25,656.94,371000,0,1,0.075
POL-68197535,CUST-334402,Umbrella,2022-05-09,297.6,2356000,0,1,0.05
POL-67560361,CUST-42547,RV,2019-02-20,629.75,293000,1,1,0.162
POL-21171858,CUST-783188,Auto,2022-03-19,247.64,454000,2,0,0.016
POL-7752126,CUST-157073,Motorcycle,2020-12-29,133.78,59000,2,1,0.045
POL-6050375,CUST-536350,Auto,2019-07-28,270.73,490000,3,1,0.222
POL-86560287,CUST-620434,Boat,2025-03-14,376.75,129000,1,1,0.02
POL-37637172,CUST-412385,Life,2022-02-15,179.04,939000,0,1,0.08
POL-35596918,CUST-975531,Life,2018-04-22,114.23,340000,0,1,0.222
POL-40019735,CUST-812151,Life,2019-04-11,124.65,256000,0,1,0.038
POL-48093846,CUST-263334,Motorcycle,2019-06-11,132.84,37000,2,1,0.141
POL-54452182,CUST-623760,Motorcycle,2024-06-25,125.98,76000,1,1,0.235
POL-23730245,CUST-117543,RV,2021-02-08,559.92,137000,1,1,0.145
POL-13706710,CUST-719353,Motorcycle,2018-09-01,78.42,41000,1,1,0.008
POL-52194039,CUST-33757,RV,2021-07-18,983.71,260000,1,1,0.098
POL-67699945,CUST-473823,Auto,2019-06-30,292.1,180000,4,1,0.079
POL-685723,CUST-546426,Boat,2016-07-28,484.27,418000,1,1,0.134
POL-6040719,CUST-219757,Business,2024-10-12,971.85,4025000,0,1,0.06
POL-41653312,CUST-439990,Umbrella,2021-02-09,438.02,3911000,0,1,0.011
POL-51239068,CUST-447916,Umbrella,2020-06-09,598.34,3745000,0,0,0.061
POL-40219005,CUST-615939,Health,2015-07-04,1110.05,388000,0,1,0.157
POL-28445777,CUST-500107,Health,2016-06-28,1185.24,153000,0,1,0.082
POL-34837154,CUST-462732,Auto,2022-05-04,186.17,419000,3,1,0.061
POL-61680543,CUST-451215,RV,2020-03-11,733.42,92000,2,0,0.125
POL-16445117,CUST-688991,Home,2025-05-29,564.75,469000,0,1,0.136
POL-57180677,CUST-85001,Motorcycle,2016-11-20,75.32,51000,3,0,0.242
POL-23812817,CUST-121417,Boat,2018-08-30,675.15,387000,2,1,0.043
POL-5943124,CUST-791212,RV,2021-03-30,549.69,133000,1,1,0.192
POL-97579582,CUST-602462,Auto,2019-07-16,279.79,79000,2,1,0.099
POL-93784976,CUST-328214,Health,2022-05-20,999.2,430000,0,1,0.197
POL-73987406,CUST-826960,Umbrella,2021-06-19,334.72,2498000,0,1,0.084
POL-95316148,CUST-527128,Umbrella,2022-06-13,309.16,1374000,0,1,0.044
POL-85694478,CUST-590378,Health,2016-09-07,898.35,332000,0,1,0.243
POL-5691523,CUST-826098,Umbrella,2016-03-31,208.58,2279000,0,1,0.159
POL-16458208,CUST-329101,RV,2020-08-22,419.09,260000,2,1,0.016
POL-80822940,CUST-232375,Auto,2024-05-11,102.88,30000,1,1,0.144
POL-29081628,CUST-390916,Umbrella,2019-02-24,213.9,2270000,0,1,0.183
POL-72988680,CUST-436190,RV,2017-09-21,371.23,130000,2,1,0.18
POL-170384,CUST-105295,Auto,2022-04-26,255.18,302000,1,1,0.184
POL-69206005,CUST-329038,Health,2019-04-18,1109.15,237000,0,1,0.123
POL-43447,CUST-803649,Life,2020-11-11,94.8,356000,0,1,0.089
POL-22461373,CUST-614592,Motorcycle,2015-12-08,74.63,82000,2,1,0.104
POL-64682252,CUST-202399,Life,2021-04-03,145.8,934000,0,1,0.134
POL-1551787,CUST-111073,Renters,2024-04-25,27.5,75000,0,1,0.012
POL-9204640,CUST-193314,Auto,2016-01-09,112.69,70000,4,1,0.249
POL-47489023,CUST-897738,Motorcycle,2020-07-01,92.21,98000,4,1,0.219
POL-12707317,CUST-568304,Motorcycle,2023-06-01,118.93,87000,2,1,0.145
POL-50302450,CUST-586087,Boat,2017-01-25,441.06,255000,2,1,0.208
POL-51642540,CUST-783992,Boat,2016-06-04,573.69,181000,1,1,0.171
POL-80226958,CUST-309543,Health,2017-01-13,1051.51,250000,0,1,0.023
POL-77631318,CUST-121567,Motorcycle,2025-02-27,49.71,57000,2,1,0.034
POL-53844378,CUST-655855,Business,2018-09-20,2142.14,4788000,0,1,0.216
POL-4856271,CUST-919692,Business,2021-11-06,1800.73,4599000,0,1,0.146
POL-45102920,CUST-126682,Boat,2021-07-21,403.98,430000,1,0,0.114
POL-12735770,CUST-704478,Life,2025-04-14,108.69,154000,0,1,0.195
POL-77361531,CUST-431787,Umbrella,2019-04-13,408.06,2591000,0,1,0.006
POL-58790343,CUST-85442,Home,2024-07-19,782.64,1891000,0,1,0.228
POL-58129629,CUST-833569,Boat,2024-01-11,599.67,376000,2,1,0.159
POL-10308312,CUST-506490,Boat,2023-11-15,551.22,206000,1,1,0.068
POL-71976665,CUST-12025,Home,2015-08-17,229.3,558000,0,1,0.075
POL-81915723,CUST-993966,Motorcycle,2020-10-14,113.17,95000,3,1,0.143
POL-80187796,CUST-892012,Boat,2018-01-02,613.47,402000,1,1,0.19
POL-94910096,CUST-170850,Renters,2018-12-18,31.12,11000,0,1,0.093
POL-96017809,CUST-819371,Auto,2024-12-29,140.4,190000,1,1,0.227
POL-2318287,CUST-514217,Motorcycle,2021-09-18,30.01,58000,4,1,0.069
POL-80552456,CUST-443090,Boat,2017-03-21,505.01,259000,1,0,0.033
POL-20629028,CUST-619699,Boat,2016-12-01,637.84,117000,2,1,0.09
POL-27854971,CUST-852262,Motorcycle,2019-03-28,129.9,78000,3,1,0.038
POL-9962414,CUST-799440,Motorcycle,2017-11-19,71.71,91000,1,1,0.071
POL-37506947,CUST-604490,Home,2018-10-21,447.67,1020000,0,1,0.22
POL-21903444,CUST-141315,Home,2021-07-01,395.9,986000,0,1,0.172
POL-75502517,CUST-913869,RV,2016-03-17,695.57,153000,1,1,0.233
POL-5549711,CUST-698063,Home,2020-01-02,560.08,1007000,0,1,0.139
POL-28614869,CUST-501219,Renters,2016-05-19,24.95,37000,0,1,0.134
POL-63241333,CUST-520121,Umbrella,2016-09-25,488.07,4192000,0,1,0.012
POL-70081826,CUST-582663,Boat,2021-09-02,220.05,404000,2,1,0.006
POL-51721722,CUST-162004,Renters,2021-06-05,41.55,58000,0,1,0.008
POL-34210302,CUST-567176,Boat,2023-02-17,582.0,172000,1,1,0.12
POL-52165042,CUST-418829,Life,2015-08-11,154.57,198000,0,1,0.061
POL-9166168,CUST-724047,Auto,2017-04-20,244.45,180000,2,1,0.131
POL-55635119,CUST-827319,Home,2018-07-30,628.29,1916000,0,1,0.245
POL-96746125,CUST-34419,Umbrella,2017-09-22,508.27,2904000,0,0,0.027
POL-7992069,CUST-407193,Life,2019-05-26,151.89,69000,0,1,0.04
POL-9855881,CUST-450181,Motorcycle,2021-10-18,105.91,68000,3,1,0.188
POL-65818579,CUST-706503,Motorcycle,2020-11-25,38.83,78000,3,1,0.007
POL-22551039,CUST-115518,Life,2017-01-29,176.17,359000,0,1,0.114
POL-74405920,CUST-452588,Life,2017-07-01,180.31,82000,0,1,0.188
POL-86331544,CUST-66555,Life,2016-04-23,86.02,254000,0,1,0.107
POL-10988242,CUST-942897,Umbrella,2024-09-18,259.72,1091000,0,1,0.203
POL-89553480,CUST-765318,Renters,2017-07-23,44.62,18000,0,1,0.044
POL-89680884,CUST-744966,Umbrella,2017-09-25,240.96,2955000,0,1,0.098
POL-91207281,CUST-644435,Home,2019-05-29,521.66,1599000,0,1,0.114
POL-26261988,CUST-62167,Health,2019-04-07,797.5,449000,0,1,0.072
POL-43559843,CUST-374527,Renters,2018-08-04,18.72,58000,0,1,0.111
POL-68178370,CUST-806340,Home,2025-06-04,245.19,519000,0,1,0.167
POL-77954885,CUST-755649,Home,2023-12-02,282.17,618000,0,1,0.249
POL-7995030,CUST-450039,Motorcycle,2017-10-19,74.11,46000,3,1,0.193
POL-29683825,CUST-120609,Boat,2018-01-21,445.44,26000,2,0,0.206
POL-88952793,CUST-357400,Renters,2020-05-01,42.29,61000,0,0,0.053
POL-74487014,CUST-690073,Auto,2022-10-25,326.83,122000,1,1,0.119
POL-94101910,CUST-634704,Home,2024-01-31,434.96,645000,0,1,0.198
POL-2706348,CUST-924291,Renters,2017-04-15,40.21,21000,0,1,0.2
POL-94474881,CUST-405697,Life,2025-05-28,88.01,176000,0,1,0.138
POL-76600814,CUST-799864,RV,2017-04-29,529.74,83000,1,1,0.143
POL-73493995,CUST-50753,Auto,2022-05-17,245.12,30000,1,1,0.095
POL-48225799,CUST-32339,Business,2020-05-24,1861.0,209000,0,1,0.215
POL-21914709,CUST-93379,Business,2021-05-05,1665.07,3860000,0,1,0.142
POL-18922251,CUST-791186,Renters,2016-08-07,34.63,83000,0,1,0.0
POL-29145695,CUST-831108,Health,2016-04-29,800.76,272000,0,1,0.113
POL-789974,CUST-544071,Boat,2022-09-04,701.5,469000,1,0,0.234
POL-54351228,CUST-824205,Boat,2017-07-29,305.6,486000,2,1,0.065
POL-13853768,CUST-987155,Auto,2020-02-27,262.56,311000,2,1,0.043
POL-1789000,CUST-265470,Renters,2024-12-18,46.74,98000,0,1,0.071
POL-54635982,CUST-880630,Health,2019-11-01,813.35,448000,0,0,0.118
POL-72627272,CUST-735543,Life,2016-03-20,51.05,564000,0,1,0.248
POL-92850740,CUST-640873,RV,2016-10-10,454.85,131000,1,1,0.08
POL-13717972,CUST-269121,RV,2023-12-29,412.16,260000,1,1,0.023
POL-74062798,CUST-881621,Auto,2016-02-22,98.51,336000,2,1,0.096
POL-36664946,CUST-445489,RV,2019-07-05,842.45,86000,2,1,0.043
POL-43712470,CUST-276417,Umbrella,2025-02-01,368.02,1268000,0,1,0.072
POL-75972484,CUST-917799,Motorcycle,2020-04-06,41.78,74000,3,1,0.147
POL-4004669,CUST-860070,RV,2021-06-27,680.18,115000,2,1,0.242
POL-1550868,CUST-619312,Home,2022-05-13,747.97,1883000,0,1,0.159
POL-67310493,CUST-36418,Renters,2021-02-23,45.58,61000,0,1,0.075
POL-17676868,CUST-725940,RV,2022-07-15,440.58,153000,1,0,0.122
POL-35202050,CUST-357019,Motorcycle,2023-04-07,96.38,79000,1,1,0.207
POL-58008686,CUST-622981,Boat,2022-04-09,251.65,311000,2,0,0.098
POL-29586765,CUST-717495,Renters,2024-12-23,16.39,57000,0,0,0.013
POL-46759741,CUST-599259,Health,2024-10-15,569.89,430000,0,1,0.021
POL-65379008,CUST-270418,Auto,2016-03-08,207.28,83000,3,1,0.02
POL-81656535,CUST-287498,Auto,2017-11-26,165.79,153000,3,1,0.204
POL-40942997,CUST-150025,Health,2016-10-27,642.44,316000,0,1,0.065
POL-38970906,CUST-650429,Business,2015-10-07,1758.82,4977000,0,1,0.197
POL-60975232,CUST-975084,Business,2021-08-08,703.91,4687000,0,1,0.11
POL-57858370,CUST-187843,RV,2023-01-12,907.43,283000,2,1,0.24
POL-25573119,CUST-707246,Business,2020-11-14,671.31,1562000,0,1,0.169
POL-38608369,CUST-476199,Life,2024-07-28,45.61,952000,0,1,0.249
POL-52416641,CUST-634199,Business,2022-05-28,2186.7,587000,0,0,0.057
POL-80607170,CUST-845594,RV,2016-12-12,908.94,119000,2,0,0.131
POL-26206158,CUST-47077,Life,2021-05-15,96.66,493000,0,1,0.18
POL-52445055,CUST-983726,Home,2017-02-13,332.33,1458000,0,1,0.133
POL-66487310,CUST-145735,Auto,2020-05-09,171.13,149000,3,0,0.221
POL-84559148,CUST-420326,Business,2024-05-31,526.18,4284000,0,1,0.102
POL-63003575,CUST-307749,Home,2017-08-05,588.45,1893000,0,1,0.171
POL-69625801,CUST-335721,Motorcycle,2021-11-17,84.23,40000,3,0,0.116
POL-1922557,CUST-141296,Auto,2025-05-27,216.6,232000,2,1,0.075
POL-17378136,CUST-638320,Motorcycle,2022-01-31,124.88,59000,2,1,0.243
POL-52087817,CUST-88921,Auto,2023-01-30,253.25,162000,4,1,0.023
POL-52375741,CUST-405742,RV,2017-07-20,886.43,243000,1,0,0.136
POL-96524069,CUST-566381,Health,2017-10-28,943.77,217000,0,1,0.003
POL-58436553,CUST-8260,Motorcycle,2022-04-13,90.84,43000,4,1,0.017
POL-41398319,CUST-625752,Business,2018-09-20,756.72,4155000,0,1,0.026
POL-17109366,CUST-283187,Home,2024-05-17,276.83,1897000,0,1,0.218
POL-73603879,CUST-623374,Renters,2022-04-19,21.23,70000,0,1,0.158
POL-64842846,CUST-682063,Boat,2022-07-09,320.84,389000,1,1,0.191
POL-16768623,CUST-415062,Home,2016-04-10,425.57,909000,0,1,0.212
POL-50798580,CUST-165047,Boat,2021-10-12,567.31,382000,1,0,0.019
POL-65910491,CUST-861426,Renters,2023-12-17,16.29,91000,0,1,0.226
POL-6013654,CUST-165818,Umbrella,2020-07-08,360.31,4650000,0,1,0.057
POL-48844907,CUST-861782,Health,2016-07-24,498.27,114000,0,1,0.061
POL-17735111,CUST-216302,Renters,2023-12-14,37.38,38000,0,1,0.047
POL-96207064,CUST-983366,Boat,2016-12-19,385.95,93000,1,1,0.091
POL-43256950,CUST-155146,Business,2018-01-01,1502.0,812000,0,1,0.185
POL-24066772,CUST-212943,Boat,2020-02-23,665.78,421000,1,0,0.097
POL-20316746,CUST-358163,Boat,2021-04-12,599.6,299000,2,1,0.212
POL-4542798,CUST-721,Boat,2022-02-18,564.11,309000,1,1,0.06
POL-43087794,CUST-781320,Motorcycle,2024-05-10,110.36,28000,3,1,0.123
POL-83121196,CUST-323904,Life,2024-05-19,132.3,159000,0,1,0.023
POL-8391138,CUST-474602,Umbrella,2022-02-19,497.36,4411000,0,1,0.012
POL-14495580,CUST-379548,Renters,2018-07-20,42.96,47000,0,1,0.023
POL-45564126,CUST-810250,Home,2016-06-15,781.0,299000,0,1,0.215
POL-1107926,CUST-656342,Life,2018-01-18,119.12,834000,0,1,0.147
POL-98267638,CUST-940671,Renters,2021-08-13,27.24,71000,0,1,0.165
POL-44353315,CUST-208895,Renters,2019-05-14,46.96,37000,0,1,0.038
POL-25289010,CUST-753917,Business,2016-12-25,1904.76,2561000,0,1,0.228
POL-69126897,CUST-285417,Renters,2017-07-08,25.22,38000,0,1,0.046
POL-55527069,CUST-17467,Auto,2021-10-24,347.11,295000,1,1,0.083
POL-82224404,CUST-869606,Auto,2021-02-04,306.41,331000,3,1,0.013
POL-38675508,CUST-696130,RV,2019-05-28,781.55,72000,2,1,0.115
POL-32507587,CUST-156681,Health,2018-01-13,1132.35,162000,0,1,0.061
POL-97388570,CUST-752697,Home,2017-08-26,616.47,192000,0,1,0.128
POL-889695,CUST-633897,Home,2017-08-05,322.13,558000,0,1,0.053
POL-19714433,CUST-966112,Motorcycle,2016-12-10,87.28,88000,3,1,0.072
POL-36355213,CUST-960933,Auto,2025-05-03,320.17,183000,4,1,0.069
POL-99880845,CUST-237209,Umbrella,2019-11-20,363.96,4330000,0,1,0.191
POL-37200285,CUST-952917,Home,2017-05-07,464.21,304000,0,1,0.022
POL-37720202,CUST-903997,Auto,2016-10-08,81.42,124000,3,1,0.105
POL-72242484,CUST-971230,Home,2016-01-08,222.37,1454000,0,0,0.237
POL-68718631,CUST-233251,Life,2023-10-02,90.97,206000,0,1,0.198
POL-93236597,CUST-950988,Motorcycle,2020-01-03,43.22,25000,3,1,0.117
POL-91390719,CUST-883771,Motorcycle,2018-11-04,143.08,27000,2,1,0.179
POL-64654483,CUST-620485,Umbrella,2023-05-31,214.79,4834000,0,1,0.007
POL-20284382,CUST-722652,Renters,2024-09-30,31.13,56000,0,1,0.189
POL-6057571,CUST-793064,Auto,2020-08-29,290.85,463000,2,1,0.078
POL-12974675,CUST-973047,Auto,2018-01-08,108.45,144000,2,1,0.206
POL-57322256,CUST-975762,Home,2017-06-12,627.55,1579000,0,1,0.067
POL-19766571,CUST-239165,Health,2024-07-10,480.15,380000,0,0,0.171
POL-29126690,CUST-515989,Life,2017-01-26,49.34,958000,0,1,0.021
POL-91463440,CUST-944978,Umbrella,2025-02-13,230.41,1183000,0,1,0.222
POL-10846182,CUST-526645,Auto,2024-04-15,269.2,309000,3,0,0.097
POL-87663449,CUST-16245,Umbrella,2017-05-07,440.46,3955000,0,1,0.085
POL-91411177,CUST-594397,Home,2016-03-20,597.6,1919000,0,1,0.137
POL-20213700,CUST-903364,Home,2022-01-03,310.91,835000,0,1,0.161
POL-21827138,CUST-428238,RV,2020-10-11,574.66,156000,1,1,0.121
POL-62164834,CUST-544544,Renters,2021-05-05,24.17,12000,0,0,0.063
POL-29131204,CUST-712279,Umbrella,2022-11-24,269.2,2244000,0,1,0.155
POL-48536068,CUST-528413,Business,2021-02-24,1794.62,4962000,0,1,0.223
POL-60620579,CUST-295950,Business,2023-07-20,741.7,350000,0,1,0.099
POL-17112303,CUST-437268,Renters,2021-05-24,17.88,65000,0,1,0.14
POL-94257280,CUST-315105,Auto,2019-02-13,282.08,63000,3,1,0.155
POL-70152714,CUST-996514,Auto,2024-01-14,284.43,244000,2,1,0.084
POL-19287904,CUST-204914,Home,2024-07-25,544.31,1831000,0,1,0.108
POL-84082879,CUST-156336,RV,2023-11-24,989.94,137000,1,1,0.076
POL-41717070,CUST-309778,Motorcycle,2020-11-04,85.84,55000,1,1,0.157
POL-17214969,CUST-670453,Motorcycle,2018-08-26,59.25,28000,3,1,0.052
POL-27192391,CUST-342816,Health,2020-12-20,518.66,331000,0,0,0.245
POL-9074250,CUST-942707,Home,2017-06-24,708.8,366000,0,0,0.065
POL-70650419,CUST-712573,RV,2023-06-03,946.55,237000,1,1,0.105
POL-25040493,CUST-580427,Business,2024-12-20,1560.3,1556000,0,0,0.006
POL-44442000,CUST-48299,Motorcycle,2015-12-03,109.91,11000,3,1,0.141
POL-33791371,CUST-352750,Health,2019-09-27,346.28,388000,0,1,0.115
POL-30923937,CUST-580930,Renters,2021-09-17,29.05,62000,0,1,0.158
POL-25056826,CUST-535596,Life,2024-06-18,90.1,678000,0,1,0.193
POL-21318853,CUST-7460,Boat,2023-07-09,582.65,73000,2,0,0.103
POL-59241121,CUST-415980,RV,2019-12-13,365.57,183000,1,1,0.162
POL-58404599,CUST-398134,RV,2023-07-15,649.59,132000,1,1,0.133
POL-95105515,CUST-46410,Business,2021-12-09,964.88,3620000,0,1,0.181
POL-17247526,CUST-566582,Auto,2024-07-19,278.86,156000,1,1,0.133
POL-66457090,CUST-313763,Boat,2024-10-12,533.85,475000,1,1,0.068
POL-94860962,CUST-730120,Life,2020-12-14,57.24,587000,0,0,0.094
POL-59961247,CUST-82869,Life,2024-01-04,166.0,526000,0,1,0.209
POL-7464593,CUST-656166,Motorcycle,2017-09-10,35.79,56000,4,1,0.119
POL-42064633,CUST-217691,RV,2023-07-14,966.36,74000,2,0,0.013
POL-91806853,CUST-882905,Business,2016-09-20,1375.66,3805000,0,1,0.164
POL-96204947,CUST-955573,Umbrella,2019-02-25,349.05,4249000,0,1,0.115
POL-74550610,CUST-377390,Boat,2022-02-16,360.04,158000,1,1,0.041
POL-13787241,CUST-389459,Life,2018-09-20,116.7,140000,0,0,0.132
POL-53167996,CUST-134631,Boat,2017-10-23,288.37,435000,1,1,0.12
POL-88136352,CUST-686649,RV,2017-02-11,411.44,235000,2,1,0.131
POL-64527143,CUST-882268,Renters,2016-01-30,18.66,92000,0,1,0.182
POL-95545888,CUST-942122,Motorcycle,2020-07-09,90.78,16000,3,1,0.135
POL-34483834,CUST-828744,RV,2016-11-21,777.4,92000,2,1,0.131
POL-29510147,CUST-3976,Boat,2019-12-22,614.68,389000,2,1,0.151
POL-2043499,CUST-844386,Renters,2017-07-25,47.49,92000,0,1,0.017
POL-10954788,CUST-290836,Motorcycle,2022-02-02,50.44,85000,4,1,0.044
POL-47710644,CUST-149250,RV,2020-05-12,994.99,86000,2,1,0.198
POL-41056009,CUST-369651,Umbrella,2021-12-28,332.91,2410000,0,0,0.066
POL-41860966,CUST-284395,Umbrella,2023-05-05,442.65,3120000,0,1,0.067
POL-28659987,CUST-72485,Auto,2018-12-23,240.57,337000,3,1,0.026
POL-12976798,CUST-850158,Business,2023-08-22,2248.0,2088000,0,1,0.162
POL-91741192,CUST-892645,Umbrella,2017-07-30,599.45,2043000,0,1,0.166
POL-30438117,CUST-238112,Motorcycle,2021-08-29,121.93,58000,3,1,0.203
POL-37128306,CUST-823647,RV,2019-08-18,693.22,161000,2,1,0.026
POL-60521942,CUST-172624,Renters,2025-05-15,21.07,21000,0,1,0.165
POL-82579351,CUST-490107,Business,2022-11-05,1432.56,2853000,0,1,0.095
POL-12379557,CUST-26372,Boat,2015-12-24,260.72,489000,2,1,0.217
POL-27651781,CUST-830287,Life,2016-04-09,77.54,905000,0,1,0.153
POL-30371675,CUST-308798,Umbrella,2020-08-21,406.8,1453000,0,0,0.062
POL-80497815,CUST-628778,Business,2020-08-15,960.15,4047000,0,1,0.166
POL-48895058,CUST-774785,Umbrella,2023-12-09,527.77,1179000,0,0,0.074
POL-94088765,CUST-373235,Home,2024-09-22,477.68,851000,0,1,0.002
POL-96226213,CUST-433434,Motorcycle,2024-11-16,34.36,11000,4,0,0.164
POL-98470410,CUST-556461,Business,2016-08-30,1538.65,2100000,0,1,0.058
POL-67993135,CUST-96804,Renters,2024-05-25,33.42,21000,0,1,0.107
POL-68683959,CUST-423069,RV,2023-08-05,657.51,174000,1,1,0.008
POL-95369036,CUST-975580,Renters,2016-05-28,34.39,89000,0,0,0.062
POL-15516055,CUST-384152,Renters,2017-09-19,17.5,72000,0,1,0.13
POL-79290925,CUST-160900,Auto,2025-03-27,141.81,370000,2,1,0.191
POL-81470757,CUST-267520,Home,2023-12-26,295.75,335000,0,1,0.228
POL-61249525,CUST-458337,Auto,2019-03-11,196.49,48000,4,1,0.232
POL-69117979,CUST-133760,Home,2019-03-25,431.66,1025000,0,1,0.068
POL-38717255,CUST-611709,Motorcycle,2023-11-06,89.98,55000,4,1,0.225
POL-28273783,CUST-224800,Auto,2016-04-04,172.91,364000,1,1,0.22
POL-21498743,CUST-175509,Auto,2017-06-29,96.92,368000,2,1,0.001
POL-30750861,CUST-913250,Motorcycle,2018-08-30,52.21,25000,1,1,0.002
POL-35438669,CUST-583792,Motorcycle,2020-12-17,129.94,83000,4,1,0.187
POL-58917812,CUST-14449,Business,2016-03-10,580.26,554000,0,1,0.041
POL-60460919,CUST-216782,Life,2020-06-03,191.48,822000,0,1,0.103
POL-41902341,CUST-767385,Renters,2017-06-30,27.22,50000,0,1,0.159
POL-29305541,CUST-836297,Renters,2024-06-06,42.1,73000,0,1,0.073
POL-74568088,CUST-485830,Life,2022-03-27,137.74,939000,0,1,0.031
POL-61717565,CUST-494507,Life,2020-10-05,35.95,289000,0,1,0.209
POL-34338038,CUST-6687,Life,2023-12-09,29.54,911000,0,1,0.065
POL-2415757,CUST-231924,Health,2023-04-21,543.65,163000,0,1,0.105
POL-51673279,CUST-431101,Home,2022-05-06,746.56,1169000,0,1,0.204
POL-53984612,CUST-13129,Boat,2021-07-03,224.02,436000,2,1,0.203
POL-90222527,CUST-471105,Renters,2015-07-23,25.88,94000,0,1,0.221
POL-96240637,CUST-146013,Life,2021-12-01,45.48,784000,0,1,0.141
POL-73769322,CUST-893910,Renters,2018-04-01,38.77,78000,0,1,0.157
POL-16125751,CUST-907496,Renters,2018-02-14,31.79,20000,0,1,0.188
POL-92266656,CUST-676351,Business,2018-07-28,1884.66,3634000,0,0,0.024
POL-17053582,CUST-126796,Umbrella,2024-08-28,350.23,1716000,0,1,0.159
POL-28524843,CUST-900430,RV,2025-05-18,892.4,67000,2,1,0.235
POL-55745736,CUST-907240,Umbrella,2024-01-22,463.46,4851000,0,1,0.074
POL-22150359,CUST-504114,Boat,2024-08-18,208.32,173000,1,1,0.121
POL-35109898,CUST-799599,Health,2024-12-11,840.89,290000,0,1,0.237
POL-17939984,CUST-447387,Home,2022-12-26,545.72,1206000,0,1,0.175
POL-95068418,CUST-828840,Health,2019-12-10,319.67,323000,0,1,0.153
POL-80355717,CUST-215996,Umbrella,2019-02-28,378.96,1379000,0,1,0.024
POL-1488932,CUST-950335,Home,2018-11-08,562.45,1401000,0,1,0.181
POL-96894802,CUST-817100,Business,2020-08-02,1094.29,1521000,0,1,0.062
POL-86415678,CUST-614706,Life,2021-08-14,177.55,299000,0,1,0.153
POL-76493396,CUST-174168,Life,2022-10-28,30.04,792000,0,1,0.156
POL-53995297,CUST-420360,Business,2016-02-12,1673.14,2818000,0,1,0.07
POL-4356914,CUST-930552,Renters,2022-04-01,15.13,12000,0,1,0.145
POL-72891042,CUST-369428,RV,2020-02-21,724.48,222000,1,1,0.161
POL-12683673,CUST-190530,Renters,2019-06-08,45.01,86000,0,1,0.161
POL-33873135,CUST-685172,Motorcycle,2018-12-08,52.69,12000,2,1,0.174
POL-27593013,CUST-356570,Boat,2019-12-30,282.03,456000,2,1,0.135
POL-97576853,CUST-290578,RV,2024-05-10,460.16,197000,2,1,0.204
POL-75486953,CUST-96020,Home,2025-05-01,792.83,474000,0,1,0.056
POL-69907940,CUST-689778,RV,2017-05-28,816.39,125000,1,1,0.065
POL-58115874,CUST-368557,Business,2020-10-02,1793.34,202000,0,1,0.216
POL-20672246,CUST-274085,Renters,2017-02-28,27.65,80000,0,1,0.043
POL-15884898,CUST-30502,Health,2018-07-30,847.41,192000,0,1,0.03
POL-31546395,CUST-490400,Auto,2022-02-08,289.19,389000,3,0,0.121
POL-91564587,CUST-92639,Renters,2024-12-22,46.56,79000,0,1,0.124
POL-94961812,CUST-19898,Life,2023-07-22,122.91,512000,0,1,0.248
POL-75042631,CUST-744825,Boat,2020-09-18,425.82,486000,1,1,0.139
POL-50501401,CUST-264681,Home,2019-05-01,131.76,847000,0,1,0.058
POL-12730212,CUST-87203,Renters,2024-06-29,30.29,31000,0,1,0.156
POL-97524131,CUST-354471,Health,2022-06-25,1177.71,312000,0,1,0.169
POL-46924234,CUST-970683,Renters,2025-05-08,27.53,74000,0,1,0.096
POL-99067857,CUST-860113,Health,2021-08-22,853.8,129000,0,1,0.187
POL-83942961,CUST-744226,RV,2024-11-22,501.25,219000,1,1,0.16
POL-76868659,CUST-977326,Umbrella,2021-10-29,394.82,3215000,0,1,0.056
POL-22403611,CUST-76809,RV,2019-11-19,918.91,296000,1,1,0.173
POL-67060632,CUST-601681,Renters,2019-09-10,25.96,26000,0,1,0.073
POL-14012503,CUST-218705,Home,2018-11-07,780.14,1653000,0,1,0.021
POL-25960560,CUST-953774,Auto,2022-06-21,256.48,38000,2,1,0.013
POL-45158076,CUST-604190,Umbrella,2022-03-12,463.87,4597000,0,1,0.081
POL-23792252,CUST-512608,Home,2023-12-10,424.66,462000,0,1,0.055
POL-61903361,CUST-448444,Renters,2022-04-17,36.85,82000,0,1,0.195
POL-66084903,CUST-499374,RV,2024-05-02,992.93,285000,1,1,0.189
POL-49138081,CUST-595545,Auto,2023-10-19,273.77,47000,2,1,0.076
POL-48436498,CUST-826606,Umbrella,2019-01-22,458.15,4074000,0,1,0.202
POL-57062040,CUST-75395,Home,2025-01-01,306.99,947000,0,1,0.116
POL-41419377,CUST-93636,Life,2019-01-16,171.9,542000,0,1,0.139
POL-34472300,CUST-624547,Home,2023-10-02,246.74,1269000,0,1,0.25
POL-78493777,CUST-362855,Home,2016-09-25,439.13,375000,0,1,0.061
POL-74544238,CUST-24627,Auto,2019-03-28,197.08,224000,4,1,0.247
POL-87557905,CUST-570865,Renters,2024-10-23,42.33,82000,0,1,0.072
POL-24045937,CUST-453355,Health,2020-07-23,287.01,151000,0,1,0.033
POL-17485523,CUST-201314,Auto,2023-11-08,190.14,117000,3,0,0.138
POL-81578288,CUST-636414,Boat,2018-11-26,786.66,484000,2,1,0.084
POL-91211260,CUST-850826,RV,2015-09-18,775.09,151000,1,1,0.195
POL-54498076,CUST-120566,RV,2023-10-30,977.23,245000,2,0,0.061
POL-3700169,CUST-34768,Renters,2021-09-03,19.79,17000,0,0,0.083
POL-10065776,CUST-85980,Life,2017-02-02,75.08,905000,0,1,0.001
POL-81844569,CUST-111424,Auto,2019-04-21,230.99,136000,3,1,0.049
POL-41332114,CUST-551225,Boat,2021-03-07,686.44,221000,1,1,0.221
POL-41314590,CUST-296808,Motorcycle,2015-07-01,139.29,84000,2,1,0.229
POL-26683779,CUST-432745,Life,2018-08-12,99.53,545000,0,1,0.092
POL-67027173,CUST-648517,Renters,2019-10-07,18.04,81000,0,1,0.221
POL-10010731,CUST-274253,Life,2018-02-25,188.27,582000,0,1,0.014
POL-81028434,CUST-13386,Home,2025-06-12,704.11,1000000,0,1,0.022
POL-340347,CUST-905976,Business,2016-12-21,1657.15,1528000,0,1,0.233
POL-52852261,CUST-101972,Business,2024-06-01,1862.12,3827000,0,1,0.07
POL-33566415,CUST-865618,Renters,2022-01-13,26.49,31000,0,1,0.105
POL-94494076,CUST-635017,Auto,2023-04-29,340.53,464000,4,1,0.105
POL-41857968,CUST-880012,Auto,2015-10-23,335.24,391000,4,1,0.162
POL-12020872,CUST-359270,Life,2025-03-15,158.33,526000,0,1,0.122
POL-30087822,CUST-556076,Health,2023-09-06,1138.27,244000,0,1,0.153
POL-51193370,CUST-476252,Health,2015-12-13,1108.36,96000,0,1,0.155
POL-51122198,CUST-484221,RV,2025-03-25,521.4,73000,2,1,0.243
POL-51956285,CUST-474051,Auto,2019-06-05,173.74,92000,2,0,0.219
POL-4908223,CUST-612403,Life,2018-07-31,91.0,197000,0,1,0.113
POL-15860705,CUST-47243,RV,2022-03-15,978.91,284000,2,1,0.176
POL-25994156,CUST-480320,Renters,2018-07-30,28.52,53000,0,1,0.091
POL-58028820,CUST-320395,Umbrella,2018-07-29,462.74,3386000,0,1,0.064
POL-90546870,CUST-181876,Umbrella,2019-04-20,310.73,1591000,0,1,0.166
POL-48832895,CUST-533638,RV,2016-06-19,555.13,247000,1,1,0.077
POL-76183837,CUST-593393,Business,2022-01-28,2335.95,3878000,0,1,0.209
POL-21237474,CUST-939319,Auto,2022-12-16,265.4,247000,3,1,0.211
POL-48730705,CUST-650588,Umbrella,2020-01-13,320.12,1641000,0,0,0.19
POL-13899361,CUST-696855,RV,2023-06-22,316.25,110000,1,1,0.043
POL-48574991,CUST-959452,Boat,2021-09-08,588.36,393000,2,1,0.006
POL-82954945,CUST-204964,Umbrella,2023-01-17,382.43,2779000,0,1,0.218
POL-65618063,CUST-489585,RV,2018-03-01,614.75,265000,1,0,0.19
POL-15910839,CUST-121248,Life,2015-08-13,31.28,595000,0,1,0.114
POL-41373213,CUST-710755,Home,2021-03-15,159.6,1535000,0,1,0.112
POL-62618582,CUST-708761,Motorcycle,2017-02-14,146.75,15000,2,1,0.224
POL-27595424,CUST-655727,Motorcycle,2023-12-26,80.95,94000,3,1,0.248
POL-98000073,CUST-877336,RV,2018-08-09,353.64,268000,2,1,0.227
POL-617717,CUST-856850,Business,2022-07-13,2291.99,3817000,0,1,0.066
POL-56909730,CUST-532651,Motorcycle,2025-06-19,96.83,32000,2,1,0.198
POL-54532784,CUST-533081,Umbrella,2021-04-13,248.29,2446000,0,1,0.194
POL-92322998,CUST-562079,Business,2024-11-17,990.15,2217000,0,1,0.11
POL-56385000,CUST-790966,Auto,2024-11-08,216.69,309000,1,1,0.166
POL-4688680,CUST-972970,RV,2016-07-24,364.35,242000,2,1,0.032
POL-46039686,CUST-706268,Boat,2024-05-27,617.69,251000,1,1,0.189
POL-26906165,CUST-987511,Home,2023-07-25,355.95,1865000,0,1,0.235
POL-67236970,CUST-396888,Home,2021-05-23,782.08,1772000,0,1,0.183
POL-79344365,CUST-307592,RV,2023-08-22,487.28,147000,2,1,0.152
POL-93531111,CUST-960291,Health,2019-02-09,1061.28,409000,0,1,0.219
POL-55126177,CUST-287107,RV,2018-10-20,370.93,89000,2,1,0.199
POL-66596719,CUST-53540,Boat,2020-02-11,443.53,330000,2,1,0.066
POL-51362281,CUST-210516,Home,2018-05-10,679.83,1390000,0,1,0.029
POL-65766986,CUST-414830,Umbrella,2018-01-19,267.37,3408000,0,0,0.164
POL-88295523,CUST-444907,Home,2023-11-17,419.05,525000,0,1,0.068
POL-79796198,CUST-412832,Home,2021-06-16,750.56,1940000,0,1,0.126
POL-98697259,CUST-351040,Boat,2019-12-25,726.64,29000,1,1,0.001
POL-59653046,CUST-687679,Motorcycle,2024-04-23,115.74,24000,4,1,0.176
POL-51675284,CUST-649090,Business,2022-01-30,1733.88,1130000,0,1,0.119
POL-78298255,CUST-663762,Life,2019-11-27,176.04,500000,0,1,0.072
POL-59407278,CUST-780750,Home,2020-01-02,665.07,473000,0,1,0.086
POL-46824602,CUST-370758,Renters,2016-10-28,27.58,70000,0,1,0.118
POL-36920106,CUST-895136,RV,2019-07-21,931.8,227000,1,1,0.149
POL-33922400,CUST-905481,Health,2023-01-13,694.95,218000,0,1,0.245
POL-86942819,CUST-37831,Motorcycle,2020-12-06,42.81,80000,2,1,0.167
POL-33982285,CUST-24660,Auto,2017-09-12,108.59,315000,1,1,0.012
POL-32391775,CUST-464187,Life,2021-09-11,112.01,836000,0,1,0.099
POL-22770448,CUST-629686,Renters,2023-12-01,40.04,56000,0,0,0.119
POL-75048942,CUST-760191,Home,2015-08-03,619.11,1742000,0,1,0.244
POL-91164179,CUST-872152,Boat,2020-02-19,303.85,383000,2,1,0.078
POL-82026012,CUST-417714,Health,2024-05-30,1102.81,210000,0,1,0.139
POL-30466171,CUST-672853,Auto,2020-11-06,112.13,115000,4,1,0.003
POL-44663117,CUST-920156,Renters,2019-11-23,33.67,84000,0,1,0.054
POL-31812739,CUST-462344,RV,2015-12-14,937.97,99000,2,1,0.189
POL-37535023,CUST-580875,Boat,2021-06-09,559.46,398000,2,1,0.239
POL-64698237,CUST-550478,Business,2016-01-18,1784.49,2477000,0,1,0.088
POL-50277625,CUST-240723,Health,2015-08-14,378.82,153000,0,1,0.066
POL-28979243,CUST-208374,RV,2024-07-18,999.37,283000,1,1,0.206
POL-49912011,CUST-969841,Boat,2024-07-28,358.66,497000,2,1,0.026
POL-77892707,CUST-197644,Business,2022-05-07,1260.0,2615000,0,1,0.17
POL-96853602,CUST-636656,Life,2018-09-01,165.73,278000,0,1,0.046
POL-33242329,CUST-426856,Renters,2017-07-20,19.0,77000,0,1,0.05
POL-40660436,CUST-776295,Renters,2021-12-14,20.87,26000,0,1,0.08
POL-5757856,CUST-730466,Auto,2024-06-03,158.21,333000,1,1,0.005
POL-3915876,CUST-497778,Boat,2020-03-14,207.84,300000,2,0,0.245
POL-61551989,CUST-219185,Renters,2019-04-05,16.08,27000,0,1,0.236
POL-36887920,CUST-91604,Health,2016-06-08,832.7,77000,0,1,0.144
POL-175550,CUST-756768,Boat,2021-06-23,331.15,298000,2,1,0.223
POL-29316293,CUST-185260,Life,2022-01-24,173.07,568000,0,1,0.036
POL-3934470,CUST-329489,Motorcycle,2019-11-16,111.32,31000,1,1,0.088
POL-6159192,CUST-841131,Home,2017-04-02,660.23,1049000,0,1,0.181
POL-54708663,CUST-378498,Boat,2017-11-23,397.27,441000,2,1,0.111
POL-30931948,CUST-911578,Motorcycle,2024-04-12,108.65,16000,2,1,0.203
POL-60660458,CUST-662322,RV,2024-07-23,912.03,113000,2,1,0.04
POL-57966121,CUST-215980,Business,2025-05-20,1530.37,1679000,0,0,0.103
POL-39104517,CUST-969435,Home,2018-12-06,510.43,1026000,0,1,0.137
POL-62717139,CUST-294788,Health,2022-03-16,210.26,413000,0,1,0.157
POL-35766054,CUST-725254,Motorcycle,2022-10-04,67.03,21000,3,1,0.101
POL-57966437,CUST-781783,Business,2022-03-13,2382.16,4170000,0,1,0.13
POL-33237682,CUST-229020,RV,2016-02-17,617.39,287000,1,0,0.171
POL-65188533,CUST-206114,Home,2017-10-25,798.74,1960000,0,1,0.061
POL-83125218,CUST-497588,Business,2025-03-13,536.33,1188000,0,0,0.022
POL-14959821,CUST-351980,Boat,2019-12-29,343.77,359000,1,0,0.002
POL-7205577,CUST-743138,Health,2017-12-27,901.97,102000,0,1,0.094
POL-38074502,CUST-857904,Life,2025-04-14,49.86,542000,0,1,0.118
POL-7163510,CUST-919733,Home,2016-09-05,780.72,1902000,0,1,0.126
POL-2838477,CUST-187736,Life,2017-01-01,35.26,359000,0,1,0.028
POL-58547200,CUST-47102,Home,2023-10-25,144.5,624000,0,1,0.043
POL-71580988,CUST-115526,RV,2023-09-16,780.56,243000,2,1,0.16
POL-15432983,CUST-410769,Home,2021-01-26,360.81,1671000,0,1,0.248
POL-69491000,CUST-275115,Motorcycle,2020-07-31,86.69,85000,4,1,0.161
POL-63857650,CUST-593264,Health,2023-05-06,1052.23,55000,0,1,0.209
POL-27136756,CUST-543549,Motorcycle,2023-06-24,103.74,16000,2,1,0.169
POL-31683303,CUST-904965,Health,2018-10-31,762.99,434000,0,0,0.19
POL-57326566,CUST-91430,Motorcycle,2015-11-12,76.12,85000,1,1,0.051
POL-33770677,CUST-225404,Renters,2019-12-23,17.35,31000,0,1,0.052
POL-60020451,CUST-904093,Business,2020-12-17,2349.1,700000,0,1,0.086
POL-36183976,CUST-740100,Motorcycle,2021-10-22,88.27,54000,1,1,0.044
POL-70881042,CUST-618703,Auto,2023-07-17,307.43,169000,4,1,0.172
POL-45821057,CUST-24040,Health,2019-01-27,222.08,361000,0,1,0.144
POL-89748903,CUST-794192,Auto,2021-05-06,309.06,172000,2,1,0.217
POL-55015092,CUST-33244,Health,2018-08-12,840.77,163000,0,1,0.117
POL-62725605,CUST-30401,Auto,2018-08-27,207.96,478000,1,1,0.147
POL-70847814,CUST-493219,Home,2022-05-11,289.42,1115000,0,1,0.069
POL-58077776,CUST-792951,Life,2021-03-06,106.85,972000,0,1,0.129
POL-8115148,CUST-504244,Umbrella,2023-07-01,415.07,1043000,0,1,0.164
POL-85430781,CUST-887240,Umbrella,2016-12-10,517.97,1314000,0,1,0.071
POL-91294907,CUST-988107,RV,2024-09-16,970.72,206000,2,1,0.005
POL-21464176,CUST-628845,Motorcycle,2017-07-13,94.37,65000,4,1,0.249
POL-32098894,CUST-925941,Health,2018-08-05,826.81,363000,0,1,0.192
POL-12730930,CUST-904601,Life,2022-04-14,68.55,667000,0,1,0.239
POL-76502138,CUST-115120,Auto,2019-03-18,315.88,470000,1,1,0.099
POL-25179681,CUST-515882,Motorcycle,2017-08-29,74.2,24000,3,1,0.066
POL-34031389,CUST-381593,Boat,2023-05-08,780.19,421000,1,1,0.07
POL-39942639,CUST-704823,Motorcycle,2024-05-09,77.16,65000,3,1,0.131
POL-93936667,CUST-772191,Renters,2017-03-27,37.14,54000,0,1,0.002
POL-33347800,CUST-522431,Health,2019-01-06,558.16,190000,0,1,0.194
POL-67182505,CUST-467554,Auto,2022-06-28,269.79,463000,1,1,0.034
POL-44891281,CUST-961194,Motorcycle,2015-08-24,71.92,92000,4,1,0.009
POL-1571391,CUST-513046,Umbrella,2024-02-01,550.69,3102000,0,1,0.152
POL-8876915,CUST-795339,Health,2025-05-04,1029.29,444000,0,1,0.16
POL-84284505,CUST-841633,Health,2016-04-03,1087.16,119000,0,1,0.043
POL-86057708,CUST-381016,Business,2022-05-17,2425.96,2278000,0,0,0.159
POL-4021494,CUST-858437,Boat,2017-07-09,740.32,149000,2,1,0.062
POL-35880174,CUST-42812,Business,2022-10-06,2046.77,682000,0,1,0.103
POL-4806688,CUST-477174,Auto,2023-12-06,197.79,343000,2,0,0.111
POL-27512612,CUST-798335,Boat,2024-06-21,587.23,57000,2,1,0.126
POL-91366081,CUST-676842,Boat,2024-08-23,721.9,407000,1,0,0.16
POL-59239337,CUST-556697,RV,2020-08-14,625.99,227000,1,1,0.096
POL-68758442,CUST-205812,Business,2020-01-25,2464.14,1783000,0,1,0.022
POL-30601377,CUST-266658,Umbrella,2015-09-04,540.99,2429000,0,1,0.191
POL-47146553,CUST-484903,Life,2024-04-18,71.19,522000,0,1,0.033
POL-58097419,CUST-974857,Boat,2019-02-12,726.68,419000,2,1,0.116
POL-88574862,CUST-298580,Boat,2021-01-30,758.88,58000,1,1,0.086
POL-39064606,CUST-920273,Motorcycle,2015-08-13,127.38,83000,4,1,0.187
POL-83240636,CUST-135576,Home,2019-12-16,284.56,565000,0,1,0.233
POL-24790387,CUST-539044,Business,2023-08-24,2277.02,3247000,0,1,0.115
POL-82455201,CUST-10371,Business,2016-06-22,2384.26,4299000,0,1,0.243
POL-15795290,CUST-908980,Auto,2018-09-17,96.08,107000,3,1,0.132
POL-74367496,CUST-911354,Life,2023-03-06,122.64,958000,0,0,0.011
POL-32864301,CUST-830326,Umbrella,2024-02-07,564.76,1989000,0,1,0.017
POL-34403873,CUST-257639,Home,2022-02-16,771.24,460000,0,1,0.018
POL-57448226,CUST-516369,Business,2016-11-24,769.27,3550000,0,1,0.22
POL-43704248,CUST-782355,Life,2024-04-29,51.03,603000,0,1,0.153
POL-35833447,CUST-994223,Health,2024-01-16,658.59,439000,0,0,0.183
POL-35856430,CUST-931929,Boat,2019-12-08,756.0,244000,1,1,0.141
POL-73930599,CUST-589266,Health,2016-03-14,864.99,77000,0,0,0.003
POL-42339082,CUST-778498,Health,2025-03-26,370.22,414000,0,1,0.03
POL-28938963,CUST-25118,Renters,2025-06-28,15.29,61000,0,1,0.033
POL-24990046,CUST-656006,Home,2018-11-23,438.25,736000,0,1,0.101
