transaction_id,customer_id,amount,transaction_date,merchant_category,transaction_type,location,is_fraud
TXN00001,CUST047,2044.3,2024-03-18 08:50:45,ONLINE,CREDIT,OREGON,1
TXN00002,CUST017,231.39,2024-03-15 21:40:29,CLOTHING,DEBIT,MICHIGAN,0
TXN00003,CUST044,607.4,2024-01-27 08:56:55,CLOTHING,DEBIT,UNKNOWN,1
TXN00004,CUST021,345.61,2024-03-14 10:32:55,ATM,DEBIT,HAWAII,0
TXN00005,CUST044,57.98,2024-03-21 16:43:57,RESTAURANT,DEBIT,UNKNOWN,0
TXN00006,CUST023,79.7,2024-01-07 15:20:54,CLOTHING,CREDIT,MONTANA,0
TXN00007,CUST108,479.58,2024-03-17 17:53:16,HOTEL,DEBIT,ILLINOIS,0
TXN00008,CUST030,87.28,2024-02-04 08:07:38,GAS_STATION,DEBIT,MONTANA,0
TXN00009,CUST008,1338.21,2024-01-14 22:16:49,ELECTRONICS,DEBIT,FLORIDA,0
TXN00010,CUST033,51.43,2024-01-15 18:48:28,ATM,DEBIT,COLORADO,0
TXN00011,CUST032,539.04,2024-01-04 22:20:32,ELECTRONICS,DEBIT,WASHINGTON,0
TXN00012,CUST012,224.51,2024-03-29 17:38:47,GROCERY,DEBIT,ARIZONA,0
TXN00013,CUST010,478.52,2024-02-24 09:42:09,HOTEL,DEBIT,COLORADO,0
TXN00014,CUST039,30.81,2024-01-10 08:37:13,CLOTHING,DEBIT,COLORADO,0
TXN00015,CUST059,72.65,2024-02-08 18:09:40,PHARMACY,DEBIT,CALIFORNIA,0
TXN00016,CUST022,84.15,2024-02-08 09:01:02,ATM,DEBIT,OREGON,0
TXN00017,CUST137,34.53,2024-01-25 14:04:18,PHARMACY,CREDIT,CALIFORNIA,0
TXN00018,CUST014,1278.65,2024-03-06 12:47:05,HOTEL,DEBIT,MICHIGAN,1
TXN00019,CUST018,2672.12,2024-01-30 15:49:57,JEWELRY,CREDIT,TEXAS,1
TXN00020,CUST024,1842.52,2024-01-16 15:21:58,ONLINE,DEBIT,FLORIDA,1
TXN00021,CUST173,317.52,2024-01-24 08:12:24,ATM,DEBIT,ILLINOIS,0
TXN00022,CUST193,36.07,2024-02-05 12:40:10,GAS_STATION,DEBIT,MONTANA,0
TXN00023,CUST016,203.84,2024-03-28 22:37:46,HOTEL,DEBIT,MONTANA,0
TXN00024,CUST019,534.27,2024-02-16 18:20:32,JEWELRY,DEBIT,ILLINOIS,0
TXN00025,CUST013,780.41,2024-01-16 17:32:34,ONLINE,CREDIT,ILLINOIS,0
TXN00026,CUST028,59.46,2024-01-07 22:00:40,PHARMACY,CREDIT,COLORADO,0
TXN00027,CUST190,270.66,2024-03-13 08:25:45,ATM,CREDIT,MICHIGAN,0
TXN00028,CUST197,349.76,2024-02-26 09:11:31,ATM,CREDIT,HAWAII,0
TXN00029,CUST007,19.86,2024-03-22 18:32:37,COFFEE_SHOP,DEBIT,HAWAII,0
TXN00030,CUST035,88.57,2024-01-21 19:22:52,ELECTRONICS,CREDIT,NEW_YORK,0
TXN00031,CUST178,530.69,2024-03-20 14:22:40,ONLINE,CREDIT,COLORADO,0
TXN00032,CUST001,44.61,2024-01-15 21:26:18,PHARMACY,CREDIT,MONTANA,0
TXN00033,CUST025,670.26,2024-01-22 20:23:11,ONLINE,DEBIT,OREGON,0
TXN00034,CUST077,42.22,2024-01-04 09:08:00,PHARMACY,DEBIT,COLORADO,0
TXN00035,CUST016,620.11,2024-01-01 08:39:17,ONLINE,DEBIT,ARIZONA,0
TXN00036,CUST047,102.76,2024-02-19 20:58:39,ATM,DEBIT,WASHINGTON,0
TXN00037,CUST003,77.38,2024-01-23 14:55:00,PHARMACY,DEBIT,NEW_YORK,0
TXN00038,CUST011,286.63,2024-03-26 11:24:36,ONLINE,CREDIT,MONTANA,0
TXN00039,CUST006,71.57,2024-02-04 13:49:01,ATM,CREDIT,FLORIDA,0
TXN00040,CUST013,25.69,2024-02-25 18:52:08,GROCERY,DEBIT,HAWAII,0
TXN00041,CUST050,231.38,2024-03-27 18:49:06,ATM,CREDIT,TEXAS,0
TXN00042,CUST049,182.85,2024-03-07 21:22:20,GROCERY,CREDIT,OREGON,0
TXN00043,CUST042,1000.29,2024-02-07 13:44:03,CLOTHING,DEBIT,FLORIDA,1
TXN00044,CUST006,49.15,2024-03-11 09:56:01,ATM,DEBIT,COLORADO,0
TXN00045,CUST094,57.03,2024-01-11 08:52:10,GAS_STATION,CREDIT,ARIZONA,0
TXN00046,CUST030,318.07,2024-01-04 13:36:28,JEWELRY,CREDIT,OREGON,0
TXN00047,CUST037,331.8,2024-01-06 11:56:04,ATM,CREDIT,MONTANA,0
TXN00048,CUST049,447.8,2024-02-18 12:31:53,HOTEL,DEBIT,HAWAII,0
TXN00049,CUST011,5488.66,2024-01-02 12:29:25,ELECTRONICS,CREDIT,NEVADA,1
TXN00050,CUST008,3564.78,2024-01-27 15:48:43,ELECTRONICS,DEBIT,OREGON,1
TXN00051,CUST003,694.71,2024-03-13 21:02:45,CLOTHING,DEBIT,ARIZONA,1
TXN00052,CUST160,977.55,2024-02-02 16:25:08,HOTEL,CREDIT,MICHIGAN,1
TXN00053,CUST020,25.35,2024-01-10 19:05:46,COFFEE_SHOP,DEBIT,WASHINGTON,0
TXN00054,CUST092,452.92,2024-01-30 08:14:50,ONLINE,DEBIT,ARIZONA,0
TXN00055,CUST077,69.99,2024-02-19 16:58:57,RESTAURANT,CREDIT,WASHINGTON,0
TXN00056,CUST042,1742.01,2024-02-01 09:03:37,JEWELRY,DEBIT,OREGON,0
TXN00057,CUST023,12.12,2024-01-23 17:10:51,COFFEE_SHOP,DEBIT,OREGON,0
TXN00058,CUST091,52.57,2024-01-02 18:12:26,GAS_STATION,CREDIT,NEVADA,0
TXN00059,CUST025,34.65,2024-02-27 10:42:39,GAS_STATION,DEBIT,MONTANA,0
TXN00060,CUST005,472.97,2024-01-21 18:49:45,HOTEL,DEBIT,HAWAII,1
TXN00061,CUST047,230.12,2024-03-19 09:23:46,CLOTHING,DEBIT,MONTANA,0
TXN00062,CUST022,108.33,2024-03-17 13:36:58,GAS_STATION,DEBIT,UNKNOWN,0
TXN00063,CUST036,377.13,2024-01-27 14:38:46,ATM,DEBIT,UNKNOWN,0
TXN00064,CUST042,39.3,2024-01-29 17:26:50,ATM,DEBIT,UTAH,0
TXN00065,CUST018,120.83,2024-03-05 08:40:45,RESTAURANT,DEBIT,NEW_YORK,0
TXN00066,CUST019,380.75,2024-02-18 14:21:41,ELECTRONICS,DEBIT,UTAH,0
TXN00067,CUST032,232.25,2024-01-14 18:00:59,GROCERY,DEBIT,ILLINOIS,0
TXN00068,CUST040,680.53,2024-03-19 13:25:11,ONLINE,DEBIT,ILLINOIS,0
TXN00069,CUST013,145.25,2024-01-05 12:25:18,RESTAURANT,DEBIT,UNKNOWN,0
TXN00070,CUST082,672.75,2024-01-19 11:31:01,ONLINE,CREDIT,MICHIGAN,0
TXN00071,CUST036,213.7,2024-03-07 12:18:45,ATM,CREDIT,OREGON,0
TXN00072,CUST027,486.9,2024-03-01 22:29:20,ATM,DEBIT,UNKNOWN,0
TXN00073,CUST065,256.92,2024-02-22 15:39:35,ATM,DEBIT,CALIFORNIA,0
TXN00074,CUST011,291.78,2024-02-22 12:26:47,ONLINE,DEBIT,HAWAII,0
TXN00075,CUST188,581.03,2024-03-08 11:30:21,GROCERY,DEBIT,COLORADO,1
TXN00076,CUST149,1412.83,2024-02-28 19:33:26,ELECTRONICS,DEBIT,OREGON,0
TXN00077,CUST027,321.64,2024-02-05 14:07:09,HOTEL,DEBIT,FLORIDA,0
TXN00078,CUST115,117.06,2024-01-05 12:55:08,GAS_STATION,DEBIT,UNKNOWN,0
TXN00079,CUST139,395.19,2024-01-29 12:48:42,HOTEL,DEBIT,TEXAS,0
TXN00080,CUST115,394.35,2024-03-18 22:27:50,ATM,DEBIT,TEXAS,0
TXN00081,CUST157,431.29,2024-01-15 20:30:50,HOTEL,CREDIT,HAWAII,0
TXN00082,CUST016,39.37,2024-02-22 10:15:10,GROCERY,DEBIT,UTAH,0
TXN00083,CUST013,579.07,2024-02-06 21:23:18,JEWELRY,DEBIT,COLORADO,0
TXN00084,CUST008,61.01,2024-01-28 13:24:10,RESTAURANT,DEBIT,HAWAII,0
TXN00085,CUST034,146.28,2024-01-15 18:17:48,GAS_STATION,CREDIT,WASHINGTON,0
TXN00086,CUST098,62.45,2024-02-01 21:57:52,RESTAURANT,DEBIT,MONTANA,0
TXN00087,CUST018,462.63,2024-03-01 14:56:18,HOTEL,DEBIT,HAWAII,1
TXN00088,CUST002,148.53,2024-03-11 22:57:50,CLOTHING,CREDIT,COLORADO,0
TXN00089,CUST035,644.99,2024-03-12 22:22:15,ONLINE,CREDIT,COLORADO,0
TXN00090,CUST121,440.18,2024-03-09 12:52:04,HOTEL,DEBIT,UTAH,1
TXN00091,CUST030,30.34,2024-02-05 12:37:20,PHARMACY,DEBIT,UTAH,0
TXN00092,CUST028,61.07,2024-03-13 22:05:57,GROCERY,DEBIT,TEXAS,0
TXN00093,CUST044,228.79,2024-01-25 21:21:19,COFFEE_SHOP,DEBIT,COLORADO,1
TXN00094,CUST017,367.2,2024-02-29 08:21:07,CLOTHING,CREDIT,ARIZONA,0
TXN00095,CUST041,302.35,2024-01-28 14:34:10,CLOTHING,DEBIT,COLORADO,0
TXN00096,CUST016,6930.02,2024-03-10 13:13:41,JEWELRY,CREDIT,UTAH,1
TXN00097,CUST012,1328.93,2024-02-23 13:05:44,ONLINE,DEBIT,CALIFORNIA,1
TXN00098,CUST030,132.47,2024-02-03 19:00:16,GROCERY,CREDIT,FLORIDA,0
TXN00099,CUST015,365.03,2024-01-26 21:18:56,ELECTRONICS,DEBIT,COLORADO,0
TXN00100,CUST032,92.68,2024-02-19 12:09:52,PHARMACY,DEBIT,ILLINOIS,0
TXN00101,CUST017,716.73,2024-03-03 13:55:45,ELECTRONICS,DEBIT,NEVADA,0
TXN00102,CUST019,249.16,2024-03-26 12:38:20,CLOTHING,CREDIT,MONTANA,1
TXN00103,CUST038,28.39,2024-03-10 14:24:52,GAS_STATION,DEBIT,NEW_YORK,0
TXN00104,CUST005,23.8,2024-01-30 13:03:51,COFFEE_SHOP,CREDIT,NEVADA,0
TXN00105,CUST009,53.58,2024-01-17 08:54:44,GAS_STATION,CREDIT,HAWAII,0
TXN00106,CUST041,49.76,2024-01-20 21:02:04,COFFEE_SHOP,DEBIT,MONTANA,0
TXN00107,CUST127,234.79,2024-03-11 17:05:16,HOTEL,DEBIT,TEXAS,0
TXN00108,CUST033,616.32,2024-01-19 22:02:51,JEWELRY,CREDIT,OREGON,0
TXN00109,CUST001,304.7,2024-01-19 18:31:07,CLOTHING,DEBIT,WASHINGTON,0
TXN00110,CUST027,44.87,2024-03-19 12:22:47,COFFEE_SHOP,DEBIT,NEW_YORK,0
TXN00111,CUST047,4386.96,2024-01-06 21:02:01,ONLINE,DEBIT,UNKNOWN,1
TXN00112,CUST032,315.22,2024-02-02 08:12:27,HOTEL,DEBIT,UTAH,0
TXN00113,CUST016,396.92,2024-01-03 22:46:45,HOTEL,DEBIT,NEW_YORK,0
TXN00114,CUST029,150.57,2024-02-08 08:18:08,GROCERY,DEBIT,HAWAII,0
TXN00115,CUST015,515.21,2024-01-06 22:10:31,HOTEL,CREDIT,FLORIDA,1
TXN00116,CUST010,114.54,2024-02-01 21:37:18,RESTAURANT,DEBIT,MONTANA,0
TXN00117,CUST011,321.59,2024-01-03 14:53:59,CLOTHING,CREDIT,WASHINGTON,0
TXN00118,CUST015,415.84,2024-03-06 13:32:20,HOTEL,DEBIT,UTAH,0
TXN00119,CUST021,928.31,2024-01-17 12:07:56,JEWELRY,DEBIT,CALIFORNIA,0
TXN00120,CUST001,49.3,2024-01-05 15:10:32,COFFEE_SHOP,CREDIT,UNKNOWN,0
TXN00121,CUST036,164.61,2024-02-29 15:39:54,RESTAURANT,CREDIT,NEW_YORK,0
TXN00122,CUST012,408.36,2024-02-26 20:01:37,ATM,DEBIT,TEXAS,0
TXN00123,CUST041,1544.58,2024-01-06 18:23:01,JEWELRY,DEBIT,NEW_YORK,0
TXN00124,CUST015,841.2,2024-01-12 13:05:53,HOTEL,CREDIT,TEXAS,1
TXN00125,CUST001,1094.12,2024-01-27 13:49:28,ELECTRONICS,DEBIT,NEVADA,0
TXN00126,CUST094,19.01,2024-01-28 09:03:20,PHARMACY,CREDIT,OREGON,0
TXN00127,CUST009,978.95,2024-01-03 16:15:45,ELECTRONICS,CREDIT,OREGON,0
TXN00128,CUST043,1088.07,2024-01-21 20:16:20,CLOTHING,CREDIT,ARIZONA,1
TXN00129,CUST034,162.38,2024-02-13 09:43:05,RESTAURANT,DEBIT,ILLINOIS,0
TXN00130,CUST044,7041.75,2024-02-14 16:18:50,JEWELRY,CREDIT,NEVADA,1
TXN00131,CUST049,268.74,2024-01-31 10:35:28,GROCERY,CREDIT,FLORIDA,0
TXN00132,CUST048,52.44,2024-02-19 21:15:04,CLOTHING,CREDIT,OREGON,0
TXN00133,CUST152,208.25,2024-03-19 12:32:59,HOTEL,DEBIT,COLORADO,0
TXN00134,CUST045,130.6,2024-01-28 18:02:06,CLOTHING,DEBIT,NEW_YORK,0
TXN00135,CUST032,5586.41,2024-01-16 20:07:48,JEWELRY,CREDIT,UTAH,1
TXN00136,CUST028,3731.87,2024-01-13 15:00:43,ONLINE,DEBIT,UNKNOWN,1
TXN00137,CUST032,293.19,2024-01-23 21:38:47,HOTEL,DEBIT,WASHINGTON,0
TXN00138,CUST027,482.84,2024-03-22 13:28:21,JEWELRY,CREDIT,OREGON,0
TXN00139,CUST018,14.53,2024-03-20 11:14:56,COFFEE_SHOP,DEBIT,UNKNOWN,0
TXN00140,CUST046,14.54,2024-01-04 19:57:00,PHARMACY,DEBIT,CALIFORNIA,0
TXN00141,CUST099,290.06,2024-03-12 13:06:57,CLOTHING,CREDIT,CALIFORNIA,1
TXN00142,CUST019,1024.8,2024-03-08 21:24:11,JEWELRY,DEBIT,FLORIDA,0
TXN00143,CUST003,151.92,2024-01-28 14:05:20,HOTEL,CREDIT,FLORIDA,0
TXN00144,CUST016,20.81,2024-02-01 18:55:33,PHARMACY,CREDIT,ARIZONA,0
TXN00145,CUST019,34.5,2024-03-13 16:08:00,GROCERY,CREDIT,NEW_YORK,0
TXN00146,CUST008,352.4,2024-03-08 19:24:13,HOTEL,DEBIT,NEVADA,0
TXN00147,CUST044,274.74,2024-02-19 09:53:29,ONLINE,DEBIT,NEVADA,0
TXN00148,CUST014,277.66,2024-02-09 22:27:14,CLOTHING,DEBIT,HAWAII,0
TXN00149,CUST173,365.34,2024-01-03 18:11:55,HOTEL,CREDIT,MICHIGAN,1
TXN00150,CUST028,210.53,2024-01-18 09:47:33,HOTEL,CREDIT,FLORIDA,0
TXN00151,CUST019,314.57,2024-01-30 20:47:30,CLOTHING,DEBIT,NEVADA,0
TXN00152,CUST043,348.19,2024-03-21 11:09:17,ATM,DEBIT,FLORIDA,0
TXN00153,CUST017,261.34,2024-03-15 19:46:37,ONLINE,CREDIT,CALIFORNIA,0
TXN00154,CUST002,371.0,2024-03-28 16:17:06,HOTEL,CREDIT,ILLINOIS,0
TXN00155,CUST003,4177.33,2024-03-17 12:33:00,ELECTRONICS,DEBIT,ILLINOIS,1
TXN00156,CUST181,1769.6,2024-02-21 10:59:05,JEWELRY,CREDIT,WASHINGTON,0
TXN00157,CUST194,1160.08,2024-03-13 15:09:03,ELECTRONICS,DEBIT,NEW_YORK,0
TXN00158,CUST126,148.99,2024-02-16 13:06:04,ELECTRONICS,DEBIT,UTAH,0
TXN00159,CUST044,166.58,2024-03-01 11:29:03,GROCERY,DEBIT,UNKNOWN,0
TXN00160,CUST024,67.53,2024-02-23 18:11:43,RESTAURANT,DEBIT,FLORIDA,0
TXN00161,CUST004,20.97,2024-02-21 19:27:14,RESTAURANT,DEBIT,CALIFORNIA,0
TXN00162,CUST022,18.29,2024-02-02 14:30:37,PHARMACY,DEBIT,NEVADA,0
TXN00163,CUST004,485.4,2024-01-07 18:25:57,HOTEL,CREDIT,HAWAII,0
TXN00164,CUST082,419.64,2024-01-12 19:59:47,ATM,DEBIT,ARIZONA,0
TXN00165,CUST041,569.32,2024-03-16 11:45:41,ONLINE,DEBIT,HAWAII,0
TXN00166,CUST017,150.35,2024-01-17 20:15:29,RESTAURANT,DEBIT,NEW_YORK,0
TXN00167,CUST017,1111.12,2024-03-26 15:22:48,ONLINE,DEBIT,ARIZONA,1
TXN00168,CUST025,2034.14,2024-02-27 17:28:37,ELECTRONICS,CREDIT,UTAH,1
TXN00169,CUST006,1289.6,2024-02-26 12:11:39,JEWELRY,DEBIT,WASHINGTON,0
TXN00170,CUST007,773.94,2024-03-11 22:05:50,CLOTHING,DEBIT,FLORIDA,1
TXN00171,CUST079,32.45,2024-03-05 10:49:12,COFFEE_SHOP,DEBIT,UTAH,0
TXN00172,CUST141,46.56,2024-02-29 10:43:38,RESTAURANT,DEBIT,OREGON,0
TXN00173,CUST111,237.65,2024-03-26 13:37:02,GROCERY,DEBIT,CALIFORNIA,0
TXN00174,CUST020,715.19,2024-02-26 21:57:56,ONLINE,DEBIT,MICHIGAN,0
TXN00175,CUST013,141.9,2024-01-16 09:12:34,GROCERY,DEBIT,NEVADA,0
TXN00176,CUST031,192.0,2024-01-05 09:40:47,ATM,DEBIT,OREGON,0
TXN00177,CUST046,532.14,2024-02-13 11:07:25,ELECTRONICS,CREDIT,HAWAII,0
TXN00178,CUST016,103.46,2024-02-21 09:47:21,ELECTRONICS,DEBIT,ARIZONA,0
TXN00179,CUST020,857.99,2024-02-15 18:36:50,JEWELRY,DEBIT,NEVADA,0
TXN00180,CUST047,1490.2,2024-03-27 11:47:39,ELECTRONICS,CREDIT,OREGON,1
TXN00181,CUST033,160.71,2024-02-12 11:43:22,ATM,DEBIT,ARIZONA,0
TXN00182,CUST038,255.07,2024-01-15 16:10:04,ONLINE,CREDIT,UTAH,0
TXN00183,CUST005,83.88,2024-03-29 18:04:40,GAS_STATION,DEBIT,WASHINGTON,0
TXN00184,CUST047,1112.22,2024-02-18 17:21:27,JEWELRY,DEBIT,WASHINGTON,1
TXN00185,CUST010,55.39,2024-03-07 12:44:03,ELECTRONICS,CREDIT,UNKNOWN,0
TXN00186,CUST018,2955.6,2024-03-17 14:40:17,ONLINE,DEBIT,FLORIDA,1
TXN00187,CUST124,5.54,2024-01-09 14:12:48,COFFEE_SHOP,DEBIT,ARIZONA,0
TXN00188,CUST030,1510.49,2024-03-10 18:51:06,ELECTRONICS,CREDIT,FLORIDA,1
TXN00189,CUST034,194.24,2024-02-08 15:52:18,JEWELRY,DEBIT,HAWAII,0
TXN00190,CUST175,53.08,2024-01-11 17:22:50,ELECTRONICS,DEBIT,ILLINOIS,0
TXN00191,CUST022,34.06,2024-01-22 11:48:24,GROCERY,CREDIT,MONTANA,0
TXN00192,CUST014,59.52,2024-01-08 18:25:00,PHARMACY,DEBIT,MONTANA,0
TXN00193,CUST030,1478.7,2024-01-07 10:31:34,ELECTRONICS,CREDIT,FLORIDA,0
TXN00194,CUST005,63.35,2024-03-27 16:02:48,ONLINE,CREDIT,NEW_YORK,0
TXN00195,CUST026,223.09,2024-01-22 22:16:30,CLOTHING,DEBIT,UTAH,0
TXN00196,CUST101,844.8,2024-02-11 17:50:44,CLOTHING,DEBIT,MICHIGAN,1
TXN00197,CUST011,644.84,2024-02-05 09:19:00,ONLINE,DEBIT,ILLINOIS,0
TXN00198,CUST036,1052.82,2024-02-25 19:47:39,JEWELRY,DEBIT,NEW_YORK,0
TXN00199,CUST019,151.55,2024-02-09 14:17:53,RESTAURANT,DEBIT,ILLINOIS,0
TXN00200,CUST044,758.2,2024-03-26 18:11:05,CLOTHING,DEBIT,WASHINGTON,1
TXN00201,CUST022,336.2,2024-03-28 16:25:22,GROCERY,CREDIT,FLORIDA,0
TXN00202,CUST087,8.28,2024-02-29 13:25:43,COFFEE_SHOP,CREDIT,ARIZONA,0
TXN00203,CUST040,5617.42,2024-02-14 08:52:14,ELECTRONICS,CREDIT,CALIFORNIA,1
TXN00204,CUST032,63.72,2024-01-12 21:49:08,GAS_STATION,DEBIT,NEW_YORK,0
TXN00205,CUST042,2780.36,2024-01-16 18:29:13,JEWELRY,DEBIT,WASHINGTON,1
TXN00206,CUST005,710.37,2024-02-25 15:05:08,ONLINE,DEBIT,TEXAS,0
TXN00207,CUST017,100.68,2024-03-27 21:12:28,HOTEL,DEBIT,NEW_YORK,0
TXN00208,CUST009,1288.53,2024-03-08 18:47:40,HOTEL,DEBIT,WASHINGTON,1
TXN00209,CUST021,2638.13,2024-03-11 12:19:41,ONLINE,CREDIT,ILLINOIS,1
TXN00210,CUST015,161.79,2024-01-03 18:51:44,ATM,DEBIT,FLORIDA,0
TXN00211,CUST006,84.73,2024-03-30 22:50:23,CLOTHING,CREDIT,CALIFORNIA,0
TXN00212,CUST113,377.22,2024-03-10 09:39:05,ATM,CREDIT,COLORADO,0
TXN00213,CUST024,4534.59,2024-03-23 17:49:10,ONLINE,DEBIT,COLORADO,1
TXN00214,CUST048,72.12,2024-03-11 10:56:44,PHARMACY,CREDIT,ARIZONA,0
TXN00215,CUST002,1255.08,2024-03-01 20:47:52,ELECTRONICS,CREDIT,WASHINGTON,0
TXN00216,CUST125,38.47,2024-01-12 20:36:26,RESTAURANT,CREDIT,ILLINOIS,0
TXN00217,CUST012,1017.64,2024-01-16 20:59:33,JEWELRY,CREDIT,TEXAS,0
TXN00218,CUST005,1444.13,2024-02-02 14:05:21,ELECTRONICS,CREDIT,CALIFORNIA,0
TXN00219,CUST020,226.78,2024-02-21 12:17:51,GROCERY,DEBIT,CALIFORNIA,0
TXN00220,CUST003,157.76,2024-02-02 20:46:30,RESTAURANT,CREDIT,MONTANA,0
TXN00221,CUST018,115.94,2024-02-04 22:50:22,GAS_STATION,DEBIT,ILLINOIS,0
TXN00222,CUST009,661.84,2024-03-29 12:39:55,JEWELRY,CREDIT,HAWAII,0
TXN00223,CUST012,41.08,2024-03-08 08:37:38,PHARMACY,DEBIT,CALIFORNIA,0
TXN00224,CUST032,523.09,2024-01-16 21:05:17,ELECTRONICS,DEBIT,UNKNOWN,0
TXN00225,CUST066,150.45,2024-01-16 20:35:42,RESTAURANT,DEBIT,OREGON,0
TXN00226,CUST041,87.44,2024-03-22 16:29:05,PHARMACY,DEBIT,OREGON,0
TXN00227,CUST158,14.07,2024-02-29 11:20:47,COFFEE_SHOP,DEBIT,CALIFORNIA,0
TXN00228,CUST143,188.78,2024-01-29 18:20:39,CLOTHING,DEBIT,ARIZONA,0
TXN00229,CUST042,489.27,2024-03-12 08:13:27,ELECTRONICS,DEBIT,TEXAS,0
TXN00230,CUST002,102.02,2024-03-21 10:04:16,HOTEL,CREDIT,COLORADO,0
TXN00231,CUST007,559.13,2024-02-25 13:44:53,ELECTRONICS,DEBIT,COLORADO,0
TXN00232,CUST030,115.69,2024-03-13 09:17:01,RESTAURANT,DEBIT,COLORADO,0
TXN00233,CUST007,127.76,2024-02-16 19:24:35,CLOTHING,DEBIT,WASHINGTON,0
TXN00234,CUST016,248.39,2024-01-28 10:31:21,JEWELRY,DEBIT,HAWAII,0
TXN00235,CUST007,34.41,2024-02-22 17:37:36,PHARMACY,DEBIT,WASHINGTON,0
TXN00236,CUST002,48.16,2024-03-10 10:33:55,RESTAURANT,DEBIT,UNKNOWN,0
TXN00237,CUST045,303.72,2024-01-09 14:34:41,CLOTHING,DEBIT,MONTANA,0
TXN00238,CUST110,73.38,2024-03-19 15:37:00,PHARMACY,DEBIT,MONTANA,0
TXN00239,CUST044,48.85,2024-02-20 19:45:56,ATM,DEBIT,COLORADO,0
TXN00240,CUST015,85.8,2024-01-03 20:10:43,ATM,CREDIT,NEVADA,0
TXN00241,CUST039,96.5,2024-03-29 19:30:10,GAS_STATION,DEBIT,NEW_YORK,0
TXN00242,CUST004,143.88,2024-03-11 21:44:07,GAS_STATION,CREDIT,HAWAII,0
TXN00243,CUST018,69.2,2024-03-30 19:05:39,PHARMACY,DEBIT,WASHINGTON,0
TXN00244,CUST020,1194.0,2024-03-04 16:16:32,ELECTRONICS,DEBIT,UNKNOWN,1
TXN00245,CUST013,361.72,2024-02-06 17:59:53,ELECTRONICS,CREDIT,MICHIGAN,0
TXN00246,CUST176,237.96,2024-02-09 13:29:50,ATM,DEBIT,ILLINOIS,0
TXN00247,CUST025,33.45,2024-02-25 16:03:19,COFFEE_SHOP,DEBIT,OREGON,0
TXN00248,CUST012,81.39,2024-01-28 19:04:17,HOTEL,DEBIT,ARIZONA,0
TXN00249,CUST045,446.15,2024-03-07 12:29:32,HOTEL,DEBIT,ARIZONA,0
TXN00250,CUST028,205.28,2024-01-17 09:41:30,GROCERY,CREDIT,NEW_YORK,0
TXN00251,CUST026,243.88,2024-03-11 17:56:46,GROCERY,CREDIT,UNKNOWN,0
TXN00252,CUST016,72.88,2024-01-14 15:28:59,RESTAURANT,CREDIT,OREGON,0
TXN00253,CUST022,263.75,2024-03-16 11:06:06,GROCERY,CREDIT,UTAH,0
TXN00254,CUST005,33.87,2024-01-05 08:35:58,COFFEE_SHOP,DEBIT,NEVADA,0
TXN00255,CUST033,139.39,2024-02-15 10:42:56,GAS_STATION,DEBIT,ILLINOIS,0
TXN00256,CUST032,86.9,2024-03-01 20:50:31,PHARMACY,CREDIT,ILLINOIS,0
TXN00257,CUST032,50.6,2024-01-24 18:39:19,PHARMACY,DEBIT,NEVADA,0
TXN00258,CUST021,34.09,2024-03-28 09:16:42,RESTAURANT,DEBIT,NEVADA,0
TXN00259,CUST005,750.58,2024-03-10 17:47:09,ELECTRONICS,CREDIT,FLORIDA,0
TXN00260,CUST004,40.68,2024-03-19 08:31:19,COFFEE_SHOP,DEBIT,MONTANA,0
TXN00261,CUST014,279.96,2024-03-23 20:47:16,CLOTHING,CREDIT,OREGON,0
TXN00262,CUST003,81.77,2024-02-09 16:14:03,CLOTHING,DEBIT,NEW_YORK,0
TXN00263,CUST016,32.42,2024-01-26 21:31:22,GROCERY,DEBIT,HAWAII,0
TXN00264,CUST048,5778.28,2024-03-10 14:00:51,JEWELRY,CREDIT,COLORADO,1
TXN00265,CUST030,1843.27,2024-03-05 19:47:06,JEWELRY,DEBIT,WASHINGTON,0
TXN00266,CUST005,152.25,2024-01-20 08:21:42,ELECTRONICS,CREDIT,UNKNOWN,0
TXN00267,CUST038,53.75,2024-01-23 14:30:44,PHARMACY,DEBIT,HAWAII,0
TXN00268,CUST036,13.72,2024-01-16 19:42:55,COFFEE_SHOP,DEBIT,FLORIDA,0
TXN00269,CUST137,558.38,2024-03-25 08:03:27,HOTEL,DEBIT,NEVADA,1
TXN00270,CUST016,159.79,2024-03-05 11:50:45,ATM,DEBIT,OREGON,0
TXN00271,CUST037,1448.55,2024-01-14 13:53:24,ELECTRONICS,DEBIT,CALIFORNIA,0
TXN00272,CUST050,11.05,2024-02-10 09:50:07,COFFEE_SHOP,DEBIT,CALIFORNIA,0
TXN00273,CUST046,5.8,2024-02-14 14:59:59,COFFEE_SHOP,CREDIT,UNKNOWN,0
TXN00274,CUST010,688.76,2024-02-26 08:38:57,HOTEL,DEBIT,ARIZONA,1
TXN00275,CUST170,24.05,2024-03-24 17:35:44,COFFEE_SHOP,CREDIT,CALIFORNIA,0
TXN00276,CUST025,152.71,2024-01-31 11:33:47,CLOTHING,DEBIT,TEXAS,0
TXN00277,CUST054,606.69,2024-03-10 09:47:59,RESTAURANT,CREDIT,UNKNOWN,1
TXN00278,CUST016,215.79,2024-02-20 18:28:28,ONLINE,DEBIT,HAWAII,0
TXN00279,CUST039,22.83,2024-01-06 15:52:44,ATM,DEBIT,ILLINOIS,0
TXN00280,CUST016,125.3,2024-02-20 09:16:13,CLOTHING,DEBIT,TEXAS,0
TXN00281,CUST001,146.91,2024-02-24 16:02:38,ATM,CREDIT,NEVADA,0
TXN00282,CUST034,1249.31,2024-02-04 11:13:26,ELECTRONICS,DEBIT,FLORIDA,0
TXN00283,CUST001,389.84,2024-03-12 22:52:58,HOTEL,DEBIT,WASHINGTON,0
TXN00284,CUST006,41.79,2024-02-17 16:07:20,PHARMACY,CREDIT,FLORIDA,0
TXN00285,CUST052,388.04,2024-01-31 21:07:16,HOTEL,CREDIT,OREGON,0
TXN00286,CUST032,1770.3,2024-03-28 16:00:30,ONLINE,DEBIT,HAWAII,1
TXN00287,CUST048,367.11,2024-01-14 19:26:43,CLOTHING,DEBIT,WASHINGTON,0
TXN00288,CUST104,751.61,2024-01-21 09:17:36,CLOTHING,DEBIT,TEXAS,1
TXN00289,CUST034,148.05,2024-03-12 12:08:56,GROCERY,CREDIT,FLORIDA,0
TXN00290,CUST031,129.08,2024-02-20 22:42:51,RESTAURANT,CREDIT,FLORIDA,0
TXN00291,CUST146,850.59,2024-01-29 11:12:44,ONLINE,DEBIT,ILLINOIS,1
TXN00292,CUST020,1145.77,2024-01-09 10:59:01,ELECTRONICS,CREDIT,COLORADO,0
TXN00293,CUST002,39.27,2024-01-31 11:10:38,COFFEE_SHOP,DEBIT,HAWAII,0
TXN00294,CUST029,272.78,2024-02-20 19:46:10,GAS_STATION,DEBIT,UTAH,1
TXN00295,CUST006,99.97,2024-03-10 11:31:27,ATM,DEBIT,MICHIGAN,0
TXN00296,CUST142,36.44,2024-01-15 19:00:58,COFFEE_SHOP,CREDIT,ARIZONA,0
TXN00297,CUST041,86.85,2024-03-25 20:22:01,ATM,DEBIT,OREGON,0
TXN00298,CUST045,67.25,2024-02-11 22:26:06,ELECTRONICS,DEBIT,MICHIGAN,0
TXN00299,CUST019,5.26,2024-01-05 22:23:28,COFFEE_SHOP,DEBIT,NEVADA,0
TXN00300,CUST112,112.48,2024-01-21 14:54:40,HOTEL,DEBIT,NEW_YORK,0
TXN00301,CUST034,27.43,2024-02-25 19:28:22,GAS_STATION,DEBIT,UTAH,0
TXN00302,CUST017,392.89,2024-02-28 11:05:56,ATM,CREDIT,WASHINGTON,0
TXN00303,CUST019,6032.4,2024-02-09 15:02:27,JEWELRY,DEBIT,ARIZONA,1
TXN00304,CUST137,131.46,2024-02-16 21:47:56,RESTAURANT,DEBIT,WASHINGTON,0
TXN00305,CUST040,718.73,2024-03-17 10:45:29,JEWELRY,CREDIT,ILLINOIS,0
TXN00306,CUST138,790.62,2024-01-21 11:47:55,ONLINE,DEBIT,MONTANA,0
TXN00307,CUST047,219.9,2024-02-24 21:12:42,ATM,DEBIT,COLORADO,0
TXN00308,CUST013,383.17,2024-03-15 16:46:03,HOTEL,DEBIT,COLORADO,0
TXN00309,CUST079,1212.52,2024-03-04 18:11:51,JEWELRY,DEBIT,TEXAS,0
TXN00310,CUST021,416.75,2024-03-28 16:28:33,HOTEL,CREDIT,ARIZONA,0
TXN00311,CUST012,375.0,2024-02-27 16:29:25,ONLINE,CREDIT,WASHINGTON,0
TXN00312,CUST009,52.88,2024-03-14 22:29:04,RESTAURANT,DEBIT,COLORADO,0
TXN00313,CUST039,1312.68,2024-01-20 15:19:00,ELECTRONICS,DEBIT,MONTANA,0
TXN00314,CUST016,130.77,2024-01-12 16:44:45,GAS_STATION,DEBIT,MONTANA,0
TXN00315,CUST018,91.45,2024-01-28 15:34:12,PHARMACY,CREDIT,OREGON,0
TXN00316,CUST015,32.31,2024-01-15 11:58:36,PHARMACY,CREDIT,MONTANA,0
TXN00317,CUST199,18.89,2024-03-02 08:48:13,GROCERY,CREDIT,FLORIDA,0
TXN00318,CUST024,303.59,2024-02-03 08:41:06,ATM,DEBIT,WASHINGTON,0
TXN00319,CUST062,468.9,2024-02-13 18:13:17,HOTEL,CREDIT,HAWAII,0
TXN00320,CUST014,397.94,2024-01-18 16:45:18,HOTEL,DEBIT,CALIFORNIA,0
TXN00321,CUST031,44.09,2024-01-23 09:26:03,COFFEE_SHOP,DEBIT,MONTANA,0
TXN00322,CUST032,318.16,2024-03-12 08:52:00,HOTEL,DEBIT,OREGON,0
TXN00323,CUST018,87.91,2024-01-21 20:03:51,GAS_STATION,CREDIT,NEW_YORK,0
TXN00324,CUST026,115.58,2024-03-14 10:21:39,RESTAURANT,DEBIT,TEXAS,0
TXN00325,CUST050,326.06,2024-01-08 14:23:12,ATM,DEBIT,UTAH,0
TXN00326,CUST047,389.16,2024-03-08 21:48:06,ATM,DEBIT,HAWAII,0
TXN00327,CUST018,96.9,2024-03-14 12:18:04,GAS_STATION,DEBIT,ILLINOIS,0
TXN00328,CUST009,393.78,2024-03-04 21:23:55,CLOTHING,DEBIT,MICHIGAN,0
TXN00329,CUST079,587.83,2024-03-27 08:08:09,CLOTHING,DEBIT,CALIFORNIA,1
TXN00330,CUST155,123.67,2024-03-17 14:32:53,GAS_STATION,DEBIT,ARIZONA,0
TXN00331,CUST125,33.12,2024-01-23 20:41:00,COFFEE_SHOP,CREDIT,MONTANA,0
TXN00332,CUST033,393.8,2024-01-31 22:57:03,ATM,DEBIT,NEW_YORK,0
TXN00333,CUST110,283.91,2024-03-19 20:29:29,CLOTHING,DEBIT,UNKNOWN,0
TXN00334,CUST102,605.21,2024-02-03 08:46:31,ELECTRONICS,DEBIT,WASHINGTON,0
TXN00335,CUST196,60.56,2024-02-23 11:39:11,RESTAURANT,DEBIT,COLORADO,0
TXN00336,CUST002,92.45,2024-01-26 20:43:28,RESTAURANT,DEBIT,TEXAS,0
TXN00337,CUST019,22.66,2024-02-08 20:36:16,COFFEE_SHOP,DEBIT,ILLINOIS,0
TXN00338,CUST025,798.86,2024-03-13 11:46:36,JEWELRY,DEBIT,MICHIGAN,0
TXN00339,CUST177,110.3,2024-03-05 16:24:27,HOTEL,CREDIT,NEVADA,0
TXN00340,CUST044,1990.56,2024-02-14 22:43:44,JEWELRY,DEBIT,UNKNOWN,0
TXN00341,CUST167,53.74,2024-02-22 11:20:31,PHARMACY,DEBIT,WASHINGTON,0
TXN00342,CUST026,171.12,2024-02-24 20:13:34,HOTEL,CREDIT,HAWAII,0
TXN00343,CUST028,191.18,2024-01-23 18:30:56,GROCERY,CREDIT,TEXAS,0
TXN00344,CUST017,1076.29,2024-03-22 22:15:32,ELECTRONICS,DEBIT,FLORIDA,0
TXN00345,CUST008,646.79,2024-02-11 19:26:02,ELECTRONICS,CREDIT,FLORIDA,0
TXN00346,CUST010,1470.56,2024-01-25 21:43:48,ELECTRONICS,CREDIT,TEXAS,0
TXN00347,CUST050,416.16,2024-02-01 13:16:05,ATM,DEBIT,OREGON,0
TXN00348,CUST142,146.34,2024-01-19 11:22:07,GROCERY,DEBIT,CALIFORNIA,0
TXN00349,CUST121,46.85,2024-01-11 18:31:39,COFFEE_SHOP,DEBIT,MICHIGAN,0
TXN00350,CUST133,351.88,2024-03-06 08:14:15,ATM,DEBIT,NEVADA,0
TXN00351,CUST083,78.42,2024-03-22 22:35:37,RESTAURANT,DEBIT,OREGON,0
TXN00352,CUST021,5139.68,2024-02-26 15:09:05,ELECTRONICS,CREDIT,CALIFORNIA,1
TXN00353,CUST006,10.93,2024-01-13 19:00:44,COFFEE_SHOP,DEBIT,FLORIDA,0
TXN00354,CUST079,1530.77,2024-01-26 22:32:57,JEWELRY,DEBIT,COLORADO,0
TXN00355,CUST033,149.38,2024-01-30 08:51:34,GROCERY,DEBIT,CALIFORNIA,0
TXN00356,CUST095,1036.09,2024-03-01 15:15:04,ELECTRONICS,CREDIT,CALIFORNIA,0
TXN00357,CUST039,694.39,2024-03-05 09:48:50,ONLINE,CREDIT,UTAH,0
TXN00358,CUST010,729.69,2024-03-02 13:34:30,ONLINE,CREDIT,UNKNOWN,0
TXN00359,CUST127,235.93,2024-03-23 09:26:28,CLOTHING,CREDIT,FLORIDA,0
TXN00360,CUST014,236.66,2024-01-08 11:26:46,GROCERY,DEBIT,FLORIDA,0
TXN00361,CUST018,756.63,2024-02-02 18:48:53,HOTEL,CREDIT,NEW_YORK,1
TXN00362,CUST015,3066.05,2024-02-07 08:14:46,ELECTRONICS,DEBIT,TEXAS,1
TXN00363,CUST009,116.6,2024-02-12 20:18:04,HOTEL,DEBIT,ILLINOIS,0
TXN00364,CUST015,4040.0,2024-02-15 17:50:06,JEWELRY,DEBIT,NEW_YORK,1
TXN00365,CUST011,127.05,2024-01-08 22:52:24,GAS_STATION,CREDIT,TEXAS,0
TXN00366,CUST023,35.06,2024-01-18 12:22:22,ATM,DEBIT,UNKNOWN,0
TXN00367,CUST003,393.91,2024-02-02 17:18:06,HOTEL,DEBIT,UNKNOWN,0
TXN00368,CUST026,357.38,2024-02-22 19:32:19,CLOTHING,CREDIT,UNKNOWN,0
TXN00369,CUST001,242.8,2024-01-27 14:39:57,ONLINE,DEBIT,OREGON,0
TXN00370,CUST099,1346.41,2024-03-23 11:42:55,ELECTRONICS,DEBIT,WASHINGTON,0
TXN00371,CUST008,80.07,2024-01-07 09:43:11,PHARMACY,CREDIT,UNKNOWN,0
TXN00372,CUST025,372.46,2024-03-23 19:28:19,HOTEL,DEBIT,UNKNOWN,0
TXN00373,CUST017,27.28,2024-02-15 12:25:09,PHARMACY,DEBIT,UTAH,0
TXN00374,CUST040,68.06,2024-03-25 14:45:33,PHARMACY,CREDIT,ILLINOIS,0
TXN00375,CUST013,12.67,2024-01-20 21:36:51,COFFEE_SHOP,DEBIT,ILLINOIS,0
TXN00376,CUST070,63.54,2024-03-20 09:48:54,GROCERY,DEBIT,NEW_YORK,0
TXN00377,CUST162,1345.94,2024-01-01 12:40:30,ELECTRONICS,CREDIT,CALIFORNIA,0
TXN00378,CUST096,130.82,2024-01-25 10:54:37,HOTEL,CREDIT,MONTANA,0
TXN00379,CUST047,589.04,2024-01-17 18:44:52,GROCERY,DEBIT,FLORIDA,1
TXN00380,CUST007,187.27,2024-03-29 17:24:54,HOTEL,DEBIT,OREGON,0
TXN00381,CUST034,26.27,2024-02-23 22:11:26,COFFEE_SHOP,DEBIT,MICHIGAN,0
TXN00382,CUST031,134.18,2024-02-20 16:25:18,RESTAURANT,DEBIT,NEVADA,0
TXN00383,CUST032,34.99,2024-03-04 15:48:10,GROCERY,CREDIT,CALIFORNIA,0
TXN00384,CUST059,1932.9,2024-02-10 22:50:08,JEWELRY,CREDIT,OREGON,0
TXN00385,CUST007,46.47,2024-01-09 14:18:10,PHARMACY,DEBIT,FLORIDA,0
TXN00386,CUST004,200.96,2024-01-06 19:01:54,GROCERY,DEBIT,NEW_YORK,0
TXN00387,CUST031,149.5,2024-03-17 15:19:56,RESTAURANT,DEBIT,MONTANA,0
TXN00388,CUST034,101.73,2024-03-16 18:38:04,GAS_STATION,CREDIT,UTAH,0
TXN00389,CUST041,277.59,2024-02-13 15:36:27,ATM,CREDIT,MICHIGAN,0
TXN00390,CUST031,320.99,2024-03-28 10:38:34,CLOTHING,CREDIT,HAWAII,0
TXN00391,CUST032,16.82,2024-02-29 21:02:40,COFFEE_SHOP,DEBIT,OREGON,0
TXN00392,CUST005,553.53,2024-03-24 15:56:05,RESTAURANT,CREDIT,UTAH,1
TXN00393,CUST033,100.1,2024-03-22 20:34:57,CLOTHING,DEBIT,CALIFORNIA,0
TXN00394,CUST022,49.72,2024-03-11 19:28:26,GROCERY,DEBIT,FLORIDA,0
TXN00395,CUST181,59.32,2024-03-16 20:27:41,PHARMACY,DEBIT,CALIFORNIA,0
TXN00396,CUST022,44.76,2024-03-30 13:02:57,COFFEE_SHOP,CREDIT,HAWAII,0
TXN00397,CUST192,472.34,2024-02-19 10:49:07,ATM,DEBIT,TEXAS,0
TXN00398,CUST139,328.91,2024-01-03 21:23:19,CLOTHING,DEBIT,WASHINGTON,0
TXN00399,CUST001,129.04,2024-02-05 14:18:03,GAS_STATION,CREDIT,UTAH,1
TXN00400,CUST020,121.74,2024-03-21 14:30:26,GAS_STATION,DEBIT,UTAH,1
TXN00401,CUST020,247.12,2024-03-04 14:24:37,HOTEL,DEBIT,ILLINOIS,0
TXN00402,CUST048,210.29,2024-02-23 18:22:16,GROCERY,DEBIT,UTAH,0
TXN00403,CUST015,258.74,2024-02-07 18:25:25,COFFEE_SHOP,CREDIT,MICHIGAN,1
TXN00404,CUST044,103.62,2024-03-07 08:25:28,RESTAURANT,DEBIT,NEVADA,0
TXN00405,CUST018,74.86,2024-02-13 14:04:59,PHARMACY,CREDIT,WASHINGTON,0
TXN00406,CUST009,129.58,2024-01-08 15:05:55,GROCERY,CREDIT,HAWAII,0
TXN00407,CUST148,104.92,2024-01-01 18:24:02,CLOTHING,DEBIT,CALIFORNIA,0
TXN00408,CUST082,193.83,2024-01-26 22:52:06,ONLINE,CREDIT,UTAH,0
TXN00409,CUST006,185.09,2024-01-07 21:03:37,GROCERY,DEBIT,FLORIDA,0
TXN00410,CUST011,34.8,2024-03-08 16:44:44,GAS_STATION,CREDIT,HAWAII,0
TXN00411,CUST035,62.71,2024-01-23 17:45:32,PHARMACY,DEBIT,ARIZONA,0
TXN00412,CUST143,64.36,2024-03-28 08:45:18,PHARMACY,DEBIT,FLORIDA,0
TXN00413,CUST008,407.27,2024-03-26 10:18:24,HOTEL,DEBIT,MONTANA,0
TXN00414,CUST167,28.21,2024-01-31 11:54:11,ONLINE,DEBIT,MONTANA,0
TXN00415,CUST030,390.43,2024-03-29 11:00:30,HOTEL,DEBIT,ARIZONA,0
TXN00416,CUST012,137.67,2024-01-06 08:24:57,GAS_STATION,DEBIT,FLORIDA,0
TXN00417,CUST041,177.13,2024-01-04 17:04:36,ATM,CREDIT,MICHIGAN,0
TXN00418,CUST027,190.58,2024-01-02 13:32:09,CLOTHING,CREDIT,CALIFORNIA,0
TXN00419,CUST001,171.64,2024-01-29 22:43:41,CLOTHING,DEBIT,ILLINOIS,0
TXN00420,CUST053,799.57,2024-03-26 16:45:52,ONLINE,CREDIT,WASHINGTON,0
TXN00421,CUST033,77.82,2024-02-17 14:26:17,ONLINE,CREDIT,ARIZONA,0
TXN00422,CUST046,563.48,2024-03-16 18:44:32,ELECTRONICS,CREDIT,OREGON,0
TXN00423,CUST038,21.68,2024-03-22 21:01:30,COFFEE_SHOP,DEBIT,UTAH,0
TXN00424,CUST005,31.65,2024-03-07 09:56:16,COFFEE_SHOP,DEBIT,OREGON,0
TXN00425,CUST019,18.49,2024-03-05 14:53:16,COFFEE_SHOP,CREDIT,NEW_YORK,0
TXN00426,CUST021,148.49,2024-03-29 16:04:38,GAS_STATION,DEBIT,MONTANA,0
TXN00427,CUST151,253.85,2024-02-06 13:51:44,ATM,DEBIT,UNKNOWN,0
TXN00428,CUST025,110.15,2024-03-04 22:34:17,HOTEL,CREDIT,ARIZONA,0
TXN00429,CUST047,43.86,2024-01-23 14:27:12,PHARMACY,DEBIT,NEVADA,0
TXN00430,CUST046,410.57,2024-02-17 21:39:24,HOTEL,CREDIT,ILLINOIS,0
TXN00431,CUST018,79.19,2024-01-17 22:19:42,PHARMACY,DEBIT,MONTANA,0
TXN00432,CUST041,1813.8,2024-02-11 21:21:37,JEWELRY,CREDIT,WASHINGTON,0
TXN00433,CUST052,17.73,2024-01-11 12:22:09,COFFEE_SHOP,DEBIT,HAWAII,0
TXN00434,CUST043,171.73,2024-03-29 16:14:44,CLOTHING,DEBIT,NEW_YORK,0
TXN00435,CUST126,59.02,2024-03-25 16:02:48,PHARMACY,DEBIT,UTAH,0
TXN00436,CUST035,74.96,2024-02-02 10:22:04,CLOTHING,DEBIT,ILLINOIS,0
TXN00437,CUST065,187.78,2024-02-14 15:17:34,ATM,DEBIT,UNKNOWN,0
TXN00438,CUST047,311.51,2024-03-13 19:30:12,GROCERY,DEBIT,MICHIGAN,0
TXN00439,CUST011,545.81,2024-01-08 18:26:10,ELECTRONICS,CREDIT,ARIZONA,0
TXN00440,CUST027,185.72,2024-03-07 21:17:49,HOTEL,DEBIT,COLORADO,0
TXN00441,CUST155,478.15,2024-01-20 11:32:44,ONLINE,DEBIT,MONTANA,0
TXN00442,CUST050,202.42,2024-01-26 14:42:36,GROCERY,DEBIT,FLORIDA,0
TXN00443,CUST011,29.7,2024-03-14 08:05:18,RESTAURANT,DEBIT,MONTANA,0
TXN00444,CUST020,66.83,2024-03-15 19:08:49,PHARMACY,DEBIT,MONTANA,0
TXN00445,CUST013,181.05,2024-03-28 13:41:15,CLOTHING,DEBIT,ARIZONA,0
TXN00446,CUST037,119.31,2024-01-18 12:22:24,GROCERY,CREDIT,ARIZONA,0
TXN00447,CUST017,1359.98,2024-03-25 13:21:47,JEWELRY,DEBIT,MONTANA,0
TXN00448,CUST095,333.49,2024-01-03 18:48:49,HOTEL,DEBIT,MONTANA,0
TXN00449,CUST043,34.49,2024-02-01 15:03:58,PHARMACY,DEBIT,ARIZONA,0
TXN00450,CUST049,3799.14,2024-01-22 19:02:20,JEWELRY,CREDIT,WASHINGTON,1
TXN00451,CUST033,333.63,2024-01-21 17:09:07,GROCERY,CREDIT,COLORADO,0
TXN00452,CUST083,65.5,2024-01-22 19:59:47,PHARMACY,DEBIT,HAWAII,0
TXN00453,CUST006,382.13,2024-02-13 08:27:47,JEWELRY,CREDIT,HAWAII,0
TXN00454,CUST028,198.77,2024-02-04 14:57:09,RESTAURANT,CREDIT,HAWAII,0
TXN00455,CUST028,130.53,2024-03-07 19:54:20,ATM,DEBIT,MONTANA,0
TXN00456,CUST019,33.93,2024-02-13 12:51:15,COFFEE_SHOP,DEBIT,HAWAII,0
TXN00457,CUST047,12.71,2024-01-26 13:43:10,PHARMACY,DEBIT,OREGON,0
TXN00458,CUST008,224.28,2024-02-29 13:44:47,CLOTHING,DEBIT,ILLINOIS,0
TXN00459,CUST007,167.44,2024-02-29 17:57:12,GROCERY,DEBIT,OREGON,0
TXN00460,CUST016,263.31,2024-02-29 19:54:10,ONLINE,DEBIT,COLORADO,0
TXN00461,CUST043,624.78,2024-03-13 22:22:57,ELECTRONICS,CREDIT,UNKNOWN,0
TXN00462,CUST008,1336.79,2024-01-09 14:35:20,ELECTRONICS,DEBIT,MONTANA,0
TXN00463,CUST048,58.61,2024-01-15 10:44:55,CLOTHING,DEBIT,TEXAS,0
TXN00464,CUST047,111.73,2024-01-01 19:43:52,JEWELRY,DEBIT,NEW_YORK,0
TXN00465,CUST011,637.02,2024-01-10 18:13:37,ATM,DEBIT,UTAH,1
TXN00466,CUST044,5823.29,2024-02-16 18:39:11,JEWELRY,CREDIT,ILLINOIS,1
TXN00467,CUST143,270.14,2024-02-03 10:01:46,HOTEL,DEBIT,OREGON,0
TXN00468,CUST039,136.79,2024-02-24 08:40:56,HOTEL,DEBIT,HAWAII,0
TXN00469,CUST034,700.89,2024-01-05 20:42:56,ONLINE,DEBIT,WASHINGTON,0
TXN00470,CUST028,594.12,2024-02-06 21:03:01,GROCERY,DEBIT,COLORADO,1
TXN00471,CUST143,403.48,2024-01-27 08:44:50,ONLINE,DEBIT,TEXAS,0
TXN00472,CUST027,519.69,2024-03-18 08:56:08,ONLINE,DEBIT,MONTANA,0
TXN00473,CUST044,41.84,2024-03-19 15:56:40,RESTAURANT,DEBIT,OREGON,0
TXN00474,CUST020,279.53,2024-01-18 13:17:31,GROCERY,DEBIT,NEW_YORK,0
TXN00475,CUST050,15.89,2024-03-29 12:06:51,PHARMACY,CREDIT,TEXAS,0
TXN00476,CUST038,234.68,2024-03-06 09:36:09,ATM,DEBIT,ARIZONA,0
TXN00477,CUST094,127.11,2024-01-03 08:04:22,RESTAURANT,DEBIT,MICHIGAN,0
TXN00478,CUST044,1994.39,2024-03-14 22:32:41,ELECTRONICS,DEBIT,CALIFORNIA,1
TXN00479,CUST033,143.81,2024-03-23 11:32:25,GROCERY,DEBIT,ARIZONA,0
TXN00480,CUST029,194.7,2024-03-08 15:23:05,CLOTHING,DEBIT,UTAH,0
TXN00481,CUST038,49.2,2024-03-07 11:51:53,GROCERY,DEBIT,ARIZONA,0
TXN00482,CUST016,463.05,2024-03-20 14:06:04,ATM,DEBIT,MICHIGAN,0
TXN00483,CUST023,1821.33,2024-03-18 15:48:50,JEWELRY,DEBIT,ARIZONA,0
TXN00484,CUST176,1225.37,2024-03-15 13:55:59,JEWELRY,DEBIT,UTAH,0
TXN00485,CUST016,50.84,2024-01-16 08:05:01,GAS_STATION,CREDIT,COLORADO,0
TXN00486,CUST009,120.69,2024-02-20 11:50:28,GAS_STATION,DEBIT,MONTANA,0
TXN00487,CUST159,299.86,2024-02-20 22:33:45,ELECTRONICS,DEBIT,FLORIDA,0
TXN00488,CUST004,147.26,2024-02-09 10:43:09,GAS_STATION,DEBIT,ILLINOIS,0
TXN00489,CUST024,93.56,2024-01-29 15:14:52,PHARMACY,DEBIT,NEW_YORK,0
TXN00490,CUST001,163.83,2024-03-06 13:31:28,GROCERY,DEBIT,UTAH,0
TXN00491,CUST047,328.44,2024-03-21 13:54:50,GROCERY,CREDIT,MICHIGAN,0
TXN00492,CUST003,694.93,2024-01-30 14:20:57,ONLINE,DEBIT,FLORIDA,0
TXN00493,CUST001,568.13,2024-01-15 14:30:58,ELECTRONICS,DEBIT,UNKNOWN,0
TXN00494,CUST008,258.08,2024-01-31 10:36:44,ELECTRONICS,CREDIT,MICHIGAN,0
TXN00495,CUST119,102.33,2024-03-27 22:24:20,GAS_STATION,CREDIT,NEW_YORK,0
TXN00496,CUST005,3392.76,2024-03-14 21:56:16,ONLINE,DEBIT,NEVADA,1
TXN00497,CUST038,120.96,2024-03-08 14:56:28,GROCERY,DEBIT,CALIFORNIA,0
TXN00498,CUST048,147.18,2024-03-08 09:00:41,GAS_STATION,DEBIT,NEW_YORK,0
TXN00499,CUST046,227.11,2024-02-24 11:53:40,CLOTHING,DEBIT,UTAH,0
TXN00500,CUST154,269.76,2024-03-11 19:05:14,ONLINE,CREDIT,UNKNOWN,0
TXN00501,CUST047,27.17,2024-03-26 18:03:56,RESTAURANT,DEBIT,CALIFORNIA,0
TXN00502,CUST050,217.24,2024-03-08 17:08:49,HOTEL,DEBIT,FLORIDA,0
TXN00503,CUST048,607.32,2024-02-27 18:08:29,ONLINE,CREDIT,TEXAS,0
TXN00504,CUST049,45.75,2024-01-26 21:05:54,COFFEE_SHOP,DEBIT,MICHIGAN,0
TXN00505,CUST032,86.03,2024-01-30 20:58:21,CLOTHING,DEBIT,WASHINGTON,0
TXN00506,CUST003,367.97,2024-01-08 13:23:12,ATM,DEBIT,ILLINOIS,0
TXN00507,CUST021,312.77,2024-02-23 18:41:21,CLOTHING,DEBIT,UNKNOWN,0
TXN00508,CUST019,97.26,2024-02-09 16:14:17,PHARMACY,DEBIT,NEW_YORK,0
TXN00509,CUST005,1148.88,2024-01-08 09:05:16,JEWELRY,DEBIT,UNKNOWN,0
TXN00510,CUST011,1471.46,2024-02-25 17:16:21,JEWELRY,DEBIT,WASHINGTON,0
TXN00511,CUST027,213.05,2024-03-26 22:12:42,HOTEL,DEBIT,UNKNOWN,0
TXN00512,CUST036,949.54,2024-03-29 10:04:42,ATM,DEBIT,OREGON,1
TXN00513,CUST001,31.71,2024-03-01 14:54:46,GAS_STATION,DEBIT,COLORADO,0
TXN00514,CUST009,751.9,2024-01-02 14:15:33,JEWELRY,DEBIT,NEVADA,0
TXN00515,CUST030,485.07,2024-03-21 17:41:24,ONLINE,DEBIT,NEVADA,0
TXN00516,CUST028,88.04,2024-03-07 12:39:11,RESTAURANT,DEBIT,NEW_YORK,0
TXN00517,CUST011,19.34,2024-01-27 12:27:21,COFFEE_SHOP,DEBIT,MONTANA,0
TXN00518,CUST029,43.66,2024-01-22 21:51:04,PHARMACY,DEBIT,TEXAS,0
TXN00519,CUST046,147.28,2024-01-14 20:56:32,RESTAURANT,DEBIT,UTAH,0
TXN00520,CUST031,47.26,2024-02-28 20:39:08,COFFEE_SHOP,DEBIT,COLORADO,0
TXN00521,CUST010,272.46,2024-01-16 08:26:08,ONLINE,DEBIT,MICHIGAN,0
TXN00522,CUST142,165.74,2024-02-23 16:59:26,GROCERY,CREDIT,TEXAS,0
TXN00523,CUST044,89.49,2024-03-18 08:01:51,PHARMACY,CREDIT,ILLINOIS,0
TXN00524,CUST042,208.39,2024-02-22 09:34:27,GROCERY,CREDIT,TEXAS,0
TXN00525,CUST127,163.29,2024-03-13 10:08:43,HOTEL,DEBIT,UNKNOWN,0
TXN00526,CUST048,1743.48,2024-01-02 14:47:12,JEWELRY,CREDIT,NEW_YORK,0
TXN00527,CUST027,259.0,2024-01-25 11:17:03,GROCERY,DEBIT,MICHIGAN,0
TXN00528,CUST017,3810.8,2024-03-16 16:32:27,ONLINE,CREDIT,ARIZONA,1
TXN00529,CUST001,546.08,2024-02-25 21:28:44,ONLINE,CREDIT,NEW_YORK,0
TXN00530,CUST043,10.73,2024-02-13 18:17:52,COFFEE_SHOP,DEBIT,OREGON,0
TXN00531,CUST021,86.32,2024-03-24 12:25:01,PHARMACY,DEBIT,TEXAS,0
TXN00532,CUST015,370.61,2024-03-15 15:06:57,HOTEL,DEBIT,NEW_YORK,0
TXN00533,CUST011,917.08,2024-01-16 09:30:52,JEWELRY,CREDIT,CALIFORNIA,0
TXN00534,CUST081,101.84,2024-01-12 20:43:27,CLOTHING,CREDIT,WASHINGTON,0
TXN00535,CUST042,9.21,2024-03-19 10:27:53,COFFEE_SHOP,DEBIT,CALIFORNIA,0
TXN00536,CUST003,184.44,2024-01-14 08:28:04,GROCERY,DEBIT,WASHINGTON,0
TXN00537,CUST049,41.09,2024-01-29 13:40:54,RESTAURANT,DEBIT,ARIZONA,0
TXN00538,CUST102,430.0,2024-03-08 21:53:44,HOTEL,DEBIT,NEW_YORK,0
TXN00539,CUST040,304.31,2024-02-27 21:17:26,JEWELRY,DEBIT,UNKNOWN,0
TXN00540,CUST016,171.64,2024-03-10 08:37:34,HOTEL,CREDIT,HAWAII,0
TXN00541,CUST050,965.17,2024-03-17 08:35:54,JEWELRY,CREDIT,CALIFORNIA,0
TXN00542,CUST075,117.22,2024-02-23 10:33:57,GAS_STATION,DEBIT,COLORADO,0
TXN00543,CUST037,608.69,2024-02-25 10:15:29,ONLINE,DEBIT,WASHINGTON,0
TXN00544,CUST002,411.92,2024-03-07 21:36:54,ATM,CREDIT,OREGON,0
TXN00545,CUST008,371.12,2024-01-30 21:24:25,CLOTHING,DEBIT,COLORADO,0
TXN00546,CUST006,863.05,2024-02-24 13:00:17,JEWELRY,DEBIT,WASHINGTON,0
TXN00547,CUST045,7094.38,2024-02-27 16:11:39,JEWELRY,CREDIT,WASHINGTON,1
TXN00548,CUST020,111.8,2024-01-16 22:47:17,GAS_STATION,DEBIT,UTAH,0
TXN00549,CUST017,220.74,2024-03-26 16:51:13,ELECTRONICS,DEBIT,WASHINGTON,0
TXN00550,CUST122,124.04,2024-03-15 19:21:32,CLOTHING,DEBIT,ARIZONA,0
TXN00551,CUST026,1048.07,2024-03-21 16:26:17,ELECTRONICS,DEBIT,WASHINGTON,0
TXN00552,CUST008,252.74,2024-01-13 09:34:48,ATM,CREDIT,ARIZONA,0
TXN00553,CUST168,255.79,2024-01-08 09:01:35,GROCERY,DEBIT,OREGON,0
TXN00554,CUST042,16.06,2024-03-17 08:29:29,PHARMACY,DEBIT,WASHINGTON,0
TXN00555,CUST023,10.28,2024-01-02 22:49:06,PHARMACY,CREDIT,OREGON,0
TXN00556,CUST111,240.43,2024-01-16 16:23:11,GROCERY,CREDIT,MICHIGAN,0
TXN00557,CUST171,62.41,2024-03-08 20:12:56,PHARMACY,DEBIT,OREGON,0
TXN00558,CUST181,89.78,2024-02-23 17:22:53,ELECTRONICS,DEBIT,WASHINGTON,0
TXN00559,CUST030,770.81,2024-01-09 18:20:46,JEWELRY,DEBIT,NEW_YORK,0
TXN00560,CUST153,39.7,2024-03-07 18:20:49,COFFEE_SHOP,DEBIT,ARIZONA,0
TXN00561,CUST030,24.28,2024-02-20 12:43:05,GROCERY,CREDIT,NEW_YORK,0
TXN00562,CUST032,178.37,2024-03-20 15:41:53,RESTAURANT,DEBIT,COLORADO,0
TXN00563,CUST013,33.9,2024-03-05 13:22:47,COFFEE_SHOP,DEBIT,NEW_YORK,0
TXN00564,CUST009,6837.48,2024-03-26 18:07:16,JEWELRY,DEBIT,OREGON,1
TXN00565,CUST004,4516.21,2024-02-15 12:59:17,ONLINE,DEBIT,TEXAS,1
TXN00566,CUST014,176.89,2024-03-30 14:29:23,GROCERY,DEBIT,WASHINGTON,0
TXN00567,CUST026,119.45,2024-03-25 20:46:16,GROCERY,CREDIT,NEVADA,0
TXN00568,CUST009,865.99,2024-03-02 18:22:32,CLOTHING,DEBIT,ILLINOIS,1
TXN00569,CUST016,1138.08,2024-03-01 21:55:14,HOTEL,DEBIT,TEXAS,1
TXN00570,CUST010,60.88,2024-03-27 12:53:30,PHARMACY,DEBIT,ILLINOIS,0
TXN00571,CUST148,349.15,2024-03-29 18:20:04,ATM,DEBIT,COLORADO,0
TXN00572,CUST043,280.81,2024-02-27 08:07:10,GROCERY,DEBIT,MICHIGAN,0
TXN00573,CUST014,483.8,2024-02-25 21:49:36,HOTEL,CREDIT,NEW_YORK,0
TXN00574,CUST168,334.44,2024-01-14 21:40:55,CLOTHING,CREDIT,NEW_YORK,0
TXN00575,CUST081,131.13,2024-03-14 13:15:06,CLOTHING,DEBIT,UTAH,0
TXN00576,CUST010,1089.13,2024-02-05 08:44:37,ELECTRONICS,DEBIT,FLORIDA,0
TXN00577,CUST161,32.81,2024-03-04 14:56:02,CLOTHING,DEBIT,MONTANA,0
TXN00578,CUST042,117.96,2024-02-12 18:24:39,GAS_STATION,DEBIT,UNKNOWN,0
TXN00579,CUST001,393.09,2024-02-08 19:20:11,JEWELRY,DEBIT,WASHINGTON,0
TXN00580,CUST041,321.64,2024-02-05 19:58:43,ELECTRONICS,DEBIT,ILLINOIS,0
TXN00581,CUST014,2743.56,2024-03-11 21:10:21,ELECTRONICS,DEBIT,NEVADA,1
TXN00582,CUST012,26.72,2024-02-07 21:56:07,RESTAURANT,DEBIT,HAWAII,0
TXN00583,CUST037,235.63,2024-02-23 21:36:06,ATM,CREDIT,CALIFORNIA,0
TXN00584,CUST039,286.82,2024-01-12 22:48:08,CLOTHING,DEBIT,UNKNOWN,0
TXN00585,CUST030,48.71,2024-02-26 09:41:01,RESTAURANT,DEBIT,NEVADA,0
TXN00586,CUST013,124.24,2024-01-12 21:53:04,GROCERY,CREDIT,MICHIGAN,0
TXN00587,CUST107,42.24,2024-02-03 09:48:59,COFFEE_SHOP,DEBIT,CALIFORNIA,0
TXN00588,CUST029,37.19,2024-03-01 08:20:53,GAS_STATION,CREDIT,UTAH,0
TXN00589,CUST026,308.15,2024-03-20 20:53:33,GAS_STATION,DEBIT,HAWAII,1
TXN00590,CUST055,114.43,2024-03-26 08:38:39,RESTAURANT,CREDIT,ARIZONA,0
TXN00591,CUST158,3826.19,2024-03-19 15:53:56,ELECTRONICS,CREDIT,NEW_YORK,1
TXN00592,CUST011,278.05,2024-03-02 08:08:35,ELECTRONICS,CREDIT,FLORIDA,0
TXN00593,CUST030,38.57,2024-03-29 08:14:52,PHARMACY,DEBIT,TEXAS,0
TXN00594,CUST037,1168.68,2024-02-28 21:24:11,ELECTRONICS,DEBIT,ILLINOIS,0
TXN00595,CUST042,399.72,2024-01-11 16:28:45,JEWELRY,DEBIT,WASHINGTON,0
TXN00596,CUST035,153.23,2024-03-10 22:42:38,RESTAURANT,DEBIT,ARIZONA,0
TXN00597,CUST006,38.36,2024-01-31 22:43:22,RESTAURANT,CREDIT,COLORADO,0
TXN00598,CUST047,491.13,2024-01-13 11:02:08,HOTEL,DEBIT,ARIZONA,0
TXN00599,CUST036,41.2,2024-02-11 20:27:57,ONLINE,CREDIT,OREGON,0
TXN00600,CUST018,344.53,2024-03-05 14:11:52,HOTEL,DEBIT,MONTANA,0
TXN00601,CUST091,1536.8,2024-03-29 13:00:10,JEWELRY,DEBIT,NEVADA,0
TXN00602,CUST006,359.43,2024-02-25 16:20:07,ONLINE,DEBIT,UTAH,0
TXN00603,CUST143,5197.55,2024-02-21 21:15:03,JEWELRY,CREDIT,ILLINOIS,1
TXN00604,CUST016,2409.56,2024-02-19 09:35:35,ONLINE,DEBIT,TEXAS,1
TXN00605,CUST002,6679.75,2024-01-25 14:21:37,JEWELRY,DEBIT,ARIZONA,1
TXN00606,CUST157,391.42,2024-01-08 16:50:24,ATM,CREDIT,ILLINOIS,0
TXN00607,CUST031,87.69,2024-02-22 15:06:57,PHARMACY,DEBIT,FLORIDA,0
TXN00608,CUST032,121.53,2024-03-12 21:40:17,GROCERY,DEBIT,COLORADO,0
TXN00609,CUST016,4804.86,2024-03-30 11:43:15,ONLINE,CREDIT,ARIZONA,1
TXN00610,CUST015,418.48,2024-01-03 19:37:04,ATM,CREDIT,ARIZONA,0
TXN00611,CUST049,65.5,2024-02-28 08:45:19,ATM,CREDIT,CALIFORNIA,0
TXN00612,CUST014,3402.0,2024-02-06 21:26:21,ONLINE,DEBIT,NEW_YORK,1
TXN00613,CUST035,222.52,2024-03-11 11:15:15,HOTEL,DEBIT,WASHINGTON,0
TXN00614,CUST005,103.81,2024-01-13 15:00:46,GAS_STATION,DEBIT,OREGON,0
TXN00615,CUST140,134.93,2024-01-27 18:31:26,RESTAURANT,DEBIT,UNKNOWN,0
TXN00616,CUST191,783.99,2024-02-29 19:39:29,RESTAURANT,DEBIT,UNKNOWN,1
TXN00617,CUST050,355.35,2024-02-11 20:09:43,HOTEL,DEBIT,NEW_YORK,0
TXN00618,CUST034,27.99,2024-01-05 16:34:05,COFFEE_SHOP,CREDIT,COLORADO,0
TXN00619,CUST011,222.39,2024-02-20 16:14:51,ATM,DEBIT,COLORADO,0
TXN00620,CUST018,32.13,2024-03-01 17:49:55,COFFEE_SHOP,DEBIT,ARIZONA,0
TXN00621,CUST032,139.36,2024-01-29 11:32:26,RESTAURANT,CREDIT,HAWAII,0
TXN00622,CUST040,86.93,2024-01-16 13:44:45,RESTAURANT,DEBIT,UNKNOWN,0
TXN00623,CUST033,412.11,2024-01-31 12:08:00,HOTEL,DEBIT,NEW_YORK,0
TXN00624,CUST049,93.13,2024-03-18 12:34:57,PHARMACY,DEBIT,NEW_YORK,0
TXN00625,CUST003,266.26,2024-03-09 18:13:02,ELECTRONICS,DEBIT,TEXAS,0
TXN00626,CUST036,80.92,2024-01-20 16:25:16,PHARMACY,DEBIT,NEVADA,0
TXN00627,CUST100,249.47,2024-01-08 18:00:51,GROCERY,DEBIT,NEW_YORK,0
TXN00628,CUST020,574.34,2024-03-09 15:38:15,JEWELRY,DEBIT,CALIFORNIA,0
TXN00629,CUST005,266.52,2024-03-17 21:51:37,ONLINE,DEBIT,OREGON,0
TXN00630,CUST021,14.92,2024-01-13 10:39:25,PHARMACY,DEBIT,MICHIGAN,0
TXN00631,CUST178,406.08,2024-01-03 19:57:07,HOTEL,DEBIT,ILLINOIS,0
TXN00632,CUST029,867.32,2024-03-08 11:01:25,CLOTHING,CREDIT,NEW_YORK,1
TXN00633,CUST035,54.52,2024-01-03 15:54:16,GAS_STATION,DEBIT,OREGON,0
TXN00634,CUST019,7.44,2024-01-04 16:28:24,COFFEE_SHOP,DEBIT,OREGON,0
TXN00635,CUST032,66.19,2024-02-03 15:40:33,RESTAURANT,DEBIT,COLORADO,0
TXN00636,CUST147,814.86,2024-02-16 15:55:52,ELECTRONICS,DEBIT,FLORIDA,0
TXN00637,CUST120,1335.32,2024-03-18 15:02:55,HOTEL,DEBIT,NEVADA,1
TXN00638,CUST044,89.41,2024-03-13 16:25:31,RESTAURANT,CREDIT,ILLINOIS,0
TXN00639,CUST010,294.71,2024-01-31 19:07:24,ELECTRONICS,CREDIT,OREGON,0
TXN00640,CUST045,35.37,2024-03-30 19:55:38,COFFEE_SHOP,DEBIT,TEXAS,0
TXN00641,CUST004,83.81,2024-01-03 19:45:02,PHARMACY,DEBIT,ARIZONA,0
TXN00642,CUST050,225.69,2024-01-07 19:42:08,ATM,DEBIT,HAWAII,0
TXN00643,CUST001,33.09,2024-03-02 10:48:05,PHARMACY,DEBIT,TEXAS,0
TXN00644,CUST012,257.48,2024-03-24 18:31:28,CLOTHING,DEBIT,WASHINGTON,0
TXN00645,CUST012,274.27,2024-03-14 08:53:52,ATM,CREDIT,COLORADO,0
TXN00646,CUST049,256.86,2024-02-21 11:56:39,CLOTHING,DEBIT,WASHINGTON,0
TXN00647,CUST004,299.36,2024-01-22 16:43:57,HOTEL,CREDIT,NEW_YORK,0
TXN00648,CUST018,102.11,2024-02-19 14:47:44,RESTAURANT,DEBIT,OREGON,0
TXN00649,CUST044,1856.56,2024-01-28 17:24:26,JEWELRY,CREDIT,ARIZONA,0
TXN00650,CUST076,5907.12,2024-02-19 19:45:59,ELECTRONICS,DEBIT,UNKNOWN,1
TXN00651,CUST039,444.45,2024-02-02 15:34:37,ELECTRONICS,DEBIT,CALIFORNIA,0
TXN00652,CUST078,291.21,2024-01-01 14:10:32,HOTEL,DEBIT,CALIFORNIA,0
TXN00653,CUST018,957.47,2024-02-14 15:12:55,ELECTRONICS,DEBIT,UTAH,0
TXN00654,CUST003,5193.88,2024-03-22 14:42:49,ELECTRONICS,DEBIT,OREGON,1
TXN00655,CUST175,137.16,2024-03-04 21:08:00,CLOTHING,DEBIT,ARIZONA,0
TXN00656,CUST025,995.38,2024-03-25 17:48:27,HOTEL,DEBIT,OREGON,1
TXN00657,CUST027,410.78,2024-03-23 19:57:39,ATM,DEBIT,COLORADO,0
TXN00658,CUST006,1196.9,2024-01-03 17:36:12,ELECTRONICS,DEBIT,CALIFORNIA,0
TXN00659,CUST140,1012.99,2024-03-10 08:54:51,ELECTRONICS,DEBIT,OREGON,0
TXN00660,CUST017,218.97,2024-01-07 14:19:52,HOTEL,DEBIT,NEVADA,0
TXN00661,CUST145,96.62,2024-01-30 16:01:25,GAS_STATION,DEBIT,NEVADA,0
TXN00662,CUST018,95.29,2024-02-20 16:15:55,RESTAURANT,DEBIT,ARIZONA,0
TXN00663,CUST080,560.94,2024-03-29 08:27:08,GAS_STATION,CREDIT,ILLINOIS,1
TXN00664,CUST013,939.09,2024-01-22 14:15:58,ELECTRONICS,CREDIT,UTAH,0
TXN00665,CUST149,409.55,2024-03-08 14:31:32,JEWELRY,DEBIT,MICHIGAN,0
TXN00666,CUST038,42.95,2024-02-19 16:55:06,COFFEE_SHOP,DEBIT,COLORADO,0
TXN00667,CUST194,1347.23,2024-03-20 14:34:01,ONLINE,DEBIT,MONTANA,1
TXN00668,CUST032,50.62,2024-02-04 21:01:10,ATM,DEBIT,FLORIDA,0
TXN00669,CUST029,731.63,2024-01-25 19:35:31,ONLINE,CREDIT,MICHIGAN,0
TXN00670,CUST029,55.48,2024-01-11 12:04:58,GAS_STATION,DEBIT,FLORIDA,0
TXN00671,CUST026,327.38,2024-03-22 15:16:26,ELECTRONICS,DEBIT,MONTANA,0
TXN00672,CUST171,46.48,2024-03-27 11:24:13,PHARMACY,DEBIT,COLORADO,0
TXN00673,CUST028,30.89,2024-02-24 22:43:35,ONLINE,CREDIT,ARIZONA,0
TXN00674,CUST032,7112.62,2024-01-28 18:17:33,JEWELRY,DEBIT,COLORADO,1
TXN00675,CUST022,220.21,2024-01-21 16:50:50,ATM,DEBIT,ARIZONA,0
TXN00676,CUST049,414.27,2024-02-02 09:52:46,HOTEL,CREDIT,COLORADO,0
TXN00677,CUST033,229.63,2024-02-10 08:47:54,CLOTHING,DEBIT,TEXAS,0
TXN00678,CUST036,1172.96,2024-01-06 10:12:20,ELECTRONICS,CREDIT,ARIZONA,0
TXN00679,CUST006,7693.63,2024-02-11 17:42:27,JEWELRY,CREDIT,COLORADO,1
TXN00680,CUST036,46.98,2024-01-27 10:08:40,PHARMACY,DEBIT,ARIZONA,0
TXN00681,CUST010,86.24,2024-03-11 12:50:40,PHARMACY,CREDIT,HAWAII,0
TXN00682,CUST130,29.54,2024-03-01 17:27:50,PHARMACY,DEBIT,MICHIGAN,0
TXN00683,CUST030,187.96,2024-01-17 15:24:16,ELECTRONICS,DEBIT,MONTANA,0
TXN00684,CUST101,109.71,2024-02-13 09:12:10,RESTAURANT,DEBIT,ARIZONA,0
TXN00685,CUST024,292.0,2024-02-26 15:56:37,CLOTHING,CREDIT,CALIFORNIA,0
TXN00686,CUST008,5088.74,2024-03-29 11:25:14,JEWELRY,CREDIT,TEXAS,1
TXN00687,CUST046,100.63,2024-01-24 19:03:31,COFFEE_SHOP,DEBIT,COLORADO,1
TXN00688,CUST033,11.54,2024-02-03 15:22:23,COFFEE_SHOP,DEBIT,WASHINGTON,0
TXN00689,CUST006,177.02,2024-03-06 12:18:01,CLOTHING,DEBIT,UNKNOWN,0
TXN00690,CUST048,110.4,2024-01-07 18:04:50,COFFEE_SHOP,DEBIT,UTAH,1
TXN00691,CUST041,55.63,2024-03-09 21:31:13,RESTAURANT,DEBIT,NEW_YORK,0
TXN00692,CUST023,47.47,2024-02-06 12:37:10,PHARMACY,DEBIT,NEW_YORK,0
TXN00693,CUST013,938.8,2024-03-08 18:11:45,ELECTRONICS,CREDIT,CALIFORNIA,1
TXN00694,CUST046,53.6,2024-02-14 13:46:01,PHARMACY,DEBIT,FLORIDA,0
TXN00695,CUST111,624.42,2024-01-12 10:58:10,CLOTHING,CREDIT,OREGON,1
TXN00696,CUST030,269.67,2024-01-16 16:20:04,ATM,DEBIT,MICHIGAN,0
TXN00697,CUST039,304.62,2024-01-29 09:24:31,CLOTHING,CREDIT,NEW_YORK,0
TXN00698,CUST028,716.11,2024-03-02 10:29:30,CLOTHING,DEBIT,TEXAS,1
TXN00699,CUST013,44.63,2024-01-06 22:56:14,ONLINE,DEBIT,ARIZONA,0
TXN00700,CUST005,383.34,2024-01-31 20:05:39,CLOTHING,DEBIT,TEXAS,0
TXN00701,CUST025,45.91,2024-01-22 19:46:38,PHARMACY,DEBIT,WASHINGTON,0
TXN00702,CUST035,781.12,2024-02-20 21:53:31,ONLINE,CREDIT,NEW_YORK,0
TXN00703,CUST130,291.31,2024-01-21 19:21:15,CLOTHING,DEBIT,UTAH,1
TXN00704,CUST030,72.73,2024-03-30 11:57:35,ATM,DEBIT,MONTANA,0
TXN00705,CUST007,5624.94,2024-02-20 12:31:49,ELECTRONICS,DEBIT,UTAH,1
TXN00706,CUST044,56.45,2024-03-01 09:02:19,PHARMACY,CREDIT,OREGON,0
TXN00707,CUST040,45.85,2024-02-28 10:47:46,ATM,CREDIT,ILLINOIS,0
TXN00708,CUST045,3308.57,2024-01-24 13:17:44,ONLINE,DEBIT,FLORIDA,1
TXN00709,CUST033,143.4,2024-02-18 19:27:18,GAS_STATION,CREDIT,ARIZONA,1
TXN00710,CUST050,52.36,2024-02-15 11:30:10,RESTAURANT,DEBIT,HAWAII,0
TXN00711,CUST048,238.54,2024-03-16 21:03:07,GROCERY,DEBIT,NEW_YORK,0
TXN00712,CUST042,158.38,2024-02-25 21:51:29,GROCERY,DEBIT,NEW_YORK,0
TXN00713,CUST041,38.97,2024-03-09 21:02:43,GAS_STATION,DEBIT,UNKNOWN,0
TXN00714,CUST032,108.7,2024-03-11 12:16:43,GAS_STATION,DEBIT,NEW_YORK,0
TXN00715,CUST021,53.56,2024-01-08 19:42:20,PHARMACY,DEBIT,ARIZONA,0
TXN00716,CUST014,31.96,2024-01-12 19:44:43,COFFEE_SHOP,DEBIT,WASHINGTON,0
TXN00717,CUST012,81.14,2024-01-10 13:37:04,HOTEL,CREDIT,HAWAII,0
TXN00718,CUST176,61.33,2024-01-03 08:16:42,RESTAURANT,DEBIT,ARIZONA,0
TXN00719,CUST028,2892.63,2024-02-23 17:07:27,ONLINE,DEBIT,HAWAII,1
TXN00720,CUST043,1310.89,2024-02-13 11:06:17,HOTEL,CREDIT,WASHINGTON,1
TXN00721,CUST001,301.01,2024-01-19 09:44:19,CLOTHING,CREDIT,HAWAII,0
TXN00722,CUST152,343.17,2024-03-19 20:16:21,PHARMACY,DEBIT,MONTANA,1
TXN00723,CUST040,4207.66,2024-01-24 22:57:59,ONLINE,DEBIT,NEW_YORK,1
TXN00724,CUST019,331.53,2024-01-07 09:10:00,ATM,CREDIT,UTAH,0
TXN00725,CUST140,718.22,2024-02-09 18:37:56,GROCERY,DEBIT,NEW_YORK,1
TXN00726,CUST024,30.33,2024-03-27 08:42:55,COFFEE_SHOP,DEBIT,OREGON,0
TXN00727,CUST135,138.22,2024-03-26 15:49:29,GAS_STATION,CREDIT,TEXAS,0
TXN00728,CUST195,447.7,2024-01-29 19:01:38,HOTEL,DEBIT,UNKNOWN,0
TXN00729,CUST008,742.1,2024-01-05 15:34:17,CLOTHING,DEBIT,OREGON,1
TXN00730,CUST032,79.19,2024-01-25 08:59:55,GAS_STATION,DEBIT,OREGON,0
TXN00731,CUST095,326.85,2024-01-15 13:46:12,GROCERY,DEBIT,ARIZONA,0
TXN00732,CUST037,44.82,2024-02-28 16:48:58,GAS_STATION,CREDIT,UTAH,0
TXN00733,CUST191,821.06,2024-02-23 17:27:05,ELECTRONICS,DEBIT,NEVADA,0
TXN00734,CUST024,40.33,2024-02-06 20:10:00,COFFEE_SHOP,DEBIT,MICHIGAN,0
TXN00735,CUST035,254.23,2024-01-08 21:06:30,ATM,DEBIT,ARIZONA,0
TXN00736,CUST119,843.86,2024-02-23 10:10:09,ELECTRONICS,CREDIT,HAWAII,0
TXN00737,CUST032,122.86,2024-01-27 17:04:16,GAS_STATION,CREDIT,FLORIDA,0
TXN00738,CUST001,3661.89,2024-01-06 19:29:29,ONLINE,DEBIT,UNKNOWN,1
TXN00739,CUST038,4279.19,2024-02-09 22:17:43,JEWELRY,DEBIT,WASHINGTON,1
TXN00740,CUST010,894.05,2024-01-17 18:06:21,ELECTRONICS,CREDIT,NEVADA,0
TXN00741,CUST129,256.54,2024-03-05 20:12:08,GROCERY,DEBIT,ARIZONA,0
TXN00742,CUST015,167.98,2024-03-23 14:55:00,RESTAURANT,DEBIT,COLORADO,0
TXN00743,CUST092,3098.39,2024-02-25 16:46:04,ONLINE,DEBIT,HAWAII,1
TXN00744,CUST037,60.4,2024-01-22 17:23:16,PHARMACY,DEBIT,UTAH,0
TXN00745,CUST024,22.19,2024-01-25 12:45:22,COFFEE_SHOP,DEBIT,ARIZONA,0
TXN00746,CUST031,934.39,2024-03-17 11:56:10,CLOTHING,CREDIT,ARIZONA,1
TXN00747,CUST032,417.46,2024-03-03 22:07:15,ATM,DEBIT,COLORADO,0
TXN00748,CUST021,35.34,2024-02-03 16:13:20,PHARMACY,DEBIT,WASHINGTON,0
TXN00749,CUST017,495.19,2024-02-20 12:40:20,ELECTRONICS,DEBIT,ILLINOIS,0
TXN00750,CUST113,38.94,2024-03-12 18:59:34,COFFEE_SHOP,CREDIT,ILLINOIS,0
TXN00751,CUST013,86.45,2024-03-13 13:01:28,GAS_STATION,CREDIT,ILLINOIS,0
TXN00752,CUST040,345.13,2024-01-02 22:07:41,GROCERY,CREDIT,ILLINOIS,0
TXN00753,CUST036,152.46,2024-01-13 20:15:08,RESTAURANT,DEBIT,FLORIDA,0
TXN00754,CUST122,150.38,2024-01-22 08:23:44,GROCERY,DEBIT,MONTANA,0
TXN00755,CUST001,235.05,2024-03-22 09:51:22,CLOTHING,DEBIT,UTAH,0
TXN00756,CUST028,55.73,2024-03-08 13:26:01,PHARMACY,DEBIT,ARIZONA,0
TXN00757,CUST012,67.96,2024-02-16 18:32:52,CLOTHING,DEBIT,ILLINOIS,0
TXN00758,CUST029,717.98,2024-03-19 15:47:18,HOTEL,CREDIT,NEVADA,1
TXN00759,CUST017,375.62,2024-02-06 15:31:05,GAS_STATION,DEBIT,MONTANA,1
TXN00760,CUST061,611.51,2024-03-17 14:26:16,JEWELRY,DEBIT,UTAH,0
TXN00761,CUST008,63.69,2024-02-27 17:45:53,PHARMACY,DEBIT,ARIZONA,0
TXN00762,CUST041,568.39,2024-01-26 12:24:42,ELECTRONICS,DEBIT,ILLINOIS,0
TXN00763,CUST119,230.5,2024-03-14 21:22:37,CLOTHING,DEBIT,COLORADO,0
TXN00764,CUST049,85.04,2024-02-03 22:44:19,GAS_STATION,DEBIT,UNKNOWN,0
TXN00765,CUST017,941.5,2024-02-06 09:41:03,JEWELRY,DEBIT,NEVADA,0
TXN00766,CUST009,119.93,2024-01-13 19:15:32,GAS_STATION,DEBIT,ILLINOIS,0
TXN00767,CUST001,578.79,2024-01-04 17:22:44,JEWELRY,DEBIT,WASHINGTON,0
TXN00768,CUST007,2221.84,2024-01-30 19:34:47,ELECTRONICS,DEBIT,ARIZONA,1
TXN00769,CUST081,207.95,2024-01-09 21:45:58,ELECTRONICS,CREDIT,WASHINGTON,0
TXN00770,CUST038,47.07,2024-03-13 22:00:31,COFFEE_SHOP,CREDIT,FLORIDA,0
TXN00771,CUST018,2949.05,2024-01-11 18:02:01,JEWELRY,CREDIT,UTAH,1
TXN00772,CUST026,168.82,2024-01-06 11:20:43,RESTAURANT,DEBIT,ARIZONA,0
TXN00773,CUST009,240.04,2024-03-12 22:17:38,ONLINE,DEBIT,MONTANA,0
TXN00774,CUST117,120.59,2024-01-10 09:43:30,CLOTHING,DEBIT,UTAH,0
TXN00775,CUST005,875.48,2024-01-23 11:47:30,JEWELRY,CREDIT,MONTANA,0
TXN00776,CUST035,234.98,2024-02-21 11:01:34,HOTEL,DEBIT,FLORIDA,0
TXN00777,CUST036,6684.16,2024-01-01 19:17:13,JEWELRY,DEBIT,MONTANA,1
TXN00778,CUST010,1010.76,2024-01-22 21:52:51,HOTEL,DEBIT,ILLINOIS,1
TXN00779,CUST146,136.9,2024-01-14 17:03:12,RESTAURANT,DEBIT,UTAH,0
TXN00780,CUST007,84.35,2024-03-16 10:18:24,ATM,DEBIT,WASHINGTON,0
TXN00781,CUST041,73.63,2024-02-16 15:06:47,RESTAURANT,CREDIT,OREGON,0
TXN00782,CUST034,11.65,2024-03-18 18:10:19,PHARMACY,CREDIT,UTAH,0
TXN00783,CUST032,351.04,2024-03-14 19:03:59,ONLINE,DEBIT,CALIFORNIA,0
TXN00784,CUST152,1170.08,2024-01-19 18:12:14,JEWELRY,CREDIT,ILLINOIS,0
TXN00785,CUST030,360.57,2024-02-07 17:31:23,HOTEL,CREDIT,FLORIDA,0
TXN00786,CUST037,66.57,2024-02-23 17:42:27,RESTAURANT,DEBIT,CALIFORNIA,0
TXN00787,CUST042,870.85,2024-01-15 22:25:41,ELECTRONICS,DEBIT,MONTANA,0
TXN00788,CUST033,59.53,2024-02-08 13:09:33,PHARMACY,DEBIT,UNKNOWN,0
TXN00789,CUST022,565.6,2024-03-29 08:24:20,HOTEL,DEBIT,TEXAS,1
TXN00790,CUST030,1578.12,2024-03-14 15:33:34,JEWELRY,DEBIT,ILLINOIS,0
TXN00791,CUST017,150.13,2024-03-12 16:29:11,GROCERY,CREDIT,MONTANA,0
TXN00792,CUST025,4149.71,2024-02-21 14:44:49,JEWELRY,DEBIT,UNKNOWN,1
TXN00793,CUST008,53.52,2024-03-24 19:37:26,GAS_STATION,CREDIT,UNKNOWN,0
TXN00794,CUST191,1339.49,2024-01-20 17:20:09,HOTEL,DEBIT,MONTANA,1
TXN00795,CUST006,3546.43,2024-02-05 17:43:35,JEWELRY,DEBIT,NEVADA,1
TXN00796,CUST015,2674.12,2024-02-01 13:17:13,ONLINE,CREDIT,CALIFORNIA,1
TXN00797,CUST050,59.49,2024-01-25 22:35:19,PHARMACY,DEBIT,COLORADO,0
TXN00798,CUST162,283.37,2024-03-07 19:15:27,ELECTRONICS,DEBIT,UNKNOWN,0
TXN00799,CUST003,237.69,2024-03-21 16:24:48,GROCERY,DEBIT,TEXAS,0
TXN00800,CUST042,78.26,2024-03-05 09:50:38,PHARMACY,CREDIT,HAWAII,0
TXN00801,CUST019,36.84,2024-01-17 20:49:27,RESTAURANT,DEBIT,OREGON,0
TXN00802,CUST010,214.49,2024-02-25 15:46:28,HOTEL,DEBIT,COLORADO,0
TXN00803,CUST001,56.15,2024-03-14 10:28:33,PHARMACY,CREDIT,NEVADA,0
TXN00804,CUST032,320.5,2024-02-12 18:22:40,ATM,CREDIT,COLORADO,0
TXN00805,CUST013,273.9,2024-01-16 18:25:05,ELECTRONICS,DEBIT,ARIZONA,0
TXN00806,CUST016,53.99,2024-01-25 18:10:24,GAS_STATION,DEBIT,TEXAS,0
TXN00807,CUST012,1402.71,2024-01-06 18:18:04,ELECTRONICS,DEBIT,MONTANA,0
TXN00808,CUST014,362.26,2024-03-12 17:58:32,CLOTHING,CREDIT,MICHIGAN,0
TXN00809,CUST050,29.55,2024-03-15 16:25:24,COFFEE_SHOP,DEBIT,NEVADA,0
TXN00810,CUST046,1207.74,2024-03-11 17:20:48,JEWELRY,CREDIT,UNKNOWN,0
TXN00811,CUST029,3658.65,2024-02-19 21:32:48,JEWELRY,DEBIT,HAWAII,1
TXN00812,CUST043,4505.24,2024-01-26 13:30:05,ELECTRONICS,DEBIT,CALIFORNIA,1
TXN00813,CUST047,13.34,2024-02-10 13:32:34,COFFEE_SHOP,CREDIT,FLORIDA,0
TXN00814,CUST045,478.54,2024-02-22 10:46:54,HOTEL,DEBIT,NEVADA,1
TXN00815,CUST133,197.7,2024-03-14 14:05:50,GROCERY,DEBIT,CALIFORNIA,0
TXN00816,CUST016,618.5,2024-02-23 18:48:27,ATM,CREDIT,COLORADO,1
TXN00817,CUST012,88.98,2024-03-03 17:25:03,PHARMACY,DEBIT,ILLINOIS,0
TXN00818,CUST049,172.6,2024-03-22 18:22:01,GROCERY,DEBIT,ARIZONA,0
TXN00819,CUST020,72.38,2024-02-20 18:01:57,GAS_STATION,DEBIT,UTAH,0
TXN00820,CUST029,13.79,2024-03-16 17:37:38,PHARMACY,DEBIT,CALIFORNIA,0
TXN00821,CUST033,3406.4,2024-02-28 18:03:28,ONLINE,DEBIT,CALIFORNIA,1
TXN00822,CUST035,25.64,2024-03-18 09:59:54,PHARMACY,DEBIT,TEXAS,0
TXN00823,CUST064,151.96,2024-01-11 11:10:22,GROCERY,DEBIT,MONTANA,0
TXN00824,CUST042,254.26,2024-02-20 19:52:30,GROCERY,DEBIT,CALIFORNIA,0
TXN00825,CUST014,1082.89,2024-01-09 08:22:31,ELECTRONICS,CREDIT,MONTANA,0
TXN00826,CUST003,586.83,2024-01-31 17:55:24,ONLINE,DEBIT,FLORIDA,0
TXN00827,CUST046,260.73,2024-01-09 12:45:47,GROCERY,DEBIT,WASHINGTON,0
TXN00828,CUST009,231.21,2024-03-26 15:56:33,GROCERY,CREDIT,WASHINGTON,0
TXN00829,CUST035,1018.74,2024-02-06 18:16:53,CLOTHING,CREDIT,UTAH,1
TXN00830,CUST005,382.14,2024-02-13 11:28:52,ATM,DEBIT,NEVADA,0
TXN00831,CUST035,86.93,2024-03-16 10:04:02,CLOTHING,DEBIT,UNKNOWN,0
TXN00832,CUST006,290.88,2024-02-25 17:02:29,GROCERY,DEBIT,WASHINGTON,0
TXN00833,CUST047,159.36,2024-03-08 19:10:58,ATM,CREDIT,NEW_YORK,0
TXN00834,CUST031,5299.74,2024-03-25 14:15:21,ELECTRONICS,DEBIT,TEXAS,1
TXN00835,CUST046,70.39,2024-01-09 10:17:46,GAS_STATION,CREDIT,COLORADO,0
TXN00836,CUST107,120.65,2024-01-16 08:20:02,ATM,CREDIT,HAWAII,0
TXN00837,CUST187,361.63,2024-02-16 22:06:54,ATM,DEBIT,ILLINOIS,0
TXN00838,CUST025,173.9,2024-03-15 13:49:47,RESTAURANT,CREDIT,HAWAII,0
TXN00839,CUST049,26.69,2024-02-26 20:07:03,COFFEE_SHOP,DEBIT,UTAH,0
TXN00840,CUST006,1857.63,2024-03-30 13:49:58,ONLINE,DEBIT,UNKNOWN,1
TXN00841,CUST021,46.86,2024-03-23 21:48:31,COFFEE_SHOP,DEBIT,MICHIGAN,0
TXN00842,CUST038,76.39,2024-03-05 09:30:52,GROCERY,CREDIT,ARIZONA,0
TXN00843,CUST085,328.76,2024-01-29 21:38:26,GROCERY,DEBIT,HAWAII,1
TXN00844,CUST194,111.87,2024-02-01 12:42:10,ATM,DEBIT,UNKNOWN,0
TXN00845,CUST029,29.46,2024-03-04 14:14:41,PHARMACY,DEBIT,OREGON,0
TXN00846,CUST040,17.16,2024-03-11 08:27:15,PHARMACY,DEBIT,COLORADO,0
TXN00847,CUST175,4821.73,2024-01-03 22:02:09,JEWELRY,DEBIT,CALIFORNIA,1
TXN00848,CUST034,34.29,2024-01-27 21:04:38,CLOTHING,DEBIT,MICHIGAN,0
TXN00849,CUST021,43.54,2024-03-16 12:02:17,COFFEE_SHOP,DEBIT,UTAH,0
TXN00850,CUST002,468.05,2024-01-18 17:55:39,HOTEL,DEBIT,ILLINOIS,0
TXN00851,CUST199,47.61,2024-03-15 17:23:24,CLOTHING,DEBIT,UNKNOWN,0
TXN00852,CUST041,157.34,2024-03-23 09:34:25,CLOTHING,CREDIT,CALIFORNIA,0
TXN00853,CUST003,1331.71,2024-03-25 17:27:12,JEWELRY,CREDIT,OREGON,0
TXN00854,CUST123,87.14,2024-02-25 13:25:15,PHARMACY,CREDIT,MICHIGAN,0
TXN00855,CUST025,287.07,2024-01-15 14:07:12,HOTEL,DEBIT,ILLINOIS,0
TXN00856,CUST171,26.57,2024-03-13 21:37:19,PHARMACY,DEBIT,FLORIDA,0
TXN00857,CUST020,131.39,2024-03-06 17:31:15,GROCERY,CREDIT,UNKNOWN,0
TXN00858,CUST008,2818.34,2024-01-04 15:39:47,ELECTRONICS,DEBIT,ARIZONA,1
TXN00859,CUST180,705.72,2024-02-04 13:16:08,ONLINE,CREDIT,TEXAS,0
TXN00860,CUST020,491.96,2024-01-25 08:25:35,ONLINE,DEBIT,TEXAS,0
TXN00861,CUST003,1615.8,2024-01-11 20:45:13,JEWELRY,CREDIT,OREGON,0
TXN00862,CUST168,67.13,2024-01-09 21:15:03,PHARMACY,DEBIT,FLORIDA,0
TXN00863,CUST044,486.88,2024-01-16 09:58:38,ELECTRONICS,DEBIT,ILLINOIS,0
TXN00864,CUST038,97.31,2024-02-24 08:55:39,GAS_STATION,CREDIT,MICHIGAN,0
TXN00865,CUST137,302.52,2024-02-06 22:57:32,ATM,DEBIT,HAWAII,0
TXN00866,CUST025,94.74,2024-01-30 20:49:39,RESTAURANT,DEBIT,HAWAII,0
TXN00867,CUST042,169.57,2024-02-20 08:37:56,GROCERY,DEBIT,MONTANA,0
TXN00868,CUST018,148.04,2024-01-29 19:12:04,ONLINE,DEBIT,NEVADA,0
TXN00869,CUST040,139.12,2024-01-26 10:54:37,RESTAURANT,DEBIT,CALIFORNIA,0
TXN00870,CUST001,15.22,2024-03-04 21:52:05,COFFEE_SHOP,DEBIT,COLORADO,0
TXN00871,CUST012,138.59,2024-02-21 09:02:24,GAS_STATION,CREDIT,UTAH,0
TXN00872,CUST026,1342.73,2024-02-09 14:57:33,ELECTRONICS,DEBIT,OREGON,0
TXN00873,CUST009,7386.07,2024-02-05 11:27:54,JEWELRY,DEBIT,UNKNOWN,1
TXN00874,CUST014,43.98,2024-03-27 21:02:07,ATM,CREDIT,FLORIDA,0
TXN00875,CUST022,342.42,2024-03-10 21:02:09,GROCERY,DEBIT,NEVADA,0
TXN00876,CUST031,405.92,2024-01-23 08:59:12,ATM,DEBIT,ILLINOIS,0
TXN00877,CUST001,786.76,2024-02-06 18:20:09,ELECTRONICS,DEBIT,WASHINGTON,0
TXN00878,CUST031,234.46,2024-02-05 20:23:18,ONLINE,DEBIT,FLORIDA,0
TXN00879,CUST175,1700.46,2024-03-17 13:41:15,JEWELRY,DEBIT,UNKNOWN,1
TXN00880,CUST058,106.01,2024-01-03 15:45:25,GAS_STATION,DEBIT,UTAH,0
TXN00881,CUST018,7261.43,2024-01-26 14:48:23,JEWELRY,DEBIT,UTAH,1
TXN00882,CUST039,378.6,2024-03-20 22:56:41,CLOTHING,DEBIT,TEXAS,0
TXN00883,CUST082,30.61,2024-03-08 18:07:46,COFFEE_SHOP,DEBIT,ARIZONA,0
TXN00884,CUST030,43.86,2024-02-04 12:42:20,CLOTHING,DEBIT,NEW_YORK,0
TXN00885,CUST085,91.93,2024-01-31 10:47:09,CLOTHING,DEBIT,HAWAII,0
TXN00886,CUST025,321.6,2024-03-02 13:08:13,JEWELRY,DEBIT,FLORIDA,0
TXN00887,CUST089,28.48,2024-03-20 11:08:57,GAS_STATION,DEBIT,TEXAS,0
TXN00888,CUST117,373.86,2024-03-22 14:45:07,ATM,CREDIT,OREGON,0
TXN00889,CUST018,152.6,2024-01-01 21:21:38,GROCERY,CREDIT,WASHINGTON,0
TXN00890,CUST062,346.11,2024-01-27 16:41:53,ONLINE,CREDIT,NEVADA,0
TXN00891,CUST037,168.38,2024-02-22 11:40:45,GROCERY,DEBIT,FLORIDA,0
TXN00892,CUST028,368.73,2024-02-07 18:45:31,HOTEL,CREDIT,ARIZONA,0
TXN00893,CUST084,405.9,2024-02-13 19:12:37,HOTEL,DEBIT,NEW_YORK,0
TXN00894,CUST060,208.63,2024-02-13 21:16:22,CLOTHING,DEBIT,HAWAII,0
TXN00895,CUST012,199.32,2024-03-11 09:33:57,HOTEL,CREDIT,OREGON,0
TXN00896,CUST010,45.15,2024-01-31 14:56:05,COFFEE_SHOP,DEBIT,TEXAS,0
TXN00897,CUST018,18.57,2024-02-14 10:57:21,COFFEE_SHOP,DEBIT,COLORADO,0
TXN00898,CUST027,58.55,2024-02-14 16:27:31,GROCERY,CREDIT,ARIZONA,0
TXN00899,CUST012,278.05,2024-03-04 09:59:13,COFFEE_SHOP,DEBIT,NEW_YORK,1
TXN00900,CUST043,76.63,2024-02-11 09:29:25,PHARMACY,DEBIT,NEW_YORK,0
TXN00901,CUST027,1632.34,2024-03-29 17:44:17,ATM,DEBIT,NEW_YORK,1
TXN00902,CUST012,49.55,2024-03-04 13:12:37,PHARMACY,DEBIT,UNKNOWN,0
TXN00903,CUST022,13.36,2024-01-19 17:17:28,COFFEE_SHOP,CREDIT,NEW_YORK,0
TXN00904,CUST048,50.36,2024-03-05 09:05:18,RESTAURANT,DEBIT,ARIZONA,0
TXN00905,CUST010,175.77,2024-01-15 08:36:51,RESTAURANT,DEBIT,ARIZONA,0
TXN00906,CUST026,193.96,2024-01-24 12:48:27,RESTAURANT,DEBIT,NEVADA,0
TXN00907,CUST038,53.19,2024-01-15 08:15:38,GAS_STATION,DEBIT,FLORIDA,0
TXN00908,CUST043,237.08,2024-03-29 21:13:02,HOTEL,DEBIT,TEXAS,0
TXN00909,CUST021,291.78,2024-02-10 21:18:10,ATM,DEBIT,UNKNOWN,0
TXN00910,CUST034,242.21,2024-02-08 13:33:04,CLOTHING,DEBIT,MICHIGAN,0
TXN00911,CUST162,384.22,2024-02-09 12:49:06,CLOTHING,CREDIT,MICHIGAN,0
TXN00912,CUST011,2618.83,2024-01-18 13:59:15,ONLINE,DEBIT,NEVADA,1
TXN00913,CUST031,41.62,2024-01-28 19:47:41,COFFEE_SHOP,DEBIT,UNKNOWN,0
TXN00914,CUST116,534.33,2024-03-09 14:25:14,ONLINE,DEBIT,FLORIDA,0
TXN00915,CUST039,22.59,2024-02-20 20:47:14,COFFEE_SHOP,DEBIT,FLORIDA,0
TXN00916,CUST050,71.9,2024-03-13 16:07:27,PHARMACY,DEBIT,MICHIGAN,0
TXN00917,CUST032,128.73,2024-01-30 20:02:31,RESTAURANT,DEBIT,FLORIDA,0
TXN00918,CUST037,314.18,2024-01-05 13:10:47,GROCERY,DEBIT,WASHINGTON,0
TXN00919,CUST043,1954.29,2024-03-25 22:11:02,JEWELRY,DEBIT,UTAH,0
TXN00920,CUST022,36.82,2024-03-09 22:54:47,GAS_STATION,DEBIT,MONTANA,0
TXN00921,CUST054,62.99,2024-01-29 10:02:34,CLOTHING,DEBIT,NEVADA,0
TXN00922,CUST033,1757.67,2024-02-22 17:51:19,JEWELRY,DEBIT,OREGON,0
TXN00923,CUST013,61.11,2024-03-14 12:06:37,RESTAURANT,DEBIT,CALIFORNIA,0
TXN00924,CUST053,232.72,2024-03-07 18:36:38,GROCERY,DEBIT,TEXAS,0
TXN00925,CUST030,458.44,2024-01-29 08:29:33,ATM,DEBIT,UNKNOWN,0
TXN00926,CUST016,89.72,2024-01-27 16:26:51,GAS_STATION,DEBIT,MONTANA,0
TXN00927,CUST041,27.81,2024-02-22 09:04:41,GAS_STATION,CREDIT,CALIFORNIA,0
TXN00928,CUST022,74.37,2024-02-07 18:20:41,GAS_STATION,DEBIT,MONTANA,0
TXN00929,CUST003,28.94,2024-02-04 08:53:48,COFFEE_SHOP,DEBIT,FLORIDA,0
TXN00930,CUST023,168.22,2024-03-30 17:47:28,RESTAURANT,DEBIT,ILLINOIS,0
TXN00931,CUST008,43.15,2024-01-11 11:44:16,CLOTHING,DEBIT,MONTANA,0
TXN00932,CUST016,466.77,2024-01-19 08:22:33,CLOTHING,DEBIT,MICHIGAN,1
TXN00933,CUST048,185.54,2024-01-08 08:23:32,ATM,CREDIT,MONTANA,0
TXN00934,CUST109,305.77,2024-03-19 09:48:44,GROCERY,DEBIT,NEVADA,0
TXN00935,CUST200,992.91,2024-01-25 12:44:18,JEWELRY,CREDIT,UNKNOWN,0
TXN00936,CUST036,655.41,2024-03-02 13:22:38,ONLINE,CREDIT,MONTANA,0
TXN00937,CUST023,334.18,2024-03-04 09:37:54,CLOTHING,DEBIT,NEW_YORK,0
TXN00938,CUST017,279.45,2024-03-22 10:32:47,ATM,CREDIT,COLORADO,0
TXN00939,CUST034,1518.88,2024-03-16 10:55:13,JEWELRY,CREDIT,MONTANA,0
TXN00940,CUST170,154.85,2024-03-13 15:23:27,ONLINE,CREDIT,ARIZONA,0
TXN00941,CUST041,569.2,2024-02-03 19:51:47,HOTEL,DEBIT,COLORADO,1
TXN00942,CUST004,433.3,2024-01-19 17:10:16,HOTEL,DEBIT,NEVADA,0
TXN00943,CUST050,120.11,2024-02-29 21:20:34,HOTEL,DEBIT,MICHIGAN,0
TXN00944,CUST011,461.34,2024-02-07 16:31:07,HOTEL,DEBIT,WASHINGTON,1
TXN00945,CUST033,49.04,2024-03-28 12:46:48,PHARMACY,DEBIT,FLORIDA,0
TXN00946,CUST030,26.69,2024-03-10 11:11:14,COFFEE_SHOP,DEBIT,ARIZONA,0
TXN00947,CUST032,75.45,2024-03-05 08:51:29,ONLINE,CREDIT,ILLINOIS,0
TXN00948,CUST046,41.24,2024-02-12 21:52:02,ATM,CREDIT,UTAH,0
TXN00949,CUST086,232.12,2024-01-28 09:13:15,CLOTHING,CREDIT,WASHINGTON,0
TXN00950,CUST044,373.67,2024-03-27 22:55:50,HOTEL,CREDIT,TEXAS,0
TXN00951,CUST007,165.91,2024-03-15 10:59:35,RESTAURANT,DEBIT,ILLINOIS,0
TXN00952,CUST033,208.09,2024-01-10 10:31:35,ATM,DEBIT,WASHINGTON,0
TXN00953,CUST039,139.73,2024-03-14 15:48:35,GROCERY,CREDIT,ARIZONA,0
TXN00954,CUST024,129.97,2024-02-28 11:24:54,RESTAURANT,DEBIT,WASHINGTON,0
TXN00955,CUST031,97.27,2024-02-15 09:58:01,PHARMACY,CREDIT,UTAH,0
TXN00956,CUST029,279.71,2024-02-19 08:47:12,PHARMACY,DEBIT,NEW_YORK,1
TXN00957,CUST032,384.46,2024-03-20 10:58:26,CLOTHING,CREDIT,NEVADA,0
TXN00958,CUST020,296.43,2024-01-13 22:51:49,HOTEL,CREDIT,FLORIDA,0
TXN00959,CUST021,103.33,2024-03-01 08:58:18,GAS_STATION,DEBIT,ARIZONA,0
TXN00960,CUST043,371.57,2024-03-15 14:12:06,PHARMACY,DEBIT,ILLINOIS,1
TXN00961,CUST048,48.48,2024-03-26 21:14:50,PHARMACY,CREDIT,NEVADA,0
TXN00962,CUST142,424.08,2024-02-16 17:11:24,ATM,DEBIT,UNKNOWN,0
TXN00963,CUST024,154.19,2024-01-15 14:55:39,JEWELRY,DEBIT,ARIZONA,0
TXN00964,CUST001,168.27,2024-03-01 19:14:25,CLOTHING,CREDIT,UNKNOWN,0
TXN00965,CUST195,667.5,2024-01-07 17:59:16,ONLINE,DEBIT,FLORIDA,0
TXN00966,CUST108,1198.85,2024-01-31 15:04:11,JEWELRY,CREDIT,UNKNOWN,0
TXN00967,CUST004,10.84,2024-02-19 22:44:24,COFFEE_SHOP,DEBIT,WASHINGTON,0
TXN00968,CUST004,51.95,2024-01-22 21:58:33,GROCERY,DEBIT,ILLINOIS,0
TXN00969,CUST026,470.12,2024-02-04 21:09:25,ELECTRONICS,DEBIT,MONTANA,0
TXN00970,CUST005,114.01,2024-01-14 12:21:05,RESTAURANT,DEBIT,UTAH,0
TXN00971,CUST004,123.27,2024-01-30 16:03:17,GAS_STATION,DEBIT,UTAH,0
TXN00972,CUST163,78.4,2024-02-25 14:38:50,GAS_STATION,DEBIT,ILLINOIS,0
TXN00973,CUST012,188.5,2024-02-06 18:54:32,ATM,DEBIT,NEW_YORK,0
TXN00974,CUST043,289.28,2024-02-29 12:52:03,GROCERY,DEBIT,OREGON,0
TXN00975,CUST157,145.88,2024-02-01 15:21:10,RESTAURANT,DEBIT,NEW_YORK,0
TXN00976,CUST016,189.59,2024-01-16 15:20:47,RESTAURANT,DEBIT,MONTANA,0
TXN00977,CUST009,191.16,2024-03-17 09:50:06,GROCERY,DEBIT,HAWAII,0
TXN00978,CUST022,6.05,2024-02-15 08:18:49,COFFEE_SHOP,DEBIT,WASHINGTON,0
TXN00979,CUST049,352.54,2024-01-18 18:08:29,CLOTHING,DEBIT,HAWAII,0
TXN00980,CUST001,184.11,2024-02-28 20:43:13,CLOTHING,DEBIT,ILLINOIS,0
TXN00981,CUST041,56.63,2024-01-05 18:36:16,PHARMACY,DEBIT,OREGON,0
TXN00982,CUST012,56.8,2024-02-19 16:19:30,RESTAURANT,DEBIT,WASHINGTON,0
TXN00983,CUST025,1136.78,2024-01-24 16:15:13,ELECTRONICS,DEBIT,MICHIGAN,0
TXN00984,CUST035,219.57,2024-01-18 22:59:43,GROCERY,DEBIT,ARIZONA,1
TXN00985,CUST007,388.67,2024-02-23 21:52:45,HOTEL,CREDIT,UTAH,0
TXN00986,CUST176,940.47,2024-03-12 08:16:46,ELECTRONICS,DEBIT,NEW_YORK,0
TXN00987,CUST005,4058.12,2024-01-19 20:07:00,ONLINE,CREDIT,FLORIDA,1
TXN00988,CUST050,93.0,2024-03-08 08:04:44,RESTAURANT,DEBIT,OREGON,0
TXN00989,CUST008,287.37,2024-02-26 20:25:00,HOTEL,CREDIT,HAWAII,0
TXN00990,CUST050,85.11,2024-02-02 20:53:11,PHARMACY,DEBIT,UNKNOWN,0
TXN00991,CUST116,385.18,2024-03-01 18:56:32,ELECTRONICS,CREDIT,MONTANA,0
TXN00992,CUST015,289.6,2024-02-23 17:25:12,HOTEL,DEBIT,WASHINGTON,0
TXN00993,CUST016,161.31,2024-01-05 08:18:30,GROCERY,CREDIT,MICHIGAN,0
TXN00994,CUST042,31.47,2024-03-21 20:37:18,COFFEE_SHOP,DEBIT,UNKNOWN,0
TXN00995,CUST006,90.99,2024-02-14 13:44:43,GAS_STATION,DEBIT,NEW_YORK,0
TXN00996,CUST025,95.14,2024-02-14 08:43:54,GAS_STATION,DEBIT,NEVADA,0
TXN00997,CUST017,123.75,2024-01-09 18:25:48,RESTAURANT,CREDIT,NEW_YORK,0
TXN00998,CUST030,1150.81,2024-01-01 09:28:36,HOTEL,DEBIT,WASHINGTON,1
TXN00999,CUST046,1646.07,2024-01-30 14:56:32,JEWELRY,CREDIT,UNKNOWN,0
TXN01000,CUST010,584.8,2024-01-01 17:18:47,ONLINE,DEBIT,MONTANA,1
TXN01001,CUST004,14.66,2024-03-14 09:41:07,PHARMACY,DEBIT,UNKNOWN,0
TXN01002,CUST025,37.06,2024-03-28 22:48:06,COFFEE_SHOP,CREDIT,UTAH,0
TXN01003,CUST033,113.39,2024-03-30 22:00:17,ATM,DEBIT,MICHIGAN,0
TXN01004,CUST050,7394.46,2024-03-09 14:04:02,JEWELRY,DEBIT,HAWAII,1
TXN01005,CUST040,1162.15,2024-01-15 22:48:19,ELECTRONICS,DEBIT,COLORADO,0
TXN01006,CUST007,1293.4,2024-02-12 09:56:38,ELECTRONICS,DEBIT,MONTANA,0
TXN01007,CUST155,63.86,2024-03-04 14:56:25,PHARMACY,DEBIT,WASHINGTON,0
TXN01008,CUST016,1417.9,2024-02-13 17:43:57,ELECTRONICS,CREDIT,ARIZONA,0
TXN01009,CUST043,233.93,2024-03-24 20:03:30,HOTEL,DEBIT,MICHIGAN,0
TXN01010,CUST042,1526.2,2024-03-17 19:12:56,JEWELRY,DEBIT,TEXAS,0
TXN01011,CUST014,3057.15,2024-02-23 18:37:50,JEWELRY,DEBIT,FLORIDA,1
TXN01012,CUST021,117.75,2024-02-28 17:33:39,ELECTRONICS,DEBIT,MONTANA,0
TXN01013,CUST011,843.83,2024-03-18 14:37:24,JEWELRY,DEBIT,NEVADA,0
TXN01014,CUST045,42.55,2024-02-03 14:15:43,RESTAURANT,DEBIT,OREGON,0
TXN01015,CUST035,75.93,2024-02-16 11:45:54,GAS_STATION,DEBIT,WASHINGTON,0
TXN01016,CUST037,2813.79,2024-01-22 14:23:27,ELECTRONICS,DEBIT,MONTANA,1
TXN01017,CUST018,48.54,2024-03-23 08:23:36,PHARMACY,CREDIT,MICHIGAN,0
TXN01018,CUST068,762.51,2024-01-14 12:56:44,JEWELRY,CREDIT,MONTANA,0
TXN01019,CUST019,68.36,2024-02-18 21:18:14,ATM,CREDIT,UNKNOWN,0
TXN01020,CUST019,5991.43,2024-01-10 15:08:48,JEWELRY,DEBIT,MICHIGAN,1
TXN01021,CUST001,912.11,2024-02-28 14:55:34,ELECTRONICS,DEBIT,CALIFORNIA,0
TXN01022,CUST127,309.35,2024-01-14 13:16:35,GROCERY,DEBIT,UTAH,0
TXN01023,CUST018,323.06,2024-02-11 13:03:45,CLOTHING,DEBIT,NEVADA,0
TXN01024,CUST046,314.15,2024-02-08 19:28:07,GROCERY,DEBIT,FLORIDA,0
TXN01025,CUST002,754.35,2024-02-28 10:05:50,ELECTRONICS,DEBIT,WASHINGTON,0
TXN01026,CUST123,969.7,2024-01-13 13:40:08,ONLINE,DEBIT,NEVADA,1
TXN01027,CUST065,3441.31,2024-03-18 14:37:35,JEWELRY,DEBIT,MICHIGAN,1
TXN01028,CUST040,977.34,2024-03-09 22:44:10,JEWELRY,DEBIT,ILLINOIS,0
TXN01029,CUST005,258.51,2024-03-02 14:56:48,HOTEL,CREDIT,CALIFORNIA,0
TXN01030,CUST032,1279.14,2024-03-01 14:07:26,ELECTRONICS,DEBIT,COLORADO,0
TXN01031,CUST029,47.05,2024-02-19 21:04:17,COFFEE_SHOP,CREDIT,NEW_YORK,0
TXN01032,CUST006,1887.55,2024-01-23 08:03:29,JEWELRY,CREDIT,COLORADO,0
TXN01033,CUST016,312.25,2024-03-20 22:13:40,HOTEL,DEBIT,CALIFORNIA,0
TXN01034,CUST027,1122.01,2024-03-06 22:36:27,JEWELRY,DEBIT,WASHINGTON,0
TXN01035,CUST026,94.63,2024-03-23 11:06:55,RESTAURANT,CREDIT,ILLINOIS,0
TXN01036,CUST024,172.27,2024-01-22 14:07:22,GROCERY,CREDIT,COLORADO,0
TXN01037,CUST020,282.15,2024-02-28 20:43:52,HOTEL,DEBIT,HAWAII,0
TXN01038,CUST003,5228.69,2024-03-29 17:01:00,ELECTRONICS,DEBIT,COLORADO,1
TXN01039,CUST002,235.2,2024-01-13 19:07:52,GROCERY,DEBIT,WASHINGTON,0
TXN01040,CUST043,576.9,2024-01-11 09:18:18,ONLINE,CREDIT,NEVADA,0
TXN01041,CUST033,5.94,2024-01-10 11:31:00,COFFEE_SHOP,CREDIT,OREGON,0
TXN01042,CUST008,94.46,2024-01-03 22:33:41,PHARMACY,DEBIT,UTAH,0
TXN01043,CUST041,81.68,2024-01-08 21:43:42,GROCERY,CREDIT,HAWAII,0
TXN01044,CUST011,254.97,2024-02-07 21:01:21,GROCERY,DEBIT,ARIZONA,0
TXN01045,CUST009,186.08,2024-02-22 14:56:00,ATM,DEBIT,NEW_YORK,0
TXN01046,CUST032,99.54,2024-02-02 08:02:44,GAS_STATION,DEBIT,FLORIDA,0
TXN01047,CUST060,223.42,2024-03-15 17:03:25,HOTEL,DEBIT,WASHINGTON,0
TXN01048,CUST039,24.73,2024-03-14 12:21:32,COFFEE_SHOP,DEBIT,ILLINOIS,0
TXN01049,CUST001,771.68,2024-03-14 09:18:38,ONLINE,DEBIT,OREGON,0
TXN01050,CUST006,318.41,2024-01-03 13:31:06,CLOTHING,DEBIT,UNKNOWN,0
TXN01051,CUST041,744.23,2024-01-02 10:16:34,ONLINE,DEBIT,UTAH,0
TXN01052,CUST154,49.36,2024-01-20 15:19:18,COFFEE_SHOP,DEBIT,CALIFORNIA,0
TXN01053,CUST032,92.89,2024-02-06 11:18:12,GROCERY,DEBIT,UTAH,0
TXN01054,CUST030,20.71,2024-03-27 09:13:56,RESTAURANT,DEBIT,MONTANA,0
TXN01055,CUST046,46.0,2024-03-29 15:21:49,PHARMACY,DEBIT,WASHINGTON,0
TXN01056,CUST039,488.81,2024-02-22 17:22:17,ONLINE,DEBIT,COLORADO,0
TXN01057,CUST038,228.2,2024-02-20 13:55:11,HOTEL,DEBIT,UNKNOWN,0
TXN01058,CUST042,525.51,2024-01-08 14:44:12,ONLINE,CREDIT,FLORIDA,0
TXN01059,CUST021,913.0,2024-03-13 08:11:26,HOTEL,DEBIT,UTAH,1
TXN01060,CUST010,27.85,2024-03-03 21:21:39,COFFEE_SHOP,DEBIT,ARIZONA,0
TXN01061,CUST035,2821.6,2024-03-17 17:06:41,ELECTRONICS,CREDIT,TEXAS,1
TXN01062,CUST050,85.37,2024-03-23 09:24:47,RESTAURANT,DEBIT,WASHINGTON,0
TXN01063,CUST049,31.95,2024-02-27 18:52:03,GAS_STATION,DEBIT,COLORADO,0
TXN01064,CUST153,89.2,2024-03-27 18:25:22,ATM,DEBIT,TEXAS,0
TXN01065,CUST014,5788.15,2024-01-30 09:36:34,JEWELRY,CREDIT,ARIZONA,1
TXN01066,CUST024,256.28,2024-02-24 11:23:48,CLOTHING,DEBIT,CALIFORNIA,0
TXN01067,CUST018,366.98,2024-03-04 14:53:05,ATM,DEBIT,CALIFORNIA,0
TXN01068,CUST019,86.23,2024-02-29 22:27:59,RESTAURANT,CREDIT,COLORADO,0
TXN01069,CUST033,111.47,2024-02-14 16:08:55,GAS_STATION,DEBIT,ILLINOIS,0
TXN01070,CUST039,58.23,2024-02-04 09:08:45,GAS_STATION,CREDIT,FLORIDA,0
TXN01071,CUST021,893.78,2024-02-10 09:11:19,HOTEL,CREDIT,ILLINOIS,1
TXN01072,CUST013,280.99,2024-03-07 09:32:14,ONLINE,CREDIT,MICHIGAN,0
TXN01073,CUST108,129.99,2024-02-11 21:14:40,RESTAURANT,CREDIT,UTAH,0
TXN01074,CUST048,1381.99,2024-01-15 14:44:01,ELECTRONICS,CREDIT,OREGON,1
TXN01075,CUST041,72.73,2024-01-16 16:00:21,PHARMACY,CREDIT,NEVADA,0
TXN01076,CUST030,51.05,2024-03-13 18:58:04,GAS_STATION,DEBIT,OREGON,0
TXN01077,CUST004,1065.68,2024-03-10 20:32:33,HOTEL,DEBIT,ARIZONA,1
TXN01078,CUST017,941.06,2024-01-31 19:58:03,ELECTRONICS,DEBIT,NEW_YORK,0
TXN01079,CUST013,197.1,2024-02-24 09:51:22,JEWELRY,DEBIT,HAWAII,0
TXN01080,CUST030,472.36,2024-02-27 14:50:31,ATM,CREDIT,TEXAS,0
TXN01081,CUST171,1456.49,2024-01-01 10:27:23,ELECTRONICS,DEBIT,NEW_YORK,0
TXN01082,CUST013,386.36,2024-01-05 13:58:41,HOTEL,DEBIT,WASHINGTON,0
TXN01083,CUST022,87.52,2024-02-27 20:25:04,GAS_STATION,DEBIT,UNKNOWN,0
TXN01084,CUST010,646.81,2024-02-13 18:55:35,JEWELRY,DEBIT,COLORADO,0
TXN01085,CUST023,24.85,2024-01-16 15:37:53,GROCERY,CREDIT,UTAH,0
TXN01086,CUST042,40.18,2024-03-10 18:44:00,RESTAURANT,DEBIT,OREGON,0
TXN01087,CUST020,31.02,2024-01-17 18:00:44,RESTAURANT,CREDIT,NEVADA,0
TXN01088,CUST135,430.16,2024-01-05 15:50:27,HOTEL,DEBIT,WASHINGTON,0
TXN01089,CUST018,18.65,2024-03-28 18:49:03,PHARMACY,CREDIT,WASHINGTON,0
TXN01090,CUST098,171.99,2024-02-04 09:22:37,ATM,CREDIT,ARIZONA,0
TXN01091,CUST002,266.29,2024-02-12 14:13:20,RESTAURANT,DEBIT,UNKNOWN,1
TXN01092,CUST036,106.15,2024-01-17 10:29:46,HOTEL,CREDIT,OREGON,0
TXN01093,CUST196,120.75,2024-01-03 16:34:48,RESTAURANT,DEBIT,ILLINOIS,0
TXN01094,CUST003,344.05,2024-02-27 10:39:53,GROCERY,DEBIT,TEXAS,0
TXN01095,CUST038,1627.99,2024-02-15 20:00:52,JEWELRY,CREDIT,NEW_YORK,0
TXN01096,CUST013,122.13,2024-02-15 13:52:52,RESTAURANT,DEBIT,CALIFORNIA,0
TXN01097,CUST050,64.98,2024-01-15 15:06:32,RESTAURANT,DEBIT,COLORADO,0
TXN01098,CUST006,83.31,2024-02-11 21:49:55,RESTAURANT,DEBIT,COLORADO,0
TXN01099,CUST023,146.33,2024-02-16 11:48:50,RESTAURANT,DEBIT,WASHINGTON,0
TXN01100,CUST017,392.51,2024-03-23 14:46:28,ELECTRONICS,DEBIT,ILLINOIS,0
TXN01101,CUST017,4696.17,2024-01-02 18:33:35,ONLINE,CREDIT,UTAH,1
TXN01102,CUST011,681.1,2024-02-22 18:04:53,GROCERY,DEBIT,NEVADA,1
TXN01103,CUST023,439.79,2024-01-21 12:20:49,ELECTRONICS,DEBIT,MONTANA,0
TXN01104,CUST158,152.03,2024-01-12 20:36:25,RESTAURANT,DEBIT,UTAH,0
TXN01105,CUST132,202.44,2024-02-13 19:42:55,ATM,CREDIT,OREGON,0
TXN01106,CUST048,385.17,2024-01-24 10:40:13,HOTEL,CREDIT,ARIZONA,0
TXN01107,CUST040,965.22,2024-03-06 20:49:41,ELECTRONICS,CREDIT,WASHINGTON,0
TXN01108,CUST049,387.38,2024-02-16 13:28:57,ATM,CREDIT,ILLINOIS,0
TXN01109,CUST023,76.62,2024-03-09 15:45:59,GAS_STATION,DEBIT,NEW_YORK,0
TXN01110,CUST002,978.64,2024-01-22 11:34:32,ELECTRONICS,DEBIT,TEXAS,0
TXN01111,CUST033,224.29,2024-02-05 17:40:25,ONLINE,DEBIT,NEVADA,0
TXN01112,CUST012,33.77,2024-02-08 09:51:56,ATM,CREDIT,ARIZONA,0
TXN01113,CUST162,1347.23,2024-03-11 22:35:08,ELECTRONICS,CREDIT,CALIFORNIA,0
TXN01114,CUST007,521.41,2024-03-27 19:04:46,JEWELRY,CREDIT,HAWAII,0
TXN01115,CUST003,138.16,2024-02-25 11:06:20,GAS_STATION,DEBIT,UTAH,0
TXN01116,CUST028,4107.46,2024-03-30 16:38:41,ELECTRONICS,CREDIT,FLORIDA,1
TXN01117,CUST031,271.13,2024-02-09 22:53:34,GROCERY,DEBIT,NEVADA,0
TXN01118,CUST030,157.27,2024-02-05 22:06:55,RESTAURANT,DEBIT,WASHINGTON,0
TXN01119,CUST048,28.08,2024-01-25 09:37:22,PHARMACY,DEBIT,HAWAII,0
TXN01120,CUST031,21.86,2024-01-13 20:00:05,COFFEE_SHOP,DEBIT,COLORADO,0
TXN01121,CUST040,1372.41,2024-03-10 20:10:02,ELECTRONICS,DEBIT,HAWAII,0
TXN01122,CUST018,9.8,2024-01-18 08:41:01,COFFEE_SHOP,DEBIT,HAWAII,0
TXN01123,CUST117,48.53,2024-03-17 13:35:52,GAS_STATION,DEBIT,MONTANA,0
TXN01124,CUST005,65.3,2024-02-19 11:26:43,PHARMACY,DEBIT,NEW_YORK,0
TXN01125,CUST039,141.85,2024-02-20 12:08:33,ATM,CREDIT,COLORADO,0
TXN01126,CUST024,15.34,2024-03-07 18:15:17,COFFEE_SHOP,CREDIT,OREGON,0
TXN01127,CUST044,158.47,2024-02-03 15:07:23,ELECTRONICS,CREDIT,OREGON,0
TXN01128,CUST039,3638.47,2024-03-02 14:27:33,JEWELRY,DEBIT,NEVADA,1
TXN01129,CUST047,41.89,2024-02-16 17:12:43,PHARMACY,CREDIT,FLORIDA,0
TXN01130,CUST020,32.78,2024-02-13 10:10:04,COFFEE_SHOP,CREDIT,OREGON,0
TXN01131,CUST012,213.41,2024-03-12 12:51:46,CLOTHING,DEBIT,CALIFORNIA,0
TXN01132,CUST023,144.98,2024-01-10 16:27:24,GAS_STATION,CREDIT,COLORADO,0
TXN01133,CUST048,64.21,2024-03-03 08:12:26,RESTAURANT,DEBIT,NEW_YORK,0
TXN01134,CUST111,357.06,2024-01-10 19:41:18,GROCERY,DEBIT,MICHIGAN,1
TXN01135,CUST115,1633.08,2024-01-03 12:05:35,ONLINE,DEBIT,ILLINOIS,1
TXN01136,CUST005,153.37,2024-01-12 13:52:41,HOTEL,DEBIT,COLORADO,0
TXN01137,CUST041,320.56,2024-01-04 15:31:24,ATM,DEBIT,UNKNOWN,0
TXN01138,CUST030,5.35,2024-03-09 16:06:35,COFFEE_SHOP,CREDIT,MONTANA,0
TXN01139,CUST043,133.64,2024-03-24 14:43:44,GAS_STATION,DEBIT,NEW_YORK,0
TXN01140,CUST044,94.23,2024-01-16 08:29:43,PHARMACY,DEBIT,MICHIGAN,0
TXN01141,CUST028,1576.16,2024-01-08 13:45:34,JEWELRY,CREDIT,NEW_YORK,0
TXN01142,CUST044,143.54,2024-01-24 08:49:12,GAS_STATION,CREDIT,HAWAII,0
TXN01143,CUST029,368.81,2024-02-13 12:09:00,HOTEL,DEBIT,NEW_YORK,0
TXN01144,CUST013,18.76,2024-01-05 16:51:25,PHARMACY,DEBIT,NEW_YORK,0
TXN01145,CUST008,121.44,2024-02-25 20:13:03,ELECTRONICS,DEBIT,HAWAII,0
TXN01146,CUST020,323.68,2024-03-02 18:00:13,GROCERY,DEBIT,NEW_YORK,0
TXN01147,CUST102,278.7,2024-01-08 08:47:05,GROCERY,DEBIT,UNKNOWN,0
TXN01148,CUST004,181.63,2024-01-04 09:26:38,RESTAURANT,DEBIT,MONTANA,0
TXN01149,CUST011,284.84,2024-02-24 09:09:44,HOTEL,DEBIT,UNKNOWN,0
TXN01150,CUST106,21.21,2024-03-20 16:10:20,GROCERY,DEBIT,TEXAS,0
TXN01151,CUST164,26.83,2024-03-06 11:27:50,COFFEE_SHOP,DEBIT,MICHIGAN,0
TXN01152,CUST023,1130.93,2024-03-22 08:26:37,ELECTRONICS,DEBIT,MICHIGAN,0
TXN01153,CUST024,84.83,2024-01-14 18:35:22,PHARMACY,CREDIT,MONTANA,0
TXN01154,CUST004,310.85,2024-03-11 16:49:08,ATM,DEBIT,WASHINGTON,0
TXN01155,CUST151,321.06,2024-03-30 17:19:40,PHARMACY,DEBIT,WASHINGTON,1
TXN01156,CUST001,493.45,2024-03-26 13:20:56,HOTEL,DEBIT,NEVADA,0
TXN01157,CUST112,305.62,2024-01-26 13:15:41,GROCERY,DEBIT,FLORIDA,0
TXN01158,CUST022,29.16,2024-02-16 18:28:59,RESTAURANT,DEBIT,MONTANA,0
TXN01159,CUST100,77.87,2024-01-19 15:03:02,PHARMACY,DEBIT,UNKNOWN,0
TXN01160,CUST016,74.24,2024-03-18 16:12:49,PHARMACY,DEBIT,ILLINOIS,0
TXN01161,CUST031,228.27,2024-01-09 22:47:52,CLOTHING,DEBIT,UNKNOWN,0
TXN01162,CUST156,522.45,2024-03-14 22:24:23,ELECTRONICS,CREDIT,NEW_YORK,0
TXN01163,CUST039,1055.48,2024-01-09 08:42:59,CLOTHING,CREDIT,TEXAS,1
TXN01164,CUST045,135.11,2024-03-08 14:11:28,GAS_STATION,CREDIT,ARIZONA,0
TXN01165,CUST035,51.41,2024-03-19 09:38:51,CLOTHING,CREDIT,MICHIGAN,0
TXN01166,CUST018,41.01,2024-03-12 18:24:47,GAS_STATION,DEBIT,TEXAS,0
TXN01167,CUST170,53.96,2024-03-30 19:17:55,ELECTRONICS,DEBIT,WASHINGTON,0
TXN01168,CUST104,181.28,2024-03-17 12:19:26,RESTAURANT,DEBIT,HAWAII,0
TXN01169,CUST122,57.84,2024-01-02 21:16:57,ELECTRONICS,CREDIT,NEVADA,0
TXN01170,CUST003,279.12,2024-03-13 18:33:07,CLOTHING,CREDIT,TEXAS,0
TXN01171,CUST001,171.03,2024-02-25 19:26:52,RESTAURANT,DEBIT,FLORIDA,0
TXN01172,CUST060,59.11,2024-02-27 20:19:00,ONLINE,CREDIT,MONTANA,0
TXN01173,CUST041,3191.61,2024-03-05 08:49:51,ONLINE,DEBIT,TEXAS,1
TXN01174,CUST029,477.8,2024-02-03 22:43:10,HOTEL,DEBIT,COLORADO,0
TXN01175,CUST050,566.65,2024-01-21 14:50:18,HOTEL,DEBIT,OREGON,1
TXN01176,CUST021,164.43,2024-02-17 12:09:11,ATM,CREDIT,MICHIGAN,0
TXN01177,CUST003,248.47,2024-01-06 11:50:54,ONLINE,CREDIT,NEW_YORK,0
TXN01178,CUST111,76.38,2024-01-09 20:58:23,PHARMACY,DEBIT,WASHINGTON,0
TXN01179,CUST042,96.02,2024-03-28 20:44:27,GAS_STATION,CREDIT,ILLINOIS,0
TXN01180,CUST049,165.37,2024-03-21 08:01:50,GROCERY,CREDIT,UTAH,0
TXN01181,CUST003,325.79,2024-01-04 12:33:16,HOTEL,DEBIT,UTAH,0
TXN01182,CUST041,115.31,2024-01-23 19:11:10,HOTEL,DEBIT,UNKNOWN,0
TXN01183,CUST025,46.54,2024-03-08 11:32:36,GAS_STATION,DEBIT,ARIZONA,0
TXN01184,CUST004,206.54,2024-01-20 10:18:15,HOTEL,DEBIT,ILLINOIS,0
TXN01185,CUST104,154.02,2024-02-09 12:19:49,RESTAURANT,CREDIT,WASHINGTON,0
TXN01186,CUST048,390.44,2024-03-15 19:25:13,HOTEL,DEBIT,NEVADA,0
TXN01187,CUST050,57.62,2024-01-01 15:10:52,ATM,CREDIT,WASHINGTON,0
TXN01188,CUST004,324.27,2024-02-02 21:25:33,ATM,DEBIT,UNKNOWN,0
TXN01189,CUST008,1365.37,2024-01-09 21:55:34,ELECTRONICS,DEBIT,HAWAII,0
TXN01190,CUST127,96.57,2024-01-23 21:24:21,PHARMACY,DEBIT,CALIFORNIA,0
TXN01191,CUST182,1363.23,2024-01-06 08:20:50,ELECTRONICS,DEBIT,HAWAII,0
TXN01192,CUST044,146.48,2024-01-15 20:04:41,CLOTHING,DEBIT,HAWAII,0
TXN01193,CUST033,47.89,2024-01-25 22:31:17,GROCERY,DEBIT,FLORIDA,0
TXN01194,CUST124,30.25,2024-01-04 14:05:14,PHARMACY,DEBIT,MONTANA,0
TXN01195,CUST020,161.01,2024-02-22 19:54:01,ATM,DEBIT,MICHIGAN,0
TXN01196,CUST030,72.05,2024-03-14 18:07:28,PHARMACY,DEBIT,NEVADA,0
TXN01197,CUST135,164.56,2024-03-11 15:29:15,HOTEL,CREDIT,HAWAII,0
TXN01198,CUST030,3010.14,2024-03-10 17:59:56,JEWELRY,CREDIT,CALIFORNIA,1
TXN01199,CUST112,104.43,2024-03-28 21:39:32,GROCERY,DEBIT,OREGON,0
TXN01200,CUST016,236.12,2024-01-11 10:38:45,HOTEL,DEBIT,FLORIDA,0
TXN01201,CUST022,73.04,2024-03-13 20:42:51,GROCERY,DEBIT,ILLINOIS,0
TXN01202,CUST034,87.56,2024-02-17 19:03:57,CLOTHING,DEBIT,CALIFORNIA,0
TXN01203,CUST036,119.89,2024-02-05 08:43:08,HOTEL,DEBIT,ARIZONA,0
TXN01204,CUST044,285.99,2024-02-28 17:35:55,HOTEL,CREDIT,UNKNOWN,0
TXN01205,CUST070,72.23,2024-01-08 13:00:11,PHARMACY,CREDIT,WASHINGTON,0
TXN01206,CUST002,239.2,2024-02-13 16:44:57,HOTEL,CREDIT,TEXAS,0
TXN01207,CUST012,297.67,2024-03-13 18:50:59,CLOTHING,DEBIT,MICHIGAN,0
TXN01208,CUST004,138.6,2024-03-26 22:06:09,HOTEL,CREDIT,ILLINOIS,0
TXN01209,CUST045,104.1,2024-01-09 16:34:22,GROCERY,CREDIT,NEVADA,0
TXN01210,CUST015,171.46,2024-03-02 20:34:13,HOTEL,DEBIT,UTAH,0
TXN01211,CUST002,346.96,2024-03-16 13:27:56,HOTEL,CREDIT,ILLINOIS,0
TXN01212,CUST018,73.01,2024-02-11 15:52:24,ONLINE,CREDIT,ILLINOIS,0
TXN01213,CUST025,79.71,2024-02-14 18:09:21,PHARMACY,CREDIT,NEW_YORK,0
TXN01214,CUST095,363.01,2024-02-08 21:48:07,CLOTHING,CREDIT,MICHIGAN,0
TXN01215,CUST017,122.89,2024-02-15 10:18:20,GAS_STATION,DEBIT,ILLINOIS,0
TXN01216,CUST025,79.91,2024-03-01 14:23:09,PHARMACY,CREDIT,ARIZONA,0
TXN01217,CUST018,149.73,2024-02-09 16:13:46,HOTEL,DEBIT,COLORADO,0
TXN01218,CUST096,138.18,2024-01-22 13:19:32,GROCERY,DEBIT,UNKNOWN,0
TXN01219,CUST173,457.18,2024-03-01 16:10:13,HOTEL,DEBIT,NEVADA,0
TXN01220,CUST019,38.56,2024-03-03 22:30:29,PHARMACY,CREDIT,WASHINGTON,0
TXN01221,CUST048,73.94,2024-02-22 17:23:46,PHARMACY,DEBIT,UNKNOWN,0
TXN01222,CUST019,1318.67,2024-01-22 09:09:00,HOTEL,CREDIT,COLORADO,1
TXN01223,CUST005,257.19,2024-03-29 13:55:53,GROCERY,DEBIT,MONTANA,0
TXN01224,CUST050,149.18,2024-02-22 22:29:04,GAS_STATION,DEBIT,FLORIDA,0
TXN01225,CUST039,109.37,2024-01-01 13:49:39,RESTAURANT,DEBIT,FLORIDA,0
TXN01226,CUST013,434.71,2024-03-08 14:10:07,HOTEL,DEBIT,MICHIGAN,1
TXN01227,CUST013,5764.24,2024-01-21 13:39:34,JEWELRY,CREDIT,NEW_YORK,1
TXN01228,CUST049,646.01,2024-03-22 16:26:24,GROCERY,CREDIT,ILLINOIS,1
TXN01229,CUST001,341.33,2024-01-09 16:48:38,GROCERY,DEBIT,FLORIDA,0
TXN01230,CUST039,16.81,2024-03-13 10:30:27,COFFEE_SHOP,DEBIT,MONTANA,0
TXN01231,CUST029,1131.32,2024-03-28 11:35:01,HOTEL,DEBIT,HAWAII,1
TXN01232,CUST010,367.76,2024-03-15 10:48:16,ATM,DEBIT,MONTANA,0
TXN01233,CUST042,116.76,2024-02-08 20:13:04,GAS_STATION,DEBIT,ILLINOIS,0
TXN01234,CUST032,81.46,2024-03-07 08:58:44,PHARMACY,DEBIT,TEXAS,0
TXN01235,CUST022,820.52,2024-02-25 21:15:17,ONLINE,DEBIT,HAWAII,1
TXN01236,CUST028,94.9,2024-03-13 12:47:00,HOTEL,DEBIT,HAWAII,0
TXN01237,CUST036,38.37,2024-02-05 08:41:40,GAS_STATION,CREDIT,CALIFORNIA,0
TXN01238,CUST021,800.77,2024-02-04 22:47:53,ELECTRONICS,DEBIT,OREGON,0
TXN01239,CUST026,7960.56,2024-01-26 18:06:24,JEWELRY,CREDIT,WASHINGTON,1
TXN01240,CUST014,137.63,2024-02-22 22:22:04,RESTAURANT,DEBIT,FLORIDA,0
TXN01241,CUST035,211.32,2024-01-27 19:50:38,GROCERY,DEBIT,TEXAS,1
TXN01242,CUST178,586.35,2024-03-14 13:40:00,ONLINE,DEBIT,HAWAII,0
TXN01243,CUST021,470.16,2024-03-26 21:57:13,ATM,DEBIT,NEW_YORK,0
TXN01244,CUST196,53.0,2024-01-15 19:14:43,RESTAURANT,DEBIT,MONTANA,0
TXN01245,CUST022,55.78,2024-03-22 17:12:36,CLOTHING,DEBIT,MICHIGAN,0
TXN01246,CUST033,270.55,2024-03-26 20:02:27,GROCERY,CREDIT,COLORADO,0
TXN01247,CUST013,635.53,2024-01-19 08:22:34,ONLINE,DEBIT,TEXAS,0
TXN01248,CUST003,82.11,2024-01-05 11:53:40,ATM,DEBIT,ILLINOIS,0
TXN01249,CUST154,126.97,2024-02-14 17:17:36,GAS_STATION,DEBIT,NEW_YORK,0
TXN01250,CUST168,619.17,2024-03-29 10:55:00,RESTAURANT,DEBIT,ARIZONA,1
TXN01251,CUST089,7642.4,2024-03-18 15:05:33,JEWELRY,DEBIT,UTAH,1
TXN01252,CUST004,176.81,2024-02-10 09:21:38,GAS_STATION,DEBIT,UNKNOWN,1
TXN01253,CUST035,76.14,2024-01-02 13:00:49,PHARMACY,DEBIT,WASHINGTON,0
TXN01254,CUST003,3594.93,2024-02-07 11:08:21,JEWELRY,DEBIT,TEXAS,1
TXN01255,CUST084,61.78,2024-02-10 11:57:18,PHARMACY,DEBIT,MICHIGAN,0
TXN01256,CUST018,36.17,2024-03-18 10:02:54,COFFEE_SHOP,CREDIT,NEW_YORK,0
TXN01257,CUST024,1198.89,2024-01-04 10:45:15,CLOTHING,CREDIT,MONTANA,1
TXN01258,CUST028,53.09,2024-01-26 10:19:38,RESTAURANT,DEBIT,TEXAS,0
TXN01259,CUST020,987.76,2024-02-01 15:13:22,CLOTHING,DEBIT,UNKNOWN,1
TXN01260,CUST014,146.75,2024-03-29 08:15:57,GROCERY,DEBIT,CALIFORNIA,0
TXN01261,CUST159,6156.13,2024-02-24 18:22:04,JEWELRY,DEBIT,NEW_YORK,1
TXN01262,CUST124,38.64,2024-02-18 10:36:50,CLOTHING,DEBIT,TEXAS,0
TXN01263,CUST028,89.13,2024-03-18 15:52:16,RESTAURANT,DEBIT,ILLINOIS,0
TXN01264,CUST012,1644.29,2024-03-11 21:56:45,JEWELRY,DEBIT,OREGON,0
TXN01265,CUST021,129.1,2024-01-31 11:02:29,GAS_STATION,DEBIT,CALIFORNIA,0
TXN01266,CUST017,967.69,2024-01-31 12:01:38,JEWELRY,DEBIT,CALIFORNIA,0
TXN01267,CUST042,525.13,2024-02-09 19:31:14,ONLINE,DEBIT,ARIZONA,0
TXN01268,CUST165,34.58,2024-03-18 20:15:03,COFFEE_SHOP,CREDIT,ARIZONA,0
TXN01269,CUST167,222.61,2024-03-06 16:21:22,HOTEL,DEBIT,UNKNOWN,0
TXN01270,CUST045,35.59,2024-01-20 21:28:57,PHARMACY,CREDIT,MONTANA,0
TXN01271,CUST048,108.12,2024-03-15 17:19:46,GROCERY,DEBIT,CALIFORNIA,0
TXN01272,CUST022,41.44,2024-02-26 12:56:21,PHARMACY,DEBIT,NEVADA,0
TXN01273,CUST192,337.22,2024-02-23 21:27:32,HOTEL,DEBIT,CALIFORNIA,0
TXN01274,CUST004,2747.46,2024-02-25 12:19:40,ONLINE,DEBIT,NEW_YORK,1
TXN01275,CUST025,149.97,2024-03-01 09:36:46,CLOTHING,DEBIT,CALIFORNIA,0
TXN01276,CUST116,162.0,2024-02-28 12:40:59,ONLINE,DEBIT,CALIFORNIA,0
TXN01277,CUST179,75.58,2024-02-23 20:14:09,GAS_STATION,DEBIT,UNKNOWN,0
TXN01278,CUST096,382.7,2024-02-19 09:59:40,CLOTHING,DEBIT,ARIZONA,0
TXN01279,CUST027,131.2,2024-03-23 14:32:39,RESTAURANT,DEBIT,OREGON,0
TXN01280,CUST016,1139.24,2024-02-19 13:27:06,HOTEL,DEBIT,CALIFORNIA,1
TXN01281,CUST018,272.6,2024-01-14 16:25:44,ATM,DEBIT,ARIZONA,0
TXN01282,CUST009,95.05,2024-01-15 09:52:52,GAS_STATION,DEBIT,UNKNOWN,0
TXN01283,CUST098,5119.8,2024-02-07 19:27:31,ELECTRONICS,DEBIT,UTAH,1
TXN01284,CUST034,327.4,2024-02-09 21:51:31,ATM,CREDIT,HAWAII,0
TXN01285,CUST026,998.3,2024-02-07 22:23:05,ELECTRONICS,DEBIT,ARIZONA,0
TXN01286,CUST032,1286.48,2024-02-07 09:41:17,JEWELRY,CREDIT,TEXAS,0
TXN01287,CUST185,755.82,2024-03-29 12:45:02,ELECTRONICS,DEBIT,MICHIGAN,0
TXN01288,CUST045,297.96,2024-01-24 22:00:29,HOTEL,DEBIT,WASHINGTON,0
TXN01289,CUST095,81.72,2024-02-09 16:24:51,GAS_STATION,DEBIT,CALIFORNIA,0
TXN01290,CUST046,174.04,2024-01-12 19:46:38,ONLINE,DEBIT,NEW_YORK,0
TXN01291,CUST005,147.74,2024-01-01 08:27:35,ONLINE,DEBIT,CALIFORNIA,0
TXN01292,CUST038,444.6,2024-01-17 20:20:29,ATM,DEBIT,MONTANA,0
TXN01293,CUST027,1056.82,2024-01-02 20:05:29,CLOTHING,CREDIT,WASHINGTON,1
TXN01294,CUST046,3383.09,2024-02-06 20:10:36,JEWELRY,CREDIT,NEW_YORK,1
TXN01295,CUST033,134.84,2024-02-01 16:06:25,GROCERY,DEBIT,NEW_YORK,0
TXN01296,CUST179,1531.45,2024-03-29 13:00:43,JEWELRY,DEBIT,UTAH,0
TXN01297,CUST114,118.49,2024-02-06 16:20:44,ONLINE,DEBIT,NEW_YORK,0
TXN01298,CUST083,136.86,2024-01-24 08:00:38,GAS_STATION,DEBIT,MICHIGAN,0
TXN01299,CUST091,1185.93,2024-03-26 16:29:25,ELECTRONICS,DEBIT,NEW_YORK,0
TXN01300,CUST001,191.69,2024-03-20 22:30:26,GROCERY,DEBIT,ARIZONA,0
TXN01301,CUST034,156.35,2024-02-06 16:45:34,HOTEL,CREDIT,CALIFORNIA,0
TXN01302,CUST002,98.37,2024-02-04 14:43:05,RESTAURANT,DEBIT,UNKNOWN,0
TXN01303,CUST006,677.04,2024-03-12 08:02:30,ONLINE,CREDIT,TEXAS,0
TXN01304,CUST039,77.4,2024-02-01 21:06:12,ATM,CREDIT,CALIFORNIA,0
TXN01305,CUST046,613.67,2024-02-01 18:23:44,ONLINE,DEBIT,NEW_YORK,0
TXN01306,CUST038,5438.56,2024-02-04 08:29:57,ELECTRONICS,CREDIT,TEXAS,1
TXN01307,CUST033,4305.49,2024-03-22 11:19:27,JEWELRY,DEBIT,ARIZONA,1
TXN01308,CUST043,20.49,2024-02-20 15:17:00,COFFEE_SHOP,DEBIT,UNKNOWN,0
TXN01309,CUST091,14.58,2024-02-09 20:34:42,COFFEE_SHOP,DEBIT,COLORADO,0
TXN01310,CUST033,281.88,2024-01-06 12:47:28,ONLINE,DEBIT,WASHINGTON,0
TXN01311,CUST034,1603.84,2024-01-17 15:25:35,ONLINE,DEBIT,UTAH,1
TXN01312,CUST032,68.45,2024-01-01 15:46:07,PHARMACY,CREDIT,CALIFORNIA,0
TXN01313,CUST015,5691.78,2024-03-10 22:16:27,ELECTRONICS,CREDIT,WASHINGTON,1
TXN01314,CUST009,46.78,2024-02-15 12:22:02,PHARMACY,DEBIT,NEVADA,0
TXN01315,CUST026,122.72,2024-03-12 09:42:06,CLOTHING,DEBIT,ARIZONA,0
TXN01316,CUST023,22.07,2024-03-29 18:40:13,COFFEE_SHOP,CREDIT,HAWAII,0
TXN01317,CUST084,1471.23,2024-03-10 09:03:59,HOTEL,CREDIT,UTAH,1
TXN01318,CUST045,29.98,2024-01-16 17:24:46,COFFEE_SHOP,DEBIT,CALIFORNIA,0
TXN01319,CUST036,1912.78,2024-01-01 20:29:19,JEWELRY,DEBIT,WASHINGTON,0
TXN01320,CUST049,315.47,2024-02-27 09:39:53,GROCERY,CREDIT,NEW_YORK,0
TXN01321,CUST014,103.88,2024-01-04 19:34:12,RESTAURANT,CREDIT,HAWAII,0
TXN01322,CUST044,3217.47,2024-02-23 11:03:03,ONLINE,DEBIT,UNKNOWN,1
TXN01323,CUST185,101.01,2024-03-27 15:26:56,GAS_STATION,CREDIT,FLORIDA,0
TXN01324,CUST001,26.44,2024-03-08 22:20:11,PHARMACY,DEBIT,NEVADA,0
TXN01325,CUST042,124.17,2024-02-12 15:06:34,RESTAURANT,DEBIT,UNKNOWN,0
TXN01326,CUST003,1215.91,2024-03-03 11:57:23,ELECTRONICS,DEBIT,MICHIGAN,0
TXN01327,CUST020,1447.04,2024-01-19 11:33:58,JEWELRY,DEBIT,MICHIGAN,0
TXN01328,CUST018,280.29,2024-03-20 21:30:15,CLOTHING,DEBIT,HAWAII,0
TXN01329,CUST002,132.7,2024-03-03 17:56:43,RESTAURANT,CREDIT,COLORADO,0
TXN01330,CUST018,387.85,2024-03-25 19:54:43,ATM,CREDIT,CALIFORNIA,0
TXN01331,CUST038,1698.72,2024-01-07 15:24:24,JEWELRY,CREDIT,COLORADO,0
TXN01332,CUST028,333.1,2024-03-01 17:38:12,GROCERY,CREDIT,UNKNOWN,0
TXN01333,CUST034,128.95,2024-02-21 12:59:42,GAS_STATION,DEBIT,FLORIDA,0
TXN01334,CUST009,45.27,2024-01-29 21:48:51,PHARMACY,DEBIT,OREGON,0
TXN01335,CUST047,118.16,2024-03-04 21:41:55,CLOTHING,DEBIT,NEW_YORK,0
TXN01336,CUST033,63.17,2024-03-28 20:45:55,PHARMACY,DEBIT,TEXAS,0
TXN01337,CUST040,85.7,2024-03-30 18:34:57,ATM,DEBIT,NEVADA,0
TXN01338,CUST037,370.31,2024-02-15 09:40:14,JEWELRY,CREDIT,NEVADA,0
TXN01339,CUST192,242.9,2024-02-02 10:07:40,ATM,DEBIT,WASHINGTON,0
TXN01340,CUST174,1135.07,2024-03-18 18:30:10,ELECTRONICS,DEBIT,MICHIGAN,0
TXN01341,CUST027,25.7,2024-01-25 11:51:43,RESTAURANT,DEBIT,HAWAII,0
TXN01342,CUST072,186.68,2024-01-31 15:21:22,CLOTHING,DEBIT,FLORIDA,0
TXN01343,CUST033,66.0,2024-02-08 20:53:33,PHARMACY,DEBIT,HAWAII,0
TXN01344,CUST124,321.62,2024-01-20 12:52:04,HOTEL,DEBIT,OREGON,0
TXN01345,CUST037,1018.34,2024-01-13 16:17:15,ELECTRONICS,DEBIT,NEW_YORK,0
TXN01346,CUST122,32.9,2024-03-16 16:04:20,COFFEE_SHOP,DEBIT,WASHINGTON,0
TXN01347,CUST045,273.31,2024-03-09 14:00:02,CLOTHING,DEBIT,HAWAII,0
TXN01348,CUST017,489.34,2024-03-09 16:35:00,ONLINE,CREDIT,NEW_YORK,0
TXN01349,CUST037,79.23,2024-03-22 09:13:42,GAS_STATION,CREDIT,TEXAS,0
TXN01350,CUST024,206.93,2024-03-22 08:17:32,PHARMACY,DEBIT,CALIFORNIA,1
TXN01351,CUST040,368.23,2024-03-04 21:44:36,ATM,DEBIT,ILLINOIS,0
TXN01352,CUST019,399.82,2024-02-03 15:42:19,ATM,DEBIT,OREGON,0
TXN01353,CUST014,73.35,2024-03-03 21:02:33,RESTAURANT,CREDIT,MICHIGAN,0
TXN01354,CUST192,353.91,2024-03-02 10:23:41,JEWELRY,DEBIT,MICHIGAN,0
TXN01355,CUST047,617.01,2024-03-16 22:39:07,JEWELRY,DEBIT,NEW_YORK,0
TXN01356,CUST041,802.45,2024-03-29 17:42:19,JEWELRY,DEBIT,NEW_YORK,0
TXN01357,CUST116,82.41,2024-03-05 19:14:36,RESTAURANT,DEBIT,WASHINGTON,0
TXN01358,CUST010,354.75,2024-01-30 10:21:12,HOTEL,CREDIT,CALIFORNIA,0
TXN01359,CUST014,674.08,2024-01-27 15:41:41,ONLINE,CREDIT,NEVADA,0
TXN01360,CUST025,89.6,2024-03-15 11:25:35,PHARMACY,CREDIT,MICHIGAN,0
TXN01361,CUST030,59.87,2024-02-16 09:56:44,PHARMACY,DEBIT,HAWAII,0
TXN01362,CUST035,99.91,2024-01-07 22:11:49,GROCERY,DEBIT,WASHINGTON,0
TXN01363,CUST047,729.48,2024-01-15 16:50:29,ONLINE,DEBIT,ILLINOIS,0
TXN01364,CUST015,486.03,2024-02-14 17:38:07,HOTEL,CREDIT,COLORADO,0
TXN01365,CUST009,203.19,2024-03-08 10:29:54,ELECTRONICS,CREDIT,TEXAS,0
TXN01366,CUST042,706.87,2024-02-06 22:32:24,ONLINE,DEBIT,WASHINGTON,0
TXN01367,CUST024,201.22,2024-02-16 17:59:20,HOTEL,DEBIT,NEVADA,0
TXN01368,CUST037,1068.12,2024-02-18 09:01:35,ELECTRONICS,DEBIT,UNKNOWN,0
TXN01369,CUST072,420.48,2024-03-03 13:30:39,GAS_STATION,CREDIT,ILLINOIS,1
TXN01370,CUST123,374.67,2024-01-05 09:07:25,PHARMACY,DEBIT,UTAH,1
TXN01371,CUST016,30.04,2024-01-06 08:11:04,COFFEE_SHOP,DEBIT,COLORADO,0
TXN01372,CUST039,256.44,2024-02-12 13:43:24,GAS_STATION,DEBIT,WASHINGTON,1
TXN01373,CUST011,337.69,2024-03-02 12:01:22,HOTEL,DEBIT,CALIFORNIA,0
TXN01374,CUST044,528.78,2024-02-13 19:33:27,ELECTRONICS,DEBIT,COLORADO,0
TXN01375,CUST033,84.44,2024-01-24 18:56:00,PHARMACY,DEBIT,NEVADA,0
TXN01376,CUST084,254.38,2024-01-25 21:17:09,HOTEL,DEBIT,WASHINGTON,0
TXN01377,CUST031,456.28,2024-03-20 11:22:22,ATM,DEBIT,UNKNOWN,0
TXN01378,CUST041,33.72,2024-01-05 09:33:25,PHARMACY,CREDIT,MONTANA,0
TXN01379,CUST012,98.0,2024-01-17 14:53:05,PHARMACY,DEBIT,COLORADO,0
TXN01380,CUST004,237.54,2024-02-15 22:38:13,CLOTHING,DEBIT,HAWAII,1
TXN01381,CUST116,235.73,2024-01-15 15:24:16,COFFEE_SHOP,DEBIT,UNKNOWN,1
TXN01382,CUST022,366.62,2024-03-06 14:58:22,JEWELRY,CREDIT,MICHIGAN,0
TXN01383,CUST168,244.05,2024-02-01 14:54:57,CLOTHING,CREDIT,UTAH,0
TXN01384,CUST005,376.01,2024-01-10 20:39:38,CLOTHING,DEBIT,TEXAS,0
TXN01385,CUST007,278.37,2024-03-18 13:57:18,CLOTHING,DEBIT,WASHINGTON,0
TXN01386,CUST029,51.84,2024-02-06 14:23:50,GAS_STATION,CREDIT,UNKNOWN,0
TXN01387,CUST013,243.6,2024-01-04 11:27:17,GROCERY,CREDIT,CALIFORNIA,0
TXN01388,CUST025,1782.16,2024-03-30 20:08:18,JEWELRY,CREDIT,MONTANA,0
TXN01389,CUST005,355.32,2024-01-20 10:34:00,ATM,DEBIT,MONTANA,0
TXN01390,CUST008,119.17,2024-02-10 08:08:06,GAS_STATION,CREDIT,UNKNOWN,0
TXN01391,CUST115,3081.03,2024-01-17 20:54:45,JEWELRY,DEBIT,CALIFORNIA,1
TXN01392,CUST197,279.76,2024-01-17 12:24:13,CLOTHING,DEBIT,UTAH,0
TXN01393,CUST058,18.66,2024-02-01 22:45:01,PHARMACY,DEBIT,HAWAII,0
TXN01394,CUST153,1454.53,2024-01-31 18:26:50,ELECTRONICS,CREDIT,FLORIDA,0
TXN01395,CUST055,92.05,2024-01-24 08:01:02,PHARMACY,DEBIT,NEVADA,0
TXN01396,CUST049,98.11,2024-01-09 16:29:16,PHARMACY,CREDIT,FLORIDA,0
TXN01397,CUST014,6.21,2024-02-17 14:19:44,COFFEE_SHOP,CREDIT,UNKNOWN,0
TXN01398,CUST047,126.09,2024-03-27 16:04:14,ATM,CREDIT,OREGON,0
TXN01399,CUST029,1040.85,2024-03-22 09:28:45,HOTEL,CREDIT,FLORIDA,1
TXN01400,CUST043,1239.2,2024-01-07 16:52:55,JEWELRY,DEBIT,WASHINGTON,0
TXN01401,CUST026,612.48,2024-02-23 17:11:56,ONLINE,CREDIT,CALIFORNIA,0
TXN01402,CUST006,465.68,2024-02-22 18:46:33,ATM,DEBIT,COLORADO,0
TXN01403,CUST021,28.7,2024-02-05 10:36:37,COFFEE_SHOP,CREDIT,NEVADA,0
TXN01404,CUST020,874.03,2024-01-01 09:10:25,ELECTRONICS,CREDIT,MONTANA,0
TXN01405,CUST029,1487.15,2024-01-23 19:40:15,JEWELRY,DEBIT,UTAH,0
TXN01406,CUST023,34.61,2024-01-02 20:53:46,COFFEE_SHOP,DEBIT,COLORADO,0
TXN01407,CUST001,779.58,2024-03-09 11:54:20,ONLINE,DEBIT,CALIFORNIA,0
TXN01408,CUST018,4995.2,2024-01-15 10:09:02,ELECTRONICS,DEBIT,ILLINOIS,1
TXN01409,CUST049,87.35,2024-01-12 16:52:12,RESTAURANT,CREDIT,COLORADO,0
TXN01410,CUST049,687.8,2024-01-03 20:34:21,ELECTRONICS,DEBIT,MICHIGAN,0
TXN01411,CUST063,1652.84,2024-02-17 18:46:04,JEWELRY,DEBIT,FLORIDA,0
TXN01412,CUST007,1238.81,2024-01-04 20:15:41,JEWELRY,DEBIT,NEVADA,0
TXN01413,CUST002,60.52,2024-02-01 17:18:57,PHARMACY,DEBIT,CALIFORNIA,0
TXN01414,CUST025,152.39,2024-01-25 08:31:07,GROCERY,CREDIT,ILLINOIS,0
TXN01415,CUST052,384.65,2024-01-10 12:54:51,HOTEL,CREDIT,MICHIGAN,1
TXN01416,CUST010,122.85,2024-03-07 09:59:27,RESTAURANT,DEBIT,NEW_YORK,0
TXN01417,CUST014,15.49,2024-03-30 22:33:38,COFFEE_SHOP,DEBIT,COLORADO,0
TXN01418,CUST046,393.7,2024-01-11 11:36:22,HOTEL,CREDIT,ARIZONA,0
TXN01419,CUST047,278.88,2024-02-28 08:33:18,HOTEL,DEBIT,FLORIDA,0
TXN01420,CUST035,37.77,2024-01-16 20:45:26,GAS_STATION,DEBIT,NEVADA,0
TXN01421,CUST050,9.97,2024-02-14 16:27:42,COFFEE_SHOP,DEBIT,HAWAII,0
TXN01422,CUST020,91.4,2024-02-19 22:04:43,GROCERY,CREDIT,NEVADA,0
TXN01423,CUST003,13.58,2024-03-16 11:35:02,COFFEE_SHOP,DEBIT,COLORADO,0
TXN01424,CUST019,149.16,2024-01-23 19:28:11,ATM,CREDIT,CALIFORNIA,0
TXN01425,CUST046,165.36,2024-01-03 21:43:28,ELECTRONICS,DEBIT,TEXAS,0
TXN01426,CUST018,1132.77,2024-03-18 22:56:11,JEWELRY,CREDIT,ARIZONA,0
TXN01427,CUST011,467.18,2024-02-09 18:42:15,ATM,DEBIT,MICHIGAN,0
TXN01428,CUST047,71.76,2024-03-24 21:23:37,ELECTRONICS,DEBIT,COLORADO,0
TXN01429,CUST017,479.05,2024-03-25 08:52:42,ATM,DEBIT,FLORIDA,0
TXN01430,CUST046,53.1,2024-01-20 11:35:52,PHARMACY,DEBIT,ILLINOIS,0
TXN01431,CUST067,1353.07,2024-01-14 08:49:22,JEWELRY,DEBIT,NEW_YORK,0
TXN01432,CUST080,1977.19,2024-01-17 15:07:36,JEWELRY,CREDIT,UNKNOWN,1
TXN01433,CUST003,29.34,2024-02-19 10:03:59,ATM,DEBIT,MICHIGAN,0
TXN01434,CUST066,651.49,2024-01-05 17:01:52,JEWELRY,CREDIT,CALIFORNIA,0
TXN01435,CUST045,347.47,2024-01-21 09:57:15,GROCERY,CREDIT,WASHINGTON,0
TXN01436,CUST012,172.57,2024-02-12 17:48:39,RESTAURANT,DEBIT,WASHINGTON,0
TXN01437,CUST050,294.27,2024-01-12 17:29:42,CLOTHING,DEBIT,OREGON,0
TXN01438,CUST112,59.78,2024-03-01 08:51:15,ONLINE,DEBIT,NEW_YORK,0
TXN01439,CUST033,283.54,2024-01-07 15:29:06,GROCERY,DEBIT,COLORADO,0
TXN01440,CUST114,894.31,2024-02-28 16:31:33,ELECTRONICS,DEBIT,OREGON,1
TXN01441,CUST010,5041.36,2024-02-05 11:16:13,JEWELRY,DEBIT,HAWAII,1
TXN01442,CUST026,2924.75,2024-01-28 17:43:51,ONLINE,DEBIT,ILLINOIS,1
TXN01443,CUST092,3397.38,2024-03-09 13:57:13,ONLINE,DEBIT,NEW_YORK,1
TXN01444,CUST029,57.29,2024-03-15 22:34:44,RESTAURANT,DEBIT,HAWAII,0
TXN01445,CUST037,189.42,2024-02-07 11:41:02,CLOTHING,DEBIT,ILLINOIS,0
TXN01446,CUST039,139.32,2024-01-13 08:09:48,RESTAURANT,DEBIT,ARIZONA,0
TXN01447,CUST018,339.51,2024-01-09 21:51:30,CLOTHING,DEBIT,FLORIDA,0
TXN01448,CUST032,484.15,2024-02-05 19:04:13,ATM,DEBIT,NEW_YORK,0
TXN01449,CUST115,292.48,2024-03-24 17:07:50,CLOTHING,DEBIT,FLORIDA,0
TXN01450,CUST050,349.13,2024-01-29 10:43:50,GROCERY,DEBIT,TEXAS,0
TXN01451,CUST035,204.25,2024-02-22 18:23:17,ATM,DEBIT,OREGON,0
TXN01452,CUST035,184.38,2024-01-04 08:31:42,CLOTHING,DEBIT,UTAH,0
TXN01453,CUST007,205.66,2024-01-29 12:47:46,ATM,DEBIT,UTAH,0
TXN01454,CUST043,60.72,2024-01-23 08:41:14,RESTAURANT,CREDIT,FLORIDA,0
TXN01455,CUST187,190.93,2024-01-31 22:51:10,RESTAURANT,DEBIT,OREGON,0
TXN01456,CUST034,40.87,2024-02-07 14:03:33,GAS_STATION,DEBIT,ILLINOIS,0
TXN01457,CUST044,85.77,2024-02-27 21:23:46,PHARMACY,DEBIT,TEXAS,0
TXN01458,CUST028,64.21,2024-01-24 14:28:44,GROCERY,CREDIT,HAWAII,0
TXN01459,CUST020,48.41,2024-03-30 09:40:13,PHARMACY,DEBIT,UTAH,0
TXN01460,CUST050,130.01,2024-01-30 10:16:07,GAS_STATION,DEBIT,COLORADO,0
TXN01461,CUST014,99.24,2024-02-05 13:46:14,ONLINE,CREDIT,CALIFORNIA,0
TXN01462,CUST098,256.59,2024-03-13 09:33:54,GROCERY,DEBIT,NEVADA,0
TXN01463,CUST017,52.12,2024-02-05 20:34:35,GAS_STATION,CREDIT,TEXAS,0
TXN01464,CUST123,46.67,2024-01-28 18:03:14,PHARMACY,DEBIT,NEW_YORK,0
TXN01465,CUST175,652.84,2024-03-26 17:40:20,JEWELRY,DEBIT,ILLINOIS,0
TXN01466,CUST077,1282.7,2024-03-05 19:58:32,ELECTRONICS,CREDIT,MICHIGAN,0
TXN01467,CUST177,379.47,2024-01-24 13:30:40,CLOTHING,CREDIT,FLORIDA,0
TXN01468,CUST005,1704.63,2024-03-04 10:25:57,JEWELRY,DEBIT,NEW_YORK,0
TXN01469,CUST150,171.94,2024-02-15 18:20:25,RESTAURANT,DEBIT,NEVADA,0
TXN01470,CUST004,213.59,2024-03-13 09:14:25,ONLINE,DEBIT,HAWAII,0
TXN01471,CUST002,133.95,2024-02-03 21:37:02,ATM,DEBIT,MONTANA,0
TXN01472,CUST041,173.94,2024-02-23 08:51:47,ELECTRONICS,CREDIT,ILLINOIS,0
TXN01473,CUST019,114.93,2024-02-13 20:44:29,CLOTHING,DEBIT,NEVADA,0
TXN01474,CUST155,40.71,2024-02-02 14:09:09,PHARMACY,DEBIT,ILLINOIS,0
TXN01475,CUST021,998.64,2024-03-02 17:03:01,ELECTRONICS,CREDIT,ARIZONA,0
TXN01476,CUST024,256.25,2024-01-28 15:02:09,ELECTRONICS,DEBIT,WASHINGTON,0
TXN01477,CUST085,61.61,2024-01-22 19:43:55,CLOTHING,DEBIT,CALIFORNIA,0
TXN01478,CUST011,3146.41,2024-03-12 17:14:50,ONLINE,DEBIT,FLORIDA,1
TXN01479,CUST040,201.17,2024-03-17 20:29:53,ATM,DEBIT,NEVADA,0
TXN01480,CUST025,97.02,2024-03-20 16:50:50,GAS_STATION,DEBIT,OREGON,0
TXN01481,CUST026,399.37,2024-01-28 17:58:55,ATM,CREDIT,UTAH,0
TXN01482,CUST008,110.06,2024-01-21 12:36:20,GAS_STATION,DEBIT,CALIFORNIA,0
TXN01483,CUST196,22.82,2024-03-09 16:10:26,GROCERY,DEBIT,ARIZONA,0
TXN01484,CUST108,792.43,2024-03-14 20:19:57,HOTEL,DEBIT,FLORIDA,1
TXN01485,CUST048,1470.65,2024-01-21 17:16:57,ELECTRONICS,CREDIT,NEVADA,0
TXN01486,CUST026,186.46,2024-01-07 08:51:46,RESTAURANT,CREDIT,MICHIGAN,0
TXN01487,CUST041,222.47,2024-03-05 09:41:14,RESTAURANT,DEBIT,MICHIGAN,1
TXN01488,CUST059,15.58,2024-02-03 12:26:14,RESTAURANT,DEBIT,COLORADO,0
TXN01489,CUST003,3085.4,2024-02-21 22:36:06,ELECTRONICS,CREDIT,WASHINGTON,1
TXN01490,CUST175,787.0,2024-02-15 08:54:18,ONLINE,DEBIT,COLORADO,0
TXN01491,CUST004,5902.99,2024-02-16 12:11:42,JEWELRY,DEBIT,UTAH,1
TXN01492,CUST028,6716.78,2024-01-13 21:24:48,JEWELRY,DEBIT,TEXAS,1
TXN01493,CUST045,95.8,2024-03-03 18:34:20,HOTEL,CREDIT,FLORIDA,0
TXN01494,CUST011,697.99,2024-02-10 19:52:19,HOTEL,DEBIT,FLORIDA,1
TXN01495,CUST179,73.63,2024-01-03 09:21:58,ONLINE,DEBIT,FLORIDA,0
TXN01496,CUST037,62.78,2024-02-03 15:38:36,GAS_STATION,CREDIT,UNKNOWN,0
TXN01497,CUST066,58.63,2024-01-08 20:54:32,RESTAURANT,CREDIT,FLORIDA,0
TXN01498,CUST034,21.32,2024-02-14 12:39:01,RESTAURANT,DEBIT,CALIFORNIA,0
TXN01499,CUST029,1152.18,2024-02-07 11:16:41,ELECTRONICS,DEBIT,UNKNOWN,0
TXN01500,CUST084,175.62,2024-02-21 17:34:51,CLOTHING,DEBIT,WASHINGTON,0
TXN01501,CUST052,515.74,2024-03-04 14:04:33,ONLINE,DEBIT,UTAH,0
TXN01502,CUST032,394.07,2024-02-22 16:43:19,CLOTHING,DEBIT,HAWAII,0
TXN01503,CUST025,109.66,2024-02-25 17:25:03,ATM,DEBIT,TEXAS,0
TXN01504,CUST049,26.93,2024-01-21 11:07:36,GROCERY,CREDIT,NEW_YORK,0
TXN01505,CUST023,577.4,2024-02-29 17:24:05,ONLINE,DEBIT,TEXAS,0
TXN01506,CUST048,417.22,2024-01-04 14:58:02,HOTEL,DEBIT,OREGON,0
TXN01507,CUST034,98.06,2024-03-03 19:12:58,PHARMACY,CREDIT,OREGON,0
TXN01508,CUST083,1021.25,2024-03-17 18:24:26,HOTEL,DEBIT,OREGON,1
TXN01509,CUST089,130.92,2024-03-04 15:12:00,RESTAURANT,CREDIT,UTAH,0
TXN01510,CUST044,104.41,2024-02-22 18:56:29,CLOTHING,DEBIT,NEVADA,0
TXN01511,CUST022,58.29,2024-02-03 16:13:25,CLOTHING,DEBIT,NEW_YORK,0
TXN01512,CUST034,66.31,2024-01-07 18:06:39,GROCERY,DEBIT,NEVADA,0
TXN01513,CUST042,330.9,2024-02-12 11:18:22,HOTEL,DEBIT,MONTANA,0
TXN01514,CUST129,1795.17,2024-01-31 18:11:03,JEWELRY,CREDIT,MICHIGAN,0
TXN01515,CUST048,1130.05,2024-03-14 18:24:24,JEWELRY,DEBIT,HAWAII,0
TXN01516,CUST018,13.03,2024-03-23 19:52:32,COFFEE_SHOP,CREDIT,TEXAS,0
TXN01517,CUST004,572.36,2024-01-13 20:44:10,ONLINE,DEBIT,HAWAII,0
TXN01518,CUST002,47.55,2024-01-10 21:55:53,COFFEE_SHOP,CREDIT,ILLINOIS,0
TXN01519,CUST031,36.69,2024-02-03 22:35:14,PHARMACY,DEBIT,MICHIGAN,0
TXN01520,CUST011,348.47,2024-02-04 16:03:27,HOTEL,DEBIT,NEVADA,0
TXN01521,CUST038,273.93,2024-01-01 19:00:30,GROCERY,CREDIT,MONTANA,0
TXN01522,CUST039,1786.05,2024-03-17 13:08:39,JEWELRY,DEBIT,MONTANA,0
TXN01523,CUST043,1278.16,2024-03-18 18:26:50,ELECTRONICS,DEBIT,TEXAS,0
TXN01524,CUST013,30.0,2024-02-03 14:55:34,RESTAURANT,DEBIT,OREGON,0
TXN01525,CUST030,111.92,2024-01-10 15:19:08,GAS_STATION,CREDIT,UNKNOWN,0
TXN01526,CUST038,5777.72,2024-02-03 10:58:48,ELECTRONICS,CREDIT,ARIZONA,1
TXN01527,CUST047,11.02,2024-02-06 10:14:02,COFFEE_SHOP,DEBIT,NEVADA,0
TXN01528,CUST100,147.13,2024-01-31 17:02:18,GAS_STATION,DEBIT,MICHIGAN,0
TXN01529,CUST019,300.73,2024-01-07 08:46:47,HOTEL,CREDIT,CALIFORNIA,0
TXN01530,CUST073,332.66,2024-03-25 12:53:07,GROCERY,DEBIT,TEXAS,0
TXN01531,CUST007,2402.61,2024-02-13 09:11:43,ELECTRONICS,DEBIT,ARIZONA,1
TXN01532,CUST001,406.96,2024-01-06 15:05:33,ATM,DEBIT,MONTANA,0
TXN01533,CUST027,32.13,2024-01-25 08:48:56,COFFEE_SHOP,DEBIT,ARIZONA,0
TXN01534,CUST031,35.66,2024-02-25 17:26:42,COFFEE_SHOP,CREDIT,NEW_YORK,0
TXN01535,CUST023,377.53,2024-03-25 17:27:03,CLOTHING,DEBIT,NEVADA,0
TXN01536,CUST148,439.56,2024-03-22 11:12:42,ATM,DEBIT,UTAH,0
TXN01537,CUST136,1382.78,2024-03-18 20:05:22,ELECTRONICS,DEBIT,MICHIGAN,0
TXN01538,CUST129,2318.45,2024-03-29 09:12:12,ONLINE,CREDIT,ARIZONA,1
TXN01539,CUST003,113.63,2024-03-12 18:54:44,GAS_STATION,DEBIT,UTAH,0
TXN01540,CUST038,270.7,2024-01-28 15:16:46,COFFEE_SHOP,CREDIT,ARIZONA,1
TXN01541,CUST012,152.97,2024-02-10 12:59:27,GROCERY,DEBIT,OREGON,0
TXN01542,CUST030,260.64,2024-01-31 22:32:18,HOTEL,DEBIT,TEXAS,0
TXN01543,CUST009,42.21,2024-01-14 18:14:46,CLOTHING,CREDIT,TEXAS,0
TXN01544,CUST006,233.96,2024-03-04 22:41:11,HOTEL,CREDIT,NEW_YORK,0
TXN01545,CUST110,1932.09,2024-01-09 18:27:30,ONLINE,DEBIT,WASHINGTON,1
TXN01546,CUST003,40.56,2024-03-18 22:09:19,COFFEE_SHOP,DEBIT,TEXAS,0
TXN01547,CUST055,157.12,2024-02-20 12:39:06,GROCERY,DEBIT,TEXAS,0
TXN01548,CUST037,133.13,2024-03-02 09:31:39,ATM,CREDIT,OREGON,0
TXN01549,CUST018,247.93,2024-01-23 14:38:42,CLOTHING,DEBIT,FLORIDA,0
TXN01550,CUST025,32.06,2024-03-19 20:21:39,PHARMACY,CREDIT,HAWAII,0
TXN01551,CUST039,1250.96,2024-01-25 20:57:42,ELECTRONICS,DEBIT,UTAH,0
TXN01552,CUST027,425.29,2024-03-07 08:12:07,HOTEL,CREDIT,ARIZONA,1
TXN01553,CUST106,377.12,2024-01-29 15:28:46,HOTEL,CREDIT,UNKNOWN,0
TXN01554,CUST011,95.08,2024-01-09 14:09:00,GAS_STATION,DEBIT,UNKNOWN,0
TXN01555,CUST193,231.64,2024-01-03 11:28:52,HOTEL,DEBIT,UTAH,0
TXN01556,CUST023,285.85,2024-03-05 15:09:57,HOTEL,CREDIT,MICHIGAN,0
TXN01557,CUST004,43.78,2024-01-03 14:05:12,GAS_STATION,DEBIT,OREGON,0
TXN01558,CUST011,25.14,2024-02-28 11:05:52,PHARMACY,DEBIT,COLORADO,0
TXN01559,CUST027,299.06,2024-02-05 18:40:58,GROCERY,DEBIT,COLORADO,0
TXN01560,CUST001,245.5,2024-01-23 09:33:05,CLOTHING,DEBIT,FLORIDA,0
TXN01561,CUST006,146.28,2024-02-10 13:19:39,ONLINE,DEBIT,NEW_YORK,0
TXN01562,CUST016,106.88,2024-02-25 16:47:30,GAS_STATION,DEBIT,ARIZONA,0
TXN01563,CUST193,1452.11,2024-01-22 13:59:35,JEWELRY,DEBIT,ARIZONA,0
TXN01564,CUST020,82.96,2024-03-05 15:15:47,CLOTHING,DEBIT,COLORADO,0
TXN01565,CUST001,1152.39,2024-03-24 19:27:38,ELECTRONICS,DEBIT,HAWAII,0
TXN01566,CUST184,71.24,2024-03-02 17:44:01,GAS_STATION,CREDIT,UNKNOWN,0
TXN01567,CUST012,113.37,2024-02-01 21:14:28,RESTAURANT,DEBIT,MONTANA,0
TXN01568,CUST039,54.55,2024-03-10 09:16:39,PHARMACY,DEBIT,MONTANA,0
TXN01569,CUST101,605.57,2024-02-01 20:27:02,RESTAURANT,CREDIT,ILLINOIS,1
TXN01570,CUST008,8.55,2024-03-07 12:31:39,COFFEE_SHOP,DEBIT,NEW_YORK,0
TXN01571,CUST052,3390.84,2024-03-15 20:26:19,JEWELRY,CREDIT,MONTANA,1
TXN01572,CUST009,2169.17,2024-02-29 17:46:25,ONLINE,DEBIT,UTAH,1
TXN01573,CUST026,415.8,2024-03-19 21:22:55,GAS_STATION,DEBIT,UTAH,1
TXN01574,CUST011,78.94,2024-02-19 22:06:37,PHARMACY,DEBIT,UNKNOWN,0
TXN01575,CUST039,53.17,2024-01-11 08:59:38,CLOTHING,CREDIT,OREGON,0
TXN01576,CUST023,1167.36,2024-02-16 13:18:10,CLOTHING,DEBIT,FLORIDA,1
TXN01577,CUST035,165.49,2024-01-16 09:08:44,ELECTRONICS,DEBIT,ARIZONA,0
TXN01578,CUST051,988.84,2024-03-04 18:50:34,HOTEL,DEBIT,FLORIDA,1
TXN01579,CUST038,3538.43,2024-01-07 15:39:46,ELECTRONICS,DEBIT,TEXAS,1
TXN01580,CUST102,231.59,2024-02-02 15:07:37,GROCERY,DEBIT,WASHINGTON,0
TXN01581,CUST007,265.82,2024-02-12 17:18:00,ELECTRONICS,DEBIT,COLORADO,0
TXN01582,CUST021,200.05,2024-01-19 15:03:09,ELECTRONICS,DEBIT,CALIFORNIA,0
TXN01583,CUST142,442.13,2024-01-21 08:36:12,ONLINE,CREDIT,ARIZONA,0
TXN01584,CUST044,2157.3,2024-01-16 14:02:43,JEWELRY,DEBIT,NEW_YORK,1
TXN01585,CUST043,341.51,2024-03-14 08:25:55,CLOTHING,DEBIT,NEVADA,0
TXN01586,CUST034,232.29,2024-02-26 11:09:25,CLOTHING,DEBIT,CALIFORNIA,0
TXN01587,CUST042,417.0,2024-01-01 22:19:31,ATM,DEBIT,COLORADO,0
TXN01588,CUST039,11.86,2024-02-19 15:31:02,PHARMACY,CREDIT,OREGON,0
TXN01589,CUST028,81.79,2024-03-21 08:17:05,PHARMACY,DEBIT,CALIFORNIA,0
TXN01590,CUST111,28.67,2024-01-09 09:13:03,PHARMACY,DEBIT,UNKNOWN,0
TXN01591,CUST033,950.21,2024-03-12 15:21:37,JEWELRY,DEBIT,HAWAII,0
TXN01592,CUST022,448.46,2024-03-08 19:41:11,ATM,CREDIT,TEXAS,0
TXN01593,CUST004,37.68,2024-01-02 08:32:28,COFFEE_SHOP,DEBIT,WASHINGTON,0
TXN01594,CUST004,35.13,2024-03-24 18:25:12,GAS_STATION,DEBIT,MONTANA,0
TXN01595,CUST040,25.16,2024-03-16 17:18:33,COFFEE_SHOP,CREDIT,ILLINOIS,0
TXN01596,CUST047,199.93,2024-03-01 12:39:54,ONLINE,DEBIT,MONTANA,0
TXN01597,CUST011,78.96,2024-01-28 16:14:49,PHARMACY,CREDIT,CALIFORNIA,0
TXN01598,CUST026,18.92,2024-03-05 19:18:33,COFFEE_SHOP,DEBIT,NEW_YORK,0
TXN01599,CUST007,330.01,2024-03-02 10:58:50,ONLINE,CREDIT,HAWAII,0
TXN01600,CUST002,161.56,2024-03-06 14:06:45,GROCERY,CREDIT,COLORADO,0
TXN01601,CUST003,354.81,2024-01-22 13:10:08,CLOTHING,DEBIT,NEW_YORK,0
TXN01602,CUST021,316.67,2024-01-23 13:12:13,GROCERY,CREDIT,MICHIGAN,0
TXN01603,CUST009,152.22,2024-01-27 09:30:38,RESTAURANT,DEBIT,WASHINGTON,0
TXN01604,CUST011,670.34,2024-01-26 18:49:31,ONLINE,DEBIT,COLORADO,0
TXN01605,CUST042,2588.85,2024-01-26 15:05:43,ELECTRONICS,CREDIT,MONTANA,1
TXN01606,CUST027,919.53,2024-02-17 13:36:20,ELECTRONICS,DEBIT,COLORADO,0
TXN01607,CUST040,631.94,2024-01-23 15:28:47,ONLINE,CREDIT,ARIZONA,0
TXN01608,CUST022,290.7,2024-03-28 08:05:05,GROCERY,DEBIT,HAWAII,0
TXN01609,CUST024,50.71,2024-02-18 13:23:14,RESTAURANT,DEBIT,COLORADO,0
TXN01610,CUST002,120.83,2024-01-06 09:09:45,CLOTHING,DEBIT,ARIZONA,0
TXN01611,CUST050,37.04,2024-01-30 11:19:29,ONLINE,CREDIT,CALIFORNIA,0
TXN01612,CUST025,22.69,2024-03-21 21:24:17,COFFEE_SHOP,DEBIT,UNKNOWN,0
TXN01613,CUST050,201.18,2024-02-10 16:01:59,GROCERY,CREDIT,HAWAII,0
TXN01614,CUST008,23.26,2024-03-12 21:09:14,PHARMACY,DEBIT,COLORADO,0
TXN01615,CUST119,146.81,2024-03-05 13:32:07,HOTEL,DEBIT,ARIZONA,0
TXN01616,CUST019,82.67,2024-01-13 16:05:38,HOTEL,DEBIT,WASHINGTON,0
TXN01617,CUST032,14.19,2024-02-21 09:30:47,COFFEE_SHOP,DEBIT,TEXAS,0
TXN01618,CUST047,7.3,2024-03-22 12:19:41,COFFEE_SHOP,DEBIT,CALIFORNIA,0
TXN01619,CUST027,1937.31,2024-01-03 18:56:11,JEWELRY,DEBIT,MONTANA,0
TXN01620,CUST017,41.92,2024-02-18 16:13:12,GAS_STATION,DEBIT,UNKNOWN,0
TXN01621,CUST001,157.47,2024-02-10 12:46:48,HOTEL,DEBIT,CALIFORNIA,0
TXN01622,CUST029,140.22,2024-01-06 17:57:07,RESTAURANT,DEBIT,NEVADA,0
TXN01623,CUST099,99.41,2024-03-21 14:43:15,ATM,DEBIT,ILLINOIS,0
TXN01624,CUST027,30.89,2024-02-06 14:53:05,COFFEE_SHOP,DEBIT,NEVADA,0
TXN01625,CUST016,21.29,2024-02-02 12:33:02,COFFEE_SHOP,DEBIT,HAWAII,0
TXN01626,CUST017,105.7,2024-01-29 08:08:34,GAS_STATION,DEBIT,ARIZONA,0
TXN01627,CUST118,745.97,2024-03-03 12:42:39,ELECTRONICS,DEBIT,OREGON,0
TXN01628,CUST002,25.15,2024-01-09 19:31:48,CLOTHING,CREDIT,MONTANA,0
TXN01629,CUST032,81.58,2024-01-04 11:18:34,RESTAURANT,DEBIT,UTAH,0
TXN01630,CUST043,1064.33,2024-03-11 12:22:42,HOTEL,DEBIT,MICHIGAN,1
TXN01631,CUST049,12.14,2024-03-03 08:17:26,PHARMACY,DEBIT,COLORADO,0
TXN01632,CUST040,46.11,2024-02-12 12:11:17,PHARMACY,CREDIT,ILLINOIS,0
TXN01633,CUST022,5797.83,2024-02-08 13:52:35,JEWELRY,CREDIT,TEXAS,1
TXN01634,CUST042,849.74,2024-01-22 21:33:32,ELECTRONICS,CREDIT,HAWAII,1
TXN01635,CUST057,1221.44,2024-01-03 16:05:43,ELECTRONICS,DEBIT,UNKNOWN,1
TXN01636,CUST046,183.02,2024-01-18 08:21:56,CLOTHING,DEBIT,OREGON,0
TXN01637,CUST038,75.22,2024-01-27 14:23:35,GAS_STATION,CREDIT,ARIZONA,0
TXN01638,CUST016,241.22,2024-02-09 16:40:03,HOTEL,CREDIT,UNKNOWN,0
TXN01639,CUST021,7.05,2024-01-03 18:21:31,COFFEE_SHOP,DEBIT,FLORIDA,0
TXN01640,CUST002,30.79,2024-01-20 17:48:24,CLOTHING,DEBIT,FLORIDA,0
TXN01641,CUST040,24.57,2024-02-25 09:38:36,COFFEE_SHOP,CREDIT,MICHIGAN,0
TXN01642,CUST025,191.28,2024-03-05 09:33:21,RESTAURANT,CREDIT,WASHINGTON,0
TXN01643,CUST031,269.27,2024-01-25 11:07:36,CLOTHING,CREDIT,UTAH,0
TXN01644,CUST042,768.81,2024-01-15 19:34:23,HOTEL,DEBIT,UNKNOWN,1
TXN01645,CUST037,85.89,2024-03-28 15:06:13,PHARMACY,CREDIT,NEVADA,0
TXN01646,CUST010,88.72,2024-03-26 16:16:44,PHARMACY,DEBIT,NEVADA,0
TXN01647,CUST037,26.25,2024-02-29 15:21:52,COFFEE_SHOP,DEBIT,NEW_YORK,0
TXN01648,CUST146,44.54,2024-03-18 16:16:26,ATM,DEBIT,WASHINGTON,0
TXN01649,CUST049,297.28,2024-02-25 14:55:06,HOTEL,CREDIT,WASHINGTON,0
TXN01650,CUST013,561.47,2024-03-21 14:20:20,ONLINE,DEBIT,COLORADO,0
TXN01651,CUST141,25.35,2024-02-11 12:59:16,CLOTHING,DEBIT,UTAH,0
TXN01652,CUST012,448.63,2024-03-05 19:20:42,JEWELRY,DEBIT,ARIZONA,0
TXN01653,CUST021,113.67,2024-03-13 18:54:01,GAS_STATION,CREDIT,OREGON,0
TXN01654,CUST151,198.89,2024-03-16 22:51:53,CLOTHING,DEBIT,ILLINOIS,0
TXN01655,CUST004,156.65,2024-02-22 10:14:37,RESTAURANT,CREDIT,ILLINOIS,0
TXN01656,CUST011,1178.27,2024-01-28 16:50:07,JEWELRY,DEBIT,NEW_YORK,0
TXN01657,CUST047,355.78,2024-03-10 08:39:51,JEWELRY,DEBIT,CALIFORNIA,0
TXN01658,CUST053,138.9,2024-01-11 13:33:02,CLOTHING,DEBIT,CALIFORNIA,0
TXN01659,CUST044,117.08,2024-02-28 21:58:21,RESTAURANT,DEBIT,ARIZONA,0
TXN01660,CUST007,198.4,2024-03-01 17:45:06,COFFEE_SHOP,DEBIT,ARIZONA,1
TXN01661,CUST025,469.84,2024-03-20 17:47:54,ATM,CREDIT,OREGON,0
TXN01662,CUST038,4939.63,2024-02-29 22:59:39,ONLINE,DEBIT,UTAH,1
TXN01663,CUST078,319.16,2024-01-02 22:00:21,GROCERY,CREDIT,HAWAII,0
TXN01664,CUST012,92.35,2024-01-30 10:39:30,GAS_STATION,CREDIT,COLORADO,0
TXN01665,CUST011,69.38,2024-03-24 14:13:30,ATM,DEBIT,TEXAS,0
TXN01666,CUST021,437.88,2024-02-21 15:32:05,HOTEL,DEBIT,MONTANA,0
TXN01667,CUST048,50.57,2024-02-24 22:59:28,GROCERY,DEBIT,COLORADO,0
TXN01668,CUST009,44.61,2024-01-21 09:37:12,COFFEE_SHOP,DEBIT,ARIZONA,0
TXN01669,CUST021,943.01,2024-03-16 22:17:33,JEWELRY,DEBIT,OREGON,0
TXN01670,CUST021,83.32,2024-01-06 10:29:16,PHARMACY,DEBIT,HAWAII,0
TXN01671,CUST020,404.04,2024-02-21 11:12:42,ONLINE,CREDIT,MICHIGAN,0
TXN01672,CUST003,245.33,2024-02-18 15:40:29,PHARMACY,DEBIT,FLORIDA,1
TXN01673,CUST032,41.78,2024-03-18 22:57:16,ATM,DEBIT,MICHIGAN,0
TXN01674,CUST186,453.01,2024-02-19 20:02:09,ATM,CREDIT,COLORADO,0
TXN01675,CUST004,748.23,2024-01-17 16:37:13,ONLINE,CREDIT,MONTANA,0
TXN01676,CUST045,476.09,2024-03-08 12:20:18,ATM,DEBIT,UNKNOWN,0
TXN01677,CUST032,86.32,2024-02-26 20:15:59,GROCERY,DEBIT,MONTANA,0
TXN01678,CUST037,6817.07,2024-02-20 16:56:46,JEWELRY,CREDIT,COLORADO,1
TXN01679,CUST138,548.03,2024-02-16 13:25:47,ONLINE,DEBIT,ILLINOIS,0
TXN01680,CUST019,258.13,2024-01-24 10:10:58,HOTEL,DEBIT,MONTANA,0
TXN01681,CUST009,1308.69,2024-03-25 11:44:02,JEWELRY,DEBIT,OREGON,0
TXN01682,CUST012,482.99,2024-03-30 19:50:46,HOTEL,DEBIT,MONTANA,0
TXN01683,CUST015,879.91,2024-01-03 21:32:11,ELECTRONICS,DEBIT,CALIFORNIA,0
TXN01684,CUST029,962.15,2024-03-17 15:34:03,ELECTRONICS,CREDIT,WASHINGTON,0
TXN01685,CUST004,249.87,2024-03-02 22:38:58,CLOTHING,CREDIT,NEW_YORK,0
TXN01686,CUST012,305.84,2024-01-07 12:24:46,ELECTRONICS,DEBIT,FLORIDA,0
TXN01687,CUST032,84.26,2024-01-16 19:41:23,RESTAURANT,CREDIT,CALIFORNIA,0
TXN01688,CUST024,5.8,2024-02-18 14:14:40,COFFEE_SHOP,DEBIT,NEVADA,0
TXN01689,CUST097,3412.6,2024-02-21 20:13:30,ELECTRONICS,DEBIT,UNKNOWN,1
TXN01690,CUST034,457.75,2024-03-02 21:35:27,CLOTHING,DEBIT,TEXAS,1
TXN01691,CUST190,123.55,2024-02-15 16:37:51,GAS_STATION,CREDIT,MONTANA,0
TXN01692,CUST047,124.73,2024-02-18 20:38:13,GROCERY,DEBIT,MICHIGAN,0
TXN01693,CUST041,3515.63,2024-01-20 13:29:31,ELECTRONICS,CREDIT,NEVADA,1
TXN01694,CUST037,108.99,2024-03-20 10:05:23,ATM,DEBIT,ILLINOIS,0
TXN01695,CUST060,265.75,2024-01-05 14:58:48,CLOTHING,DEBIT,NEVADA,0
TXN01696,CUST003,1537.38,2024-02-17 09:01:30,JEWELRY,CREDIT,COLORADO,0
TXN01697,CUST047,27.09,2024-03-13 17:52:55,PHARMACY,DEBIT,COLORADO,0
TXN01698,CUST005,50.57,2024-01-10 18:26:24,GAS_STATION,DEBIT,WASHINGTON,0
TXN01699,CUST010,601.54,2024-03-09 22:43:22,RESTAURANT,DEBIT,NEW_YORK,1
TXN01700,CUST078,113.7,2024-01-07 21:41:00,GAS_STATION,CREDIT,WASHINGTON,0
TXN01701,CUST082,27.67,2024-01-20 14:30:26,GAS_STATION,DEBIT,UTAH,0
TXN01702,CUST105,1743.02,2024-02-03 10:44:01,JEWELRY,CREDIT,HAWAII,0
TXN01703,CUST015,32.49,2024-01-07 17:44:54,COFFEE_SHOP,DEBIT,UNKNOWN,0
TXN01704,CUST040,46.02,2024-01-17 21:46:35,PHARMACY,DEBIT,OREGON,0
TXN01705,CUST036,188.14,2024-02-12 18:33:34,ELECTRONICS,DEBIT,NEVADA,0
TXN01706,CUST014,97.67,2024-03-25 13:37:41,CLOTHING,DEBIT,CALIFORNIA,0
TXN01707,CUST044,392.18,2024-03-09 15:06:47,ONLINE,CREDIT,OREGON,0
TXN01708,CUST091,87.83,2024-02-18 19:09:58,COFFEE_SHOP,DEBIT,WASHINGTON,1
TXN01709,CUST023,20.92,2024-01-12 20:07:18,PHARMACY,CREDIT,COLORADO,0
TXN01710,CUST033,597.13,2024-01-27 17:29:26,ELECTRONICS,CREDIT,MICHIGAN,0
TXN01711,CUST026,307.43,2024-01-01 22:41:38,CLOTHING,CREDIT,HAWAII,0
TXN01712,CUST004,350.87,2024-02-15 20:45:18,HOTEL,CREDIT,ILLINOIS,0
TXN01713,CUST050,349.63,2024-03-24 19:59:22,CLOTHING,CREDIT,NEW_YORK,0
TXN01714,CUST032,107.65,2024-02-28 15:34:09,ATM,CREDIT,WASHINGTON,0
TXN01715,CUST021,181.17,2024-03-22 14:32:41,HOTEL,CREDIT,ILLINOIS,0
TXN01716,CUST020,271.84,2024-01-18 17:38:20,ATM,DEBIT,FLORIDA,0
TXN01717,CUST149,790.96,2024-02-13 19:01:45,JEWELRY,DEBIT,HAWAII,0
TXN01718,CUST047,155.39,2024-02-08 18:45:30,CLOTHING,CREDIT,WASHINGTON,0
TXN01719,CUST046,575.41,2024-03-02 12:09:45,ELECTRONICS,CREDIT,ARIZONA,0
TXN01720,CUST040,44.59,2024-02-28 16:35:44,PHARMACY,CREDIT,CALIFORNIA,0
TXN01721,CUST013,338.47,2024-03-09 21:09:16,ATM,DEBIT,ILLINOIS,0
TXN01722,CUST047,53.32,2024-01-15 11:17:11,PHARMACY,DEBIT,UTAH,0
TXN01723,CUST175,143.58,2024-02-12 14:47:18,ONLINE,DEBIT,UNKNOWN,0
TXN01724,CUST167,205.22,2024-03-20 20:37:08,JEWELRY,DEBIT,COLORADO,0
TXN01725,CUST010,303.37,2024-03-10 13:54:07,ATM,DEBIT,CALIFORNIA,0
TXN01726,CUST018,58.89,2024-02-28 11:24:09,GAS_STATION,CREDIT,MICHIGAN,0
TXN01727,CUST012,308.97,2024-03-25 17:00:34,GROCERY,DEBIT,FLORIDA,0
TXN01728,CUST010,19.44,2024-03-02 21:04:27,PHARMACY,DEBIT,WASHINGTON,0
TXN01729,CUST036,267.29,2024-01-08 20:16:49,GROCERY,DEBIT,UNKNOWN,0
TXN01730,CUST040,89.07,2024-03-14 15:32:12,PHARMACY,CREDIT,UTAH,0
TXN01731,CUST187,505.34,2024-01-02 12:09:06,HOTEL,CREDIT,ILLINOIS,1
TXN01732,CUST049,51.42,2024-01-21 12:32:56,GAS_STATION,DEBIT,COLORADO,0
TXN01733,CUST158,109.63,2024-02-15 20:53:55,HOTEL,CREDIT,MONTANA,0
TXN01734,CUST032,118.44,2024-01-16 09:44:19,ONLINE,DEBIT,WASHINGTON,0
TXN01735,CUST023,141.2,2024-01-31 19:56:43,GAS_STATION,DEBIT,CALIFORNIA,0
TXN01736,CUST028,144.69,2024-02-03 12:34:18,GAS_STATION,DEBIT,WASHINGTON,0
TXN01737,CUST124,66.58,2024-02-20 10:04:21,PHARMACY,DEBIT,UNKNOWN,0
TXN01738,CUST012,172.31,2024-03-03 20:08:59,RESTAURANT,DEBIT,UNKNOWN,0
TXN01739,CUST163,147.88,2024-02-21 15:40:08,GAS_STATION,DEBIT,NEVADA,0
TXN01740,CUST026,29.9,2024-01-12 20:52:18,PHARMACY,DEBIT,HAWAII,0
TXN01741,CUST125,147.23,2024-03-15 09:13:12,RESTAURANT,DEBIT,MICHIGAN,0
TXN01742,CUST158,7.38,2024-02-10 10:37:23,COFFEE_SHOP,CREDIT,NEW_YORK,0
TXN01743,CUST032,1589.05,2024-02-03 11:17:21,JEWELRY,DEBIT,MICHIGAN,0
TXN01744,CUST048,175.57,2024-01-23 11:24:14,RESTAURANT,CREDIT,COLORADO,0
TXN01745,CUST048,173.25,2024-01-26 22:53:30,GROCERY,CREDIT,OREGON,0
TXN01746,CUST047,94.22,2024-02-13 14:42:08,PHARMACY,DEBIT,UTAH,0
TXN01747,CUST046,137.3,2024-01-03 11:34:05,CLOTHING,DEBIT,UTAH,0
TXN01748,CUST034,38.5,2024-01-22 18:50:44,COFFEE_SHOP,DEBIT,NEW_YORK,0
TXN01749,CUST034,667.32,2024-01-16 20:58:39,ONLINE,CREDIT,OREGON,0
TXN01750,CUST093,4977.37,2024-02-01 17:08:36,ONLINE,DEBIT,NEVADA,1
TXN01751,CUST172,404.79,2024-03-18 08:23:16,HOTEL,CREDIT,NEVADA,0
TXN01752,CUST179,117.23,2024-02-17 15:06:56,GAS_STATION,DEBIT,OREGON,0
TXN01753,CUST005,6883.15,2024-01-28 20:59:13,JEWELRY,DEBIT,OREGON,1
TXN01754,CUST036,929.35,2024-01-23 15:33:56,GROCERY,DEBIT,NEW_YORK,1
TXN01755,CUST151,48.86,2024-02-04 12:55:30,PHARMACY,DEBIT,NEVADA,0
TXN01756,CUST020,592.21,2024-02-22 17:32:26,ONLINE,DEBIT,NEW_YORK,0
TXN01757,CUST046,465.77,2024-01-29 18:10:59,ATM,DEBIT,NEVADA,0
TXN01758,CUST049,252.62,2024-01-25 13:24:06,CLOTHING,DEBIT,UNKNOWN,0
TXN01759,CUST037,157.69,2024-01-03 13:30:25,RESTAURANT,CREDIT,FLORIDA,0
TXN01760,CUST027,233.73,2024-02-27 21:17:21,ONLINE,DEBIT,UTAH,0
TXN01761,CUST029,198.38,2024-02-19 13:58:16,HOTEL,DEBIT,OREGON,0
TXN01762,CUST119,65.98,2024-03-24 10:52:10,PHARMACY,DEBIT,HAWAII,0
TXN01763,CUST034,210.13,2024-03-02 20:16:05,GROCERY,CREDIT,MONTANA,0
TXN01764,CUST023,32.75,2024-02-04 14:01:48,GAS_STATION,DEBIT,WASHINGTON,0
TXN01765,CUST031,15.9,2024-02-25 14:07:46,PHARMACY,CREDIT,FLORIDA,0
TXN01766,CUST005,1850.77,2024-02-15 13:51:16,JEWELRY,CREDIT,TEXAS,0
TXN01767,CUST144,473.0,2024-02-09 08:29:37,ATM,DEBIT,UTAH,0
TXN01768,CUST047,296.62,2024-01-05 18:23:06,HOTEL,DEBIT,MONTANA,0
TXN01769,CUST145,441.93,2024-01-16 10:41:44,HOTEL,DEBIT,HAWAII,0
TXN01770,CUST045,69.92,2024-02-25 10:48:51,CLOTHING,CREDIT,UTAH,0
TXN01771,CUST011,196.0,2024-02-24 19:54:08,CLOTHING,DEBIT,UNKNOWN,0
TXN01772,CUST040,36.84,2024-03-01 21:19:20,ONLINE,DEBIT,UTAH,0
TXN01773,CUST045,6633.8,2024-03-12 19:26:59,JEWELRY,DEBIT,MONTANA,1
TXN01774,CUST004,116.97,2024-03-04 08:52:33,GAS_STATION,DEBIT,MONTANA,0
TXN01775,CUST174,238.79,2024-01-10 17:19:55,GROCERY,DEBIT,ILLINOIS,0
TXN01776,CUST002,209.32,2024-01-14 19:51:07,HOTEL,DEBIT,UTAH,0
TXN01777,CUST001,462.43,2024-01-31 11:00:26,ONLINE,DEBIT,FLORIDA,0
TXN01778,CUST035,145.47,2024-02-05 08:47:04,HOTEL,DEBIT,NEVADA,0
TXN01779,CUST014,448.79,2024-01-19 22:09:01,ATM,CREDIT,ILLINOIS,0
TXN01780,CUST002,353.87,2024-01-06 20:44:44,CLOTHING,DEBIT,MONTANA,0
TXN01781,CUST037,475.65,2024-01-24 18:47:53,HOTEL,CREDIT,OREGON,0
TXN01782,CUST050,35.23,2024-02-20 15:51:31,PHARMACY,DEBIT,OREGON,0
TXN01783,CUST106,36.46,2024-01-12 20:12:23,PHARMACY,DEBIT,ARIZONA,0
TXN01784,CUST193,647.57,2024-01-14 13:56:23,ONLINE,DEBIT,MICHIGAN,0
TXN01785,CUST032,4921.57,2024-02-25 11:56:19,ELECTRONICS,DEBIT,NEW_YORK,1
TXN01786,CUST004,2996.84,2024-01-04 21:59:17,ONLINE,CREDIT,OREGON,1
TXN01787,CUST048,131.98,2024-03-18 20:26:27,GAS_STATION,DEBIT,MONTANA,0
TXN01788,CUST025,70.59,2024-01-01 19:36:15,CLOTHING,DEBIT,COLORADO,0
TXN01789,CUST022,473.73,2024-02-18 22:48:03,HOTEL,CREDIT,MICHIGAN,0
TXN01790,CUST008,309.26,2024-02-05 10:46:49,GROCERY,DEBIT,FLORIDA,0
TXN01791,CUST018,76.84,2024-01-25 11:50:46,GAS_STATION,DEBIT,HAWAII,0
TXN01792,CUST055,3355.98,2024-03-12 22:22:24,JEWELRY,DEBIT,MICHIGAN,1
TXN01793,CUST045,184.69,2024-01-30 10:55:17,RESTAURANT,DEBIT,NEW_YORK,0
TXN01794,CUST047,199.99,2024-01-22 21:23:15,CLOTHING,DEBIT,TEXAS,0
TXN01795,CUST049,162.23,2024-02-20 10:56:56,RESTAURANT,DEBIT,OREGON,0
TXN01796,CUST048,1601.55,2024-02-29 17:31:09,JEWELRY,CREDIT,NEW_YORK,0
TXN01797,CUST008,22.0,2024-01-03 20:34:24,PHARMACY,DEBIT,MICHIGAN,0
TXN01798,CUST038,77.51,2024-01-09 13:19:39,RESTAURANT,DEBIT,NEW_YORK,0
TXN01799,CUST050,391.1,2024-02-09 15:25:29,HOTEL,DEBIT,ARIZONA,0
TXN01800,CUST044,20.48,2024-01-05 10:51:20,COFFEE_SHOP,DEBIT,NEVADA,0
TXN01801,CUST041,1855.01,2024-02-17 10:28:12,JEWELRY,DEBIT,TEXAS,0
TXN01802,CUST040,187.77,2024-02-19 14:50:40,RESTAURANT,DEBIT,MICHIGAN,0
TXN01803,CUST103,565.55,2024-01-31 17:28:43,GAS_STATION,DEBIT,MICHIGAN,1
TXN01804,CUST082,885.14,2024-02-26 22:55:11,GROCERY,DEBIT,UTAH,1
TXN01805,CUST029,42.31,2024-02-22 20:01:33,GAS_STATION,CREDIT,HAWAII,0
TXN01806,CUST093,122.22,2024-03-16 12:26:39,RESTAURANT,DEBIT,HAWAII,0
TXN01807,CUST030,332.97,2024-02-09 11:45:25,GROCERY,CREDIT,OREGON,0
TXN01808,CUST008,363.51,2024-01-01 12:54:31,HOTEL,DEBIT,CALIFORNIA,0
TXN01809,CUST022,30.84,2024-01-25 22:39:17,COFFEE_SHOP,DEBIT,OREGON,0
TXN01810,CUST020,221.79,2024-02-02 22:43:47,CLOTHING,DEBIT,ILLINOIS,0
TXN01811,CUST011,71.16,2024-01-12 14:04:09,PHARMACY,DEBIT,ARIZONA,0
TXN01812,CUST043,396.5,2024-02-13 14:55:54,HOTEL,DEBIT,WASHINGTON,0
TXN01813,CUST024,36.57,2024-02-28 14:15:24,GAS_STATION,CREDIT,COLORADO,0
TXN01814,CUST007,298.92,2024-02-12 11:18:48,CLOTHING,CREDIT,HAWAII,0
TXN01815,CUST029,656.09,2024-03-10 21:24:46,ONLINE,CREDIT,MONTANA,0
TXN01816,CUST110,170.41,2024-01-13 20:00:44,RESTAURANT,DEBIT,UTAH,0
TXN01817,CUST006,30.38,2024-02-05 15:25:04,COFFEE_SHOP,DEBIT,MONTANA,0
TXN01818,CUST030,1094.13,2024-02-27 18:09:10,HOTEL,DEBIT,CALIFORNIA,1
TXN01819,CUST036,492.97,2024-01-18 12:04:17,JEWELRY,DEBIT,MICHIGAN,0
TXN01820,CUST037,294.79,2024-02-29 18:49:19,ATM,DEBIT,TEXAS,0
TXN01821,CUST034,255.2,2024-01-08 17:34:15,HOTEL,DEBIT,TEXAS,0
TXN01822,CUST005,146.86,2024-02-06 12:22:25,GROCERY,CREDIT,NEW_YORK,0
TXN01823,CUST014,212.16,2024-03-25 21:22:20,GROCERY,DEBIT,FLORIDA,0
TXN01824,CUST006,668.78,2024-01-10 14:52:13,JEWELRY,DEBIT,WASHINGTON,0
TXN01825,CUST023,72.6,2024-03-02 12:29:02,PHARMACY,DEBIT,NEVADA,0
TXN01826,CUST048,104.6,2024-03-19 12:50:12,ONLINE,DEBIT,TEXAS,0
TXN01827,CUST022,259.32,2024-01-17 11:20:22,GROCERY,DEBIT,ILLINOIS,0
TXN01828,CUST118,5541.28,2024-02-09 14:44:38,ELECTRONICS,DEBIT,ILLINOIS,1
TXN01829,CUST042,1360.3,2024-02-29 11:44:42,JEWELRY,DEBIT,UTAH,0
TXN01830,CUST023,58.63,2024-02-08 13:09:46,RESTAURANT,DEBIT,OREGON,0
TXN01831,CUST003,567.24,2024-01-25 18:22:19,ELECTRONICS,DEBIT,NEW_YORK,0
TXN01832,CUST038,118.94,2024-03-26 14:35:32,GAS_STATION,DEBIT,ARIZONA,0
TXN01833,CUST059,1399.96,2024-03-07 12:15:45,HOTEL,CREDIT,MICHIGAN,1
TXN01834,CUST002,65.82,2024-02-18 21:56:25,GROCERY,DEBIT,ILLINOIS,0
TXN01835,CUST152,6333.08,2024-01-07 11:55:26,JEWELRY,DEBIT,ILLINOIS,1
TXN01836,CUST001,1787.98,2024-02-02 09:18:53,JEWELRY,CREDIT,CALIFORNIA,0
TXN01837,CUST026,14.65,2024-02-01 18:37:08,COFFEE_SHOP,CREDIT,CALIFORNIA,0
TXN01838,CUST008,45.83,2024-03-07 12:56:04,RESTAURANT,DEBIT,UNKNOWN,0
TXN01839,CUST005,652.69,2024-02-09 22:21:19,ELECTRONICS,CREDIT,MONTANA,0
TXN01840,CUST047,592.84,2024-02-22 12:37:44,ONLINE,DEBIT,UNKNOWN,0
TXN01841,CUST036,324.83,2024-01-19 10:47:19,ATM,CREDIT,UTAH,0
TXN01842,CUST035,355.86,2024-02-05 12:11:38,ATM,DEBIT,TEXAS,0
TXN01843,CUST031,205.22,2024-01-11 18:09:37,HOTEL,DEBIT,NEVADA,0
TXN01844,CUST029,24.31,2024-01-13 19:26:30,GROCERY,DEBIT,NEVADA,0
TXN01845,CUST021,841.56,2024-01-06 12:12:56,ELECTRONICS,DEBIT,CALIFORNIA,1
TXN01846,CUST048,16.6,2024-02-02 18:40:28,PHARMACY,DEBIT,COLORADO,0
TXN01847,CUST004,55.4,2024-01-27 18:37:28,GAS_STATION,CREDIT,MICHIGAN,0
TXN01848,CUST024,737.21,2024-03-21 12:38:49,ELECTRONICS,CREDIT,FLORIDA,0
TXN01849,CUST194,58.73,2024-03-22 15:02:34,RESTAURANT,DEBIT,HAWAII,0
TXN01850,CUST092,80.95,2024-03-26 13:40:41,PHARMACY,CREDIT,ARIZONA,0
TXN01851,CUST006,37.68,2024-02-10 14:31:06,COFFEE_SHOP,DEBIT,HAWAII,0
TXN01852,CUST033,664.96,2024-03-24 19:37:49,ELECTRONICS,DEBIT,TEXAS,0
TXN01853,CUST050,36.72,2024-03-05 18:12:40,COFFEE_SHOP,DEBIT,MONTANA,0
TXN01854,CUST073,52.51,2024-02-04 09:04:43,RESTAURANT,DEBIT,UNKNOWN,0
TXN01855,CUST012,366.07,2024-02-28 10:51:10,ELECTRONICS,DEBIT,TEXAS,0
TXN01856,CUST126,170.59,2024-03-17 22:14:17,RESTAURANT,DEBIT,OREGON,0
TXN01857,CUST027,24.56,2024-02-20 14:28:30,COFFEE_SHOP,DEBIT,HAWAII,0
TXN01858,CUST080,310.79,2024-01-27 18:28:50,ATM,CREDIT,CALIFORNIA,0
TXN01859,CUST033,436.21,2024-02-14 13:56:20,GAS_STATION,DEBIT,HAWAII,1
TXN01860,CUST024,339.14,2024-01-27 16:10:05,HOTEL,DEBIT,ILLINOIS,0
TXN01861,CUST022,147.15,2024-02-06 19:43:06,GAS_STATION,CREDIT,HAWAII,0
TXN01862,CUST050,265.53,2024-03-23 19:17:58,HOTEL,CREDIT,NEW_YORK,0
TXN01863,CUST077,273.22,2024-01-02 10:22:09,HOTEL,CREDIT,UTAH,0
TXN01864,CUST031,20.14,2024-01-21 15:32:01,PHARMACY,CREDIT,TEXAS,0
TXN01865,CUST037,102.25,2024-01-18 21:44:41,RESTAURANT,DEBIT,OREGON,0
TXN01866,CUST176,94.06,2024-02-08 10:41:46,PHARMACY,CREDIT,UTAH,0
TXN01867,CUST044,2670.09,2024-01-04 15:52:46,JEWELRY,DEBIT,ILLINOIS,1
TXN01868,CUST049,610.51,2024-01-28 17:05:52,ONLINE,CREDIT,ILLINOIS,0
TXN01869,CUST007,136.0,2024-01-02 22:43:36,GAS_STATION,CREDIT,ILLINOIS,1
TXN01870,CUST038,92.94,2024-02-12 17:31:55,PHARMACY,DEBIT,WASHINGTON,0
TXN01871,CUST029,1451.08,2024-02-02 14:57:41,ELECTRONICS,CREDIT,NEW_YORK,0
TXN01872,CUST005,66.4,2024-02-22 08:46:42,PHARMACY,CREDIT,MONTANA,0
TXN01873,CUST026,677.35,2024-01-01 22:41:44,HOTEL,CREDIT,WASHINGTON,1
TXN01874,CUST099,249.01,2024-02-27 15:38:14,ATM,DEBIT,CALIFORNIA,0
TXN01875,CUST007,404.14,2024-01-04 17:01:31,JEWELRY,DEBIT,OREGON,0
TXN01876,CUST007,199.76,2024-03-15 21:42:53,CLOTHING,DEBIT,FLORIDA,0
TXN01877,CUST022,267.25,2024-03-03 17:40:31,JEWELRY,CREDIT,NEW_YORK,0
TXN01878,CUST043,152.65,2024-01-25 17:23:07,RESTAURANT,DEBIT,MONTANA,0
TXN01879,CUST027,236.91,2024-02-18 19:21:56,GAS_STATION,CREDIT,ARIZONA,1
TXN01880,CUST024,7444.66,2024-02-05 13:13:55,JEWELRY,DEBIT,ILLINOIS,1
TXN01881,CUST028,441.98,2024-03-21 10:53:15,GROCERY,CREDIT,NEW_YORK,1
TXN01882,CUST030,357.01,2024-02-12 22:12:11,HOTEL,DEBIT,UNKNOWN,0
TXN01883,CUST047,5.82,2024-02-11 14:30:43,COFFEE_SHOP,DEBIT,CALIFORNIA,0
TXN01884,CUST031,503.63,2024-02-03 08:41:55,HOTEL,CREDIT,ILLINOIS,1
TXN01885,CUST045,1817.56,2024-02-05 08:50:14,JEWELRY,CREDIT,UNKNOWN,0
TXN01886,CUST051,107.56,2024-02-18 19:21:00,RESTAURANT,DEBIT,MICHIGAN,0
TXN01887,CUST013,50.5,2024-01-15 21:14:47,GAS_STATION,CREDIT,NEW_YORK,0
TXN01888,CUST043,324.44,2024-01-05 21:29:14,HOTEL,CREDIT,FLORIDA,0
TXN01889,CUST027,215.63,2024-01-13 15:53:31,GROCERY,DEBIT,NEW_YORK,0
TXN01890,CUST182,383.3,2024-01-18 17:25:13,ATM,DEBIT,HAWAII,0
TXN01891,CUST007,87.35,2024-02-17 08:50:05,PHARMACY,DEBIT,NEW_YORK,1
TXN01892,CUST167,102.26,2024-03-24 11:38:45,GAS_STATION,CREDIT,TEXAS,0
TXN01893,CUST017,590.96,2024-03-04 14:48:02,ONLINE,DEBIT,ILLINOIS,0
TXN01894,CUST016,413.71,2024-03-24 21:07:45,HOTEL,DEBIT,UNKNOWN,0
TXN01895,CUST001,4227.99,2024-01-01 13:15:59,ONLINE,DEBIT,MICHIGAN,1
TXN01896,CUST036,80.45,2024-01-10 12:30:39,PHARMACY,DEBIT,MONTANA,0
TXN01897,CUST013,332.83,2024-03-14 10:12:05,GROCERY,CREDIT,UNKNOWN,0
TXN01898,CUST021,328.62,2024-03-20 17:41:17,GROCERY,CREDIT,ARIZONA,0
TXN01899,CUST031,651.26,2024-03-16 12:13:06,RESTAURANT,DEBIT,HAWAII,1
TXN01900,CUST048,29.63,2024-03-30 13:00:12,GAS_STATION,DEBIT,NEVADA,0
TXN01901,CUST005,195.03,2024-03-29 22:35:38,RESTAURANT,DEBIT,TEXAS,1
TXN01902,CUST026,45.64,2024-01-07 09:12:55,COFFEE_SHOP,CREDIT,TEXAS,0
TXN01903,CUST047,806.55,2024-02-23 14:11:15,ONLINE,CREDIT,NEVADA,1
TXN01904,CUST046,158.68,2024-01-20 18:11:54,GROCERY,DEBIT,TEXAS,0
TXN01905,CUST027,45.47,2024-01-03 14:26:22,PHARMACY,DEBIT,MICHIGAN,0
TXN01906,CUST009,217.76,2024-02-26 19:13:51,ATM,DEBIT,UNKNOWN,0
TXN01907,CUST014,45.43,2024-02-17 19:49:32,RESTAURANT,DEBIT,ARIZONA,0
TXN01908,CUST015,94.16,2024-03-25 14:27:12,CLOTHING,DEBIT,ARIZONA,0
TXN01909,CUST063,4539.79,2024-01-02 17:27:53,JEWELRY,DEBIT,CALIFORNIA,1
TXN01910,CUST008,217.39,2024-02-04 21:11:49,CLOTHING,DEBIT,HAWAII,0
TXN01911,CUST041,637.31,2024-01-10 17:08:37,JEWELRY,CREDIT,NEVADA,0
TXN01912,CUST012,11.79,2024-02-01 19:00:50,PHARMACY,DEBIT,HAWAII,0
TXN01913,CUST044,424.73,2024-03-18 14:55:16,HOTEL,CREDIT,WASHINGTON,0
TXN01914,CUST031,297.07,2024-01-21 16:56:34,ATM,DEBIT,MICHIGAN,0
TXN01915,CUST039,107.5,2024-02-14 11:02:55,HOTEL,DEBIT,CALIFORNIA,0
TXN01916,CUST040,49.86,2024-03-03 12:09:33,ATM,DEBIT,MICHIGAN,0
TXN01917,CUST041,193.11,2024-02-12 14:59:35,ATM,DEBIT,ARIZONA,0
TXN01918,CUST039,1175.96,2024-03-02 11:39:35,CLOTHING,CREDIT,FLORIDA,1
TXN01919,CUST042,41.56,2024-03-08 17:56:18,COFFEE_SHOP,DEBIT,WASHINGTON,0
TXN01920,CUST012,1309.26,2024-01-12 20:38:45,HOTEL,DEBIT,ARIZONA,1
TXN01921,CUST016,223.35,2024-01-26 08:12:58,ATM,DEBIT,NEW_YORK,0
TXN01922,CUST178,138.71,2024-03-09 12:38:23,GAS_STATION,CREDIT,WASHINGTON,0
TXN01923,CUST044,389.22,2024-01-14 11:38:13,ATM,DEBIT,COLORADO,0
TXN01924,CUST135,140.06,2024-02-18 18:34:07,RESTAURANT,CREDIT,ILLINOIS,0
TXN01925,CUST049,165.17,2024-02-02 12:09:54,RESTAURANT,DEBIT,UTAH,0
TXN01926,CUST121,1310.86,2024-01-12 11:45:40,JEWELRY,CREDIT,UNKNOWN,0
TXN01927,CUST030,205.17,2024-01-09 17:38:22,HOTEL,CREDIT,NEVADA,0
TXN01928,CUST060,216.03,2024-02-03 21:57:54,ATM,DEBIT,FLORIDA,0
TXN01929,CUST181,222.02,2024-02-03 08:32:14,ONLINE,DEBIT,CALIFORNIA,0
TXN01930,CUST026,62.44,2024-01-13 13:58:58,GAS_STATION,DEBIT,ARIZONA,0
TXN01931,CUST001,104.88,2024-03-06 17:30:14,GAS_STATION,DEBIT,UNKNOWN,0
TXN01932,CUST022,1751.94,2024-02-29 08:42:49,ELECTRONICS,CREDIT,UNKNOWN,1
TXN01933,CUST020,199.89,2024-01-03 19:42:13,CLOTHING,DEBIT,MONTANA,0
TXN01934,CUST011,99.1,2024-02-15 11:40:21,PHARMACY,DEBIT,OREGON,0
TXN01935,CUST045,101.93,2024-01-14 16:48:34,ONLINE,DEBIT,MONTANA,0
TXN01936,CUST010,244.25,2024-01-08 14:15:29,GROCERY,DEBIT,HAWAII,0
TXN01937,CUST042,28.68,2024-03-08 13:14:59,COFFEE_SHOP,DEBIT,ARIZONA,0
TXN01938,CUST022,698.21,2024-01-15 09:02:50,ONLINE,DEBIT,ARIZONA,0
TXN01939,CUST020,144.21,2024-01-20 16:02:39,RESTAURANT,DEBIT,MONTANA,0
TXN01940,CUST044,7.88,2024-03-08 15:45:11,COFFEE_SHOP,DEBIT,UTAH,0
TXN01941,CUST033,44.04,2024-03-23 18:28:29,COFFEE_SHOP,DEBIT,NEVADA,0
TXN01942,CUST049,118.78,2024-01-15 17:02:19,HOTEL,DEBIT,MICHIGAN,0
TXN01943,CUST045,651.19,2024-01-25 12:19:48,ONLINE,CREDIT,ARIZONA,0
TXN01944,CUST029,128.49,2024-03-30 14:34:50,HOTEL,DEBIT,OREGON,0
TXN01945,CUST023,54.47,2024-01-28 15:24:47,PHARMACY,CREDIT,MONTANA,0
TXN01946,CUST040,352.03,2024-03-28 22:45:41,ELECTRONICS,DEBIT,UNKNOWN,0
TXN01947,CUST041,38.39,2024-02-09 16:54:26,COFFEE_SHOP,DEBIT,MICHIGAN,0
TXN01948,CUST032,328.26,2024-03-17 18:46:48,ATM,CREDIT,UNKNOWN,0
TXN01949,CUST010,59.61,2024-01-28 18:39:02,CLOTHING,DEBIT,MONTANA,0
TXN01950,CUST067,75.33,2024-03-28 18:28:27,GAS_STATION,DEBIT,UTAH,0
TXN01951,CUST123,38.56,2024-02-05 22:37:46,COFFEE_SHOP,DEBIT,WASHINGTON,0
TXN01952,CUST047,55.5,2024-01-19 09:56:06,GAS_STATION,DEBIT,ILLINOIS,0
TXN01953,CUST011,1357.64,2024-01-19 08:24:47,ELECTRONICS,DEBIT,MICHIGAN,0
TXN01954,CUST066,136.95,2024-01-30 11:41:15,HOTEL,CREDIT,UTAH,0
TXN01955,CUST010,5.43,2024-03-18 16:51:48,COFFEE_SHOP,DEBIT,WASHINGTON,0
TXN01956,CUST023,80.83,2024-01-01 15:27:21,GAS_STATION,CREDIT,MONTANA,0
TXN01957,CUST031,24.53,2024-03-11 20:31:01,ATM,DEBIT,UNKNOWN,0
TXN01958,CUST134,336.18,2024-02-03 20:34:53,CLOTHING,CREDIT,MICHIGAN,1
TXN01959,CUST025,120.43,2024-01-05 21:45:22,CLOTHING,DEBIT,ILLINOIS,0
TXN01960,CUST003,66.89,2024-03-16 09:52:10,RESTAURANT,DEBIT,ILLINOIS,0
TXN01961,CUST067,71.53,2024-02-05 21:34:28,PHARMACY,CREDIT,UNKNOWN,0
TXN01962,CUST029,31.99,2024-02-05 16:23:36,COFFEE_SHOP,DEBIT,NEW_YORK,0
TXN01963,CUST151,709.65,2024-02-06 10:04:20,ELECTRONICS,DEBIT,MONTANA,0
TXN01964,CUST007,140.15,2024-01-28 18:28:16,GAS_STATION,DEBIT,NEW_YORK,0
TXN01965,CUST180,110.89,2024-01-11 16:31:20,GROCERY,DEBIT,UTAH,0
TXN01966,CUST006,933.92,2024-01-05 11:42:58,JEWELRY,CREDIT,MONTANA,0
TXN01967,CUST030,301.97,2024-03-25 08:09:45,ELECTRONICS,DEBIT,TEXAS,0
TXN01968,CUST033,196.01,2024-02-17 08:18:12,RESTAURANT,DEBIT,ILLINOIS,0
TXN01969,CUST172,119.43,2024-01-09 11:11:46,HOTEL,DEBIT,NEVADA,0
TXN01970,CUST036,75.61,2024-03-19 18:03:08,GAS_STATION,CREDIT,NEVADA,0
TXN01971,CUST198,27.21,2024-03-28 14:31:08,COFFEE_SHOP,DEBIT,UTAH,0
TXN01972,CUST030,157.28,2024-01-01 19:02:09,CLOTHING,DEBIT,NEW_YORK,0
TXN01973,CUST024,76.05,2024-03-25 15:57:22,PHARMACY,CREDIT,COLORADO,0
TXN01974,CUST044,270.85,2024-03-09 14:20:09,RESTAURANT,DEBIT,NEW_YORK,1
TXN01975,CUST004,24.15,2024-01-07 10:35:18,COFFEE_SHOP,DEBIT,HAWAII,0
TXN01976,CUST030,132.4,2024-02-11 15:20:14,ONLINE,CREDIT,WASHINGTON,0
TXN01977,CUST042,1027.1,2024-03-25 14:20:57,ELECTRONICS,DEBIT,CALIFORNIA,1
TXN01978,CUST026,43.87,2024-01-31 11:58:04,ATM,DEBIT,FLORIDA,0
TXN01979,CUST006,738.19,2024-03-22 19:18:10,ONLINE,DEBIT,MONTANA,0
TXN01980,CUST026,4763.18,2024-02-23 13:52:01,ONLINE,CREDIT,OREGON,1
TXN01981,CUST037,361.64,2024-03-16 22:01:10,JEWELRY,DEBIT,FLORIDA,0
TXN01982,CUST192,452.53,2024-02-24 15:39:45,GAS_STATION,DEBIT,ARIZONA,1
TXN01983,CUST005,28.98,2024-01-25 20:12:13,PHARMACY,DEBIT,NEVADA,0
TXN01984,CUST043,1159.85,2024-01-09 14:56:49,ELECTRONICS,DEBIT,NEW_YORK,0
TXN01985,CUST073,469.96,2024-01-27 11:21:01,RESTAURANT,DEBIT,NEVADA,1
TXN01986,CUST021,10.49,2024-02-13 09:21:03,PHARMACY,DEBIT,MONTANA,0
TXN01987,CUST037,159.87,2024-03-06 08:33:44,CLOTHING,DEBIT,UNKNOWN,0
TXN01988,CUST012,24.31,2024-01-14 12:56:16,PHARMACY,DEBIT,ARIZONA,0
TXN01989,CUST020,90.76,2024-01-11 10:48:37,GROCERY,CREDIT,TEXAS,0
TXN01990,CUST045,17.0,2024-01-15 18:12:55,COFFEE_SHOP,DEBIT,UNKNOWN,0
TXN01991,CUST126,6.53,2024-01-18 08:37:07,COFFEE_SHOP,CREDIT,HAWAII,0
TXN01992,CUST043,215.98,2024-01-10 08:26:42,ELECTRONICS,DEBIT,COLORADO,0
TXN01993,CUST018,184.73,2024-01-07 13:02:46,ELECTRONICS,CREDIT,CALIFORNIA,0
TXN01994,CUST028,4166.83,2024-02-10 19:28:07,ONLINE,DEBIT,OREGON,1
TXN01995,CUST139,285.84,2024-02-13 11:41:24,JEWELRY,CREDIT,ILLINOIS,0
TXN01996,CUST015,21.48,2024-01-17 21:27:11,COFFEE_SHOP,DEBIT,MICHIGAN,0
TXN01997,CUST038,65.52,2024-01-07 12:03:25,RESTAURANT,CREDIT,NEW_YORK,0
TXN01998,CUST011,1054.7,2024-02-18 10:17:41,ELECTRONICS,DEBIT,CALIFORNIA,0
TXN01999,CUST014,387.44,2024-02-01 15:01:14,ONLINE,CREDIT,UNKNOWN,0
TXN02000,CUST089,96.28,2024-01-27 22:44:57,PHARMACY,CREDIT,MONTANA,0
TXN02001,CUST157,117.5,2024-03-06 11:19:31,ATM,DEBIT,TEXAS,0
TXN02002,CUST048,151.7,2024-01-23 12:37:57,HOTEL,DEBIT,MONTANA,0
TXN02003,CUST031,26.64,2024-02-27 13:35:57,PHARMACY,DEBIT,ILLINOIS,0
TXN02004,CUST004,58.53,2024-01-10 15:28:11,PHARMACY,DEBIT,NEW_YORK,0
TXN02005,CUST004,638.95,2024-02-10 18:07:45,CLOTHING,DEBIT,OREGON,1
TXN02006,CUST031,85.67,2024-01-30 15:18:28,PHARMACY,DEBIT,ILLINOIS,0
TXN02007,CUST001,9.69,2024-01-12 22:22:41,COFFEE_SHOP,CREDIT,ARIZONA,0
TXN02008,CUST114,573.52,2024-03-12 13:24:35,ONLINE,CREDIT,CALIFORNIA,0
TXN02009,CUST138,551.88,2024-01-23 10:04:06,CLOTHING,DEBIT,HAWAII,1
TXN02010,CUST007,134.54,2024-01-23 16:47:18,GAS_STATION,DEBIT,UNKNOWN,0
TXN02011,CUST107,145.48,2024-01-05 21:03:04,ATM,DEBIT,NEW_YORK,0
TXN02012,CUST043,18.54,2024-01-25 09:22:49,COFFEE_SHOP,DEBIT,UNKNOWN,0
TXN02013,CUST173,276.62,2024-01-22 18:32:30,ATM,CREDIT,CALIFORNIA,0
TXN02014,CUST031,75.85,2024-02-05 20:19:20,GAS_STATION,DEBIT,MICHIGAN,0
TXN02015,CUST049,136.64,2024-03-03 15:00:24,ATM,DEBIT,CALIFORNIA,0
TXN02016,CUST039,345.98,2024-03-06 08:43:35,GROCERY,DEBIT,HAWAII,0
TXN02017,CUST010,196.66,2024-03-04 21:02:42,RESTAURANT,DEBIT,FLORIDA,0
TXN02018,CUST042,20.3,2024-03-23 18:00:24,PHARMACY,DEBIT,MICHIGAN,0
TXN02019,CUST004,66.29,2024-01-31 14:44:16,PHARMACY,CREDIT,TEXAS,0
TXN02020,CUST200,348.82,2024-02-22 18:58:12,GROCERY,DEBIT,OREGON,0
TXN02021,CUST081,250.64,2024-03-30 18:39:12,HOTEL,DEBIT,UNKNOWN,0
TXN02022,CUST024,245.65,2024-02-07 09:52:17,GROCERY,DEBIT,WASHINGTON,0
TXN02023,CUST001,622.95,2024-03-01 11:58:27,ELECTRONICS,CREDIT,WASHINGTON,0
TXN02024,CUST015,1242.76,2024-01-12 11:02:32,ELECTRONICS,CREDIT,MONTANA,0
TXN02025,CUST168,168.19,2024-03-07 14:20:00,HOTEL,DEBIT,MONTANA,0
TXN02026,CUST048,241.78,2024-03-21 20:25:35,CLOTHING,DEBIT,NEVADA,0
TXN02027,CUST004,409.5,2024-01-14 18:44:33,ONLINE,DEBIT,FLORIDA,0
TXN02028,CUST005,187.75,2024-03-21 18:54:54,RESTAURANT,DEBIT,COLORADO,0
TXN02029,CUST021,589.17,2024-01-11 12:32:51,HOTEL,DEBIT,MONTANA,1
TXN02030,CUST047,168.04,2024-01-23 19:29:13,RESTAURANT,DEBIT,UTAH,0
TXN02031,CUST050,3615.63,2024-02-13 08:33:07,JEWELRY,DEBIT,ILLINOIS,1
TXN02032,CUST084,98.57,2024-02-25 14:55:42,GAS_STATION,DEBIT,TEXAS,0
TXN02033,CUST013,47.19,2024-03-14 09:36:42,GAS_STATION,CREDIT,FLORIDA,0
TXN02034,CUST039,136.17,2024-01-26 20:30:45,RESTAURANT,DEBIT,CALIFORNIA,0
TXN02035,CUST025,72.51,2024-03-21 22:37:36,PHARMACY,DEBIT,TEXAS,0
TXN02036,CUST033,372.09,2024-01-11 20:06:25,ATM,CREDIT,MONTANA,0
TXN02037,CUST028,121.95,2024-01-28 15:46:24,GAS_STATION,DEBIT,TEXAS,0
TXN02038,CUST037,273.75,2024-01-07 16:05:30,ONLINE,DEBIT,CALIFORNIA,0
TXN02039,CUST137,272.72,2024-01-28 17:48:37,ELECTRONICS,DEBIT,NEW_YORK,0
TXN02040,CUST174,441.56,2024-03-06 19:55:29,GAS_STATION,DEBIT,UNKNOWN,1
TXN02041,CUST008,115.24,2024-01-31 22:56:45,GAS_STATION,DEBIT,WASHINGTON,0
TXN02042,CUST039,4998.1,2024-02-19 18:04:17,ONLINE,DEBIT,UNKNOWN,1
TXN02043,CUST004,309.44,2024-02-06 10:41:05,ATM,DEBIT,UNKNOWN,1
TXN02044,CUST196,46.37,2024-03-10 08:38:29,RESTAURANT,DEBIT,NEVADA,0
TXN02045,CUST014,12.65,2024-03-02 10:27:28,COFFEE_SHOP,DEBIT,MICHIGAN,0
TXN02046,CUST016,769.15,2024-03-07 18:17:15,ONLINE,DEBIT,NEW_YORK,0
TXN02047,CUST124,58.12,2024-03-17 16:53:26,GAS_STATION,DEBIT,MONTANA,0
TXN02048,CUST148,336.02,2024-02-21 19:58:28,PHARMACY,CREDIT,ILLINOIS,1
TXN02049,CUST048,367.25,2024-02-22 14:25:28,CLOTHING,DEBIT,UTAH,0
TXN02050,CUST036,77.19,2024-03-05 11:36:35,GAS_STATION,DEBIT,HAWAII,0
TXN02051,CUST140,136.06,2024-01-03 15:43:20,ELECTRONICS,DEBIT,COLORADO,0
TXN02052,CUST050,26.23,2024-03-05 12:07:55,COFFEE_SHOP,CREDIT,FLORIDA,0
TXN02053,CUST176,26.03,2024-01-16 13:31:21,PHARMACY,DEBIT,HAWAII,0
TXN02054,CUST018,91.7,2024-01-13 20:09:48,ONLINE,DEBIT,ILLINOIS,0
TXN02055,CUST025,637.1,2024-03-15 19:57:34,ONLINE,DEBIT,HAWAII,0
TXN02056,CUST039,556.57,2024-03-11 08:47:57,JEWELRY,DEBIT,TEXAS,0
TXN02057,CUST015,180.22,2024-03-29 19:15:38,GROCERY,DEBIT,HAWAII,0
TXN02058,CUST009,5044.16,2024-02-27 20:56:50,JEWELRY,DEBIT,WASHINGTON,1
TXN02059,CUST029,191.81,2024-01-04 17:54:34,ONLINE,DEBIT,ILLINOIS,0
TXN02060,CUST032,44.94,2024-03-13 09:24:12,COFFEE_SHOP,DEBIT,NEW_YORK,0
TXN02061,CUST029,442.64,2024-01-28 08:50:17,HOTEL,DEBIT,OREGON,1
TXN02062,CUST044,285.51,2024-01-04 12:47:19,ONLINE,CREDIT,UTAH,0
TXN02063,CUST148,396.03,2024-03-17 12:52:32,ATM,DEBIT,NEW_YORK,0
TXN02064,CUST046,241.28,2024-02-01 19:29:48,CLOTHING,DEBIT,OREGON,0
TXN02065,CUST003,425.39,2024-02-23 22:33:59,ONLINE,DEBIT,TEXAS,0
TXN02066,CUST032,683.27,2024-02-12 14:40:50,ONLINE,DEBIT,MONTANA,0
TXN02067,CUST065,308.49,2024-01-25 21:32:10,ATM,CREDIT,FLORIDA,0
TXN02068,CUST019,482.97,2024-03-24 08:08:41,ATM,DEBIT,WASHINGTON,0
TXN02069,CUST047,42.68,2024-03-15 08:49:36,PHARMACY,DEBIT,WASHINGTON,0
TXN02070,CUST010,212.01,2024-03-09 18:46:24,GROCERY,CREDIT,WASHINGTON,0
TXN02071,CUST023,80.44,2024-02-23 16:41:27,GAS_STATION,DEBIT,MONTANA,0
TXN02072,CUST067,82.65,2024-03-02 22:44:13,GAS_STATION,DEBIT,COLORADO,0
TXN02073,CUST050,298.55,2024-02-07 14:46:35,HOTEL,DEBIT,UNKNOWN,0
TXN02074,CUST041,435.58,2024-03-21 10:23:55,ELECTRONICS,DEBIT,UNKNOWN,0
TXN02075,CUST034,370.58,2024-03-27 10:22:28,HOTEL,CREDIT,ILLINOIS,0
TXN02076,CUST041,1982.22,2024-02-13 13:27:44,JEWELRY,CREDIT,TEXAS,0
TXN02077,CUST043,3068.9,2024-01-21 13:16:54,ONLINE,DEBIT,FLORIDA,1
TXN02078,CUST023,445.27,2024-01-05 12:00:59,ATM,DEBIT,CALIFORNIA,0
TXN02079,CUST013,350.48,2024-01-20 16:27:38,ATM,DEBIT,UNKNOWN,0
TXN02080,CUST008,70.98,2024-01-11 10:21:41,GAS_STATION,DEBIT,TEXAS,0
TXN02081,CUST017,141.86,2024-01-05 12:30:01,GAS_STATION,DEBIT,ILLINOIS,0
TXN02082,CUST027,689.22,2024-03-25 21:42:45,CLOTHING,DEBIT,MICHIGAN,1
TXN02083,CUST003,12.34,2024-02-05 08:50:46,COFFEE_SHOP,DEBIT,UNKNOWN,0
TXN02084,CUST010,46.34,2024-01-22 12:32:12,COFFEE_SHOP,CREDIT,NEW_YORK,0
TXN02085,CUST134,78.18,2024-03-04 08:16:01,RESTAURANT,DEBIT,WASHINGTON,0
TXN02086,CUST032,238.54,2024-03-16 17:58:05,ATM,CREDIT,COLORADO,0
TXN02087,CUST022,412.93,2024-01-02 21:01:06,HOTEL,DEBIT,ILLINOIS,0
TXN02088,CUST002,288.68,2024-02-13 22:44:16,HOTEL,CREDIT,FLORIDA,0
TXN02089,CUST015,4553.43,2024-02-26 14:35:19,JEWELRY,DEBIT,UTAH,1
TXN02090,CUST010,596.5,2024-02-25 13:44:10,ONLINE,DEBIT,NEVADA,0
TXN02091,CUST034,128.44,2024-01-16 09:53:16,GROCERY,DEBIT,ARIZONA,0
TXN02092,CUST019,76.58,2024-02-23 22:16:54,GAS_STATION,DEBIT,UNKNOWN,0
TXN02093,CUST002,942.82,2024-03-07 12:41:49,JEWELRY,DEBIT,OREGON,0
TXN02094,CUST006,124.08,2024-01-18 15:04:34,GAS_STATION,CREDIT,MICHIGAN,0
TXN02095,CUST064,73.22,2024-02-15 20:09:15,GAS_STATION,CREDIT,NEVADA,0
TXN02096,CUST033,708.63,2024-01-26 17:11:08,ONLINE,DEBIT,UTAH,0
TXN02097,CUST154,192.89,2024-02-09 09:56:47,GROCERY,DEBIT,TEXAS,0
TXN02098,CUST129,63.67,2024-02-21 17:54:47,RESTAURANT,DEBIT,CALIFORNIA,0
TXN02099,CUST017,13.54,2024-01-28 20:53:00,PHARMACY,DEBIT,NEVADA,0
TXN02100,CUST097,302.44,2024-01-31 08:14:09,ATM,DEBIT,MICHIGAN,0
TXN02101,CUST021,138.66,2024-02-28 19:27:13,CLOTHING,CREDIT,HAWAII,0
TXN02102,CUST047,49.56,2024-03-02 19:54:19,PHARMACY,CREDIT,UNKNOWN,0
TXN02103,CUST152,446.18,2024-01-13 19:16:31,HOTEL,CREDIT,NEVADA,0
TXN02104,CUST026,198.59,2024-01-09 17:03:55,RESTAURANT,CREDIT,CALIFORNIA,0
TXN02105,CUST037,89.37,2024-01-23 22:33:32,GAS_STATION,DEBIT,ILLINOIS,0
TXN02106,CUST021,70.0,2024-02-12 18:08:10,GAS_STATION,DEBIT,CALIFORNIA,0
TXN02107,CUST015,4802.8,2024-03-21 15:30:57,ELECTRONICS,CREDIT,HAWAII,1
TXN02108,CUST048,133.7,2024-01-08 12:39:32,RESTAURANT,CREDIT,CALIFORNIA,0
TXN02109,CUST189,150.19,2024-02-11 13:24:07,CLOTHING,DEBIT,UTAH,0
TXN02110,CUST198,4536.37,2024-01-11 09:13:45,JEWELRY,DEBIT,WASHINGTON,1
TXN02111,CUST099,70.86,2024-03-18 21:52:39,GAS_STATION,CREDIT,UNKNOWN,0
TXN02112,CUST050,47.97,2024-01-13 21:15:57,COFFEE_SHOP,DEBIT,ILLINOIS,0
TXN02113,CUST043,26.65,2024-01-11 12:48:29,RESTAURANT,DEBIT,MONTANA,0
TXN02114,CUST045,196.34,2024-01-18 20:03:01,PHARMACY,DEBIT,ARIZONA,1
TXN02115,CUST021,2399.39,2024-02-09 17:31:30,ONLINE,DEBIT,MONTANA,1
TXN02116,CUST174,468.7,2024-03-21 13:06:51,ATM,DEBIT,UTAH,0
TXN02117,CUST034,60.15,2024-02-27 09:32:03,ATM,CREDIT,UNKNOWN,0
TXN02118,CUST020,274.17,2024-01-28 10:45:15,GROCERY,CREDIT,WASHINGTON,1
TXN02119,CUST041,182.28,2024-01-01 22:52:06,GROCERY,DEBIT,UTAH,0
TXN02120,CUST176,1513.29,2024-02-29 08:49:35,JEWELRY,CREDIT,MONTANA,0
TXN02121,CUST180,80.75,2024-01-05 18:34:43,RESTAURANT,DEBIT,COLORADO,0
TXN02122,CUST009,17.67,2024-01-23 08:24:19,PHARMACY,DEBIT,NEW_YORK,0
TXN02123,CUST141,473.73,2024-03-05 14:48:47,GAS_STATION,DEBIT,MONTANA,1
TXN02124,CUST007,145.52,2024-02-20 10:36:07,GROCERY,DEBIT,NEVADA,0
TXN02125,CUST025,4581.5,2024-01-19 12:32:44,ELECTRONICS,DEBIT,OREGON,1
TXN02126,CUST017,477.74,2024-01-07 09:48:10,HOTEL,CREDIT,MICHIGAN,0
TXN02127,CUST005,206.29,2024-02-02 15:13:01,CLOTHING,DEBIT,UTAH,0
TXN02128,CUST038,563.1,2024-01-07 20:49:24,GAS_STATION,DEBIT,UNKNOWN,1
TXN02129,CUST019,1168.46,2024-03-05 22:34:53,HOTEL,DEBIT,COLORADO,1
TXN02130,CUST049,311.94,2024-03-28 15:29:32,HOTEL,CREDIT,ARIZONA,0
TXN02131,CUST021,38.66,2024-01-01 20:55:05,PHARMACY,DEBIT,MONTANA,0
TXN02132,CUST026,1139.28,2024-03-08 22:21:37,ELECTRONICS,DEBIT,FLORIDA,0
TXN02133,CUST026,946.75,2024-01-15 19:26:06,GROCERY,DEBIT,OREGON,1
TXN02134,CUST040,260.7,2024-03-28 17:21:48,ATM,DEBIT,UNKNOWN,0
TXN02135,CUST050,75.57,2024-03-06 16:46:21,PHARMACY,CREDIT,MICHIGAN,0
TXN02136,CUST034,144.67,2024-02-07 14:00:16,RESTAURANT,DEBIT,WASHINGTON,0
TXN02137,CUST135,10.49,2024-02-14 18:31:08,COFFEE_SHOP,DEBIT,NEVADA,0
TXN02138,CUST144,31.16,2024-03-14 09:17:04,ATM,CREDIT,ILLINOIS,0
TXN02139,CUST006,494.6,2024-01-12 11:16:59,ATM,DEBIT,NEW_YORK,0
TXN02140,CUST017,809.0,2024-02-03 21:34:33,ELECTRONICS,CREDIT,NEW_YORK,0
TXN02141,CUST140,42.73,2024-01-09 09:40:12,COFFEE_SHOP,CREDIT,UTAH,0
TXN02142,CUST018,22.34,2024-02-05 17:54:44,ATM,DEBIT,NEVADA,0
TXN02143,CUST006,1347.75,2024-03-24 22:37:34,ELECTRONICS,CREDIT,UNKNOWN,0
TXN02144,CUST101,487.08,2024-01-31 19:30:13,ATM,DEBIT,FLORIDA,0
TXN02145,CUST056,1086.03,2024-02-17 21:23:02,ELECTRONICS,CREDIT,TEXAS,0
TXN02146,CUST054,200.43,2024-01-03 21:48:26,ATM,CREDIT,WASHINGTON,0
TXN02147,CUST015,37.36,2024-02-26 20:43:23,COFFEE_SHOP,CREDIT,COLORADO,0
TXN02148,CUST030,701.19,2024-03-26 11:11:45,ELECTRONICS,DEBIT,NEVADA,0
TXN02149,CUST094,446.66,2024-03-18 16:37:59,GAS_STATION,CREDIT,NEW_YORK,1
TXN02150,CUST046,199.88,2024-03-21 17:22:08,HOTEL,DEBIT,NEW_YORK,0
TXN02151,CUST006,1121.28,2024-02-28 11:40:16,ELECTRONICS,DEBIT,ILLINOIS,0
TXN02152,CUST043,176.63,2024-02-07 10:08:55,RESTAURANT,CREDIT,NEW_YORK,0
TXN02153,CUST190,1988.92,2024-02-25 11:09:28,JEWELRY,DEBIT,CALIFORNIA,0
TXN02154,CUST054,54.48,2024-01-03 22:29:54,RESTAURANT,DEBIT,OREGON,0
TXN02155,CUST028,235.47,2024-02-18 15:15:23,PHARMACY,DEBIT,OREGON,1
TXN02156,CUST029,57.31,2024-01-16 18:14:19,GAS_STATION,CREDIT,UNKNOWN,0
TXN02157,CUST041,126.27,2024-02-20 18:28:52,GAS_STATION,DEBIT,OREGON,0
TXN02158,CUST042,1936.2,2024-03-28 17:54:55,JEWELRY,DEBIT,CALIFORNIA,1
TXN02159,CUST149,120.34,2024-03-14 22:21:13,RESTAURANT,CREDIT,HAWAII,0
TXN02160,CUST129,383.27,2024-03-29 21:31:00,HOTEL,CREDIT,OREGON,0
TXN02161,CUST027,907.85,2024-03-03 15:21:11,ELECTRONICS,DEBIT,FLORIDA,0
TXN02162,CUST003,7166.66,2024-01-02 18:34:29,JEWELRY,CREDIT,COLORADO,1
TXN02163,CUST025,361.73,2024-01-09 19:27:57,ATM,DEBIT,ARIZONA,0
TXN02164,CUST040,281.8,2024-03-28 21:41:58,PHARMACY,CREDIT,UNKNOWN,1
TXN02165,CUST021,210.81,2024-02-15 11:24:16,CLOTHING,CREDIT,NEW_YORK,0
TXN02166,CUST029,257.04,2024-03-30 09:16:30,HOTEL,DEBIT,OREGON,0
TXN02167,CUST031,122.61,2024-01-13 20:17:33,ATM,CREDIT,NEW_YORK,0
TXN02168,CUST002,156.33,2024-02-01 09:50:35,RESTAURANT,DEBIT,MICHIGAN,0
TXN02169,CUST047,1273.77,2024-01-11 22:20:26,ELECTRONICS,DEBIT,ILLINOIS,0
TXN02170,CUST021,3065.75,2024-03-12 12:42:00,ONLINE,CREDIT,FLORIDA,1
TXN02171,CUST028,1635.34,2024-01-05 15:53:29,JEWELRY,DEBIT,HAWAII,0
TXN02172,CUST006,756.67,2024-01-25 10:52:49,ONLINE,CREDIT,NEVADA,0
TXN02173,CUST006,36.44,2024-03-01 13:17:53,GAS_STATION,CREDIT,FLORIDA,0
TXN02174,CUST038,57.88,2024-02-01 15:15:24,PHARMACY,DEBIT,CALIFORNIA,0
TXN02175,CUST007,5281.93,2024-03-13 10:48:26,ELECTRONICS,DEBIT,NEW_YORK,1
TXN02176,CUST161,287.08,2024-03-22 11:32:56,HOTEL,DEBIT,FLORIDA,0
TXN02177,CUST029,581.57,2024-02-01 14:19:24,ONLINE,DEBIT,FLORIDA,1
TXN02178,CUST048,458.03,2024-03-30 17:22:58,ONLINE,DEBIT,ARIZONA,0
TXN02179,CUST035,330.35,2024-02-01 11:53:39,GROCERY,DEBIT,NEVADA,0
TXN02180,CUST143,1309.34,2024-03-01 10:22:03,JEWELRY,DEBIT,NEVADA,0
TXN02181,CUST182,7587.85,2024-02-13 21:54:22,JEWELRY,DEBIT,OREGON,1
TXN02182,CUST003,53.8,2024-03-22 10:43:54,PHARMACY,DEBIT,CALIFORNIA,0
TXN02183,CUST025,1789.77,2024-01-07 09:57:36,JEWELRY,CREDIT,MICHIGAN,0
TXN02184,CUST039,305.43,2024-01-15 12:25:25,CLOTHING,CREDIT,UTAH,0
TXN02185,CUST127,1856.09,2024-02-06 12:56:31,ELECTRONICS,DEBIT,UTAH,1
TXN02186,CUST192,45.46,2024-02-05 15:45:46,COFFEE_SHOP,DEBIT,FLORIDA,0
TXN02187,CUST043,27.83,2024-02-26 19:41:49,COFFEE_SHOP,DEBIT,HAWAII,0
TXN02188,CUST028,481.12,2024-02-22 09:48:43,HOTEL,DEBIT,FLORIDA,0
TXN02189,CUST139,271.03,2024-01-30 21:19:28,CLOTHING,DEBIT,OREGON,0
TXN02190,CUST035,209.86,2024-01-24 09:00:31,ONLINE,DEBIT,OREGON,0
TXN02191,CUST036,330.05,2024-02-29 08:37:04,HOTEL,CREDIT,COLORADO,0
TXN02192,CUST044,1403.78,2024-02-18 19:13:18,HOTEL,DEBIT,COLORADO,1
TXN02193,CUST014,152.8,2024-01-10 10:52:01,GROCERY,DEBIT,HAWAII,0
TXN02194,CUST005,84.6,2024-02-28 13:30:07,GAS_STATION,DEBIT,MONTANA,0
TXN02195,CUST063,40.67,2024-03-08 16:33:14,PHARMACY,DEBIT,OREGON,0
TXN02196,CUST012,60.94,2024-03-13 10:23:54,GAS_STATION,DEBIT,CALIFORNIA,0
TXN02197,CUST090,672.66,2024-02-16 11:38:32,HOTEL,CREDIT,HAWAII,1
TXN02198,CUST094,4660.82,2024-02-26 13:26:56,JEWELRY,DEBIT,ILLINOIS,1
TXN02199,CUST006,322.93,2024-01-14 09:55:12,GROCERY,DEBIT,TEXAS,0
TXN02200,CUST039,6.8,2024-01-19 17:15:24,COFFEE_SHOP,CREDIT,NEW_YORK,0
TXN02201,CUST032,252.7,2024-02-29 17:22:30,HOTEL,DEBIT,HAWAII,0
TXN02202,CUST013,398.71,2024-02-02 11:29:45,HOTEL,CREDIT,ILLINOIS,1
TXN02203,CUST032,1163.96,2024-01-01 22:41:47,HOTEL,DEBIT,OREGON,1
TXN02204,CUST034,327.21,2024-03-13 08:14:27,HOTEL,DEBIT,WASHINGTON,0
TXN02205,CUST007,94.83,2024-02-26 10:05:11,ATM,CREDIT,WASHINGTON,0
TXN02206,CUST045,694.45,2024-02-04 22:12:05,ONLINE,DEBIT,WASHINGTON,0
TXN02207,CUST011,160.06,2024-03-04 08:48:15,RESTAURANT,DEBIT,WASHINGTON,0
TXN02208,CUST041,122.12,2024-02-19 11:01:41,GAS_STATION,CREDIT,WASHINGTON,0
TXN02209,CUST057,146.41,2024-01-02 14:40:57,GAS_STATION,DEBIT,MONTANA,0
TXN02210,CUST050,1237.71,2024-03-22 14:45:32,ELECTRONICS,DEBIT,WASHINGTON,0
TXN02211,CUST037,31.46,2024-03-17 16:47:08,COFFEE_SHOP,DEBIT,NEW_YORK,0
TXN02212,CUST007,99.14,2024-01-26 13:21:40,HOTEL,DEBIT,TEXAS,0
TXN02213,CUST019,161.16,2024-01-09 17:44:17,PHARMACY,DEBIT,NEVADA,1
TXN02214,CUST012,165.15,2024-01-27 21:07:06,GROCERY,CREDIT,NEW_YORK,0
TXN02215,CUST022,353.19,2024-01-29 22:19:24,GAS_STATION,DEBIT,NEW_YORK,1
TXN02216,CUST013,21.61,2024-02-21 15:33:55,COFFEE_SHOP,CREDIT,COLORADO,0
TXN02217,CUST007,10.22,2024-03-13 17:48:57,COFFEE_SHOP,CREDIT,ILLINOIS,0
TXN02218,CUST040,516.47,2024-02-27 19:19:43,JEWELRY,DEBIT,NEW_YORK,0
TXN02219,CUST015,3423.46,2024-02-17 14:29:23,ELECTRONICS,DEBIT,MICHIGAN,1
TXN02220,CUST145,538.4,2024-03-13 22:53:21,ONLINE,DEBIT,CALIFORNIA,1
TXN02221,CUST041,104.01,2024-03-01 18:53:21,GAS_STATION,CREDIT,OREGON,0
TXN02222,CUST035,1305.2,2024-01-04 22:01:54,JEWELRY,DEBIT,MICHIGAN,1
TXN02223,CUST043,180.22,2024-02-19 12:07:22,ATM,DEBIT,FLORIDA,0
TXN02224,CUST125,455.69,2024-03-23 16:14:17,ONLINE,DEBIT,TEXAS,0
TXN02225,CUST003,6535.86,2024-03-20 10:40:45,JEWELRY,DEBIT,UTAH,1
TXN02226,CUST042,282.75,2024-01-01 10:06:11,GROCERY,DEBIT,NEVADA,0
TXN02227,CUST011,34.2,2024-02-23 22:07:26,PHARMACY,CREDIT,NEVADA,0
TXN02228,CUST024,19.44,2024-03-22 10:02:45,COFFEE_SHOP,DEBIT,NEVADA,0
TXN02229,CUST004,95.09,2024-01-22 13:25:58,RESTAURANT,DEBIT,MICHIGAN,0
TXN02230,CUST005,264.24,2024-01-03 16:12:48,HOTEL,DEBIT,WASHINGTON,0
TXN02231,CUST050,373.05,2024-03-27 11:25:59,CLOTHING,DEBIT,ARIZONA,0
TXN02232,CUST067,5892.42,2024-01-02 20:12:14,JEWELRY,DEBIT,OREGON,1
TXN02233,CUST030,238.47,2024-03-04 12:57:06,CLOTHING,DEBIT,NEW_YORK,0
TXN02234,CUST022,748.55,2024-01-09 08:30:23,ELECTRONICS,DEBIT,MICHIGAN,0
TXN02235,CUST003,138.28,2024-02-21 16:37:10,GAS_STATION,DEBIT,MICHIGAN,0
TXN02236,CUST135,43.39,2024-03-02 10:38:55,COFFEE_SHOP,DEBIT,FLORIDA,0
TXN02237,CUST191,7290.83,2024-03-21 11:59:34,JEWELRY,DEBIT,UNKNOWN,1
TXN02238,CUST023,46.09,2024-01-13 13:17:49,ONLINE,DEBIT,ILLINOIS,0
TXN02239,CUST007,134.11,2024-01-15 20:20:10,CLOTHING,DEBIT,ILLINOIS,0
TXN02240,CUST047,1111.98,2024-03-30 12:03:53,ELECTRONICS,DEBIT,TEXAS,1
TXN02241,CUST040,816.94,2024-01-28 14:23:46,CLOTHING,CREDIT,NEW_YORK,1
TXN02242,CUST013,120.46,2024-01-30 16:36:34,RESTAURANT,CREDIT,MICHIGAN,0
TXN02243,CUST030,25.61,2024-03-15 19:54:41,ONLINE,DEBIT,ILLINOIS,0
TXN02244,CUST070,325.34,2024-01-11 14:04:55,HOTEL,DEBIT,UNKNOWN,0
TXN02245,CUST046,551.75,2024-01-08 19:54:38,ONLINE,DEBIT,MONTANA,0
TXN02246,CUST013,264.75,2024-01-12 13:36:24,HOTEL,CREDIT,NEVADA,0
TXN02247,CUST036,15.34,2024-03-14 18:04:28,PHARMACY,DEBIT,NEW_YORK,0
TXN02248,CUST181,18.62,2024-02-17 12:00:11,PHARMACY,DEBIT,ILLINOIS,0
TXN02249,CUST080,313.25,2024-01-14 13:04:35,GROCERY,CREDIT,MONTANA,0
TXN02250,CUST190,4302.82,2024-01-12 18:46:04,ONLINE,DEBIT,NEVADA,1
TXN02251,CUST087,40.07,2024-03-23 12:31:33,PHARMACY,DEBIT,UNKNOWN,0
TXN02252,CUST024,121.27,2024-01-31 19:33:44,GAS_STATION,DEBIT,MICHIGAN,0
TXN02253,CUST041,3409.4,2024-01-10 09:01:58,ELECTRONICS,CREDIT,NEVADA,1
TXN02254,CUST019,204.07,2024-03-20 20:04:29,ONLINE,DEBIT,ARIZONA,0
TXN02255,CUST025,1694.71,2024-03-28 20:41:41,JEWELRY,DEBIT,NEVADA,0
TXN02256,CUST038,195.16,2024-01-31 15:04:03,ELECTRONICS,DEBIT,ARIZONA,0
TXN02257,CUST030,137.65,2024-03-19 08:02:52,GAS_STATION,DEBIT,OREGON,0
TXN02258,CUST010,5.72,2024-01-18 21:54:33,COFFEE_SHOP,DEBIT,ARIZONA,0
TXN02259,CUST043,24.97,2024-01-26 19:34:19,RESTAURANT,DEBIT,HAWAII,0
TXN02260,CUST019,355.95,2024-03-15 09:39:21,ONLINE,CREDIT,MICHIGAN,0
TXN02261,CUST081,230.91,2024-02-27 11:55:28,CLOTHING,DEBIT,NEW_YORK,0
TXN02262,CUST040,331.05,2024-02-15 12:37:48,GROCERY,DEBIT,CALIFORNIA,0
TXN02263,CUST036,258.38,2024-03-10 12:10:55,HOTEL,DEBIT,NEVADA,0
TXN02264,CUST045,384.53,2024-01-03 22:33:28,HOTEL,DEBIT,UTAH,0
TXN02265,CUST149,183.5,2024-01-21 22:49:24,RESTAURANT,CREDIT,MICHIGAN,0
TXN02266,CUST027,1050.24,2024-02-20 11:05:26,ELECTRONICS,DEBIT,MONTANA,0
TXN02267,CUST006,313.12,2024-03-11 22:16:25,ATM,DEBIT,ARIZONA,0
TXN02268,CUST045,328.64,2024-01-23 11:10:56,HOTEL,DEBIT,WASHINGTON,0
TXN02269,CUST009,4694.75,2024-01-11 19:57:46,ONLINE,DEBIT,NEVADA,1
TXN02270,CUST012,105.33,2024-02-07 19:13:07,HOTEL,CREDIT,FLORIDA,0
TXN02271,CUST070,436.2,2024-03-12 20:40:43,HOTEL,CREDIT,OREGON,0
TXN02272,CUST117,332.26,2024-02-11 10:26:51,ATM,CREDIT,FLORIDA,0
TXN02273,CUST026,282.81,2024-02-20 09:02:06,JEWELRY,DEBIT,NEVADA,0
TXN02274,CUST039,32.12,2024-01-17 22:46:16,PHARMACY,DEBIT,OREGON,0
TXN02275,CUST024,662.87,2024-02-14 15:14:28,HOTEL,DEBIT,NEW_YORK,1
TXN02276,CUST044,134.87,2024-01-19 09:42:46,GAS_STATION,DEBIT,MICHIGAN,0
TXN02277,CUST157,23.15,2024-02-23 09:27:58,COFFEE_SHOP,CREDIT,MICHIGAN,0
TXN02278,CUST004,213.96,2024-02-15 18:00:35,GROCERY,DEBIT,HAWAII,0
TXN02279,CUST038,115.03,2024-03-18 18:50:16,HOTEL,CREDIT,MICHIGAN,0
TXN02280,CUST002,58.43,2024-01-25 18:19:55,PHARMACY,DEBIT,HAWAII,0
TXN02281,CUST152,47.88,2024-01-15 22:15:54,RESTAURANT,DEBIT,MONTANA,0
TXN02282,CUST020,655.62,2024-03-08 18:18:42,CLOTHING,DEBIT,OREGON,1
TXN02283,CUST009,186.97,2024-03-17 08:49:39,CLOTHING,DEBIT,OREGON,0
TXN02284,CUST029,158.67,2024-02-09 13:02:40,ATM,DEBIT,ARIZONA,0
TXN02285,CUST015,292.96,2024-03-16 18:37:09,ONLINE,CREDIT,WASHINGTON,0
TXN02286,CUST016,35.66,2024-01-03 20:51:31,GROCERY,CREDIT,ARIZONA,0
TXN02287,CUST021,91.55,2024-01-16 12:22:07,PHARMACY,CREDIT,TEXAS,0
TXN02288,CUST021,297.15,2024-03-08 08:14:20,ONLINE,DEBIT,HAWAII,0
TXN02289,CUST028,46.66,2024-01-25 18:53:03,PHARMACY,DEBIT,COLORADO,0
TXN02290,CUST017,588.61,2024-03-26 13:48:08,ONLINE,DEBIT,TEXAS,0
TXN02291,CUST049,110.72,2024-02-02 19:43:19,HOTEL,DEBIT,NEVADA,0
TXN02292,CUST032,23.89,2024-03-06 20:40:48,COFFEE_SHOP,DEBIT,CALIFORNIA,0
TXN02293,CUST003,616.85,2024-03-17 21:46:04,ONLINE,DEBIT,ILLINOIS,0
TXN02294,CUST061,104.33,2024-01-13 10:43:11,RESTAURANT,DEBIT,CALIFORNIA,0
TXN02295,CUST019,30.72,2024-02-13 16:09:38,PHARMACY,CREDIT,NEVADA,0
TXN02296,CUST019,610.46,2024-03-25 08:45:29,JEWELRY,DEBIT,TEXAS,0
TXN02297,CUST040,5032.02,2024-02-27 21:50:04,ELECTRONICS,DEBIT,COLORADO,1
TXN02298,CUST044,416.77,2024-01-29 18:20:30,GROCERY,DEBIT,MONTANA,1
TXN02299,CUST049,176.2,2024-03-18 12:40:21,RESTAURANT,DEBIT,WASHINGTON,0
TXN02300,CUST110,488.47,2024-01-29 19:36:27,HOTEL,DEBIT,TEXAS,0
TXN02301,CUST031,83.99,2024-02-01 16:17:30,GAS_STATION,CREDIT,ILLINOIS,0
TXN02302,CUST023,78.75,2024-02-20 17:03:41,RESTAURANT,CREDIT,HAWAII,0
TXN02303,CUST013,81.3,2024-03-28 08:17:10,GAS_STATION,DEBIT,ARIZONA,0
TXN02304,CUST027,150.14,2024-02-21 12:40:46,GROCERY,CREDIT,ARIZONA,0
TXN02305,CUST032,269.17,2024-01-13 11:19:54,GROCERY,DEBIT,TEXAS,0
TXN02306,CUST028,1449.86,2024-02-27 13:39:12,ELECTRONICS,CREDIT,ARIZONA,0
TXN02307,CUST035,36.38,2024-02-14 17:43:23,GROCERY,CREDIT,CALIFORNIA,0
TXN02308,CUST033,30.79,2024-01-13 18:54:28,COFFEE_SHOP,DEBIT,ILLINOIS,0
TXN02309,CUST043,33.41,2024-03-04 09:12:30,ATM,DEBIT,MONTANA,0
TXN02310,CUST040,14.67,2024-01-14 11:50:24,PHARMACY,DEBIT,OREGON,0
TXN02311,CUST013,777.04,2024-03-21 21:28:44,JEWELRY,DEBIT,TEXAS,0
TXN02312,CUST005,5792.98,2024-03-12 12:42:15,JEWELRY,DEBIT,HAWAII,1
TXN02313,CUST030,37.88,2024-02-08 11:03:45,COFFEE_SHOP,CREDIT,MONTANA,0
TXN02314,CUST081,7999.42,2024-02-05 09:51:44,JEWELRY,CREDIT,NEW_YORK,1
TXN02315,CUST021,98.91,2024-01-14 10:12:45,GAS_STATION,DEBIT,ARIZONA,0
TXN02316,CUST014,117.32,2024-03-08 18:58:53,HOTEL,DEBIT,UNKNOWN,0
TXN02317,CUST035,28.26,2024-01-20 13:59:12,GAS_STATION,DEBIT,NEVADA,0
TXN02318,CUST003,772.85,2024-01-14 08:13:02,ONLINE,DEBIT,UTAH,0
TXN02319,CUST006,49.45,2024-02-07 13:53:50,COFFEE_SHOP,DEBIT,MONTANA,0
TXN02320,CUST014,325.17,2024-02-12 17:27:38,GROCERY,DEBIT,MONTANA,0
TXN02321,CUST044,46.18,2024-01-25 20:43:51,COFFEE_SHOP,CREDIT,MICHIGAN,0
TXN02322,CUST048,316.38,2024-01-09 11:29:37,ATM,DEBIT,MONTANA,0
TXN02323,CUST032,348.22,2024-02-23 22:54:12,ATM,DEBIT,MONTANA,0
TXN02324,CUST013,1912.19,2024-03-30 11:21:24,ONLINE,CREDIT,UTAH,1
TXN02325,CUST045,550.98,2024-01-02 08:48:42,ELECTRONICS,DEBIT,HAWAII,0
TXN02326,CUST011,27.29,2024-03-20 10:26:31,GAS_STATION,CREDIT,NEVADA,0
TXN02327,CUST001,430.1,2024-02-04 16:01:30,HOTEL,CREDIT,FLORIDA,0
TXN02328,CUST121,5580.73,2024-03-05 13:20:34,JEWELRY,DEBIT,WASHINGTON,1
TXN02329,CUST031,477.75,2024-03-02 17:44:09,ATM,DEBIT,HAWAII,0
TXN02330,CUST027,370.47,2024-01-01 14:52:15,CLOTHING,CREDIT,ILLINOIS,0
TXN02331,CUST009,22.77,2024-01-24 22:08:24,PHARMACY,DEBIT,MICHIGAN,0
TXN02332,CUST016,110.1,2024-01-10 17:56:41,GROCERY,DEBIT,NEW_YORK,0
TXN02333,CUST049,92.83,2024-01-16 08:07:21,PHARMACY,CREDIT,FLORIDA,0
TXN02334,CUST038,178.07,2024-01-03 17:51:41,HOTEL,DEBIT,MICHIGAN,0
TXN02335,CUST013,523.43,2024-03-04 20:31:40,ELECTRONICS,CREDIT,CALIFORNIA,0
TXN02336,CUST005,288.66,2024-02-03 18:18:54,JEWELRY,DEBIT,COLORADO,0
TXN02337,CUST037,1038.4,2024-03-17 15:00:45,ONLINE,CREDIT,NEVADA,1
TXN02338,CUST023,6433.38,2024-03-27 15:05:35,JEWELRY,CREDIT,COLORADO,1
TXN02339,CUST014,154.25,2024-02-25 19:20:08,ATM,DEBIT,ARIZONA,0
TXN02340,CUST021,147.21,2024-03-18 15:53:56,RESTAURANT,DEBIT,MONTANA,0
TXN02341,CUST009,120.03,2024-03-16 20:00:45,GAS_STATION,DEBIT,HAWAII,0
TXN02342,CUST182,465.5,2024-03-12 13:08:28,HOTEL,DEBIT,ARIZONA,0
TXN02343,CUST003,200.04,2024-01-02 20:59:26,CLOTHING,CREDIT,MONTANA,0
TXN02344,CUST025,2657.67,2024-01-28 09:04:46,JEWELRY,CREDIT,NEW_YORK,1
TXN02345,CUST027,319.51,2024-01-08 16:39:34,GROCERY,DEBIT,FLORIDA,0
TXN02346,CUST039,782.89,2024-03-01 18:12:08,ONLINE,DEBIT,HAWAII,0
TXN02347,CUST023,1314.23,2024-03-03 09:01:12,ELECTRONICS,DEBIT,UTAH,0
TXN02348,CUST028,1360.22,2024-01-11 16:35:31,JEWELRY,DEBIT,ILLINOIS,0
TXN02349,CUST039,236.09,2024-03-04 18:33:53,GROCERY,DEBIT,FLORIDA,0
TXN02350,CUST036,68.82,2024-01-03 15:23:36,ELECTRONICS,DEBIT,NEVADA,0
TXN02351,CUST023,88.51,2024-01-21 12:05:02,RESTAURANT,DEBIT,FLORIDA,0
TXN02352,CUST007,79.56,2024-01-26 09:07:40,GROCERY,CREDIT,UTAH,0
TXN02353,CUST134,70.85,2024-03-11 20:18:04,PHARMACY,DEBIT,OREGON,0
TXN02354,CUST046,47.47,2024-01-23 16:12:53,PHARMACY,CREDIT,FLORIDA,0
TXN02355,CUST061,917.7,2024-03-11 18:26:48,ELECTRONICS,CREDIT,HAWAII,0
TXN02356,CUST030,6686.14,2024-01-13 15:25:34,JEWELRY,DEBIT,MONTANA,1
TXN02357,CUST002,315.05,2024-03-28 21:11:16,JEWELRY,DEBIT,WASHINGTON,0
TXN02358,CUST189,66.8,2024-02-04 15:12:17,CLOTHING,DEBIT,UTAH,0
TXN02359,CUST049,71.41,2024-02-02 11:27:05,ONLINE,DEBIT,UTAH,0
TXN02360,CUST041,182.03,2024-02-01 12:35:37,COFFEE_SHOP,DEBIT,NEW_YORK,1
TXN02361,CUST030,268.92,2024-02-21 10:32:01,ATM,DEBIT,WASHINGTON,0
TXN02362,CUST146,428.16,2024-01-22 19:30:59,ATM,CREDIT,WASHINGTON,0
TXN02363,CUST005,83.42,2024-01-05 20:10:24,GAS_STATION,DEBIT,WASHINGTON,0
TXN02364,CUST041,44.89,2024-03-13 19:29:31,COFFEE_SHOP,CREDIT,MONTANA,0
TXN02365,CUST031,45.84,2024-02-18 13:29:53,COFFEE_SHOP,DEBIT,TEXAS,0
TXN02366,CUST043,12.85,2024-02-18 11:53:42,COFFEE_SHOP,DEBIT,HAWAII,0
TXN02367,CUST182,90.32,2024-02-01 13:43:28,PHARMACY,DEBIT,WASHINGTON,0
TXN02368,CUST073,1015.51,2024-02-02 21:27:43,CLOTHING,CREDIT,ARIZONA,1
TXN02369,CUST032,585.35,2024-02-18 22:27:23,GAS_STATION,DEBIT,TEXAS,1
TXN02370,CUST025,3903.55,2024-01-19 15:38:20,ONLINE,DEBIT,MICHIGAN,1
TXN02371,CUST024,37.06,2024-01-08 20:15:32,COFFEE_SHOP,DEBIT,COLORADO,0
TXN02372,CUST045,93.46,2024-01-24 16:41:53,HOTEL,DEBIT,MONTANA,0
TXN02373,CUST027,323.16,2024-03-12 10:14:07,GROCERY,CREDIT,MONTANA,0
TXN02374,CUST175,743.74,2024-01-06 22:32:15,CLOTHING,DEBIT,COLORADO,1
TXN02375,CUST025,14.55,2024-01-01 16:05:43,COFFEE_SHOP,CREDIT,ILLINOIS,0
TXN02376,CUST016,488.87,2024-03-25 09:02:03,ATM,DEBIT,HAWAII,0
TXN02377,CUST018,628.47,2024-03-03 20:46:46,ONLINE,CREDIT,HAWAII,0
TXN02378,CUST022,183.73,2024-03-19 22:42:11,GROCERY,DEBIT,TEXAS,0
TXN02379,CUST023,197.41,2024-02-26 16:26:28,HOTEL,CREDIT,OREGON,0
TXN02380,CUST016,101.05,2024-01-19 19:44:47,GAS_STATION,CREDIT,NEVADA,0
TXN02381,CUST043,1450.77,2024-01-13 15:09:02,ELECTRONICS,CREDIT,UNKNOWN,0
TXN02382,CUST029,1564.3,2024-02-16 08:43:56,JEWELRY,DEBIT,CALIFORNIA,0
TXN02383,CUST005,374.96,2024-03-24 21:44:33,CLOTHING,DEBIT,NEW_YORK,0
TXN02384,CUST013,239.01,2024-01-04 09:09:31,ATM,CREDIT,WASHINGTON,0
TXN02385,CUST027,6.73,2024-01-08 20:59:27,COFFEE_SHOP,DEBIT,NEVADA,0
TXN02386,CUST064,223.87,2024-01-06 08:47:28,CLOTHING,DEBIT,CALIFORNIA,0
TXN02387,CUST007,313.17,2024-01-05 11:58:12,ATM,DEBIT,HAWAII,0
TXN02388,CUST042,27.35,2024-01-31 14:12:07,RESTAURANT,DEBIT,COLORADO,0
TXN02389,CUST032,42.69,2024-03-08 17:48:38,COFFEE_SHOP,DEBIT,NEW_YORK,0
TXN02390,CUST045,426.12,2024-03-04 08:41:01,ONLINE,DEBIT,TEXAS,0
TXN02391,CUST003,254.96,2024-02-28 21:51:00,CLOTHING,CREDIT,UNKNOWN,0
TXN02392,CUST027,133.58,2024-03-19 14:58:20,GAS_STATION,CREDIT,UNKNOWN,0
TXN02393,CUST044,290.59,2024-02-01 12:28:27,ELECTRONICS,DEBIT,UNKNOWN,0
TXN02394,CUST007,72.5,2024-01-28 18:40:44,RESTAURANT,DEBIT,ARIZONA,0
TXN02395,CUST042,474.43,2024-01-17 10:43:02,ATM,DEBIT,COLORADO,0
TXN02396,CUST111,567.08,2024-03-19 08:41:39,ELECTRONICS,DEBIT,WASHINGTON,0
TXN02397,CUST046,411.07,2024-01-22 11:59:40,HOTEL,DEBIT,FLORIDA,0
TXN02398,CUST088,83.68,2024-03-30 16:06:52,RESTAURANT,DEBIT,UTAH,0
TXN02399,CUST047,338.18,2024-03-25 15:13:56,CLOTHING,CREDIT,NEW_YORK,0
TXN02400,CUST022,282.0,2024-03-09 22:16:41,ONLINE,DEBIT,NEW_YORK,0
TXN02401,CUST139,168.59,2024-03-29 14:52:28,COFFEE_SHOP,DEBIT,CALIFORNIA,1
TXN02402,CUST045,85.21,2024-03-11 18:02:36,GAS_STATION,DEBIT,UNKNOWN,0
TXN02403,CUST038,538.09,2024-01-24 10:13:50,ONLINE,CREDIT,COLORADO,0
TXN02404,CUST016,507.41,2024-02-14 09:56:42,ONLINE,DEBIT,OREGON,0
TXN02405,CUST073,24.3,2024-03-28 10:18:37,PHARMACY,DEBIT,MONTANA,0
TXN02406,CUST070,245.72,2024-02-21 19:37:15,CLOTHING,CREDIT,ILLINOIS,0
TXN02407,CUST048,265.84,2024-03-06 18:33:17,HOTEL,DEBIT,CALIFORNIA,0
TXN02408,CUST030,252.59,2024-02-14 15:26:06,ATM,DEBIT,COLORADO,0
TXN02409,CUST067,46.07,2024-02-20 19:02:42,COFFEE_SHOP,DEBIT,NEW_YORK,0
TXN02410,CUST199,80.74,2024-02-27 19:27:21,ATM,DEBIT,NEVADA,0
TXN02411,CUST016,113.22,2024-01-21 17:19:19,CLOTHING,DEBIT,UTAH,0
TXN02412,CUST004,494.94,2024-02-16 22:57:32,ONLINE,DEBIT,ARIZONA,0
TXN02413,CUST162,54.97,2024-03-03 11:58:11,ATM,DEBIT,MONTANA,0
TXN02414,CUST047,195.15,2024-03-03 11:49:17,HOTEL,CREDIT,CALIFORNIA,0
TXN02415,CUST183,318.54,2024-01-09 13:24:17,ATM,CREDIT,TEXAS,0
TXN02416,CUST023,1317.76,2024-03-07 14:27:31,JEWELRY,DEBIT,HAWAII,0
TXN02417,CUST042,40.52,2024-01-07 08:46:10,COFFEE_SHOP,CREDIT,MONTANA,0
TXN02418,CUST033,4164.62,2024-01-30 16:20:17,JEWELRY,DEBIT,COLORADO,1
TXN02419,CUST041,468.46,2024-01-29 20:31:56,HOTEL,DEBIT,UNKNOWN,0
TXN02420,CUST038,49.0,2024-02-04 22:06:00,COFFEE_SHOP,DEBIT,CALIFORNIA,0
TXN02421,CUST001,213.78,2024-01-18 14:07:53,HOTEL,DEBIT,COLORADO,0
TXN02422,CUST043,1299.58,2024-02-01 21:28:35,JEWELRY,CREDIT,MONTANA,0
TXN02423,CUST034,818.22,2024-01-22 19:11:44,ELECTRONICS,CREDIT,FLORIDA,0
TXN02424,CUST043,1204.03,2024-01-25 13:00:59,ELECTRONICS,DEBIT,NEW_YORK,0
TXN02425,CUST012,115.67,2024-02-22 19:00:50,RESTAURANT,DEBIT,MICHIGAN,0
TXN02426,CUST006,1164.36,2024-02-08 18:27:21,JEWELRY,DEBIT,ILLINOIS,1
TXN02427,CUST048,67.97,2024-01-07 13:33:19,PHARMACY,DEBIT,CALIFORNIA,0
TXN02428,CUST022,488.26,2024-03-29 11:33:36,ELECTRONICS,DEBIT,ARIZONA,0
TXN02429,CUST046,275.54,2024-01-16 12:39:30,GROCERY,CREDIT,UNKNOWN,0
TXN02430,CUST022,124.19,2024-03-25 13:54:12,JEWELRY,CREDIT,FLORIDA,0
TXN02431,CUST022,54.08,2024-02-14 12:19:30,CLOTHING,CREDIT,WASHINGTON,0
TXN02432,CUST025,86.16,2024-01-12 20:41:17,GAS_STATION,DEBIT,CALIFORNIA,0
TXN02433,CUST093,134.48,2024-01-25 19:35:49,GAS_STATION,DEBIT,MICHIGAN,0
TXN02434,CUST013,2519.49,2024-02-04 16:08:06,JEWELRY,DEBIT,MONTANA,1
TXN02435,CUST038,3375.02,2024-01-04 11:39:34,ONLINE,DEBIT,TEXAS,1
TXN02436,CUST027,834.28,2024-02-14 08:28:41,JEWELRY,DEBIT,CALIFORNIA,0
TXN02437,CUST149,14.47,2024-01-16 22:28:15,COFFEE_SHOP,DEBIT,UTAH,0
TXN02438,CUST049,239.02,2024-02-24 20:38:22,GROCERY,CREDIT,WASHINGTON,0
TXN02439,CUST140,330.68,2024-03-20 08:11:22,GROCERY,DEBIT,COLORADO,0
TXN02440,CUST028,201.9,2024-02-08 20:56:12,GROCERY,CREDIT,OREGON,0
TXN02441,CUST035,764.03,2024-02-27 22:53:06,ELECTRONICS,DEBIT,MICHIGAN,0
TXN02442,CUST111,101.44,2024-03-20 17:42:50,GAS_STATION,CREDIT,WASHINGTON,0
TXN02443,CUST050,72.43,2024-02-06 12:02:29,RESTAURANT,CREDIT,CALIFORNIA,0
TXN02444,CUST003,384.7,2024-03-10 19:55:51,ONLINE,DEBIT,NEVADA,0
TXN02445,CUST050,139.04,2024-01-24 09:03:07,HOTEL,CREDIT,UTAH,0
TXN02446,CUST032,196.95,2024-02-05 10:36:20,ATM,CREDIT,ARIZONA,0
TXN02447,CUST006,520.61,2024-02-07 20:57:35,ONLINE,CREDIT,CALIFORNIA,0
TXN02448,CUST042,173.96,2024-02-24 19:21:51,RESTAURANT,DEBIT,ILLINOIS,0
TXN02449,CUST021,1205.46,2024-01-17 11:09:26,JEWELRY,DEBIT,NEVADA,0
TXN02450,CUST022,358.36,2024-03-20 20:45:44,ONLINE,DEBIT,ILLINOIS,0
TXN02451,CUST013,157.37,2024-03-18 19:54:12,GROCERY,CREDIT,OREGON,0
TXN02452,CUST039,445.39,2024-03-22 21:19:18,ATM,DEBIT,HAWAII,0
TXN02453,CUST028,1250.08,2024-03-30 13:34:14,JEWELRY,CREDIT,OREGON,1
TXN02454,CUST006,66.29,2024-02-26 20:29:31,ONLINE,CREDIT,CALIFORNIA,0
TXN02455,CUST197,297.01,2024-03-03 22:56:52,CLOTHING,DEBIT,UNKNOWN,0
TXN02456,CUST006,70.63,2024-02-19 09:12:05,PHARMACY,DEBIT,ARIZONA,0
TXN02457,CUST010,126.12,2024-01-06 09:00:21,GAS_STATION,DEBIT,UNKNOWN,0
TXN02458,CUST162,27.87,2024-03-11 17:27:30,RESTAURANT,DEBIT,WASHINGTON,0
TXN02459,CUST025,483.77,2024-02-25 09:43:17,ONLINE,DEBIT,ARIZONA,0
TXN02460,CUST003,38.44,2024-03-09 15:25:24,GROCERY,DEBIT,TEXAS,0
TXN02461,CUST041,182.57,2024-03-13 14:07:04,RESTAURANT,DEBIT,ARIZONA,0
TXN02462,CUST020,748.49,2024-02-29 20:29:17,RESTAURANT,DEBIT,TEXAS,1
TXN02463,CUST089,57.86,2024-02-10 16:26:04,PHARMACY,CREDIT,COLORADO,0
TXN02464,CUST030,42.85,2024-01-04 10:37:13,GROCERY,DEBIT,TEXAS,0
TXN02465,CUST031,289.08,2024-01-06 21:39:49,CLOTHING,DEBIT,HAWAII,0
TXN02466,CUST011,312.05,2024-01-18 11:28:00,PHARMACY,DEBIT,WASHINGTON,1
TXN02467,CUST040,230.81,2024-02-13 08:57:35,ATM,DEBIT,NEW_YORK,0
TXN02468,CUST175,19.94,2024-03-19 21:16:26,COFFEE_SHOP,DEBIT,MONTANA,0
TXN02469,CUST048,138.58,2024-01-25 22:55:19,RESTAURANT,DEBIT,UTAH,0
TXN02470,CUST118,40.33,2024-01-27 13:21:06,PHARMACY,DEBIT,CALIFORNIA,0
TXN02471,CUST032,616.52,2024-02-27 15:39:06,ONLINE,DEBIT,HAWAII,0
TXN02472,CUST025,227.24,2024-02-06 11:18:28,CLOTHING,DEBIT,MONTANA,0
TXN02473,CUST028,2872.22,2024-01-14 10:45:29,ONLINE,DEBIT,CALIFORNIA,1
TXN02474,CUST011,37.05,2024-02-19 22:38:10,COFFEE_SHOP,CREDIT,FLORIDA,0
TXN02475,CUST047,16.48,2024-01-19 08:57:18,PHARMACY,CREDIT,ILLINOIS,0
TXN02476,CUST004,1543.38,2024-03-16 08:37:18,JEWELRY,DEBIT,COLORADO,0
TXN02477,CUST022,1896.3,2024-03-22 20:52:12,JEWELRY,DEBIT,ILLINOIS,0
TXN02478,CUST036,205.99,2024-01-12 20:06:29,GROCERY,DEBIT,HAWAII,0
TXN02479,CUST012,190.67,2024-02-20 17:43:49,GROCERY,CREDIT,WASHINGTON,0
TXN02480,CUST043,356.54,2024-01-14 13:36:07,HOTEL,CREDIT,MICHIGAN,0
TXN02481,CUST049,65.65,2024-02-29 18:11:24,GAS_STATION,DEBIT,OREGON,0
TXN02482,CUST001,82.54,2024-02-21 21:47:21,PHARMACY,CREDIT,MICHIGAN,0
TXN02483,CUST025,1039.58,2024-03-16 22:16:41,JEWELRY,CREDIT,FLORIDA,0
TXN02484,CUST001,69.54,2024-01-25 17:15:51,PHARMACY,DEBIT,OREGON,0
TXN02485,CUST024,5.08,2024-01-04 19:43:47,COFFEE_SHOP,DEBIT,OREGON,0
TXN02486,CUST081,37.03,2024-01-31 10:41:42,PHARMACY,DEBIT,ARIZONA,0
TXN02487,CUST092,46.25,2024-01-07 13:25:36,COFFEE_SHOP,CREDIT,HAWAII,0
TXN02488,CUST053,42.15,2024-02-13 09:23:25,PHARMACY,DEBIT,TEXAS,0
TXN02489,CUST019,7517.43,2024-02-07 13:51:13,JEWELRY,DEBIT,ARIZONA,1
TXN02490,CUST181,118.72,2024-01-09 13:05:06,HOTEL,CREDIT,COLORADO,0
TXN02491,CUST006,1479.16,2024-02-20 22:03:38,ELECTRONICS,DEBIT,TEXAS,0
TXN02492,CUST035,5118.9,2024-03-07 13:29:58,ELECTRONICS,DEBIT,FLORIDA,1
TXN02493,CUST004,161.63,2024-03-19 18:42:03,GROCERY,CREDIT,OREGON,0
TXN02494,CUST041,1166.04,2024-01-14 12:30:07,ELECTRONICS,DEBIT,FLORIDA,0
TXN02495,CUST029,128.04,2024-02-22 16:46:25,GAS_STATION,DEBIT,UNKNOWN,0
TXN02496,CUST029,271.49,2024-02-23 18:03:34,CLOTHING,DEBIT,MICHIGAN,0
TXN02497,CUST114,1290.25,2024-01-09 11:30:04,ELECTRONICS,DEBIT,UTAH,0
TXN02498,CUST024,184.4,2024-02-15 22:30:13,HOTEL,CREDIT,MICHIGAN,0
TXN02499,CUST035,240.62,2024-01-19 08:56:47,GROCERY,CREDIT,HAWAII,0
TXN02500,CUST021,417.92,2024-01-27 08:08:50,ATM,CREDIT,CALIFORNIA,0
TXN02501,CUST086,364.75,2024-02-07 20:26:50,CLOTHING,DEBIT,MICHIGAN,0
TXN02502,CUST034,153.59,2024-03-28 22:01:13,GROCERY,DEBIT,CALIFORNIA,0
TXN02503,CUST006,1369.04,2024-01-17 16:27:33,ELECTRONICS,DEBIT,HAWAII,0
TXN02504,CUST194,15.04,2024-01-31 17:44:19,COFFEE_SHOP,DEBIT,ILLINOIS,0
TXN02505,CUST151,231.0,2024-03-23 22:18:18,CLOTHING,DEBIT,ARIZONA,0
TXN02506,CUST018,3640.27,2024-03-01 18:06:43,ELECTRONICS,DEBIT,MONTANA,1
TXN02507,CUST026,476.92,2024-02-08 08:57:45,ATM,DEBIT,OREGON,0
TXN02508,CUST024,611.53,2024-01-25 12:37:34,ONLINE,DEBIT,NEVADA,0
TXN02509,CUST169,1264.45,2024-01-04 09:45:19,ELECTRONICS,DEBIT,UTAH,0
TXN02510,CUST040,434.22,2024-02-11 12:20:41,HOTEL,DEBIT,ARIZONA,0
TXN02511,CUST038,769.93,2024-03-16 09:46:42,HOTEL,DEBIT,NEW_YORK,1
TXN02512,CUST024,30.23,2024-03-28 09:02:42,GROCERY,CREDIT,WASHINGTON,0
TXN02513,CUST039,122.23,2024-01-06 20:36:29,GROCERY,DEBIT,NEVADA,0
TXN02514,CUST012,33.43,2024-03-07 15:59:26,RESTAURANT,DEBIT,UNKNOWN,0
TXN02515,CUST100,7822.94,2024-02-19 21:43:15,JEWELRY,CREDIT,OREGON,1
TXN02516,CUST047,2514.7,2024-03-24 21:42:39,JEWELRY,DEBIT,NEVADA,1
TXN02517,CUST043,279.58,2024-01-25 12:48:02,GROCERY,DEBIT,ARIZONA,0
TXN02518,CUST030,411.16,2024-03-30 12:18:08,GAS_STATION,DEBIT,NEW_YORK,1
TXN02519,CUST040,173.78,2024-03-14 18:07:50,GROCERY,DEBIT,CALIFORNIA,0
TXN02520,CUST008,38.98,2024-03-07 22:32:43,RESTAURANT,CREDIT,ILLINOIS,0
TXN02521,CUST027,1536.21,2024-03-14 13:07:20,ONLINE,DEBIT,ARIZONA,1
TXN02522,CUST021,26.97,2024-03-19 21:31:27,COFFEE_SHOP,CREDIT,TEXAS,0
TXN02523,CUST012,2280.67,2024-03-13 09:56:00,ELECTRONICS,CREDIT,MONTANA,1
TXN02524,CUST014,419.21,2024-03-19 13:23:11,ATM,DEBIT,HAWAII,0
TXN02525,CUST008,214.59,2024-01-04 22:30:21,PHARMACY,CREDIT,UTAH,1
TXN02526,CUST021,396.63,2024-02-01 21:13:48,GAS_STATION,CREDIT,MICHIGAN,1
TXN02527,CUST157,26.47,2024-02-15 17:32:15,COFFEE_SHOP,DEBIT,NEW_YORK,0
TXN02528,CUST040,133.31,2024-02-28 20:24:20,CLOTHING,DEBIT,UNKNOWN,0
TXN02529,CUST029,88.02,2024-01-12 20:57:44,ATM,CREDIT,ARIZONA,0
TXN02530,CUST090,377.58,2024-02-19 22:26:07,CLOTHING,CREDIT,MICHIGAN,0
TXN02531,CUST052,256.76,2024-02-10 08:33:26,ATM,CREDIT,NEW_YORK,0
TXN02532,CUST007,792.25,2024-02-10 22:27:06,JEWELRY,DEBIT,CALIFORNIA,0
TXN02533,CUST034,1747.87,2024-01-12 15:15:12,ONLINE,DEBIT,ILLINOIS,1
TXN02534,CUST032,52.5,2024-03-07 22:49:14,PHARMACY,DEBIT,OREGON,0
TXN02535,CUST021,91.04,2024-03-06 21:29:08,PHARMACY,DEBIT,TEXAS,0
TXN02536,CUST013,134.35,2024-01-29 20:29:55,ELECTRONICS,DEBIT,COLORADO,0
TXN02537,CUST192,877.08,2024-03-24 11:04:08,ELECTRONICS,DEBIT,NEVADA,1
TXN02538,CUST008,243.65,2024-02-20 20:38:47,ATM,DEBIT,ILLINOIS,0
TXN02539,CUST003,588.41,2024-01-09 10:25:48,ONLINE,CREDIT,ILLINOIS,0
TXN02540,CUST041,92.62,2024-01-26 20:24:30,PHARMACY,CREDIT,UTAH,0
TXN02541,CUST177,127.55,2024-03-06 12:56:18,ATM,DEBIT,WASHINGTON,0
TXN02542,CUST027,354.25,2024-03-13 10:57:18,ONLINE,DEBIT,UNKNOWN,0
TXN02543,CUST002,380.67,2024-02-18 14:35:07,CLOTHING,DEBIT,FLORIDA,0
TXN02544,CUST032,93.97,2024-02-12 16:11:23,ATM,CREDIT,TEXAS,0
TXN02545,CUST007,1037.05,2024-03-08 20:50:17,ELECTRONICS,DEBIT,UTAH,0
TXN02546,CUST031,63.61,2024-01-15 22:16:00,PHARMACY,CREDIT,ILLINOIS,0
TXN02547,CUST051,345.9,2024-02-17 13:46:44,HOTEL,DEBIT,OREGON,0
TXN02548,CUST007,408.64,2024-03-09 14:07:06,CLOTHING,DEBIT,TEXAS,1
TXN02549,CUST019,14.12,2024-02-21 09:19:54,PHARMACY,DEBIT,TEXAS,0
TXN02550,CUST010,22.65,2024-01-18 12:11:16,COFFEE_SHOP,CREDIT,UNKNOWN,0
TXN02551,CUST006,272.32,2024-02-07 17:32:29,CLOTHING,CREDIT,UNKNOWN,0
TXN02552,CUST022,217.84,2024-03-09 19:39:53,GROCERY,CREDIT,UNKNOWN,0
TXN02553,CUST025,109.13,2024-02-27 21:10:43,RESTAURANT,DEBIT,FLORIDA,0
TXN02554,CUST050,339.75,2024-02-16 16:56:38,HOTEL,CREDIT,NEVADA,0
TXN02555,CUST049,137.6,2024-01-05 15:48:43,CLOTHING,DEBIT,ARIZONA,0
TXN02556,CUST004,1910.17,2024-03-15 10:04:52,JEWELRY,DEBIT,HAWAII,0
TXN02557,CUST043,93.69,2024-03-11 14:03:06,PHARMACY,DEBIT,MICHIGAN,0
TXN02558,CUST035,316.73,2024-03-11 16:34:10,ONLINE,DEBIT,UTAH,0
TXN02559,CUST039,175.88,2024-02-22 09:26:53,RESTAURANT,DEBIT,COLORADO,0
TXN02560,CUST016,323.34,2024-02-27 21:12:24,ELECTRONICS,DEBIT,TEXAS,0
TXN02561,CUST046,25.78,2024-01-09 15:35:08,COFFEE_SHOP,CREDIT,WASHINGTON,0
TXN02562,CUST050,77.02,2024-03-18 08:44:26,GAS_STATION,DEBIT,UNKNOWN,0
TXN02563,CUST009,1726.16,2024-03-08 11:23:36,JEWELRY,CREDIT,ILLINOIS,1
TXN02564,CUST169,318.4,2024-01-25 19:21:41,GROCERY,DEBIT,NEW_YORK,0
TXN02565,CUST003,487.17,2024-03-30 12:18:22,HOTEL,DEBIT,TEXAS,0
TXN02566,CUST036,149.59,2024-02-15 22:17:47,HOTEL,DEBIT,NEW_YORK,0
TXN02567,CUST021,70.11,2024-02-25 08:39:48,GAS_STATION,DEBIT,NEW_YORK,0
TXN02568,CUST048,896.7,2024-02-24 13:29:21,JEWELRY,CREDIT,HAWAII,0
TXN02569,CUST014,697.06,2024-03-13 09:26:46,ELECTRONICS,DEBIT,COLORADO,0
TXN02570,CUST112,944.52,2024-02-23 17:33:28,ELECTRONICS,CREDIT,ILLINOIS,0
TXN02571,CUST020,85.13,2024-02-16 08:57:36,GAS_STATION,DEBIT,UNKNOWN,0
TXN02572,CUST035,1012.45,2024-02-17 09:13:28,ELECTRONICS,DEBIT,UNKNOWN,0
TXN02573,CUST005,212.41,2024-02-03 14:18:22,GROCERY,CREDIT,MICHIGAN,0
TXN02574,CUST045,28.35,2024-03-15 18:25:34,PHARMACY,DEBIT,MICHIGAN,0
TXN02575,CUST030,2091.72,2024-03-29 12:55:48,JEWELRY,DEBIT,OREGON,1
TXN02576,CUST033,227.8,2024-02-04 18:14:04,CLOTHING,CREDIT,MONTANA,0
TXN02577,CUST003,630.84,2024-01-15 08:29:06,ELECTRONICS,DEBIT,ARIZONA,0
TXN02578,CUST014,243.44,2024-02-14 14:56:28,GROCERY,DEBIT,ILLINOIS,0
TXN02579,CUST033,34.12,2024-02-20 15:06:49,COFFEE_SHOP,CREDIT,OREGON,0
TXN02580,CUST031,268.08,2024-03-17 09:29:10,GAS_STATION,CREDIT,MICHIGAN,1
TXN02581,CUST039,3529.54,2024-03-24 15:33:50,ONLINE,DEBIT,WASHINGTON,1
TXN02582,CUST005,344.98,2024-02-27 20:26:07,HOTEL,CREDIT,CALIFORNIA,0
TXN02583,CUST033,273.22,2024-01-22 12:19:44,HOTEL,DEBIT,OREGON,0
TXN02584,CUST104,312.12,2024-02-12 21:51:40,ATM,CREDIT,NEVADA,0
TXN02585,CUST005,545.64,2024-02-08 10:15:37,GROCERY,DEBIT,UNKNOWN,1
TXN02586,CUST033,127.26,2024-03-02 12:30:07,GAS_STATION,DEBIT,HAWAII,0
TXN02587,CUST030,1475.53,2024-02-11 17:05:24,HOTEL,DEBIT,ARIZONA,1
TXN02588,CUST073,759.79,2024-01-24 20:06:01,HOTEL,DEBIT,HAWAII,1
TXN02589,CUST011,467.65,2024-01-06 13:39:24,HOTEL,CREDIT,UNKNOWN,0
TXN02590,CUST041,53.45,2024-01-22 20:08:55,CLOTHING,DEBIT,ARIZONA,0
TXN02591,CUST013,228.34,2024-03-25 08:11:44,ATM,DEBIT,CALIFORNIA,0
TXN02592,CUST191,3102.43,2024-01-06 20:58:04,JEWELRY,DEBIT,TEXAS,1
TXN02593,CUST030,74.17,2024-02-08 20:50:50,GROCERY,DEBIT,WASHINGTON,0
TXN02594,CUST013,351.54,2024-03-08 19:57:13,ELECTRONICS,DEBIT,OREGON,0
TXN02595,CUST125,102.42,2024-03-26 19:45:19,RESTAURANT,DEBIT,UTAH,0
TXN02596,CUST046,200.86,2024-02-13 12:28:51,PHARMACY,DEBIT,COLORADO,1
TXN02597,CUST002,27.52,2024-01-25 16:57:20,PHARMACY,DEBIT,WASHINGTON,0
TXN02598,CUST065,33.8,2024-02-03 14:53:30,COFFEE_SHOP,CREDIT,NEVADA,0
TXN02599,CUST001,458.42,2024-03-01 08:44:52,ELECTRONICS,DEBIT,OREGON,0
TXN02600,CUST080,157.29,2024-01-01 15:31:56,CLOTHING,DEBIT,MICHIGAN,0
TXN02601,CUST004,67.28,2024-03-14 10:02:25,GAS_STATION,DEBIT,MONTANA,0
TXN02602,CUST044,768.81,2024-03-07 19:56:03,JEWELRY,DEBIT,HAWAII,0
TXN02603,CUST166,1232.37,2024-03-04 19:17:09,ATM,DEBIT,CALIFORNIA,1
TXN02604,CUST002,143.95,2024-03-18 08:06:21,GAS_STATION,DEBIT,WASHINGTON,0
TXN02605,CUST025,348.4,2024-01-28 19:17:01,PHARMACY,DEBIT,MONTANA,1
TXN02606,CUST028,258.27,2024-01-11 09:17:04,HOTEL,DEBIT,COLORADO,0
TXN02607,CUST031,71.35,2024-02-06 08:29:02,PHARMACY,DEBIT,COLORADO,0
TXN02608,CUST030,1180.65,2024-02-14 14:14:00,ONLINE,CREDIT,UNKNOWN,1
TXN02609,CUST037,148.64,2024-01-25 15:56:35,ONLINE,DEBIT,CALIFORNIA,0
TXN02610,CUST028,489.7,2024-01-27 19:35:30,HOTEL,DEBIT,MICHIGAN,0
TXN02611,CUST044,2368.06,2024-01-13 16:55:08,ONLINE,CREDIT,ARIZONA,1
TXN02612,CUST009,76.77,2024-01-11 20:18:26,GAS_STATION,DEBIT,NEVADA,0
TXN02613,CUST001,25.05,2024-02-25 20:03:13,COFFEE_SHOP,DEBIT,NEW_YORK,0
TXN02614,CUST061,39.71,2024-03-13 21:39:02,GAS_STATION,DEBIT,MONTANA,0
TXN02615,CUST009,30.32,2024-01-08 11:24:38,RESTAURANT,DEBIT,ILLINOIS,0
TXN02616,CUST038,48.22,2024-03-08 08:10:06,ATM,DEBIT,UTAH,0
TXN02617,CUST014,193.35,2024-02-19 18:08:25,GROCERY,DEBIT,WASHINGTON,0
TXN02618,CUST001,4820.73,2024-01-21 15:48:15,ONLINE,DEBIT,UNKNOWN,1
TXN02619,CUST014,289.7,2024-02-21 16:38:20,CLOTHING,DEBIT,TEXAS,0
TXN02620,CUST027,735.19,2024-02-18 14:27:13,ONLINE,DEBIT,MONTANA,0
TXN02621,CUST015,136.77,2024-01-07 12:27:22,ATM,CREDIT,UTAH,0
TXN02622,CUST004,4725.45,2024-01-19 16:22:53,ONLINE,DEBIT,HAWAII,1
TXN02623,CUST193,29.36,2024-01-07 11:35:22,PHARMACY,DEBIT,UNKNOWN,0
TXN02624,CUST066,136.12,2024-01-16 15:57:54,ONLINE,DEBIT,ARIZONA,0
TXN02625,CUST022,1872.67,2024-03-05 12:54:27,JEWELRY,DEBIT,TEXAS,0
TXN02626,CUST081,126.88,2024-03-20 10:24:38,GAS_STATION,DEBIT,HAWAII,0
TXN02627,CUST012,121.23,2024-01-04 13:15:37,GAS_STATION,DEBIT,HAWAII,0
TXN02628,CUST013,187.03,2024-02-06 19:44:33,RESTAURANT,CREDIT,OREGON,1
TXN02629,CUST004,449.43,2024-03-24 16:58:44,HOTEL,DEBIT,COLORADO,0
TXN02630,CUST010,59.12,2024-01-05 08:06:02,CLOTHING,DEBIT,COLORADO,0
TXN02631,CUST005,80.74,2024-03-22 20:55:36,PHARMACY,CREDIT,UTAH,0
TXN02632,CUST007,83.53,2024-03-11 13:49:22,RESTAURANT,DEBIT,UNKNOWN,0
TXN02633,CUST013,500.98,2024-02-14 19:27:47,JEWELRY,CREDIT,HAWAII,0
TXN02634,CUST105,936.5,2024-01-20 18:07:10,JEWELRY,CREDIT,ARIZONA,0
TXN02635,CUST005,684.3,2024-01-23 19:55:57,ONLINE,DEBIT,HAWAII,0
TXN02636,CUST015,29.67,2024-02-09 14:18:49,CLOTHING,DEBIT,OREGON,0
TXN02637,CUST151,198.64,2024-02-08 15:17:23,ATM,DEBIT,OREGON,0
TXN02638,CUST031,166.27,2024-02-26 13:11:05,RESTAURANT,DEBIT,ARIZONA,0
TXN02639,CUST034,1102.1,2024-02-06 12:05:43,ELECTRONICS,DEBIT,COLORADO,0
TXN02640,CUST186,113.18,2024-03-06 13:37:02,RESTAURANT,DEBIT,NEW_YORK,0
TXN02641,CUST020,4215.5,2024-01-28 15:19:06,ELECTRONICS,DEBIT,MICHIGAN,1
TXN02642,CUST194,64.14,2024-02-16 21:02:30,RESTAURANT,DEBIT,ARIZONA,0
TXN02643,CUST009,52.41,2024-01-22 21:01:51,PHARMACY,DEBIT,WASHINGTON,0
TXN02644,CUST046,115.45,2024-02-21 09:20:28,CLOTHING,CREDIT,UTAH,0
TXN02645,CUST007,957.92,2024-03-11 13:56:04,JEWELRY,DEBIT,TEXAS,0
TXN02646,CUST023,29.03,2024-02-06 14:31:36,COFFEE_SHOP,CREDIT,OREGON,0
TXN02647,CUST098,385.99,2024-01-26 09:41:31,ONLINE,DEBIT,FLORIDA,0
TXN02648,CUST029,49.81,2024-01-19 15:30:13,COFFEE_SHOP,DEBIT,UNKNOWN,0
TXN02649,CUST041,365.0,2024-02-05 15:48:05,ATM,DEBIT,MONTANA,0
TXN02650,CUST001,38.84,2024-03-22 14:07:37,COFFEE_SHOP,CREDIT,CALIFORNIA,0
TXN02651,CUST050,145.4,2024-02-18 10:55:58,ATM,CREDIT,OREGON,0
TXN02652,CUST036,536.97,2024-03-09 21:02:15,ONLINE,DEBIT,HAWAII,1
TXN02653,CUST033,30.12,2024-01-14 22:57:49,PHARMACY,DEBIT,MONTANA,0
TXN02654,CUST001,795.66,2024-01-29 19:01:31,ONLINE,DEBIT,WASHINGTON,0
TXN02655,CUST014,36.69,2024-03-21 11:45:40,ATM,CREDIT,FLORIDA,0
TXN02656,CUST107,46.42,2024-02-07 21:47:27,CLOTHING,DEBIT,MICHIGAN,0
TXN02657,CUST012,248.67,2024-01-10 11:13:55,ATM,CREDIT,HAWAII,0
TXN02658,CUST025,123.35,2024-03-02 08:51:27,GAS_STATION,DEBIT,ARIZONA,0
TXN02659,CUST001,252.39,2024-01-01 13:44:57,CLOTHING,DEBIT,MICHIGAN,0
TXN02660,CUST049,27.29,2024-02-19 20:58:12,ONLINE,DEBIT,ILLINOIS,0
TXN02661,CUST013,14.37,2024-01-09 08:14:53,COFFEE_SHOP,CREDIT,CALIFORNIA,0
TXN02662,CUST102,32.07,2024-02-02 21:20:04,PHARMACY,DEBIT,NEVADA,0
TXN02663,CUST024,426.69,2024-02-01 19:18:50,ONLINE,DEBIT,FLORIDA,0
TXN02664,CUST154,579.19,2024-01-01 16:35:34,GROCERY,CREDIT,MICHIGAN,1
TXN02665,CUST156,5.02,2024-02-25 22:49:00,COFFEE_SHOP,DEBIT,UNKNOWN,0
TXN02666,CUST033,115.36,2024-03-29 17:54:39,GAS_STATION,CREDIT,MONTANA,0
TXN02667,CUST047,26.55,2024-03-09 19:44:47,COFFEE_SHOP,DEBIT,COLORADO,0
TXN02668,CUST027,283.41,2024-03-09 14:06:10,GROCERY,DEBIT,NEW_YORK,0
TXN02669,CUST007,761.4,2024-02-16 18:10:05,HOTEL,DEBIT,UNKNOWN,1
TXN02670,CUST047,700.7,2024-02-08 16:29:55,ELECTRONICS,DEBIT,HAWAII,0
TXN02671,CUST024,670.76,2024-01-26 21:05:36,CLOTHING,DEBIT,ARIZONA,1
TXN02672,CUST025,1821.2,2024-03-17 10:39:58,JEWELRY,DEBIT,MONTANA,0
TXN02673,CUST045,54.46,2024-02-06 09:30:55,PHARMACY,DEBIT,TEXAS,0
TXN02674,CUST024,353.0,2024-01-29 18:43:02,HOTEL,DEBIT,FLORIDA,0
TXN02675,CUST098,3116.98,2024-01-17 17:15:01,ONLINE,CREDIT,UTAH,1
TXN02676,CUST036,83.82,2024-02-27 20:49:26,GAS_STATION,CREDIT,WASHINGTON,0
TXN02677,CUST020,2527.68,2024-02-03 14:01:17,JEWELRY,DEBIT,ILLINOIS,1
TXN02678,CUST043,165.45,2024-02-07 21:05:55,RESTAURANT,CREDIT,ARIZONA,0
TXN02679,CUST026,1116.85,2024-01-11 15:24:59,ELECTRONICS,DEBIT,NEW_YORK,0
TXN02680,CUST017,5.68,2024-03-25 13:53:35,COFFEE_SHOP,DEBIT,NEW_YORK,0
TXN02681,CUST013,3632.77,2024-03-20 20:50:07,ONLINE,DEBIT,UTAH,1
TXN02682,CUST030,135.82,2024-01-21 16:17:07,GAS_STATION,DEBIT,WASHINGTON,0
TXN02683,CUST012,62.93,2024-02-17 09:59:44,PHARMACY,DEBIT,UNKNOWN,0
TXN02684,CUST108,13.07,2024-01-15 18:50:17,PHARMACY,DEBIT,OREGON,0
TXN02685,CUST003,5.41,2024-03-14 12:14:59,COFFEE_SHOP,DEBIT,WASHINGTON,0
TXN02686,CUST047,494.46,2024-03-17 14:17:08,ATM,DEBIT,COLORADO,0
TXN02687,CUST134,620.09,2024-01-20 16:10:28,ONLINE,DEBIT,MONTANA,0
TXN02688,CUST050,479.49,2024-02-26 21:54:22,GAS_STATION,DEBIT,ARIZONA,1
TXN02689,CUST025,1143.15,2024-03-05 11:38:20,JEWELRY,CREDIT,CALIFORNIA,0
TXN02690,CUST038,72.4,2024-03-27 11:17:21,PHARMACY,DEBIT,COLORADO,0
TXN02691,CUST150,84.39,2024-03-28 19:11:47,ONLINE,CREDIT,MONTANA,0
TXN02692,CUST016,174.77,2024-03-30 14:50:56,CLOTHING,CREDIT,WASHINGTON,0
TXN02693,CUST019,42.74,2024-01-30 09:35:59,PHARMACY,DEBIT,NEW_YORK,0
TXN02694,CUST047,44.47,2024-01-27 09:05:11,COFFEE_SHOP,DEBIT,OREGON,0
TXN02695,CUST017,4304.72,2024-01-30 17:18:53,ELECTRONICS,DEBIT,TEXAS,1
TXN02696,CUST045,58.17,2024-03-19 17:47:17,PHARMACY,CREDIT,TEXAS,0
TXN02697,CUST011,51.25,2024-02-20 15:39:17,PHARMACY,DEBIT,WASHINGTON,0
TXN02698,CUST086,356.68,2024-03-20 20:52:03,CLOTHING,DEBIT,UTAH,0
TXN02699,CUST008,214.68,2024-01-08 20:40:36,HOTEL,CREDIT,CALIFORNIA,0
TXN02700,CUST030,415.01,2024-03-18 17:24:06,HOTEL,DEBIT,ILLINOIS,0
TXN02701,CUST049,103.15,2024-01-06 18:35:02,GAS_STATION,DEBIT,CALIFORNIA,0
TXN02702,CUST188,62.36,2024-02-18 21:24:00,PHARMACY,DEBIT,MICHIGAN,0
TXN02703,CUST039,4786.83,2024-01-15 16:07:53,ONLINE,DEBIT,NEVADA,1
TXN02704,CUST028,154.53,2024-03-07 12:03:24,RESTAURANT,DEBIT,CALIFORNIA,0
TXN02705,CUST039,42.48,2024-01-17 19:02:00,COFFEE_SHOP,DEBIT,CALIFORNIA,0
TXN02706,CUST004,4619.56,2024-03-11 10:10:16,ELECTRONICS,CREDIT,UNKNOWN,1
TXN02707,CUST055,78.45,2024-01-22 13:55:16,PHARMACY,DEBIT,NEW_YORK,0
TXN02708,CUST019,384.45,2024-01-23 15:29:27,CLOTHING,DEBIT,TEXAS,0
TXN02709,CUST035,25.36,2024-02-06 09:50:44,PHARMACY,CREDIT,MICHIGAN,0
TXN02710,CUST042,1768.09,2024-03-09 20:57:52,JEWELRY,DEBIT,NEVADA,0
TXN02711,CUST014,427.92,2024-02-21 09:48:55,ATM,CREDIT,NEVADA,0
TXN02712,CUST020,332.65,2024-03-21 11:24:14,HOTEL,DEBIT,FLORIDA,0
TXN02713,CUST007,72.04,2024-01-18 10:03:52,RESTAURANT,CREDIT,COLORADO,0
TXN02714,CUST047,897.16,2024-03-05 22:02:49,CLOTHING,CREDIT,COLORADO,1
TXN02715,CUST032,169.87,2024-02-14 10:19:05,RESTAURANT,DEBIT,UTAH,0
TXN02716,CUST137,223.02,2024-02-17 12:35:44,CLOTHING,DEBIT,MONTANA,1
TXN02717,CUST106,1387.83,2024-03-08 18:34:50,ELECTRONICS,CREDIT,ILLINOIS,1
TXN02718,CUST168,1249.63,2024-03-21 21:08:34,ELECTRONICS,DEBIT,NEVADA,0
TXN02719,CUST013,1212.66,2024-02-13 14:52:18,JEWELRY,DEBIT,ILLINOIS,0
TXN02720,CUST034,108.64,2024-03-25 20:33:54,GAS_STATION,DEBIT,TEXAS,0
TXN02721,CUST022,90.18,2024-01-10 20:23:05,HOTEL,DEBIT,TEXAS,0
TXN02722,CUST040,1060.29,2024-01-08 20:31:40,JEWELRY,CREDIT,HAWAII,0
TXN02723,CUST004,1411.08,2024-02-29 16:33:19,HOTEL,DEBIT,WASHINGTON,1
TXN02724,CUST014,176.03,2024-02-09 09:11:25,RESTAURANT,CREDIT,UNKNOWN,0
TXN02725,CUST176,67.22,2024-01-21 14:24:24,GROCERY,DEBIT,WASHINGTON,0
TXN02726,CUST134,5007.03,2024-03-29 12:34:38,ELECTRONICS,DEBIT,TEXAS,1
TXN02727,CUST001,446.26,2024-03-13 11:14:09,HOTEL,CREDIT,WASHINGTON,0
TXN02728,CUST048,24.87,2024-01-10 19:42:57,PHARMACY,CREDIT,OREGON,0
TXN02729,CUST026,90.92,2024-02-07 21:44:32,RESTAURANT,DEBIT,MONTANA,0
TXN02730,CUST065,174.35,2024-02-04 22:36:50,CLOTHING,DEBIT,HAWAII,0
TXN02731,CUST027,36.44,2024-02-17 18:15:57,GAS_STATION,DEBIT,TEXAS,0
TXN02732,CUST042,100.79,2024-01-23 11:20:57,GAS_STATION,DEBIT,FLORIDA,0
TXN02733,CUST046,132.06,2024-03-24 15:39:14,GAS_STATION,CREDIT,NEVADA,0
TXN02734,CUST027,1247.65,2024-02-18 12:09:19,ELECTRONICS,DEBIT,FLORIDA,0
TXN02735,CUST033,441.19,2024-02-04 14:35:57,HOTEL,DEBIT,NEW_YORK,0
TXN02736,CUST042,1100.25,2024-01-16 10:52:06,HOTEL,DEBIT,NEW_YORK,1
TXN02737,CUST022,70.22,2024-03-14 14:13:01,GAS_STATION,DEBIT,ARIZONA,0
TXN02738,CUST037,1701.65,2024-01-06 16:04:15,JEWELRY,DEBIT,COLORADO,0
TXN02739,CUST043,317.32,2024-01-14 11:13:14,CLOTHING,DEBIT,TEXAS,0
TXN02740,CUST060,1181.64,2024-02-20 22:51:09,ELECTRONICS,DEBIT,ILLINOIS,1
TXN02741,CUST008,162.4,2024-01-15 20:51:38,ATM,DEBIT,MONTANA,0
TXN02742,CUST198,95.89,2024-01-19 19:20:28,PHARMACY,CREDIT,HAWAII,0
TXN02743,CUST046,195.75,2024-01-08 17:34:31,GROCERY,DEBIT,MONTANA,0
TXN02744,CUST167,475.01,2024-01-10 14:24:22,ONLINE,DEBIT,MICHIGAN,0
TXN02745,CUST028,342.83,2024-02-15 12:05:27,GROCERY,CREDIT,FLORIDA,0
TXN02746,CUST020,899.97,2024-03-01 20:05:35,ONLINE,CREDIT,WASHINGTON,1
TXN02747,CUST004,446.23,2024-01-10 12:17:52,JEWELRY,DEBIT,COLORADO,0
TXN02748,CUST091,206.04,2024-02-14 08:14:28,GROCERY,CREDIT,UNKNOWN,0
TXN02749,CUST064,1531.6,2024-01-16 22:12:48,ONLINE,CREDIT,FLORIDA,1
TXN02750,CUST007,315.95,2024-02-10 21:04:56,GROCERY,DEBIT,TEXAS,0
TXN02751,CUST046,500.65,2024-02-28 13:04:40,ELECTRONICS,CREDIT,UNKNOWN,0
TXN02752,CUST008,252.97,2024-02-12 19:25:01,ATM,DEBIT,COLORADO,0
TXN02753,CUST040,25.11,2024-03-07 16:02:33,COFFEE_SHOP,CREDIT,MICHIGAN,0
TXN02754,CUST041,189.88,2024-03-14 11:41:06,GROCERY,CREDIT,NEW_YORK,0
TXN02755,CUST025,85.53,2024-03-14 16:38:40,GAS_STATION,DEBIT,MICHIGAN,0
TXN02756,CUST041,2630.72,2024-03-05 22:38:20,ONLINE,DEBIT,UNKNOWN,1
TXN02757,CUST008,32.58,2024-03-24 16:08:32,PHARMACY,DEBIT,NEW_YORK,0
TXN02758,CUST020,69.82,2024-02-27 08:25:24,CLOTHING,DEBIT,ILLINOIS,0
TXN02759,CUST009,170.14,2024-01-08 21:28:12,CLOTHING,DEBIT,MICHIGAN,0
TXN02760,CUST022,2209.83,2024-01-28 13:13:08,ONLINE,DEBIT,NEW_YORK,1
TXN02761,CUST019,466.79,2024-01-18 13:06:44,HOTEL,DEBIT,COLORADO,0
TXN02762,CUST016,1792.39,2024-02-26 22:32:55,JEWELRY,DEBIT,MONTANA,1
TXN02763,CUST003,823.86,2024-01-31 19:53:05,ELECTRONICS,DEBIT,WASHINGTON,0
TXN02764,CUST032,1248.92,2024-01-19 10:02:35,ELECTRONICS,DEBIT,HAWAII,0
TXN02765,CUST003,42.22,2024-03-07 20:53:27,COFFEE_SHOP,CREDIT,MICHIGAN,0
TXN02766,CUST148,260.97,2024-03-17 10:54:24,GROCERY,CREDIT,WASHINGTON,0
TXN02767,CUST034,65.16,2024-03-20 22:20:38,GROCERY,CREDIT,COLORADO,0
TXN02768,CUST042,166.82,2024-01-29 22:41:37,CLOTHING,CREDIT,ARIZONA,0
TXN02769,CUST041,60.56,2024-02-01 08:15:03,RESTAURANT,DEBIT,CALIFORNIA,0
TXN02770,CUST007,722.61,2024-02-10 22:49:17,RESTAURANT,DEBIT,ILLINOIS,1
TXN02771,CUST025,355.03,2024-01-19 16:50:33,ELECTRONICS,CREDIT,UNKNOWN,0
TXN02772,CUST029,35.66,2024-01-10 16:11:31,PHARMACY,CREDIT,OREGON,0
TXN02773,CUST039,1261.84,2024-03-20 17:13:55,JEWELRY,DEBIT,FLORIDA,0
TXN02774,CUST047,1120.38,2024-02-09 13:46:59,ELECTRONICS,CREDIT,UNKNOWN,0
TXN02775,CUST117,1774.39,2024-03-20 15:02:28,JEWELRY,DEBIT,CALIFORNIA,0
TXN02776,CUST031,43.22,2024-03-21 13:09:22,GAS_STATION,DEBIT,ARIZONA,0
TXN02777,CUST011,51.98,2024-03-16 16:02:45,GROCERY,CREDIT,ARIZONA,0
TXN02778,CUST018,216.72,2024-02-21 20:16:54,PHARMACY,DEBIT,MICHIGAN,1
TXN02779,CUST050,224.19,2024-01-18 21:30:16,ATM,DEBIT,MONTANA,0
TXN02780,CUST178,5097.06,2024-02-24 17:54:09,JEWELRY,DEBIT,ARIZONA,1
TXN02781,CUST022,215.88,2024-03-01 22:11:00,HOTEL,DEBIT,OREGON,0
TXN02782,CUST022,39.92,2024-02-22 16:34:14,COFFEE_SHOP,CREDIT,COLORADO,0
TXN02783,CUST168,120.95,2024-03-18 21:33:51,ATM,DEBIT,COLORADO,0
TXN02784,CUST003,91.1,2024-01-06 17:51:51,PHARMACY,DEBIT,ILLINOIS,0
TXN02785,CUST003,2358.94,2024-02-19 11:36:16,ONLINE,DEBIT,ILLINOIS,1
TXN02786,CUST042,320.34,2024-03-25 13:26:21,ELECTRONICS,DEBIT,TEXAS,0
TXN02787,CUST005,1419.46,2024-03-03 15:02:55,ELECTRONICS,DEBIT,MICHIGAN,0
TXN02788,CUST011,1341.04,2024-02-18 19:14:41,JEWELRY,DEBIT,NEVADA,0
TXN02789,CUST037,44.83,2024-03-13 15:56:54,COFFEE_SHOP,DEBIT,ARIZONA,0
TXN02790,CUST010,308.46,2024-02-09 14:39:13,GROCERY,DEBIT,HAWAII,0
TXN02791,CUST004,95.57,2024-02-12 20:26:09,PHARMACY,DEBIT,NEW_YORK,0
TXN02792,CUST070,147.3,2024-03-25 16:43:48,GAS_STATION,CREDIT,UNKNOWN,0
TXN02793,CUST124,185.89,2024-01-01 22:05:50,GROCERY,DEBIT,NEVADA,0
TXN02794,CUST070,1854.44,2024-02-19 15:38:35,JEWELRY,DEBIT,HAWAII,0
TXN02795,CUST014,204.63,2024-01-20 08:39:48,ONLINE,DEBIT,ARIZONA,0
TXN02796,CUST014,332.46,2024-03-30 17:53:23,ONLINE,DEBIT,OREGON,0
TXN02797,CUST158,246.96,2024-02-19 20:37:14,GROCERY,DEBIT,UTAH,0
TXN02798,CUST064,62.45,2024-02-15 12:56:58,PHARMACY,DEBIT,MONTANA,0
TXN02799,CUST180,65.25,2024-01-11 16:20:43,PHARMACY,CREDIT,HAWAII,0
TXN02800,CUST012,2547.14,2024-01-28 19:41:15,ELECTRONICS,DEBIT,UNKNOWN,1
TXN02801,CUST004,48.93,2024-03-16 08:50:37,COFFEE_SHOP,DEBIT,MICHIGAN,0
TXN02802,CUST105,58.66,2024-01-05 13:14:08,PHARMACY,DEBIT,CALIFORNIA,0
TXN02803,CUST017,322.19,2024-02-08 09:02:19,CLOTHING,DEBIT,MICHIGAN,0
TXN02804,CUST047,761.92,2024-03-25 14:18:09,JEWELRY,DEBIT,OREGON,0
TXN02805,CUST083,388.72,2024-03-18 11:34:27,ATM,DEBIT,CALIFORNIA,0
TXN02806,CUST050,145.56,2024-01-16 17:42:47,GAS_STATION,CREDIT,OREGON,0
TXN02807,CUST029,237.29,2024-03-22 10:05:42,ATM,DEBIT,ARIZONA,0
TXN02808,CUST028,205.12,2024-02-06 16:38:19,ATM,CREDIT,OREGON,0
TXN02809,CUST050,79.25,2024-01-30 13:17:56,GAS_STATION,CREDIT,ILLINOIS,0
TXN02810,CUST018,101.2,2024-03-21 09:01:31,GAS_STATION,DEBIT,ILLINOIS,0
TXN02811,CUST029,202.48,2024-01-09 16:15:39,CLOTHING,DEBIT,UTAH,1
TXN02812,CUST011,29.83,2024-03-16 10:30:44,PHARMACY,DEBIT,UNKNOWN,0
TXN02813,CUST090,38.06,2024-03-06 20:31:52,CLOTHING,DEBIT,MONTANA,0
TXN02814,CUST088,392.21,2024-02-16 11:33:28,ONLINE,DEBIT,UNKNOWN,0
TXN02815,CUST044,22.42,2024-01-14 16:39:21,RESTAURANT,DEBIT,ARIZONA,0
TXN02816,CUST125,96.35,2024-02-28 09:11:46,HOTEL,DEBIT,ARIZONA,0
TXN02817,CUST049,143.53,2024-01-22 11:31:11,GAS_STATION,DEBIT,TEXAS,0
TXN02818,CUST023,448.36,2024-02-29 21:03:28,GAS_STATION,CREDIT,NEW_YORK,1
TXN02819,CUST007,13.81,2024-02-21 18:13:35,COFFEE_SHOP,DEBIT,UNKNOWN,0
TXN02820,CUST150,330.96,2024-01-07 19:55:01,RESTAURANT,DEBIT,TEXAS,1
TXN02821,CUST041,94.9,2024-03-24 19:57:32,GAS_STATION,DEBIT,CALIFORNIA,0
TXN02822,CUST036,314.83,2024-01-05 12:00:03,ATM,DEBIT,TEXAS,0
TXN02823,CUST009,252.88,2024-03-07 16:51:03,GROCERY,CREDIT,FLORIDA,0
TXN02824,CUST155,38.07,2024-03-14 16:26:23,PHARMACY,CREDIT,NEVADA,0
TXN02825,CUST020,174.47,2024-03-11 13:28:56,CLOTHING,DEBIT,UTAH,0
TXN02826,CUST003,173.37,2024-01-12 14:31:36,RESTAURANT,CREDIT,MICHIGAN,0
TXN02827,CUST005,304.77,2024-01-12 11:50:50,ATM,DEBIT,COLORADO,0
TXN02828,CUST087,828.43,2024-03-22 09:30:22,ELECTRONICS,DEBIT,MICHIGAN,0
TXN02829,CUST129,41.83,2024-01-10 14:10:54,COFFEE_SHOP,DEBIT,COLORADO,0
TXN02830,CUST013,121.37,2024-03-28 12:23:25,RESTAURANT,CREDIT,WASHINGTON,0
TXN02831,CUST006,55.69,2024-02-26 17:45:34,PHARMACY,DEBIT,UNKNOWN,0
TXN02832,CUST017,466.2,2024-01-29 18:32:31,ONLINE,DEBIT,MICHIGAN,0
TXN02833,CUST047,168.9,2024-03-07 18:15:56,RESTAURANT,DEBIT,NEW_YORK,0
TXN02834,CUST050,75.15,2024-03-14 15:10:24,GROCERY,DEBIT,HAWAII,0
TXN02835,CUST036,132.85,2024-01-28 22:43:28,HOTEL,DEBIT,OREGON,0
TXN02836,CUST020,317.79,2024-02-23 11:50:55,PHARMACY,DEBIT,UNKNOWN,1
TXN02837,CUST004,160.5,2024-01-25 13:10:21,RESTAURANT,DEBIT,CALIFORNIA,0
TXN02838,CUST077,29.77,2024-02-23 18:49:10,PHARMACY,CREDIT,CALIFORNIA,0
TXN02839,CUST004,385.59,2024-01-29 12:26:26,ELECTRONICS,CREDIT,NEW_YORK,0
TXN02840,CUST023,3910.96,2024-01-14 12:11:36,JEWELRY,DEBIT,NEW_YORK,1
TXN02841,CUST046,1795.13,2024-01-03 12:47:07,JEWELRY,DEBIT,UTAH,0
TXN02842,CUST003,1436.31,2024-01-25 20:59:38,JEWELRY,DEBIT,OREGON,0
TXN02843,CUST015,1243.9,2024-01-03 17:27:23,ONLINE,DEBIT,UNKNOWN,1
TXN02844,CUST036,795.37,2024-03-23 18:34:51,JEWELRY,DEBIT,UTAH,0
TXN02845,CUST021,39.36,2024-01-03 09:25:49,RESTAURANT,DEBIT,MONTANA,0
TXN02846,CUST033,146.19,2024-01-24 09:04:11,CLOTHING,CREDIT,HAWAII,0
TXN02847,CUST011,3804.69,2024-01-22 20:17:14,ELECTRONICS,DEBIT,FLORIDA,1
TXN02848,CUST039,117.02,2024-03-09 22:24:48,GAS_STATION,DEBIT,MONTANA,0
TXN02849,CUST008,68.95,2024-01-08 17:28:46,GROCERY,DEBIT,FLORIDA,0
TXN02850,CUST006,143.13,2024-03-10 19:08:11,COFFEE_SHOP,DEBIT,UTAH,1
TXN02851,CUST035,335.08,2024-02-17 08:56:55,CLOTHING,DEBIT,TEXAS,0
TXN02852,CUST002,30.44,2024-01-20 17:02:43,COFFEE_SHOP,DEBIT,FLORIDA,0
TXN02853,CUST053,266.54,2024-01-22 10:12:04,ONLINE,DEBIT,ILLINOIS,0
TXN02854,CUST035,148.23,2024-01-20 13:00:31,GAS_STATION,CREDIT,MICHIGAN,0
TXN02855,CUST015,99.47,2024-03-15 19:59:31,RESTAURANT,DEBIT,HAWAII,0
TXN02856,CUST043,469.58,2024-03-04 20:34:29,HOTEL,DEBIT,CALIFORNIA,0
TXN02857,CUST122,51.21,2024-03-02 20:42:35,CLOTHING,CREDIT,COLORADO,0
TXN02858,CUST081,78.7,2024-02-23 12:01:00,PHARMACY,CREDIT,NEW_YORK,0
TXN02859,CUST013,126.61,2024-01-18 17:01:19,GROCERY,DEBIT,HAWAII,0
TXN02860,CUST013,39.95,2024-01-10 18:14:28,COFFEE_SHOP,DEBIT,ILLINOIS,0
TXN02861,CUST009,1260.34,2024-01-15 19:07:38,JEWELRY,DEBIT,UTAH,0
TXN02862,CUST042,412.38,2024-02-09 11:10:03,ATM,DEBIT,TEXAS,0
TXN02863,CUST149,1251.01,2024-01-01 08:07:32,ELECTRONICS,DEBIT,COLORADO,0
TXN02864,CUST006,180.95,2024-01-11 20:07:29,RESTAURANT,CREDIT,NEVADA,0
TXN02865,CUST027,33.87,2024-02-26 21:01:07,COFFEE_SHOP,CREDIT,COLORADO,0
TXN02866,CUST025,1904.53,2024-03-04 19:03:33,JEWELRY,DEBIT,UNKNOWN,0
TXN02867,CUST017,59.34,2024-02-16 14:34:11,GAS_STATION,DEBIT,UNKNOWN,0
TXN02868,CUST025,226.63,2024-01-13 12:06:10,RESTAURANT,CREDIT,UTAH,1
TXN02869,CUST178,38.23,2024-01-22 10:31:21,ATM,CREDIT,MICHIGAN,0
TXN02870,CUST045,1517.76,2024-02-13 14:24:54,JEWELRY,CREDIT,MICHIGAN,1
TXN02871,CUST008,14.95,2024-01-27 22:39:09,COFFEE_SHOP,DEBIT,ARIZONA,0
TXN02872,CUST080,295.15,2024-01-18 13:02:43,GROCERY,DEBIT,MICHIGAN,0
TXN02873,CUST017,139.57,2024-01-31 22:57:26,GAS_STATION,CREDIT,MICHIGAN,0
TXN02874,CUST012,103.67,2024-02-28 21:01:03,GAS_STATION,DEBIT,OREGON,0
TXN02875,CUST006,129.49,2024-03-12 15:10:49,RESTAURANT,DEBIT,MONTANA,0
TXN02876,CUST045,37.97,2024-03-27 22:44:30,PHARMACY,DEBIT,NEVADA,0
TXN02877,CUST071,369.98,2024-03-30 19:27:10,CLOTHING,DEBIT,UTAH,0
TXN02878,CUST043,33.34,2024-01-23 13:40:57,GROCERY,CREDIT,UTAH,0
TXN02879,CUST024,45.89,2024-03-23 08:27:12,COFFEE_SHOP,DEBIT,OREGON,0
TXN02880,CUST028,129.95,2024-01-11 21:12:20,ATM,CREDIT,ILLINOIS,0
TXN02881,CUST007,3999.92,2024-03-10 14:50:00,ONLINE,DEBIT,NEW_YORK,1
TXN02882,CUST001,211.65,2024-02-19 12:24:01,ATM,DEBIT,TEXAS,0
TXN02883,CUST017,8.39,2024-03-27 14:51:38,COFFEE_SHOP,CREDIT,FLORIDA,0
TXN02884,CUST050,57.51,2024-01-24 12:09:11,PHARMACY,CREDIT,UTAH,0
TXN02885,CUST006,155.78,2024-01-11 10:07:40,RESTAURANT,CREDIT,ILLINOIS,0
TXN02886,CUST023,1617.48,2024-01-21 10:37:41,JEWELRY,DEBIT,COLORADO,1
TXN02887,CUST047,39.13,2024-03-08 13:54:53,GROCERY,DEBIT,MONTANA,0
TXN02888,CUST040,29.09,2024-02-16 18:35:40,GAS_STATION,DEBIT,MICHIGAN,0
TXN02889,CUST039,1449.62,2024-02-26 18:18:17,ELECTRONICS,CREDIT,OREGON,0
TXN02890,CUST011,143.56,2024-03-20 19:19:34,HOTEL,DEBIT,MONTANA,0
TXN02891,CUST035,206.98,2024-01-26 15:52:15,ATM,DEBIT,MONTANA,0
TXN02892,CUST020,637.94,2024-02-21 08:39:14,JEWELRY,DEBIT,CALIFORNIA,0
TXN02893,CUST036,97.18,2024-03-15 10:48:23,GAS_STATION,DEBIT,ILLINOIS,0
TXN02894,CUST019,49.08,2024-03-06 20:49:27,COFFEE_SHOP,CREDIT,CALIFORNIA,0
TXN02895,CUST027,204.74,2024-01-30 11:03:27,JEWELRY,DEBIT,WASHINGTON,0
TXN02896,CUST008,111.95,2024-01-05 08:17:17,GAS_STATION,CREDIT,NEVADA,0
TXN02897,CUST006,224.86,2024-03-23 21:01:36,CLOTHING,DEBIT,TEXAS,0
TXN02898,CUST030,617.88,2024-02-03 15:36:05,JEWELRY,DEBIT,UNKNOWN,0
TXN02899,CUST026,373.4,2024-03-13 12:08:41,HOTEL,CREDIT,WASHINGTON,0
TXN02900,CUST007,41.51,2024-01-01 13:21:16,COFFEE_SHOP,DEBIT,NEW_YORK,0
TXN02901,CUST034,443.22,2024-03-07 14:16:53,GAS_STATION,CREDIT,NEW_YORK,1
TXN02902,CUST046,147.2,2024-03-26 09:43:31,GAS_STATION,DEBIT,COLORADO,0
TXN02903,CUST115,268.24,2024-03-28 15:22:45,GROCERY,CREDIT,WASHINGTON,1
TXN02904,CUST129,216.06,2024-02-22 20:37:00,ATM,DEBIT,COLORADO,0
TXN02905,CUST006,142.72,2024-03-24 22:03:08,ONLINE,CREDIT,TEXAS,0
TXN02906,CUST095,237.56,2024-02-28 13:43:57,GROCERY,DEBIT,CALIFORNIA,0
TXN02907,CUST021,552.45,2024-03-02 08:36:24,ELECTRONICS,DEBIT,MICHIGAN,0
TXN02908,CUST003,67.59,2024-03-18 21:11:37,PHARMACY,DEBIT,MONTANA,0
TXN02909,CUST036,3935.84,2024-03-20 22:17:21,ELECTRONICS,DEBIT,NEVADA,1
TXN02910,CUST135,7.23,2024-02-16 12:33:30,COFFEE_SHOP,DEBIT,UTAH,0
TXN02911,CUST012,32.26,2024-01-23 22:53:20,COFFEE_SHOP,DEBIT,MONTANA,0
TXN02912,CUST027,149.9,2024-03-08 09:49:58,RESTAURANT,DEBIT,NEVADA,0
TXN02913,CUST032,63.5,2024-03-04 09:44:45,ONLINE,CREDIT,ILLINOIS,0
TXN02914,CUST038,729.62,2024-01-20 11:03:23,CLOTHING,DEBIT,COLORADO,1
TXN02915,CUST056,423.13,2024-01-03 12:00:39,ATM,DEBIT,TEXAS,0
TXN02916,CUST040,1860.0,2024-03-14 10:33:50,ONLINE,CREDIT,ILLINOIS,1
TXN02917,CUST016,46.16,2024-02-20 15:27:33,GAS_STATION,DEBIT,MONTANA,0
TXN02918,CUST042,733.4,2024-03-21 19:15:04,HOTEL,CREDIT,NEVADA,1
TXN02919,CUST048,183.8,2024-03-24 14:08:19,GROCERY,DEBIT,ARIZONA,0
TXN02920,CUST031,2289.75,2024-01-16 18:22:07,JEWELRY,DEBIT,CALIFORNIA,1
TXN02921,CUST018,11.08,2024-01-13 18:42:31,COFFEE_SHOP,DEBIT,ARIZONA,0
TXN02922,CUST041,150.49,2024-02-07 14:30:18,GROCERY,DEBIT,CALIFORNIA,0
TXN02923,CUST048,1436.32,2024-03-13 08:31:49,ELECTRONICS,CREDIT,FLORIDA,0
TXN02924,CUST029,43.55,2024-02-18 19:31:35,COFFEE_SHOP,CREDIT,WASHINGTON,0
TXN02925,CUST028,769.64,2024-01-11 16:07:53,ONLINE,DEBIT,UTAH,0
TXN02926,CUST058,22.27,2024-03-03 11:40:30,GROCERY,DEBIT,ILLINOIS,0
TXN02927,CUST071,485.17,2024-03-20 10:55:11,ONLINE,DEBIT,UNKNOWN,0
TXN02928,CUST016,30.91,2024-03-30 12:21:20,GAS_STATION,DEBIT,UTAH,0
TXN02929,CUST031,90.3,2024-02-24 12:46:06,GAS_STATION,CREDIT,NEW_YORK,0
TXN02930,CUST018,67.63,2024-01-08 12:21:59,GAS_STATION,DEBIT,COLORADO,0
TXN02931,CUST182,485.09,2024-03-13 12:34:00,ELECTRONICS,CREDIT,NEVADA,0
TXN02932,CUST006,135.8,2024-02-25 08:23:57,CLOTHING,DEBIT,TEXAS,0
TXN02933,CUST126,160.52,2024-03-02 14:01:44,HOTEL,DEBIT,UNKNOWN,0
TXN02934,CUST047,1724.95,2024-03-02 08:59:21,JEWELRY,DEBIT,MONTANA,0
TXN02935,CUST194,518.75,2024-02-09 16:24:46,ELECTRONICS,CREDIT,TEXAS,0
TXN02936,CUST031,502.3,2024-02-21 10:11:38,ELECTRONICS,DEBIT,UNKNOWN,0
TXN02937,CUST035,69.62,2024-03-17 20:52:18,PHARMACY,DEBIT,UNKNOWN,0
TXN02938,CUST055,165.24,2024-02-12 12:59:42,RESTAURANT,CREDIT,MONTANA,0
TXN02939,CUST011,109.58,2024-03-19 13:34:11,GAS_STATION,DEBIT,MONTANA,0
TXN02940,CUST031,60.85,2024-03-17 20:13:59,CLOTHING,CREDIT,MONTANA,0
TXN02941,CUST001,114.24,2024-01-27 17:39:21,GROCERY,DEBIT,FLORIDA,0
TXN02942,CUST167,302.77,2024-03-01 16:27:01,CLOTHING,CREDIT,ILLINOIS,0
TXN02943,CUST028,56.19,2024-03-23 18:34:59,GAS_STATION,DEBIT,WASHINGTON,0
TXN02944,CUST009,300.43,2024-03-19 17:39:32,ELECTRONICS,CREDIT,WASHINGTON,0
TXN02945,CUST038,147.6,2024-03-06 10:32:26,HOTEL,CREDIT,HAWAII,0
TXN02946,CUST003,108.21,2024-01-21 18:24:10,RESTAURANT,DEBIT,WASHINGTON,0
TXN02947,CUST046,108.02,2024-03-06 08:09:10,HOTEL,DEBIT,MONTANA,0
TXN02948,CUST002,106.43,2024-01-23 20:17:03,ONLINE,DEBIT,ILLINOIS,0
TXN02949,CUST016,94.28,2024-03-22 14:02:26,ATM,DEBIT,NEW_YORK,0
TXN02950,CUST001,71.89,2024-03-06 11:26:52,GROCERY,DEBIT,WASHINGTON,0
TXN02951,CUST012,91.24,2024-02-08 11:39:06,RESTAURANT,DEBIT,NEVADA,0
TXN02952,CUST013,94.53,2024-01-27 16:19:32,GROCERY,DEBIT,MONTANA,0
TXN02953,CUST040,68.76,2024-02-05 12:22:44,GROCERY,DEBIT,OREGON,0
TXN02954,CUST074,1934.04,2024-01-12 10:49:23,ONLINE,DEBIT,ILLINOIS,1
TXN02955,CUST027,100.84,2024-02-05 20:02:23,GAS_STATION,CREDIT,TEXAS,0
TXN02956,CUST019,589.19,2024-02-01 22:10:26,JEWELRY,CREDIT,MICHIGAN,0
TXN02957,CUST018,265.4,2024-01-25 12:54:09,GROCERY,DEBIT,TEXAS,0
TXN02958,CUST113,237.26,2024-03-22 15:49:06,CLOTHING,DEBIT,NEVADA,0
TXN02959,CUST049,343.97,2024-01-10 09:56:50,GROCERY,DEBIT,WASHINGTON,0
TXN02960,CUST034,1878.43,2024-01-26 17:03:45,JEWELRY,DEBIT,WASHINGTON,0
TXN02961,CUST155,975.84,2024-03-18 08:15:18,JEWELRY,DEBIT,FLORIDA,0
TXN02962,CUST015,113.59,2024-03-03 14:47:56,ATM,DEBIT,UNKNOWN,0
TXN02963,CUST037,489.6,2024-03-25 15:54:36,ONLINE,DEBIT,MICHIGAN,0
TXN02964,CUST010,98.09,2024-03-03 12:52:25,ELECTRONICS,CREDIT,ARIZONA,0
TXN02965,CUST017,767.76,2024-02-21 15:25:07,ELECTRONICS,CREDIT,NEVADA,0
TXN02966,CUST029,25.28,2024-01-13 10:11:34,RESTAURANT,DEBIT,ARIZONA,0
TXN02967,CUST003,222.65,2024-02-29 13:41:23,ATM,DEBIT,COLORADO,0
TXN02968,CUST030,89.76,2024-02-13 10:56:58,GAS_STATION,DEBIT,ILLINOIS,0
TXN02969,CUST003,1461.46,2024-02-26 18:13:25,ELECTRONICS,DEBIT,MICHIGAN,0
TXN02970,CUST007,155.65,2024-03-09 12:16:19,RESTAURANT,DEBIT,COLORADO,0
TXN02971,CUST108,1224.67,2024-03-23 14:50:20,JEWELRY,CREDIT,ARIZONA,0
TXN02972,CUST019,15.63,2024-03-05 21:51:42,COFFEE_SHOP,DEBIT,NEW_YORK,0
TXN02973,CUST023,81.84,2024-01-31 14:47:58,PHARMACY,CREDIT,WASHINGTON,0
TXN02974,CUST045,33.21,2024-02-05 21:18:20,COFFEE_SHOP,DEBIT,CALIFORNIA,0
TXN02975,CUST032,44.98,2024-02-27 09:02:33,CLOTHING,DEBIT,MICHIGAN,0
TXN02976,CUST032,31.13,2024-01-23 21:53:12,COFFEE_SHOP,CREDIT,MONTANA,0
TXN02977,CUST033,521.72,2024-03-15 17:59:51,ONLINE,CREDIT,COLORADO,0
TXN02978,CUST043,12.02,2024-02-29 15:19:47,COFFEE_SHOP,DEBIT,TEXAS,0
TXN02979,CUST028,111.17,2024-03-06 10:17:27,GAS_STATION,CREDIT,NEW_YORK,0
TXN02980,CUST025,72.09,2024-03-04 10:59:33,ATM,CREDIT,ARIZONA,0
TXN02981,CUST029,436.65,2024-03-17 18:58:29,HOTEL,DEBIT,TEXAS,0
TXN02982,CUST004,483.43,2024-03-22 10:03:32,ATM,DEBIT,ARIZONA,0
TXN02983,CUST006,134.53,2024-02-19 12:29:33,GAS_STATION,CREDIT,COLORADO,0
TXN02984,CUST050,166.35,2024-01-27 20:50:49,GROCERY,DEBIT,UNKNOWN,0
TXN02985,CUST049,365.96,2024-02-03 18:05:52,HOTEL,DEBIT,HAWAII,1
TXN02986,CUST047,16.14,2024-02-13 16:55:12,COFFEE_SHOP,DEBIT,UNKNOWN,0
TXN02987,CUST020,185.27,2024-01-30 14:08:53,HOTEL,DEBIT,CALIFORNIA,0
TXN02988,CUST034,514.43,2024-01-11 19:29:49,GAS_STATION,CREDIT,HAWAII,1
TXN02989,CUST047,97.14,2024-02-20 19:39:52,PHARMACY,DEBIT,TEXAS,0
TXN02990,CUST048,1416.91,2024-01-21 19:48:38,ELECTRONICS,DEBIT,TEXAS,0
TXN02991,CUST008,234.93,2024-02-11 21:24:09,HOTEL,CREDIT,TEXAS,0
TXN02992,CUST004,518.08,2024-02-02 14:18:59,ONLINE,DEBIT,COLORADO,0
TXN02993,CUST025,140.07,2024-02-06 15:16:43,RESTAURANT,DEBIT,OREGON,0
TXN02994,CUST185,178.32,2024-03-09 14:33:06,JEWELRY,DEBIT,FLORIDA,0
TXN02995,CUST002,19.41,2024-02-06 19:53:02,COFFEE_SHOP,DEBIT,HAWAII,0
TXN02996,CUST007,236.82,2024-01-14 21:34:13,GROCERY,DEBIT,ILLINOIS,0
TXN02997,CUST026,82.94,2024-03-16 22:07:16,PHARMACY,DEBIT,UNKNOWN,0
TXN02998,CUST110,473.24,2024-03-02 16:20:54,JEWELRY,DEBIT,ILLINOIS,0
TXN02999,CUST037,24.6,2024-01-21 14:01:28,COFFEE_SHOP,DEBIT,TEXAS,0
TXN03000,CUST042,113.29,2024-02-03 21:19:22,HOTEL,DEBIT,CALIFORNIA,0
TXN03001,CUST047,32.37,2024-02-17 09:27:40,COFFEE_SHOP,DEBIT,TEXAS,0
TXN03002,CUST049,7124.8,2024-02-01 20:20:45,JEWELRY,DEBIT,UNKNOWN,1
TXN03003,CUST015,1649.6,2024-02-29 19:37:34,JEWELRY,CREDIT,FLORIDA,0
TXN03004,CUST140,71.12,2024-02-04 18:52:49,PHARMACY,DEBIT,UTAH,0
TXN03005,CUST061,163.17,2024-02-23 22:56:22,CLOTHING,CREDIT,MICHIGAN,0
TXN03006,CUST034,706.35,2024-01-29 11:26:37,ONLINE,DEBIT,NEVADA,0
TXN03007,CUST043,1321.25,2024-02-24 14:53:17,HOTEL,CREDIT,UNKNOWN,1
TXN03008,CUST008,17.03,2024-01-08 10:27:05,COFFEE_SHOP,DEBIT,OREGON,0
TXN03009,CUST022,4205.18,2024-03-16 18:55:38,JEWELRY,DEBIT,OREGON,1
TXN03010,CUST044,552.45,2024-01-19 22:47:29,ONLINE,CREDIT,ARIZONA,0
TXN03011,CUST009,1991.53,2024-02-19 16:15:49,JEWELRY,DEBIT,UNKNOWN,0
TXN03012,CUST013,110.6,2024-01-28 20:38:59,CLOTHING,DEBIT,MICHIGAN,0
TXN03013,CUST047,489.53,2024-01-03 16:44:16,ATM,DEBIT,COLORADO,0
TXN03014,CUST065,507.41,2024-03-07 21:14:48,ELECTRONICS,DEBIT,MONTANA,0
TXN03015,CUST172,22.49,2024-03-15 22:15:36,RESTAURANT,DEBIT,WASHINGTON,0
TXN03016,CUST176,21.74,2024-02-02 21:07:19,COFFEE_SHOP,CREDIT,NEVADA,0
TXN03017,CUST050,521.14,2024-03-14 19:40:41,ONLINE,DEBIT,ARIZONA,1
TXN03018,CUST120,350.8,2024-01-03 20:13:01,ONLINE,CREDIT,ILLINOIS,0
TXN03019,CUST041,61.63,2024-01-11 10:16:30,PHARMACY,DEBIT,NEW_YORK,0
TXN03020,CUST043,74.98,2024-02-14 08:13:02,PHARMACY,DEBIT,UTAH,0
TXN03021,CUST034,610.71,2024-02-17 11:36:09,ONLINE,DEBIT,COLORADO,1
TXN03022,CUST004,1034.31,2024-02-01 10:30:43,JEWELRY,CREDIT,COLORADO,0
TXN03023,CUST015,3603.5,2024-01-19 10:01:38,ONLINE,DEBIT,HAWAII,1
TXN03024,CUST133,245.35,2024-02-06 19:53:30,ONLINE,CREDIT,OREGON,0
TXN03025,CUST058,541.82,2024-01-23 17:06:57,ONLINE,DEBIT,COLORADO,0
TXN03026,CUST043,34.48,2024-01-06 12:15:49,RESTAURANT,DEBIT,UNKNOWN,0
TXN03027,CUST011,83.68,2024-01-14 09:31:17,PHARMACY,DEBIT,CALIFORNIA,0
TXN03028,CUST048,166.31,2024-03-16 17:03:37,ATM,DEBIT,TEXAS,0
TXN03029,CUST029,468.37,2024-03-02 18:58:45,ELECTRONICS,DEBIT,NEW_YORK,0
TXN03030,CUST027,102.75,2024-03-28 16:46:16,RESTAURANT,DEBIT,OREGON,0
TXN03031,CUST065,45.85,2024-01-12 11:19:58,PHARMACY,CREDIT,NEVADA,0
TXN03032,CUST019,23.91,2024-02-11 09:33:42,PHARMACY,CREDIT,MONTANA,0
TXN03033,CUST064,317.37,2024-01-10 19:22:51,GROCERY,CREDIT,NEW_YORK,0
TXN03034,CUST034,40.85,2024-02-16 10:40:31,COFFEE_SHOP,DEBIT,FLORIDA,0
TXN03035,CUST004,156.49,2024-03-03 13:49:51,ELECTRONICS,DEBIT,MICHIGAN,0
TXN03036,CUST046,881.45,2024-01-12 14:36:51,CLOTHING,DEBIT,NEVADA,1
TXN03037,CUST067,118.58,2024-01-25 20:15:57,RESTAURANT,DEBIT,ARIZONA,0
TXN03038,CUST040,269.45,2024-02-21 11:36:53,GROCERY,DEBIT,WASHINGTON,0
TXN03039,CUST001,53.5,2024-01-06 18:19:02,ATM,DEBIT,ARIZONA,0
TXN03040,CUST029,2715.29,2024-01-08 16:33:42,JEWELRY,DEBIT,ILLINOIS,1
TXN03041,CUST030,286.96,2024-03-06 17:43:33,ATM,CREDIT,TEXAS,0
TXN03042,CUST049,269.55,2024-03-28 14:23:47,GROCERY,DEBIT,UTAH,0
TXN03043,CUST026,34.58,2024-02-07 18:48:26,COFFEE_SHOP,DEBIT,HAWAII,0
TXN03044,CUST024,278.63,2024-02-01 20:14:35,GROCERY,DEBIT,ARIZONA,0
TXN03045,CUST174,266.42,2024-01-20 08:15:26,CLOTHING,DEBIT,COLORADO,0
TXN03046,CUST150,543.73,2024-03-21 09:46:35,JEWELRY,DEBIT,CALIFORNIA,0
TXN03047,CUST010,238.82,2024-03-06 10:53:49,CLOTHING,DEBIT,CALIFORNIA,0
TXN03048,CUST078,154.23,2024-01-19 15:46:06,GROCERY,DEBIT,NEVADA,0
TXN03049,CUST031,290.13,2024-02-11 22:27:31,ATM,CREDIT,ARIZONA,0
TXN03050,CUST022,290.15,2024-02-08 18:51:53,ONLINE,DEBIT,MICHIGAN,0
TXN03051,CUST020,575.6,2024-03-20 08:14:36,ONLINE,DEBIT,ARIZONA,0
TXN03052,CUST160,1879.36,2024-01-16 18:51:33,JEWELRY,DEBIT,WASHINGTON,0
TXN03053,CUST021,95.89,2024-01-13 10:59:52,RESTAURANT,CREDIT,NEVADA,0
TXN03054,CUST041,144.38,2024-01-07 09:52:24,HOTEL,CREDIT,WASHINGTON,0
TXN03055,CUST010,1050.02,2024-03-29 19:11:21,JEWELRY,DEBIT,MICHIGAN,1
TXN03056,CUST142,416.05,2024-01-14 20:55:07,ONLINE,DEBIT,WASHINGTON,0
TXN03057,CUST038,103.96,2024-02-15 13:30:27,ELECTRONICS,DEBIT,MONTANA,0
TXN03058,CUST026,615.06,2024-01-14 13:09:36,HOTEL,DEBIT,ILLINOIS,1
TXN03059,CUST005,39.28,2024-01-19 19:15:31,PHARMACY,DEBIT,MICHIGAN,0
TXN03060,CUST123,280.88,2024-03-25 16:46:43,GROCERY,DEBIT,HAWAII,0
TXN03061,CUST152,136.17,2024-01-13 20:28:14,GROCERY,DEBIT,UNKNOWN,0
TXN03062,CUST012,9.27,2024-03-05 08:06:56,COFFEE_SHOP,DEBIT,UNKNOWN,0
TXN03063,CUST074,80.15,2024-02-01 09:14:25,PHARMACY,DEBIT,TEXAS,0
TXN03064,CUST008,17.42,2024-01-31 15:49:43,GROCERY,CREDIT,NEVADA,0
TXN03065,CUST069,294.56,2024-01-17 21:38:10,ATM,DEBIT,UTAH,0
TXN03066,CUST028,97.26,2024-03-21 16:55:29,CLOTHING,DEBIT,HAWAII,0
TXN03067,CUST070,344.18,2024-01-28 20:26:45,GROCERY,DEBIT,UTAH,0
TXN03068,CUST016,222.36,2024-01-27 15:48:27,PHARMACY,DEBIT,TEXAS,1
TXN03069,CUST008,6248.84,2024-01-02 09:59:38,JEWELRY,DEBIT,ARIZONA,1
TXN03070,CUST159,96.94,2024-01-08 18:16:11,PHARMACY,CREDIT,MICHIGAN,0
TXN03071,CUST034,196.3,2024-03-21 13:53:39,RESTAURANT,DEBIT,MONTANA,0
TXN03072,CUST034,34.82,2024-02-14 19:39:29,GROCERY,CREDIT,HAWAII,0
TXN03073,CUST116,38.32,2024-03-07 17:41:43,PHARMACY,CREDIT,UTAH,0
TXN03074,CUST047,177.31,2024-01-09 18:31:09,CLOTHING,CREDIT,TEXAS,0
TXN03075,CUST027,2119.58,2024-02-29 22:15:16,JEWELRY,DEBIT,CALIFORNIA,1
TXN03076,CUST022,146.25,2024-01-05 22:12:49,ATM,CREDIT,TEXAS,0
TXN03077,CUST187,77.13,2024-03-28 19:05:57,PHARMACY,DEBIT,WASHINGTON,0
TXN03078,CUST049,277.47,2024-03-13 09:53:34,CLOTHING,CREDIT,WASHINGTON,0
TXN03079,CUST136,166.36,2024-03-07 13:47:36,GROCERY,DEBIT,HAWAII,0
TXN03080,CUST015,52.24,2024-01-31 18:15:40,GROCERY,CREDIT,ILLINOIS,0
TXN03081,CUST017,461.86,2024-02-04 17:02:09,ELECTRONICS,DEBIT,MICHIGAN,0
TXN03082,CUST035,389.91,2024-02-12 17:43:26,CLOTHING,CREDIT,HAWAII,0
TXN03083,CUST016,1195.96,2024-02-15 12:45:39,ELECTRONICS,CREDIT,MICHIGAN,0
TXN03084,CUST004,941.03,2024-01-13 12:50:33,ELECTRONICS,CREDIT,HAWAII,0
TXN03085,CUST002,40.41,2024-03-22 21:04:21,RESTAURANT,DEBIT,OREGON,0
TXN03086,CUST045,140.83,2024-03-10 13:09:39,RESTAURANT,DEBIT,FLORIDA,0
TXN03087,CUST032,58.46,2024-02-01 11:05:39,PHARMACY,DEBIT,NEVADA,0
TXN03088,CUST001,4340.98,2024-03-13 11:30:08,ONLINE,DEBIT,NEW_YORK,1
TXN03089,CUST028,5.24,2024-02-05 11:09:19,COFFEE_SHOP,CREDIT,MICHIGAN,0
TXN03090,CUST124,38.87,2024-02-18 15:28:29,GAS_STATION,DEBIT,COLORADO,0
TXN03091,CUST039,478.94,2024-03-13 18:58:23,ATM,DEBIT,UTAH,0
TXN03092,CUST044,68.08,2024-01-15 18:29:51,PHARMACY,DEBIT,NEVADA,0
TXN03093,CUST031,29.02,2024-02-20 14:45:47,PHARMACY,DEBIT,ARIZONA,0
TXN03094,CUST035,66.37,2024-03-02 14:18:29,PHARMACY,DEBIT,HAWAII,0
TXN03095,CUST001,275.56,2024-03-12 14:28:33,JEWELRY,DEBIT,WASHINGTON,0
TXN03096,CUST028,5.25,2024-01-31 16:51:50,COFFEE_SHOP,DEBIT,ARIZONA,0
TXN03097,CUST023,76.35,2024-03-13 20:07:27,PHARMACY,DEBIT,COLORADO,0
TXN03098,CUST031,71.61,2024-01-30 18:05:23,PHARMACY,DEBIT,TEXAS,0
TXN03099,CUST041,808.04,2024-03-04 11:59:01,ELECTRONICS,DEBIT,HAWAII,0
TXN03100,CUST023,465.31,2024-01-30 15:35:27,ATM,DEBIT,HAWAII,0
TXN03101,CUST026,89.12,2024-03-11 18:15:53,CLOTHING,DEBIT,MICHIGAN,0
TXN03102,CUST041,73.94,2024-03-19 14:34:59,ONLINE,DEBIT,WASHINGTON,0
TXN03103,CUST189,400.59,2024-01-24 13:46:55,ATM,DEBIT,NEW_YORK,0
TXN03104,CUST042,216.54,2024-01-04 14:05:13,ONLINE,DEBIT,MICHIGAN,0
TXN03105,CUST152,154.39,2024-01-09 08:08:13,GROCERY,DEBIT,TEXAS,0
TXN03106,CUST113,594.96,2024-01-25 21:22:07,ONLINE,DEBIT,WASHINGTON,0
TXN03107,CUST147,293.83,2024-02-21 14:13:46,JEWELRY,DEBIT,UTAH,0
TXN03108,CUST048,83.91,2024-03-19 21:21:09,RESTAURANT,CREDIT,MONTANA,0
TXN03109,CUST106,4927.93,2024-03-10 15:32:32,ELECTRONICS,DEBIT,UNKNOWN,1
TXN03110,CUST013,6.16,2024-01-05 08:06:58,COFFEE_SHOP,CREDIT,UTAH,0
TXN03111,CUST036,624.92,2024-01-09 12:44:49,ELECTRONICS,DEBIT,UNKNOWN,0
TXN03112,CUST002,21.59,2024-03-20 18:06:35,GROCERY,DEBIT,MONTANA,0
TXN03113,CUST001,912.53,2024-02-28 14:51:23,ONLINE,DEBIT,FLORIDA,1
TXN03114,CUST018,47.12,2024-03-05 08:14:23,GAS_STATION,DEBIT,MONTANA,0
TXN03115,CUST030,519.64,2024-03-01 22:11:31,ONLINE,DEBIT,NEVADA,0
TXN03116,CUST010,100.27,2024-03-22 20:15:27,GAS_STATION,DEBIT,ILLINOIS,0
TXN03117,CUST030,159.09,2024-02-10 18:15:21,CLOTHING,CREDIT,NEW_YORK,0
TXN03118,CUST065,204.36,2024-01-19 09:39:12,GROCERY,DEBIT,ARIZONA,0
TXN03119,CUST016,415.78,2024-02-21 10:44:57,ONLINE,CREDIT,MICHIGAN,0
TXN03120,CUST194,53.86,2024-01-04 09:54:31,GAS_STATION,DEBIT,WASHINGTON,0
TXN03121,CUST013,5098.34,2024-01-26 16:08:52,ELECTRONICS,DEBIT,ILLINOIS,1
TXN03122,CUST014,324.28,2024-03-29 21:23:11,CLOTHING,CREDIT,FLORIDA,0
TXN03123,CUST015,60.99,2024-02-25 13:54:00,GAS_STATION,CREDIT,UNKNOWN,0
TXN03124,CUST024,39.14,2024-02-15 12:40:18,GROCERY,DEBIT,MONTANA,0
TXN03125,CUST102,100.69,2024-03-05 10:56:27,RESTAURANT,CREDIT,UTAH,0
TXN03126,CUST006,1527.81,2024-03-14 16:11:50,JEWELRY,CREDIT,MONTANA,0
TXN03127,CUST042,235.71,2024-03-12 08:49:03,JEWELRY,DEBIT,COLORADO,0
TXN03128,CUST120,403.23,2024-01-05 21:32:26,ATM,CREDIT,NEW_YORK,0
TXN03129,CUST013,236.61,2024-01-10 10:17:42,GROCERY,DEBIT,WASHINGTON,0
TXN03130,CUST036,23.17,2024-02-01 18:31:10,COFFEE_SHOP,DEBIT,UNKNOWN,0
TXN03131,CUST064,387.31,2024-03-26 10:29:58,CLOTHING,DEBIT,UNKNOWN,1
TXN03132,CUST170,140.11,2024-03-21 09:33:27,RESTAURANT,DEBIT,UTAH,0
TXN03133,CUST025,318.58,2024-01-13 08:02:49,HOTEL,DEBIT,MONTANA,0
TXN03134,CUST008,3202.78,2024-03-12 14:55:18,JEWELRY,DEBIT,CALIFORNIA,1
TXN03135,CUST021,666.54,2024-01-03 13:11:47,GROCERY,DEBIT,WASHINGTON,1
TXN03136,CUST037,775.47,2024-01-27 08:14:06,ELECTRONICS,CREDIT,CALIFORNIA,0
TXN03137,CUST045,408.89,2024-02-04 12:59:13,ELECTRONICS,DEBIT,TEXAS,0
TXN03138,CUST032,178.23,2024-03-08 13:16:09,ONLINE,CREDIT,ARIZONA,0
TXN03139,CUST125,1286.77,2024-03-05 14:23:06,HOTEL,DEBIT,UNKNOWN,1
TXN03140,CUST033,6506.77,2024-03-28 14:19:48,JEWELRY,CREDIT,CALIFORNIA,1
TXN03141,CUST001,39.05,2024-02-29 12:49:34,RESTAURANT,CREDIT,HAWAII,0
TXN03142,CUST160,301.51,2024-03-11 20:13:16,GROCERY,DEBIT,UTAH,0
TXN03143,CUST003,127.01,2024-03-21 20:45:53,CLOTHING,DEBIT,COLORADO,0
TXN03144,CUST125,152.28,2024-02-10 16:31:20,RESTAURANT,DEBIT,MONTANA,0
TXN03145,CUST045,255.59,2024-01-04 16:27:32,JEWELRY,DEBIT,FLORIDA,0
TXN03146,CUST007,182.49,2024-01-14 11:58:04,CLOTHING,DEBIT,UNKNOWN,0
TXN03147,CUST029,85.14,2024-03-08 08:14:21,PHARMACY,DEBIT,ILLINOIS,0
TXN03148,CUST186,481.01,2024-02-03 22:20:47,HOTEL,DEBIT,CALIFORNIA,0
TXN03149,CUST006,1863.57,2024-03-08 18:12:53,JEWELRY,DEBIT,HAWAII,0
TXN03150,CUST120,436.43,2024-01-08 11:36:40,ATM,DEBIT,HAWAII,0
TXN03151,CUST022,487.96,2024-02-29 20:50:18,ONLINE,DEBIT,ARIZONA,0
TXN03152,CUST027,121.17,2024-03-22 13:52:10,GAS_STATION,CREDIT,WASHINGTON,0
TXN03153,CUST033,147.66,2024-02-09 20:13:31,HOTEL,DEBIT,NEW_YORK,0
TXN03154,CUST012,638.01,2024-01-18 15:41:38,RESTAURANT,DEBIT,NEVADA,1
TXN03155,CUST017,322.25,2024-02-26 08:13:49,ATM,DEBIT,WASHINGTON,0
TXN03156,CUST058,4571.6,2024-03-24 16:35:12,ONLINE,DEBIT,ILLINOIS,1
TXN03157,CUST002,272.24,2024-02-13 11:01:32,CLOTHING,CREDIT,ILLINOIS,0
TXN03158,CUST041,190.26,2024-01-19 17:14:59,ATM,CREDIT,ILLINOIS,0
TXN03159,CUST005,136.84,2024-02-01 18:59:31,GAS_STATION,DEBIT,UNKNOWN,0
TXN03160,CUST014,262.65,2024-02-14 17:52:56,CLOTHING,DEBIT,TEXAS,0
TXN03161,CUST013,33.57,2024-03-04 13:49:03,ATM,DEBIT,ARIZONA,0
TXN03162,CUST044,88.42,2024-01-19 08:50:02,ONLINE,DEBIT,WASHINGTON,0
TXN03163,CUST139,941.54,2024-02-26 22:53:22,JEWELRY,CREDIT,ARIZONA,0
TXN03164,CUST027,256.29,2024-03-30 15:11:30,CLOTHING,DEBIT,WASHINGTON,1
TXN03165,CUST034,196.71,2024-01-30 20:46:46,ATM,CREDIT,TEXAS,0
TXN03166,CUST085,442.37,2024-02-04 11:51:01,HOTEL,CREDIT,ARIZONA,0
TXN03167,CUST138,326.97,2024-02-18 16:38:31,CLOTHING,DEBIT,NEVADA,0
TXN03168,CUST046,371.76,2024-02-14 13:49:13,ATM,CREDIT,ILLINOIS,0
TXN03169,CUST182,323.74,2024-01-18 12:06:20,GROCERY,CREDIT,UTAH,0
TXN03170,CUST023,1163.68,2024-02-20 22:02:03,ELECTRONICS,DEBIT,TEXAS,1
TXN03171,CUST018,44.18,2024-02-20 08:36:44,COFFEE_SHOP,DEBIT,ILLINOIS,0
TXN03172,CUST181,15.14,2024-03-06 21:36:45,COFFEE_SHOP,DEBIT,MONTANA,0
TXN03173,CUST093,7914.02,2024-01-12 08:54:12,JEWELRY,DEBIT,UTAH,1
TXN03174,CUST064,15.98,2024-01-03 22:07:57,PHARMACY,DEBIT,CALIFORNIA,0
TXN03175,CUST167,292.23,2024-02-25 13:12:43,CLOTHING,DEBIT,WASHINGTON,0
TXN03176,CUST031,121.97,2024-02-20 14:43:21,RESTAURANT,DEBIT,FLORIDA,0
TXN03177,CUST031,258.0,2024-03-03 08:14:09,HOTEL,DEBIT,CALIFORNIA,0
TXN03178,CUST025,465.87,2024-01-20 13:33:49,ONLINE,CREDIT,COLORADO,0
TXN03179,CUST026,3660.47,2024-01-28 11:10:45,JEWELRY,DEBIT,ARIZONA,1
TXN03180,CUST020,238.5,2024-02-27 20:39:40,ONLINE,DEBIT,OREGON,0
TXN03181,CUST029,43.38,2024-01-27 19:10:26,RESTAURANT,DEBIT,MICHIGAN,0
TXN03182,CUST032,25.66,2024-03-26 09:24:09,PHARMACY,DEBIT,UTAH,0
TXN03183,CUST101,268.44,2024-01-29 09:52:06,ATM,DEBIT,TEXAS,0
TXN03184,CUST169,39.07,2024-02-03 22:39:47,GAS_STATION,CREDIT,UTAH,0
TXN03185,CUST040,360.96,2024-01-05 21:52:06,ATM,DEBIT,MONTANA,0
TXN03186,CUST045,388.07,2024-01-08 16:35:20,HOTEL,DEBIT,CALIFORNIA,0
TXN03187,CUST013,54.05,2024-02-25 08:14:55,ATM,CREDIT,MONTANA,0
TXN03188,CUST004,174.98,2024-02-18 20:00:34,GROCERY,DEBIT,WASHINGTON,0
TXN03189,CUST005,439.35,2024-03-28 12:09:10,ATM,DEBIT,MICHIGAN,0
TXN03190,CUST023,18.02,2024-01-23 09:31:50,PHARMACY,DEBIT,WASHINGTON,0
TXN03191,CUST005,149.69,2024-03-13 19:28:24,ATM,DEBIT,WASHINGTON,0
TXN03192,CUST009,59.11,2024-02-23 16:55:01,PHARMACY,DEBIT,FLORIDA,0
TXN03193,CUST015,384.45,2024-01-31 20:01:43,ATM,DEBIT,HAWAII,0
TXN03194,CUST110,124.86,2024-03-17 17:06:38,GAS_STATION,CREDIT,NEW_YORK,0
TXN03195,CUST025,1507.82,2024-03-26 11:43:12,ONLINE,DEBIT,CALIFORNIA,1
TXN03196,CUST020,370.48,2024-01-05 09:28:23,PHARMACY,DEBIT,HAWAII,1
TXN03197,CUST107,362.32,2024-03-29 11:53:42,ATM,DEBIT,MONTANA,0
TXN03198,CUST025,226.0,2024-01-04 16:14:08,ONLINE,DEBIT,MONTANA,0
TXN03199,CUST011,144.03,2024-01-05 19:13:17,RESTAURANT,DEBIT,WASHINGTON,0
TXN03200,CUST029,296.29,2024-03-18 22:48:55,ELECTRONICS,DEBIT,OREGON,0
TXN03201,CUST034,144.74,2024-03-08 15:25:44,HOTEL,DEBIT,MONTANA,0
TXN03202,CUST020,713.67,2024-01-15 22:43:05,ONLINE,DEBIT,NEVADA,0
TXN03203,CUST026,363.88,2024-01-30 14:23:50,HOTEL,CREDIT,MONTANA,0
TXN03204,CUST043,102.35,2024-03-13 15:04:20,GAS_STATION,DEBIT,COLORADO,0
TXN03205,CUST032,36.34,2024-03-06 10:32:51,PHARMACY,DEBIT,ILLINOIS,0
TXN03206,CUST018,157.88,2024-01-17 21:51:57,RESTAURANT,CREDIT,NEVADA,0
TXN03207,CUST024,2290.31,2024-03-07 20:22:13,ELECTRONICS,DEBIT,NEW_YORK,1
TXN03208,CUST015,3816.43,2024-02-06 08:26:53,JEWELRY,DEBIT,COLORADO,1
TXN03209,CUST005,137.41,2024-01-14 20:39:25,GAS_STATION,DEBIT,NEVADA,0
TXN03210,CUST035,242.36,2024-01-17 17:05:54,ATM,DEBIT,UTAH,0
TXN03211,CUST034,708.67,2024-03-17 17:04:49,ONLINE,DEBIT,FLORIDA,0
TXN03212,CUST025,223.62,2024-01-09 21:35:48,ONLINE,DEBIT,TEXAS,0
TXN03213,CUST009,44.12,2024-03-10 10:05:32,COFFEE_SHOP,DEBIT,CALIFORNIA,0
TXN03214,CUST012,138.11,2024-03-13 16:58:56,GROCERY,DEBIT,OREGON,0
TXN03215,CUST035,194.69,2024-03-26 19:06:56,GROCERY,DEBIT,FLORIDA,0
TXN03216,CUST014,1489.42,2024-01-26 08:47:33,HOTEL,DEBIT,WASHINGTON,1
TXN03217,CUST068,92.76,2024-03-07 13:32:10,ELECTRONICS,DEBIT,COLORADO,0
TXN03218,CUST046,182.73,2024-02-06 13:53:58,RESTAURANT,DEBIT,UNKNOWN,0
TXN03219,CUST103,72.56,2024-02-17 18:25:20,GROCERY,CREDIT,MICHIGAN,0
TXN03220,CUST006,46.81,2024-03-11 22:03:02,COFFEE_SHOP,DEBIT,ARIZONA,0
TXN03221,CUST171,4424.08,2024-01-12 10:19:32,ONLINE,CREDIT,ILLINOIS,1
TXN03222,CUST065,160.49,2024-02-24 08:17:15,RESTAURANT,DEBIT,WASHINGTON,0
TXN03223,CUST021,28.39,2024-03-01 15:45:18,RESTAURANT,CREDIT,TEXAS,0
TXN03224,CUST037,111.58,2024-03-21 20:55:26,CLOTHING,DEBIT,MONTANA,0
TXN03225,CUST184,118.79,2024-01-25 11:44:18,GAS_STATION,DEBIT,NEVADA,0
TXN03226,CUST040,495.36,2024-01-26 11:20:20,HOTEL,DEBIT,OREGON,0
TXN03227,CUST034,393.85,2024-02-12 21:05:30,CLOTHING,DEBIT,UTAH,0
TXN03228,CUST003,847.87,2024-02-07 17:17:59,HOTEL,DEBIT,ARIZONA,1
TXN03229,CUST049,30.55,2024-03-20 11:50:12,COFFEE_SHOP,CREDIT,CALIFORNIA,0
TXN03230,CUST013,36.93,2024-03-06 22:58:03,GAS_STATION,CREDIT,NEVADA,0
TXN03231,CUST074,161.43,2024-01-10 08:36:27,RESTAURANT,DEBIT,MONTANA,0
TXN03232,CUST041,32.29,2024-03-12 09:58:51,COFFEE_SHOP,CREDIT,MICHIGAN,0
TXN03233,CUST032,458.16,2024-03-02 09:53:41,ATM,DEBIT,CALIFORNIA,0
TXN03234,CUST026,652.59,2024-03-06 10:21:43,ELECTRONICS,DEBIT,FLORIDA,0
TXN03235,CUST069,300.76,2024-03-06 20:23:51,CLOTHING,DEBIT,HAWAII,0
TXN03236,CUST033,57.62,2024-03-13 11:03:20,GAS_STATION,DEBIT,MONTANA,0
TXN03237,CUST020,483.41,2024-02-27 20:58:40,ATM,DEBIT,TEXAS,0
TXN03238,CUST167,33.89,2024-02-12 20:03:48,COFFEE_SHOP,DEBIT,CALIFORNIA,0
TXN03239,CUST039,41.86,2024-02-20 12:50:24,RESTAURANT,DEBIT,OREGON,0
TXN03240,CUST057,86.57,2024-02-03 09:06:39,RESTAURANT,CREDIT,OREGON,0
TXN03241,CUST112,33.53,2024-01-12 11:31:04,GROCERY,DEBIT,HAWAII,0
TXN03242,CUST034,1405.34,2024-02-03 19:52:15,ELECTRONICS,DEBIT,ARIZONA,0
TXN03243,CUST047,443.14,2024-03-20 18:56:57,HOTEL,CREDIT,MICHIGAN,0
TXN03244,CUST036,944.22,2024-02-21 20:20:21,ELECTRONICS,DEBIT,ARIZONA,0
TXN03245,CUST197,116.86,2024-03-16 09:51:40,ONLINE,CREDIT,TEXAS,0
TXN03246,CUST011,57.56,2024-01-19 16:00:49,RESTAURANT,CREDIT,ILLINOIS,0
TXN03247,CUST012,101.24,2024-01-04 14:35:48,RESTAURANT,CREDIT,HAWAII,0
TXN03248,CUST010,12.55,2024-02-20 22:06:33,PHARMACY,DEBIT,ARIZONA,0
TXN03249,CUST028,109.76,2024-01-28 14:33:31,GROCERY,CREDIT,TEXAS,0
TXN03250,CUST013,233.22,2024-01-30 16:04:29,COFFEE_SHOP,DEBIT,MICHIGAN,1
TXN03251,CUST124,455.56,2024-02-13 18:46:24,HOTEL,CREDIT,WASHINGTON,0
TXN03252,CUST039,50.93,2024-03-10 10:54:42,PHARMACY,DEBIT,COLORADO,0
TXN03253,CUST030,1902.2,2024-01-06 13:35:50,JEWELRY,DEBIT,NEW_YORK,0
TXN03254,CUST026,103.61,2024-03-22 19:34:27,RESTAURANT,DEBIT,OREGON,0
TXN03255,CUST035,773.37,2024-03-29 19:44:24,ELECTRONICS,DEBIT,OREGON,0
TXN03256,CUST029,372.28,2024-01-03 20:40:25,HOTEL,DEBIT,OREGON,0
TXN03257,CUST032,20.52,2024-03-13 08:02:17,RESTAURANT,DEBIT,ARIZONA,0
TXN03258,CUST019,31.06,2024-02-27 13:22:06,COFFEE_SHOP,DEBIT,COLORADO,0
TXN03259,CUST121,52.22,2024-02-20 21:55:59,GAS_STATION,CREDIT,HAWAII,0
TXN03260,CUST036,756.9,2024-01-10 15:03:35,ONLINE,CREDIT,HAWAII,0
TXN03261,CUST012,132.59,2024-01-09 14:52:49,RESTAURANT,CREDIT,MICHIGAN,0
TXN03262,CUST087,329.63,2024-02-03 22:36:37,ONLINE,CREDIT,ILLINOIS,0
TXN03263,CUST005,25.79,2024-01-23 12:18:36,COFFEE_SHOP,DEBIT,ILLINOIS,0
TXN03264,CUST021,1381.93,2024-01-26 16:11:16,ELECTRONICS,DEBIT,TEXAS,0
TXN03265,CUST008,362.73,2024-02-03 20:16:08,CLOTHING,DEBIT,NEW_YORK,0
TXN03266,CUST014,44.62,2024-02-16 17:14:53,RESTAURANT,CREDIT,ILLINOIS,0
TXN03267,CUST004,347.37,2024-01-05 12:03:47,GROCERY,CREDIT,UNKNOWN,0
TXN03268,CUST043,378.79,2024-02-27 12:30:11,ELECTRONICS,DEBIT,ARIZONA,0
TXN03269,CUST106,595.09,2024-01-09 11:20:58,JEWELRY,DEBIT,ILLINOIS,0
TXN03270,CUST002,414.76,2024-01-14 16:45:30,ATM,DEBIT,MONTANA,0
TXN03271,CUST123,9.39,2024-01-14 16:47:55,COFFEE_SHOP,DEBIT,MONTANA,0
TXN03272,CUST016,220.3,2024-03-24 13:18:18,GROCERY,DEBIT,MICHIGAN,0
TXN03273,CUST040,70.05,2024-03-30 13:32:34,GAS_STATION,CREDIT,OREGON,0
TXN03274,CUST044,898.33,2024-01-09 22:56:19,ELECTRONICS,CREDIT,NEW_YORK,0
TXN03275,CUST004,68.28,2024-03-06 22:52:41,PHARMACY,DEBIT,UTAH,0
TXN03276,CUST017,315.02,2024-02-12 13:07:31,ATM,CREDIT,WASHINGTON,0
TXN03277,CUST046,239.45,2024-03-26 17:57:30,ONLINE,DEBIT,ILLINOIS,0
TXN03278,CUST046,25.68,2024-02-23 09:01:41,COFFEE_SHOP,DEBIT,HAWAII,0
TXN03279,CUST001,330.13,2024-03-28 11:32:44,ATM,DEBIT,NEVADA,0
TXN03280,CUST021,141.17,2024-02-27 08:02:20,ONLINE,DEBIT,HAWAII,0
TXN03281,CUST188,40.8,2024-03-16 09:47:31,GAS_STATION,DEBIT,UNKNOWN,0
TXN03282,CUST016,36.07,2024-03-10 17:52:23,PHARMACY,DEBIT,UNKNOWN,0
TXN03283,CUST046,564.02,2024-02-01 12:39:19,ONLINE,DEBIT,FLORIDA,0
TXN03284,CUST022,146.48,2024-01-21 09:17:32,GAS_STATION,DEBIT,UTAH,0
TXN03285,CUST018,407.92,2024-01-28 16:33:34,CLOTHING,DEBIT,CALIFORNIA,1
TXN03286,CUST031,56.14,2024-02-23 09:28:50,PHARMACY,DEBIT,TEXAS,0
TXN03287,CUST013,33.07,2024-01-20 15:22:38,COFFEE_SHOP,DEBIT,UNKNOWN,0
TXN03288,CUST035,826.04,2024-02-04 21:26:23,HOTEL,DEBIT,WASHINGTON,1
TXN03289,CUST008,319.86,2024-01-18 20:24:08,ONLINE,CREDIT,ILLINOIS,0
TXN03290,CUST149,43.29,2024-02-01 11:06:53,GAS_STATION,CREDIT,ILLINOIS,0
TXN03291,CUST030,29.89,2024-03-11 10:39:12,PHARMACY,DEBIT,OREGON,0
TXN03292,CUST006,76.5,2024-01-14 15:26:12,PHARMACY,CREDIT,FLORIDA,0
TXN03293,CUST004,145.48,2024-01-25 08:51:14,RESTAURANT,DEBIT,NEW_YORK,0
TXN03294,CUST048,57.57,2024-01-04 19:45:59,RESTAURANT,DEBIT,CALIFORNIA,0
TXN03295,CUST042,139.01,2024-01-18 19:12:25,GROCERY,DEBIT,NEW_YORK,0
TXN03296,CUST019,746.95,2024-02-05 22:40:39,ELECTRONICS,DEBIT,COLORADO,0
TXN03297,CUST194,141.75,2024-01-27 16:42:02,RESTAURANT,CREDIT,MICHIGAN,0
TXN03298,CUST153,122.05,2024-02-07 20:37:25,JEWELRY,DEBIT,NEVADA,0
TXN03299,CUST188,116.45,2024-01-07 17:16:49,RESTAURANT,DEBIT,FLORIDA,0
TXN03300,CUST008,1269.56,2024-03-29 11:26:12,JEWELRY,DEBIT,HAWAII,1
TXN03301,CUST038,73.47,2024-02-20 14:28:55,GROCERY,DEBIT,MONTANA,0
TXN03302,CUST181,34.57,2024-03-06 14:17:39,COFFEE_SHOP,DEBIT,OREGON,0
TXN03303,CUST110,257.69,2024-03-25 19:22:27,ONLINE,CREDIT,OREGON,0
TXN03304,CUST011,459.7,2024-03-09 08:28:48,HOTEL,DEBIT,ARIZONA,0
TXN03305,CUST029,39.19,2024-01-28 16:53:39,ATM,CREDIT,MONTANA,0
TXN03306,CUST004,1433.59,2024-01-30 22:00:06,ELECTRONICS,DEBIT,MONTANA,0
TXN03307,CUST014,86.54,2024-03-05 22:23:59,PHARMACY,DEBIT,WASHINGTON,0
TXN03308,CUST044,402.69,2024-01-27 22:40:47,ATM,CREDIT,CALIFORNIA,0
TXN03309,CUST030,1264.48,2024-01-16 17:22:26,JEWELRY,DEBIT,WASHINGTON,0
TXN03310,CUST045,114.6,2024-02-01 21:37:49,RESTAURANT,DEBIT,UNKNOWN,0
TXN03311,CUST038,3869.58,2024-03-19 09:01:00,ONLINE,CREDIT,TEXAS,1
TXN03312,CUST014,33.94,2024-01-28 11:36:53,COFFEE_SHOP,DEBIT,NEVADA,0
TXN03313,CUST047,164.28,2024-02-04 17:40:20,GROCERY,DEBIT,MONTANA,0
TXN03314,CUST135,335.97,2024-01-23 21:36:57,GROCERY,CREDIT,NEVADA,0
TXN03315,CUST046,73.49,2024-01-10 19:48:18,PHARMACY,CREDIT,NEW_YORK,0
TXN03316,CUST008,93.07,2024-01-31 20:22:47,RESTAURANT,DEBIT,CALIFORNIA,0
TXN03317,CUST068,1387.74,2024-01-28 16:30:35,JEWELRY,DEBIT,FLORIDA,0
TXN03318,CUST012,108.12,2024-03-26 11:31:51,RESTAURANT,CREDIT,OREGON,0
TXN03319,CUST026,118.03,2024-03-01 20:05:11,GAS_STATION,DEBIT,UNKNOWN,0
TXN03320,CUST001,5233.26,2024-03-05 21:30:24,ELECTRONICS,DEBIT,WASHINGTON,1
TXN03321,CUST046,12.21,2024-03-23 20:10:08,COFFEE_SHOP,DEBIT,NEVADA,0
TXN03322,CUST034,1123.6,2024-03-11 17:53:58,CLOTHING,CREDIT,HAWAII,1
TXN03323,CUST043,307.91,2024-02-21 11:44:43,ATM,DEBIT,WASHINGTON,0
TXN03324,CUST022,195.04,2024-03-08 18:30:18,CLOTHING,DEBIT,FLORIDA,0
TXN03325,CUST038,33.75,2024-02-08 22:04:35,PHARMACY,DEBIT,MICHIGAN,0
TXN03326,CUST037,278.99,2024-01-13 10:26:22,HOTEL,DEBIT,FLORIDA,0
TXN03327,CUST028,138.61,2024-02-07 11:11:39,RESTAURANT,CREDIT,MONTANA,0
TXN03328,CUST014,666.21,2024-02-21 18:08:57,ONLINE,DEBIT,WASHINGTON,0
TXN03329,CUST028,339.18,2024-03-25 16:26:05,GROCERY,DEBIT,HAWAII,0
TXN03330,CUST034,3549.57,2024-03-12 09:29:15,ONLINE,DEBIT,MICHIGAN,1
TXN03331,CUST189,417.82,2024-01-24 11:51:13,CLOTHING,CREDIT,FLORIDA,1
TXN03332,CUST018,371.99,2024-02-03 14:48:24,HOTEL,DEBIT,TEXAS,0
TXN03333,CUST031,965.74,2024-03-20 16:04:31,ELECTRONICS,DEBIT,OREGON,1
TXN03334,CUST019,640.85,2024-02-23 09:49:24,CLOTHING,DEBIT,MICHIGAN,1
TXN03335,CUST004,54.52,2024-01-08 11:49:29,CLOTHING,DEBIT,ILLINOIS,0
TXN03336,CUST046,77.9,2024-03-17 13:55:57,CLOTHING,CREDIT,HAWAII,0
TXN03337,CUST101,154.17,2024-02-02 13:11:03,RESTAURANT,DEBIT,NEVADA,0
TXN03338,CUST046,44.66,2024-02-26 15:32:24,ATM,DEBIT,NEVADA,0
TXN03339,CUST026,171.35,2024-02-14 19:10:32,ELECTRONICS,DEBIT,ARIZONA,0
TXN03340,CUST007,62.18,2024-03-08 19:12:21,CLOTHING,DEBIT,WASHINGTON,0
TXN03341,CUST006,3752.24,2024-01-15 10:37:41,JEWELRY,DEBIT,NEW_YORK,1
TXN03342,CUST009,1038.63,2024-01-29 20:20:21,JEWELRY,DEBIT,COLORADO,0
TXN03343,CUST082,156.93,2024-01-17 11:08:43,ATM,DEBIT,HAWAII,0
TXN03344,CUST030,3537.78,2024-01-09 13:11:28,ONLINE,DEBIT,ILLINOIS,1
TXN03345,CUST040,22.11,2024-02-04 08:15:36,COFFEE_SHOP,CREDIT,MICHIGAN,0
TXN03346,CUST032,43.15,2024-03-12 18:53:40,PHARMACY,DEBIT,FLORIDA,0
TXN03347,CUST037,28.92,2024-01-10 18:56:17,COFFEE_SHOP,CREDIT,ARIZONA,0
TXN03348,CUST037,56.87,2024-03-02 19:12:10,PHARMACY,DEBIT,OREGON,0
TXN03349,CUST039,232.14,2024-01-18 12:28:41,HOTEL,CREDIT,HAWAII,0
TXN03350,CUST194,63.41,2024-03-19 20:54:02,GAS_STATION,DEBIT,WASHINGTON,0
TXN03351,CUST029,29.04,2024-02-21 14:08:21,PHARMACY,CREDIT,UTAH,0
TXN03352,CUST141,48.41,2024-01-11 21:19:34,ATM,CREDIT,HAWAII,0
TXN03353,CUST145,1131.01,2024-01-10 17:24:18,ELECTRONICS,DEBIT,NEVADA,0
TXN03354,CUST045,23.72,2024-03-22 19:44:57,PHARMACY,CREDIT,ARIZONA,0
TXN03355,CUST041,15.95,2024-03-25 19:32:15,COFFEE_SHOP,DEBIT,ARIZONA,0
TXN03356,CUST015,88.39,2024-03-23 17:41:32,PHARMACY,CREDIT,FLORIDA,0
TXN03357,CUST017,62.3,2024-01-21 11:07:40,ATM,DEBIT,UTAH,0
TXN03358,CUST010,115.2,2024-02-03 19:55:43,GROCERY,DEBIT,MICHIGAN,0
TXN03359,CUST043,22.38,2024-01-16 18:40:47,RESTAURANT,DEBIT,NEVADA,0
TXN03360,CUST043,434.12,2024-03-15 13:43:03,ATM,DEBIT,HAWAII,0
TXN03361,CUST067,567.23,2024-03-20 21:56:55,ELECTRONICS,CREDIT,FLORIDA,0
TXN03362,CUST198,16.34,2024-02-10 09:40:41,COFFEE_SHOP,DEBIT,ARIZONA,0
TXN03363,CUST049,301.65,2024-02-28 16:41:53,ATM,CREDIT,OREGON,0
TXN03364,CUST023,1422.56,2024-03-03 22:37:47,ONLINE,DEBIT,ARIZONA,1
TXN03365,CUST013,66.94,2024-02-17 17:15:39,PHARMACY,CREDIT,HAWAII,0
TXN03366,CUST153,180.98,2024-02-26 18:16:41,GROCERY,DEBIT,ARIZONA,0
TXN03367,CUST046,131.89,2024-02-04 12:20:43,RESTAURANT,DEBIT,COLORADO,0
TXN03368,CUST163,755.28,2024-03-19 13:17:16,RESTAURANT,DEBIT,NEVADA,1
TXN03369,CUST024,84.11,2024-01-22 10:30:33,GAS_STATION,DEBIT,COLORADO,0
TXN03370,CUST022,317.46,2024-03-24 09:14:41,ATM,DEBIT,UNKNOWN,0
TXN03371,CUST125,429.17,2024-02-12 11:40:31,ONLINE,CREDIT,MICHIGAN,0
TXN03372,CUST004,301.3,2024-02-14 17:24:52,HOTEL,CREDIT,HAWAII,0
TXN03373,CUST033,55.69,2024-02-15 21:36:18,PHARMACY,DEBIT,FLORIDA,0
TXN03374,CUST030,98.28,2024-02-20 21:16:44,GAS_STATION,DEBIT,UTAH,0
TXN03375,CUST152,18.65,2024-02-13 14:35:50,COFFEE_SHOP,DEBIT,HAWAII,0
TXN03376,CUST034,981.13,2024-02-01 19:13:06,JEWELRY,DEBIT,MONTANA,0
TXN03377,CUST039,212.13,2024-02-06 09:00:36,ATM,DEBIT,HAWAII,0
TXN03378,CUST030,187.2,2024-02-02 10:01:01,RESTAURANT,DEBIT,FLORIDA,0
TXN03379,CUST026,503.13,2024-01-06 18:10:52,RESTAURANT,CREDIT,ARIZONA,1
TXN03380,CUST011,173.77,2024-01-27 16:23:17,ONLINE,DEBIT,COLORADO,0
TXN03381,CUST006,28.74,2024-01-02 17:14:58,ATM,DEBIT,MONTANA,0
TXN03382,CUST010,1683.48,2024-03-04 11:47:28,JEWELRY,DEBIT,ILLINOIS,0
TXN03383,CUST044,4391.63,2024-03-10 21:28:28,ONLINE,DEBIT,COLORADO,1
TXN03384,CUST042,14.42,2024-02-04 17:40:40,PHARMACY,DEBIT,TEXAS,0
TXN03385,CUST025,174.85,2024-01-11 13:50:20,RESTAURANT,DEBIT,MICHIGAN,0
TXN03386,CUST053,251.07,2024-03-21 11:57:07,GROCERY,DEBIT,UTAH,0
TXN03387,CUST104,75.96,2024-02-22 15:57:20,GAS_STATION,CREDIT,ARIZONA,0
TXN03388,CUST050,1760.23,2024-02-05 18:01:19,JEWELRY,DEBIT,HAWAII,0
TXN03389,CUST018,231.36,2024-03-12 13:23:01,CLOTHING,DEBIT,CALIFORNIA,0
TXN03390,CUST040,537.23,2024-03-17 19:54:27,ONLINE,DEBIT,NEW_YORK,0
TXN03391,CUST200,549.06,2024-03-03 14:33:29,ONLINE,DEBIT,UTAH,0
TXN03392,CUST132,1763.98,2024-01-16 19:00:30,JEWELRY,CREDIT,FLORIDA,0
TXN03393,CUST060,48.56,2024-01-25 21:50:45,GAS_STATION,CREDIT,HAWAII,0
TXN03394,CUST013,515.48,2024-02-17 08:08:53,RESTAURANT,CREDIT,FLORIDA,1
TXN03395,CUST029,440.88,2024-02-05 09:50:25,ATM,DEBIT,MONTANA,0
TXN03396,CUST073,4274.85,2024-03-21 08:17:24,JEWELRY,DEBIT,ARIZONA,1
TXN03397,CUST028,205.82,2024-02-11 21:21:08,CLOTHING,CREDIT,MONTANA,0
TXN03398,CUST013,994.29,2024-03-05 17:19:16,ELECTRONICS,DEBIT,TEXAS,0
TXN03399,CUST117,164.7,2024-01-31 14:37:52,HOTEL,DEBIT,NEW_YORK,0
TXN03400,CUST004,337.78,2024-01-13 16:10:05,JEWELRY,DEBIT,FLORIDA,0
TXN03401,CUST010,451.16,2024-03-12 22:45:30,ATM,DEBIT,MICHIGAN,0
TXN03402,CUST037,990.07,2024-02-19 22:22:10,ELECTRONICS,DEBIT,UNKNOWN,0
TXN03403,CUST029,79.92,2024-02-09 15:55:35,GAS_STATION,CREDIT,UTAH,0
TXN03404,CUST047,570.28,2024-02-17 09:00:41,ONLINE,DEBIT,ARIZONA,0
TXN03405,CUST044,217.96,2024-01-24 13:10:47,CLOTHING,DEBIT,CALIFORNIA,0
TXN03406,CUST010,238.03,2024-01-19 20:38:15,GROCERY,CREDIT,WASHINGTON,0
TXN03407,CUST144,252.88,2024-02-22 11:33:11,ATM,CREDIT,NEW_YORK,0
TXN03408,CUST030,3789.93,2024-03-01 10:27:53,ONLINE,CREDIT,ILLINOIS,1
TXN03409,CUST031,175.99,2024-03-19 09:48:35,CLOTHING,DEBIT,UNKNOWN,0
TXN03410,CUST007,102.55,2024-02-23 19:46:12,RESTAURANT,DEBIT,UTAH,0
TXN03411,CUST040,789.9,2024-02-23 17:58:57,CLOTHING,CREDIT,NEW_YORK,1
TXN03412,CUST023,60.52,2024-01-21 17:42:13,GAS_STATION,DEBIT,UTAH,0
TXN03413,CUST028,49.36,2024-02-03 19:24:33,GAS_STATION,DEBIT,FLORIDA,0
TXN03414,CUST102,69.56,2024-03-27 22:40:24,GAS_STATION,CREDIT,NEVADA,0
TXN03415,CUST030,99.19,2024-01-28 21:35:05,PHARMACY,DEBIT,TEXAS,0
TXN03416,CUST025,256.44,2024-02-03 16:29:24,HOTEL,CREDIT,ARIZONA,0
TXN03417,CUST049,935.65,2024-01-23 12:57:35,ELECTRONICS,DEBIT,NEW_YORK,0
TXN03418,CUST040,144.25,2024-01-28 20:12:40,GAS_STATION,DEBIT,UNKNOWN,0
TXN03419,CUST025,2423.67,2024-02-22 13:27:50,ONLINE,DEBIT,NEVADA,1
TXN03420,CUST022,612.72,2024-01-28 08:58:06,RESTAURANT,DEBIT,OREGON,1
TXN03421,CUST163,691.47,2024-01-24 20:40:30,ONLINE,DEBIT,TEXAS,0
TXN03422,CUST038,1189.15,2024-03-09 10:18:24,ONLINE,DEBIT,TEXAS,1
TXN03423,CUST013,494.01,2024-02-24 20:43:52,HOTEL,DEBIT,UNKNOWN,0
TXN03424,CUST022,139.25,2024-02-04 12:16:49,GAS_STATION,DEBIT,MICHIGAN,0
TXN03425,CUST033,93.44,2024-03-16 13:59:32,CLOTHING,DEBIT,WASHINGTON,0
TXN03426,CUST063,44.75,2024-02-13 14:51:16,GROCERY,CREDIT,WASHINGTON,0
TXN03427,CUST020,27.41,2024-03-28 18:14:22,COFFEE_SHOP,CREDIT,CALIFORNIA,0
TXN03428,CUST047,123.8,2024-02-07 09:30:11,ELECTRONICS,DEBIT,ILLINOIS,0
TXN03429,CUST014,5229.09,2024-01-11 14:49:50,ELECTRONICS,DEBIT,UNKNOWN,1
TXN03430,CUST040,57.27,2024-02-29 20:13:01,GAS_STATION,CREDIT,ILLINOIS,0
TXN03431,CUST009,5422.4,2024-01-28 14:28:53,ELECTRONICS,DEBIT,CALIFORNIA,1
TXN03432,CUST007,101.63,2024-03-09 15:53:05,GAS_STATION,DEBIT,NEVADA,0
TXN03433,CUST046,32.3,2024-03-17 16:56:10,COFFEE_SHOP,DEBIT,CALIFORNIA,0
TXN03434,CUST012,329.0,2024-02-06 11:04:51,CLOTHING,CREDIT,WASHINGTON,0
TXN03435,CUST042,31.76,2024-01-18 10:46:21,PHARMACY,DEBIT,MONTANA,0
TXN03436,CUST002,20.95,2024-03-15 17:15:34,PHARMACY,CREDIT,MICHIGAN,0
TXN03437,CUST014,16.46,2024-02-01 14:20:17,COFFEE_SHOP,CREDIT,COLORADO,0
TXN03438,CUST027,54.03,2024-02-15 21:22:32,PHARMACY,CREDIT,MICHIGAN,0
TXN03439,CUST167,654.3,2024-01-30 19:27:45,ONLINE,DEBIT,HAWAII,0
TXN03440,CUST010,1200.81,2024-02-04 20:28:32,ELECTRONICS,DEBIT,COLORADO,0
TXN03441,CUST049,196.76,2024-03-12 15:33:50,ATM,DEBIT,NEW_YORK,0
TXN03442,CUST019,33.24,2024-03-21 09:01:09,COFFEE_SHOP,DEBIT,CALIFORNIA,0
TXN03443,CUST041,134.31,2024-01-21 17:56:45,RESTAURANT,CREDIT,COLORADO,0
TXN03444,CUST012,1531.02,2024-02-25 21:08:52,ONLINE,DEBIT,MICHIGAN,1
TXN03445,CUST037,811.22,2024-03-23 21:06:24,JEWELRY,DEBIT,UTAH,0
TXN03446,CUST039,323.86,2024-03-30 12:13:54,HOTEL,DEBIT,MONTANA,0
TXN03447,CUST044,130.03,2024-01-27 12:43:39,RESTAURANT,CREDIT,ARIZONA,0
TXN03448,CUST048,164.23,2024-01-13 17:23:14,RESTAURANT,DEBIT,ILLINOIS,1
TXN03449,CUST014,875.3,2024-03-24 17:50:55,ELECTRONICS,DEBIT,COLORADO,0
TXN03450,CUST050,1497.99,2024-03-01 15:59:28,ELECTRONICS,DEBIT,HAWAII,0
TXN03451,CUST012,524.56,2024-02-23 13:25:21,RESTAURANT,DEBIT,ILLINOIS,1
TXN03452,CUST030,31.09,2024-02-19 12:04:28,PHARMACY,DEBIT,OREGON,0
TXN03453,CUST045,298.4,2024-03-11 22:52:16,ELECTRONICS,DEBIT,OREGON,0
TXN03454,CUST044,189.04,2024-02-24 15:28:56,HOTEL,DEBIT,MICHIGAN,0
TXN03455,CUST001,324.0,2024-03-16 19:11:17,CLOTHING,DEBIT,OREGON,0
TXN03456,CUST131,29.13,2024-01-26 20:15:23,GROCERY,CREDIT,NEW_YORK,0
TXN03457,CUST184,378.75,2024-03-11 16:24:34,ONLINE,CREDIT,UNKNOWN,0
TXN03458,CUST044,9.49,2024-01-04 22:26:43,COFFEE_SHOP,DEBIT,WASHINGTON,0
TXN03459,CUST026,7.29,2024-03-12 08:07:46,COFFEE_SHOP,DEBIT,OREGON,0
TXN03460,CUST001,149.94,2024-03-21 15:27:24,GAS_STATION,DEBIT,COLORADO,0
TXN03461,CUST152,338.56,2024-03-28 15:59:05,GROCERY,CREDIT,UNKNOWN,0
TXN03462,CUST040,207.61,2024-02-14 20:14:40,ONLINE,DEBIT,TEXAS,0
TXN03463,CUST018,8.65,2024-02-19 15:26:27,COFFEE_SHOP,DEBIT,OREGON,0
TXN03464,CUST031,54.12,2024-02-04 11:05:54,GAS_STATION,DEBIT,NEVADA,0
TXN03465,CUST055,99.07,2024-02-28 11:28:26,PHARMACY,DEBIT,MONTANA,0
TXN03466,CUST050,237.51,2024-02-18 15:38:02,ATM,DEBIT,FLORIDA,0
TXN03467,CUST041,208.77,2024-02-17 19:34:02,GROCERY,CREDIT,MICHIGAN,0
TXN03468,CUST046,192.66,2024-03-05 08:53:15,JEWELRY,DEBIT,WASHINGTON,0
TXN03469,CUST014,321.88,2024-02-19 09:50:03,ATM,CREDIT,FLORIDA,0
TXN03470,CUST023,432.94,2024-03-07 15:16:30,HOTEL,DEBIT,MICHIGAN,0
TXN03471,CUST027,161.09,2024-01-12 17:55:32,GROCERY,DEBIT,HAWAII,0
TXN03472,CUST030,242.47,2024-01-20 10:01:11,CLOTHING,DEBIT,ARIZONA,0
TXN03473,CUST033,1120.56,2024-03-27 14:52:59,ELECTRONICS,DEBIT,NEW_YORK,0
TXN03474,CUST018,397.91,2024-01-15 11:56:36,HOTEL,DEBIT,MONTANA,0
TXN03475,CUST021,496.47,2024-01-22 10:51:38,ATM,CREDIT,HAWAII,0
TXN03476,CUST060,36.19,2024-02-24 17:33:33,COFFEE_SHOP,CREDIT,HAWAII,0
TXN03477,CUST048,1296.45,2024-03-23 08:04:10,ELECTRONICS,CREDIT,NEVADA,0
TXN03478,CUST043,82.46,2024-03-19 11:51:23,PHARMACY,DEBIT,MONTANA,0
TXN03479,CUST047,117.03,2024-03-01 10:19:49,CLOTHING,DEBIT,CALIFORNIA,0
TXN03480,CUST001,580.81,2024-02-08 13:01:42,ELECTRONICS,DEBIT,WASHINGTON,0
TXN03481,CUST002,4710.23,2024-03-03 13:26:54,JEWELRY,DEBIT,UNKNOWN,1
TXN03482,CUST004,84.68,2024-02-08 08:30:18,RESTAURANT,DEBIT,UTAH,0
TXN03483,CUST014,700.03,2024-01-12 16:35:37,ELECTRONICS,DEBIT,TEXAS,0
TXN03484,CUST030,18.05,2024-03-03 17:37:04,PHARMACY,DEBIT,HAWAII,0
TXN03485,CUST159,1273.85,2024-01-08 13:03:21,ELECTRONICS,DEBIT,ILLINOIS,0
TXN03486,CUST140,33.88,2024-01-02 15:53:33,GROCERY,DEBIT,MONTANA,0
TXN03487,CUST007,90.98,2024-03-01 15:25:36,PHARMACY,CREDIT,MONTANA,0
TXN03488,CUST031,267.16,2024-03-06 18:55:06,GROCERY,DEBIT,MONTANA,0
TXN03489,CUST025,5253.7,2024-03-16 17:31:35,JEWELRY,DEBIT,HAWAII,1
TXN03490,CUST074,135.27,2024-02-24 12:59:10,GAS_STATION,CREDIT,CALIFORNIA,0
TXN03491,CUST018,697.26,2024-01-07 20:18:54,ONLINE,CREDIT,UNKNOWN,0
TXN03492,CUST020,631.58,2024-01-27 10:43:27,ONLINE,DEBIT,UTAH,0
TXN03493,CUST029,140.42,2024-01-27 15:03:48,ELECTRONICS,DEBIT,TEXAS,0
TXN03494,CUST029,88.13,2024-02-08 09:18:48,PHARMACY,CREDIT,MONTANA,0
TXN03495,CUST050,45.19,2024-01-06 18:45:55,PHARMACY,DEBIT,FLORIDA,0
TXN03496,CUST018,13.13,2024-01-30 21:54:50,COFFEE_SHOP,DEBIT,UTAH,0
TXN03497,CUST021,1301.38,2024-01-28 14:53:21,JEWELRY,CREDIT,ARIZONA,0
TXN03498,CUST002,71.3,2024-02-03 09:54:09,RESTAURANT,DEBIT,MICHIGAN,0
TXN03499,CUST039,805.39,2024-02-02 12:00:59,JEWELRY,DEBIT,COLORADO,0
TXN03500,CUST023,255.38,2024-03-02 18:50:14,GROCERY,DEBIT,FLORIDA,0
TXN03501,CUST017,197.24,2024-02-18 21:13:47,ONLINE,DEBIT,MICHIGAN,0
TXN03502,CUST016,177.7,2024-03-04 17:41:01,HOTEL,DEBIT,ARIZONA,0
TXN03503,CUST012,495.23,2024-01-26 16:48:44,ONLINE,DEBIT,ARIZONA,0
TXN03504,CUST044,784.13,2024-02-07 10:19:05,JEWELRY,DEBIT,NEVADA,0
TXN03505,CUST015,91.37,2024-01-05 20:15:33,RESTAURANT,DEBIT,UNKNOWN,0
TXN03506,CUST034,2705.94,2024-01-14 18:32:00,ONLINE,CREDIT,COLORADO,1
TXN03507,CUST045,25.7,2024-02-23 08:45:48,PHARMACY,DEBIT,FLORIDA,0
TXN03508,CUST040,379.39,2024-02-20 10:02:09,CLOTHING,CREDIT,NEVADA,0
TXN03509,CUST024,43.69,2024-03-28 14:52:49,COFFEE_SHOP,DEBIT,FLORIDA,0
TXN03510,CUST174,20.56,2024-01-17 11:28:14,RESTAURANT,CREDIT,WASHINGTON,0
TXN03511,CUST009,1147.66,2024-03-12 12:39:00,ELECTRONICS,DEBIT,CALIFORNIA,0
TXN03512,CUST077,438.97,2024-03-21 17:22:18,ATM,CREDIT,UTAH,0
TXN03513,CUST071,8.1,2024-01-14 22:47:05,COFFEE_SHOP,DEBIT,NEW_YORK,0
TXN03514,CUST014,241.2,2024-03-12 08:20:38,CLOTHING,DEBIT,MICHIGAN,0
TXN03515,CUST013,102.34,2024-01-23 13:52:09,GAS_STATION,DEBIT,UNKNOWN,0
TXN03516,CUST009,55.24,2024-01-11 19:06:56,PHARMACY,DEBIT,MICHIGAN,0
TXN03517,CUST003,68.91,2024-03-21 08:15:39,PHARMACY,DEBIT,NEVADA,0
TXN03518,CUST027,1661.93,2024-01-08 22:51:04,JEWELRY,DEBIT,WASHINGTON,0
TXN03519,CUST005,44.98,2024-02-05 17:01:48,GAS_STATION,DEBIT,UNKNOWN,0
TXN03520,CUST127,1156.42,2024-03-08 21:57:14,CLOTHING,DEBIT,MICHIGAN,1
TXN03521,CUST035,152.15,2024-03-13 21:13:35,HOTEL,DEBIT,NEW_YORK,0
TXN03522,CUST020,1851.66,2024-02-28 08:37:16,ELECTRONICS,CREDIT,MONTANA,1
TXN03523,CUST016,311.25,2024-03-01 08:21:05,ONLINE,DEBIT,MICHIGAN,0
TXN03524,CUST119,115.43,2024-02-11 08:37:09,HOTEL,DEBIT,HAWAII,0
TXN03525,CUST093,37.15,2024-01-07 11:00:41,COFFEE_SHOP,DEBIT,MICHIGAN,0
TXN03526,CUST031,137.23,2024-02-02 16:55:45,RESTAURANT,DEBIT,FLORIDA,0
TXN03527,CUST028,131.58,2024-01-03 20:05:14,ATM,CREDIT,WASHINGTON,0
TXN03528,CUST128,46.17,2024-01-28 22:33:21,GAS_STATION,DEBIT,NEVADA,0
TXN03529,CUST066,61.12,2024-03-09 11:12:51,GAS_STATION,DEBIT,MICHIGAN,0
TXN03530,CUST048,1274.89,2024-03-27 21:02:10,ELECTRONICS,DEBIT,FLORIDA,0
TXN03531,CUST042,22.79,2024-03-05 22:54:43,COFFEE_SHOP,DEBIT,ILLINOIS,0
TXN03532,CUST030,82.71,2024-01-01 13:07:13,GAS_STATION,DEBIT,CALIFORNIA,0
TXN03533,CUST153,435.01,2024-02-03 11:25:24,GAS_STATION,DEBIT,UNKNOWN,1
TXN03534,CUST014,374.04,2024-01-31 10:29:04,ATM,CREDIT,UTAH,0
TXN03535,CUST006,38.38,2024-01-02 16:49:15,COFFEE_SHOP,CREDIT,TEXAS,0
TXN03536,CUST035,190.1,2024-01-28 20:39:56,RESTAURANT,DEBIT,ARIZONA,0
TXN03537,CUST030,61.74,2024-02-13 18:50:53,GROCERY,CREDIT,WASHINGTON,0
TXN03538,CUST010,587.63,2024-01-18 15:36:29,JEWELRY,DEBIT,FLORIDA,0
TXN03539,CUST016,140.87,2024-03-09 21:14:04,COFFEE_SHOP,CREDIT,HAWAII,1
TXN03540,CUST153,77.42,2024-02-25 11:27:40,GAS_STATION,DEBIT,MONTANA,0
TXN03541,CUST147,347.95,2024-03-02 18:20:55,ATM,CREDIT,NEW_YORK,0
TXN03542,CUST010,95.06,2024-01-07 19:02:06,RESTAURANT,DEBIT,WASHINGTON,0
TXN03543,CUST004,80.66,2024-03-25 11:11:40,PHARMACY,DEBIT,COLORADO,0
TXN03544,CUST042,4549.28,2024-01-21 12:09:48,ELECTRONICS,DEBIT,NEW_YORK,1
TXN03545,CUST171,81.58,2024-03-12 18:53:30,GROCERY,DEBIT,MONTANA,0
TXN03546,CUST106,261.08,2024-03-27 08:31:14,ATM,CREDIT,WASHINGTON,0
TXN03547,CUST017,114.63,2024-01-30 17:41:29,GROCERY,DEBIT,ILLINOIS,0
TXN03548,CUST008,569.67,2024-02-27 21:12:03,ELECTRONICS,CREDIT,UNKNOWN,0
TXN03549,CUST110,706.54,2024-01-29 17:11:39,HOTEL,DEBIT,WASHINGTON,1
TXN03550,CUST033,3231.34,2024-03-19 18:25:36,ONLINE,CREDIT,NEW_YORK,1
TXN03551,CUST015,1069.46,2024-01-17 15:35:32,ELECTRONICS,DEBIT,ILLINOIS,0
TXN03552,CUST039,705.27,2024-01-30 16:07:38,ELECTRONICS,DEBIT,MICHIGAN,0
TXN03553,CUST014,817.65,2024-02-27 15:11:19,JEWELRY,CREDIT,WASHINGTON,0
TXN03554,CUST049,136.16,2024-03-18 15:57:25,JEWELRY,DEBIT,ILLINOIS,0
TXN03555,CUST014,96.88,2024-02-10 12:58:14,PHARMACY,CREDIT,FLORIDA,0
TXN03556,CUST044,212.39,2024-01-28 12:46:19,ONLINE,CREDIT,UNKNOWN,0
TXN03557,CUST157,400.69,2024-02-22 08:18:25,HOTEL,DEBIT,WASHINGTON,0
TXN03558,CUST007,4320.05,2024-01-11 12:31:46,ONLINE,DEBIT,TEXAS,1
TXN03559,CUST074,45.28,2024-01-14 21:32:09,PHARMACY,DEBIT,HAWAII,0
TXN03560,CUST026,766.13,2024-03-30 18:22:53,ONLINE,DEBIT,ARIZONA,0
TXN03561,CUST037,351.26,2024-03-07 20:12:17,HOTEL,DEBIT,MONTANA,0
TXN03562,CUST028,7.2,2024-02-04 12:26:19,COFFEE_SHOP,CREDIT,FLORIDA,0
TXN03563,CUST015,2148.1,2024-02-05 20:47:26,JEWELRY,DEBIT,UTAH,1
TXN03564,CUST191,582.58,2024-02-18 09:20:53,ONLINE,DEBIT,UTAH,0
TXN03565,CUST026,377.8,2024-02-22 22:51:35,ATM,DEBIT,UNKNOWN,1
TXN03566,CUST021,31.6,2024-03-09 17:02:36,GROCERY,DEBIT,NEVADA,0
TXN03567,CUST044,121.41,2024-01-29 13:16:04,GAS_STATION,CREDIT,MONTANA,0
TXN03568,CUST048,222.64,2024-01-21 12:48:16,GROCERY,DEBIT,UNKNOWN,0
TXN03569,CUST028,83.67,2024-03-21 17:34:40,PHARMACY,DEBIT,COLORADO,0
TXN03570,CUST006,101.05,2024-02-09 14:58:57,CLOTHING,DEBIT,NEVADA,0
TXN03571,CUST005,45.93,2024-03-05 08:56:29,COFFEE_SHOP,CREDIT,MICHIGAN,0
TXN03572,CUST027,93.79,2024-03-08 16:37:13,CLOTHING,DEBIT,NEVADA,0
TXN03573,CUST118,6185.01,2024-03-28 11:36:54,JEWELRY,CREDIT,ILLINOIS,1
TXN03574,CUST013,30.83,2024-01-05 22:14:57,COFFEE_SHOP,DEBIT,OREGON,0
TXN03575,CUST008,19.45,2024-03-22 19:52:51,GROCERY,CREDIT,HAWAII,0
TXN03576,CUST002,96.89,2024-01-28 12:51:04,RESTAURANT,DEBIT,UNKNOWN,0
TXN03577,CUST032,272.73,2024-03-23 15:03:51,CLOTHING,CREDIT,NEW_YORK,0
TXN03578,CUST016,1479.14,2024-02-17 15:53:57,ELECTRONICS,DEBIT,FLORIDA,0
TXN03579,CUST192,19.7,2024-03-23 11:47:48,COFFEE_SHOP,DEBIT,ILLINOIS,0
TXN03580,CUST024,132.52,2024-03-17 20:07:42,GAS_STATION,DEBIT,UNKNOWN,0
TXN03581,CUST008,309.94,2024-01-07 12:17:03,ELECTRONICS,CREDIT,WASHINGTON,0
TXN03582,CUST039,292.72,2024-02-24 09:40:54,ATM,DEBIT,MONTANA,0
TXN03583,CUST011,164.43,2024-01-15 22:48:27,JEWELRY,CREDIT,COLORADO,0
TXN03584,CUST015,1066.89,2024-01-25 18:04:55,ELECTRONICS,CREDIT,UTAH,0
TXN03585,CUST029,267.75,2024-02-07 22:36:45,JEWELRY,CREDIT,UTAH,0
TXN03586,CUST016,181.17,2024-03-04 15:56:46,ONLINE,DEBIT,OREGON,0
TXN03587,CUST017,5753.75,2024-02-07 21:46:41,JEWELRY,DEBIT,ARIZONA,1
TXN03588,CUST025,360.74,2024-03-19 21:52:58,ONLINE,CREDIT,WASHINGTON,0
TXN03589,CUST008,659.67,2024-03-19 09:17:33,ONLINE,CREDIT,MICHIGAN,0
TXN03590,CUST047,5215.41,2024-03-19 12:11:13,ELECTRONICS,CREDIT,MICHIGAN,1
TXN03591,CUST003,340.48,2024-01-29 19:02:36,CLOTHING,DEBIT,UTAH,0
TXN03592,CUST184,454.89,2024-03-21 19:26:46,HOTEL,DEBIT,MICHIGAN,0
TXN03593,CUST006,584.33,2024-02-22 21:38:00,RESTAURANT,DEBIT,NEVADA,1
TXN03594,CUST003,248.66,2024-01-07 10:50:25,HOTEL,DEBIT,NEVADA,0
TXN03595,CUST093,106.48,2024-02-08 22:15:04,GROCERY,DEBIT,NEVADA,0
TXN03596,CUST007,632.56,2024-03-16 13:06:55,CLOTHING,DEBIT,UNKNOWN,1
TXN03597,CUST015,220.58,2024-02-27 15:56:56,ONLINE,DEBIT,COLORADO,0
TXN03598,CUST010,84.35,2024-01-08 22:44:04,ONLINE,CREDIT,ARIZONA,0
TXN03599,CUST027,7883.17,2024-03-30 12:44:29,JEWELRY,DEBIT,NEW_YORK,1
TXN03600,CUST023,230.62,2024-01-12 09:39:11,CLOTHING,DEBIT,CALIFORNIA,0
TXN03601,CUST013,3895.81,2024-02-09 13:54:57,ONLINE,DEBIT,COLORADO,1
TXN03602,CUST008,120.17,2024-02-25 14:39:06,GROCERY,DEBIT,MONTANA,0
TXN03603,CUST007,370.19,2024-03-02 18:28:37,CLOTHING,DEBIT,COLORADO,0
TXN03604,CUST127,321.65,2024-03-06 08:38:59,CLOTHING,DEBIT,UTAH,1
TXN03605,CUST042,120.5,2024-01-16 11:47:56,RESTAURANT,CREDIT,WASHINGTON,0
TXN03606,CUST114,14.97,2024-02-26 18:12:44,COFFEE_SHOP,DEBIT,FLORIDA,0
TXN03607,CUST032,156.63,2024-01-19 13:16:50,RESTAURANT,CREDIT,HAWAII,0
TXN03608,CUST021,183.08,2024-02-13 21:16:40,GROCERY,DEBIT,HAWAII,0
TXN03609,CUST129,381.92,2024-02-25 09:26:06,ONLINE,DEBIT,UTAH,0
TXN03610,CUST047,53.85,2024-01-10 18:00:59,GAS_STATION,CREDIT,CALIFORNIA,0
TXN03611,CUST005,59.01,2024-02-24 11:31:34,ATM,CREDIT,FLORIDA,0
TXN03612,CUST031,132.23,2024-02-22 22:08:41,RESTAURANT,DEBIT,COLORADO,0
TXN03613,CUST028,220.01,2024-01-30 17:14:28,GROCERY,DEBIT,TEXAS,0
TXN03614,CUST019,2852.93,2024-02-24 19:53:55,ONLINE,DEBIT,UTAH,1
TXN03615,CUST024,1639.05,2024-02-19 21:07:41,JEWELRY,CREDIT,FLORIDA,0
TXN03616,CUST159,132.74,2024-03-13 13:30:39,RESTAURANT,DEBIT,OREGON,0
TXN03617,CUST035,56.9,2024-03-18 14:21:03,GAS_STATION,CREDIT,ARIZONA,0
TXN03618,CUST028,333.15,2024-02-18 10:31:06,ATM,DEBIT,UNKNOWN,0
TXN03619,CUST015,1697.71,2024-03-14 12:39:56,JEWELRY,CREDIT,TEXAS,0
TXN03620,CUST030,4950.68,2024-02-20 10:42:06,JEWELRY,CREDIT,WASHINGTON,1
TXN03621,CUST040,192.56,2024-02-07 12:54:13,ATM,CREDIT,ILLINOIS,0
TXN03622,CUST042,101.79,2024-01-21 18:30:24,RESTAURANT,DEBIT,UTAH,0
TXN03623,CUST008,7037.37,2024-02-22 20:24:28,JEWELRY,DEBIT,CALIFORNIA,1
TXN03624,CUST143,48.71,2024-01-20 20:33:40,CLOTHING,DEBIT,FLORIDA,0
TXN03625,CUST035,465.87,2024-03-26 13:02:34,JEWELRY,DEBIT,ARIZONA,0
TXN03626,CUST007,512.27,2024-01-26 21:02:41,CLOTHING,CREDIT,MONTANA,1
TXN03627,CUST019,482.71,2024-02-17 14:57:05,ATM,DEBIT,MONTANA,0
TXN03628,CUST021,4052.76,2024-01-30 12:29:40,ELECTRONICS,CREDIT,UNKNOWN,1
TXN03629,CUST112,166.38,2024-03-30 11:58:32,RESTAURANT,DEBIT,OREGON,0
TXN03630,CUST011,1016.77,2024-01-10 21:08:44,ELECTRONICS,CREDIT,NEW_YORK,0
TXN03631,CUST011,47.08,2024-02-17 20:30:31,PHARMACY,DEBIT,MONTANA,0
TXN03632,CUST010,84.3,2024-03-02 15:03:14,GROCERY,DEBIT,NEW_YORK,0
TXN03633,CUST148,84.92,2024-03-23 11:25:55,GAS_STATION,DEBIT,HAWAII,0
TXN03634,CUST016,228.43,2024-03-13 11:44:51,ATM,DEBIT,TEXAS,0
TXN03635,CUST057,340.21,2024-02-25 16:45:02,ATM,DEBIT,COLORADO,0
TXN03636,CUST025,755.18,2024-02-03 19:57:41,ELECTRONICS,CREDIT,MONTANA,0
TXN03637,CUST040,377.93,2024-02-16 19:37:14,JEWELRY,DEBIT,ILLINOIS,0
TXN03638,CUST036,170.71,2024-03-06 15:04:57,GROCERY,DEBIT,HAWAII,0
TXN03639,CUST012,33.01,2024-01-15 15:33:52,COFFEE_SHOP,DEBIT,WASHINGTON,0
TXN03640,CUST142,203.77,2024-03-25 11:14:48,GROCERY,DEBIT,OREGON,0
TXN03641,CUST026,49.71,2024-02-09 18:41:52,COFFEE_SHOP,CREDIT,OREGON,0
TXN03642,CUST055,64.35,2024-03-08 15:45:57,GAS_STATION,CREDIT,MICHIGAN,0
TXN03643,CUST107,71.95,2024-02-06 12:38:03,PHARMACY,CREDIT,OREGON,1
TXN03644,CUST046,295.24,2024-02-17 20:50:47,ONLINE,CREDIT,WASHINGTON,0
TXN03645,CUST001,333.69,2024-02-15 20:27:51,GROCERY,DEBIT,MICHIGAN,0
TXN03646,CUST014,235.66,2024-03-06 12:21:30,GROCERY,DEBIT,UNKNOWN,0
TXN03647,CUST146,7102.53,2024-02-27 22:22:26,JEWELRY,DEBIT,WASHINGTON,1
TXN03648,CUST012,35.1,2024-02-07 10:18:49,PHARMACY,DEBIT,WASHINGTON,0
TXN03649,CUST031,76.36,2024-02-03 14:47:36,GROCERY,DEBIT,HAWAII,0
TXN03650,CUST031,127.43,2024-03-16 14:36:57,GROCERY,CREDIT,UNKNOWN,0
TXN03651,CUST050,329.52,2024-02-21 22:55:19,GROCERY,DEBIT,NEVADA,0
TXN03652,CUST004,36.97,2024-01-01 21:26:04,GAS_STATION,CREDIT,WASHINGTON,0
TXN03653,CUST008,300.36,2024-03-25 15:04:57,HOTEL,DEBIT,COLORADO,0
TXN03654,CUST009,264.82,2024-01-19 22:08:52,ONLINE,CREDIT,FLORIDA,0
TXN03655,CUST017,71.37,2024-02-18 10:22:02,PHARMACY,DEBIT,HAWAII,0
TXN03656,CUST010,166.07,2024-03-19 12:06:11,ATM,DEBIT,ARIZONA,0
TXN03657,CUST020,38.59,2024-03-27 16:49:29,GAS_STATION,CREDIT,NEW_YORK,0
TXN03658,CUST012,446.51,2024-02-20 16:39:54,ELECTRONICS,DEBIT,WASHINGTON,0
TXN03659,CUST200,83.22,2024-01-22 22:15:03,PHARMACY,CREDIT,UTAH,0
TXN03660,CUST117,226.28,2024-03-17 15:15:34,HOTEL,DEBIT,CALIFORNIA,0
TXN03661,CUST048,163.37,2024-02-11 15:37:45,GROCERY,CREDIT,MONTANA,0
TXN03662,CUST069,1587.89,2024-02-01 14:41:04,JEWELRY,DEBIT,FLORIDA,0
TXN03663,CUST027,87.25,2024-02-29 18:06:02,PHARMACY,DEBIT,COLORADO,0
TXN03664,CUST191,65.04,2024-02-28 14:16:43,GROCERY,DEBIT,FLORIDA,0
TXN03665,CUST003,386.71,2024-01-23 11:04:05,ONLINE,DEBIT,FLORIDA,0
TXN03666,CUST047,6301.83,2024-03-20 19:13:57,JEWELRY,DEBIT,MICHIGAN,1
TXN03667,CUST030,22.86,2024-03-15 13:20:18,CLOTHING,DEBIT,CALIFORNIA,0
TXN03668,CUST180,139.32,2024-03-05 15:42:08,RESTAURANT,CREDIT,FLORIDA,0
TXN03669,CUST047,136.64,2024-01-30 12:47:43,GAS_STATION,DEBIT,UTAH,0
TXN03670,CUST041,393.22,2024-01-06 22:15:34,CLOTHING,DEBIT,ARIZONA,0
TXN03671,CUST017,4439.44,2024-02-11 16:05:10,JEWELRY,DEBIT,NEW_YORK,1
TXN03672,CUST026,190.51,2024-01-09 17:10:49,RESTAURANT,CREDIT,MONTANA,0
TXN03673,CUST135,32.81,2024-02-27 14:41:36,RESTAURANT,DEBIT,OREGON,0
TXN03674,CUST186,44.84,2024-03-08 19:59:59,COFFEE_SHOP,DEBIT,UNKNOWN,0
TXN03675,CUST011,248.69,2024-02-06 08:08:35,HOTEL,DEBIT,FLORIDA,0
TXN03676,CUST031,266.98,2024-03-28 21:02:22,GROCERY,CREDIT,CALIFORNIA,0
TXN03677,CUST047,260.84,2024-02-25 21:04:50,ATM,DEBIT,WASHINGTON,0
TXN03678,CUST118,154.6,2024-03-06 20:26:29,ATM,DEBIT,UNKNOWN,0
TXN03679,CUST019,186.46,2024-03-18 13:41:51,HOTEL,DEBIT,NEW_YORK,0
TXN03680,CUST022,98.99,2024-03-22 13:43:12,RESTAURANT,DEBIT,FLORIDA,0
TXN03681,CUST024,180.65,2024-01-20 10:12:35,RESTAURANT,CREDIT,COLORADO,0
TXN03682,CUST041,131.15,2024-02-10 10:44:56,ATM,DEBIT,UNKNOWN,0
TXN03683,CUST050,268.1,2024-01-10 12:23:18,GROCERY,CREDIT,OREGON,0
TXN03684,CUST021,38.4,2024-01-11 13:44:51,PHARMACY,DEBIT,MONTANA,0
TXN03685,CUST018,444.01,2024-01-02 12:35:19,JEWELRY,DEBIT,COLORADO,0
TXN03686,CUST025,76.02,2024-02-06 16:50:06,PHARMACY,DEBIT,FLORIDA,0
TXN03687,CUST009,155.88,2024-01-06 19:01:03,RESTAURANT,DEBIT,TEXAS,0
TXN03688,CUST023,217.85,2024-01-27 19:20:02,CLOTHING,DEBIT,ARIZONA,0
TXN03689,CUST015,492.23,2024-03-19 11:53:04,HOTEL,DEBIT,UNKNOWN,0
TXN03690,CUST069,97.86,2024-02-23 11:31:43,PHARMACY,CREDIT,TEXAS,0
TXN03691,CUST144,24.17,2024-01-15 14:35:46,PHARMACY,DEBIT,FLORIDA,0
TXN03692,CUST014,231.96,2024-03-23 15:40:04,CLOTHING,CREDIT,NEW_YORK,0
TXN03693,CUST024,6946.93,2024-02-24 15:41:18,JEWELRY,DEBIT,MICHIGAN,1
TXN03694,CUST010,690.7,2024-02-15 16:29:09,HOTEL,DEBIT,CALIFORNIA,1
TXN03695,CUST017,309.9,2024-03-18 22:52:31,GROCERY,CREDIT,OREGON,0
TXN03696,CUST044,74.49,2024-03-29 16:38:59,PHARMACY,CREDIT,TEXAS,0
TXN03697,CUST025,19.06,2024-01-10 18:01:06,COFFEE_SHOP,DEBIT,CALIFORNIA,0
TXN03698,CUST197,328.87,2024-03-19 22:35:04,ATM,CREDIT,COLORADO,0
TXN03699,CUST020,1411.02,2024-03-19 11:40:34,ELECTRONICS,DEBIT,ILLINOIS,0
TXN03700,CUST011,54.33,2024-01-30 13:10:23,GAS_STATION,DEBIT,UTAH,0
TXN03701,CUST011,303.7,2024-02-25 17:48:36,ELECTRONICS,CREDIT,UTAH,0
TXN03702,CUST019,168.62,2024-01-26 10:55:11,JEWELRY,DEBIT,UTAH,0
TXN03703,CUST045,664.53,2024-01-12 09:39:34,ELECTRONICS,DEBIT,OREGON,0
TXN03704,CUST033,180.28,2024-03-10 14:25:47,CLOTHING,DEBIT,MICHIGAN,0
TXN03705,CUST028,99.87,2024-02-19 10:15:28,GROCERY,CREDIT,COLORADO,0
TXN03706,CUST004,48.37,2024-03-05 16:12:40,ATM,CREDIT,OREGON,0
TXN03707,CUST036,644.35,2024-01-27 17:33:54,HOTEL,CREDIT,WASHINGTON,1
TXN03708,CUST002,140.31,2024-02-19 10:22:43,HOTEL,CREDIT,COLORADO,0
TXN03709,CUST047,22.28,2024-01-22 17:53:40,RESTAURANT,DEBIT,HAWAII,0
TXN03710,CUST049,389.94,2024-01-19 13:29:04,PHARMACY,DEBIT,UTAH,1
TXN03711,CUST030,686.87,2024-02-13 20:20:13,ONLINE,CREDIT,NEVADA,0
TXN03712,CUST035,469.98,2024-01-13 15:54:48,ONLINE,CREDIT,WASHINGTON,0
TXN03713,CUST031,342.85,2024-02-28 21:06:32,HOTEL,DEBIT,TEXAS,0
TXN03714,CUST022,362.04,2024-02-12 14:50:16,ATM,DEBIT,MICHIGAN,0
TXN03715,CUST022,430.92,2024-01-21 18:00:13,JEWELRY,DEBIT,TEXAS,0
TXN03716,CUST007,49.86,2024-02-20 11:10:44,PHARMACY,DEBIT,NEVADA,0
TXN03717,CUST002,351.27,2024-02-09 20:36:07,CLOTHING,DEBIT,MICHIGAN,0
TXN03718,CUST022,204.81,2024-01-05 13:08:23,HOTEL,CREDIT,NEVADA,0
TXN03719,CUST109,288.17,2024-01-15 13:07:20,GROCERY,CREDIT,WASHINGTON,0
TXN03720,CUST050,66.5,2024-03-16 12:21:01,GAS_STATION,DEBIT,MONTANA,0
TXN03721,CUST021,34.74,2024-02-15 19:18:28,COFFEE_SHOP,CREDIT,NEW_YORK,0
TXN03722,CUST044,41.62,2024-01-06 20:43:30,COFFEE_SHOP,CREDIT,ILLINOIS,0
TXN03723,CUST021,5.05,2024-01-03 16:13:35,COFFEE_SHOP,CREDIT,UTAH,0
TXN03724,CUST057,987.75,2024-01-05 22:36:14,ELECTRONICS,DEBIT,COLORADO,0
TXN03725,CUST041,12.71,2024-02-04 16:13:11,PHARMACY,DEBIT,NEW_YORK,0
TXN03726,CUST038,913.55,2024-01-23 20:37:32,HOTEL,DEBIT,NEW_YORK,1
TXN03727,CUST046,497.58,2024-02-11 09:46:46,HOTEL,CREDIT,ILLINOIS,1
TXN03728,CUST157,368.06,2024-03-07 11:41:10,ONLINE,CREDIT,MICHIGAN,0
TXN03729,CUST029,3855.18,2024-02-10 13:22:18,ONLINE,CREDIT,UTAH,1
TXN03730,CUST005,329.69,2024-02-19 10:39:00,GROCERY,CREDIT,MICHIGAN,0
TXN03731,CUST048,1063.54,2024-03-05 11:10:23,CLOTHING,DEBIT,ILLINOIS,1
TXN03732,CUST125,37.35,2024-01-14 21:15:04,COFFEE_SHOP,DEBIT,UNKNOWN,0
TXN03733,CUST033,424.07,2024-01-01 10:02:55,ATM,DEBIT,COLORADO,0
TXN03734,CUST008,1395.65,2024-01-12 10:32:59,JEWELRY,CREDIT,UTAH,0
TXN03735,CUST159,44.17,2024-01-23 15:59:31,COFFEE_SHOP,CREDIT,MONTANA,0
TXN03736,CUST027,167.86,2024-02-15 13:04:06,RESTAURANT,CREDIT,MICHIGAN,0
TXN03737,CUST046,144.96,2024-01-13 14:30:08,GAS_STATION,CREDIT,HAWAII,0
TXN03738,CUST023,310.42,2024-01-06 22:39:05,ONLINE,DEBIT,UTAH,0
TXN03739,CUST023,375.57,2024-02-05 11:11:11,ATM,DEBIT,MICHIGAN,0
TXN03740,CUST193,247.13,2024-01-21 10:15:26,GROCERY,DEBIT,FLORIDA,0
TXN03741,CUST160,413.06,2024-01-11 11:20:35,HOTEL,DEBIT,COLORADO,1
TXN03742,CUST015,84.11,2024-02-18 10:19:50,PHARMACY,CREDIT,CALIFORNIA,0
TXN03743,CUST017,161.35,2024-02-24 19:47:23,CLOTHING,DEBIT,NEW_YORK,0
TXN03744,CUST036,234.33,2024-03-08 13:29:55,ATM,DEBIT,MONTANA,0
TXN03745,CUST005,168.81,2024-02-27 21:00:59,ATM,DEBIT,ILLINOIS,0
TXN03746,CUST091,328.63,2024-01-01 13:19:25,CLOTHING,DEBIT,MICHIGAN,0
TXN03747,CUST033,5.33,2024-02-09 15:33:29,COFFEE_SHOP,DEBIT,HAWAII,0
TXN03748,CUST013,255.8,2024-03-18 09:58:40,ELECTRONICS,CREDIT,FLORIDA,0
TXN03749,CUST177,18.28,2024-03-07 13:56:27,COFFEE_SHOP,CREDIT,UNKNOWN,0
TXN03750,CUST030,14.42,2024-02-23 14:05:02,PHARMACY,DEBIT,MONTANA,0
TXN03751,CUST031,91.92,2024-03-05 14:42:38,RESTAURANT,CREDIT,UTAH,0
TXN03752,CUST119,105.31,2024-03-15 19:32:18,HOTEL,DEBIT,CALIFORNIA,0
TXN03753,CUST014,236.68,2024-01-05 20:25:42,ATM,CREDIT,UTAH,0
TXN03754,CUST028,90.89,2024-01-12 17:13:58,HOTEL,CREDIT,HAWAII,0
TXN03755,CUST017,1402.23,2024-02-19 13:02:47,HOTEL,DEBIT,UTAH,1
TXN03756,CUST121,191.06,2024-03-02 16:09:29,GROCERY,DEBIT,COLORADO,0
TXN03757,CUST047,43.6,2024-03-27 14:58:57,RESTAURANT,CREDIT,NEW_YORK,0
TXN03758,CUST038,198.04,2024-02-02 18:39:42,JEWELRY,DEBIT,UTAH,0
TXN03759,CUST001,317.72,2024-02-11 09:37:19,ATM,CREDIT,HAWAII,0
TXN03760,CUST141,22.92,2024-01-18 08:58:04,COFFEE_SHOP,CREDIT,CALIFORNIA,0
TXN03761,CUST021,565.83,2024-03-21 10:55:27,ONLINE,DEBIT,CALIFORNIA,1
TXN03762,CUST017,108.29,2024-03-22 19:18:19,GROCERY,DEBIT,CALIFORNIA,0
TXN03763,CUST069,192.14,2024-02-05 17:31:43,ATM,DEBIT,NEVADA,0
TXN03764,CUST082,40.24,2024-01-03 08:35:58,PHARMACY,DEBIT,UTAH,0
TXN03765,CUST003,64.85,2024-01-28 11:50:16,RESTAURANT,DEBIT,COLORADO,0
TXN03766,CUST045,33.95,2024-03-16 10:51:35,COFFEE_SHOP,DEBIT,COLORADO,0
TXN03767,CUST071,56.56,2024-02-27 11:16:58,RESTAURANT,DEBIT,COLORADO,0
TXN03768,CUST023,75.47,2024-01-06 08:48:21,PHARMACY,CREDIT,ILLINOIS,0
TXN03769,CUST024,390.23,2024-02-11 13:07:25,ONLINE,CREDIT,NEW_YORK,0
TXN03770,CUST001,75.33,2024-01-26 19:30:04,PHARMACY,DEBIT,OREGON,0
TXN03771,CUST038,218.56,2024-01-05 16:38:35,CLOTHING,DEBIT,CALIFORNIA,0
TXN03772,CUST013,22.95,2024-03-19 10:34:06,COFFEE_SHOP,DEBIT,WASHINGTON,0
TXN03773,CUST023,127.96,2024-03-16 18:59:46,GAS_STATION,DEBIT,WASHINGTON,0
TXN03774,CUST021,424.43,2024-03-04 08:13:30,RESTAURANT,CREDIT,OREGON,1
TXN03775,CUST018,128.0,2024-03-13 22:38:35,RESTAURANT,CREDIT,ILLINOIS,0
TXN03776,CUST047,18.47,2024-02-11 20:36:53,COFFEE_SHOP,CREDIT,ARIZONA,0
TXN03777,CUST021,132.41,2024-03-15 15:55:43,GAS_STATION,DEBIT,COLORADO,0
TXN03778,CUST037,137.91,2024-01-08 11:26:33,GAS_STATION,CREDIT,ARIZONA,0
TXN03779,CUST047,471.6,2024-01-23 13:27:25,ATM,CREDIT,NEVADA,0
TXN03780,CUST044,27.41,2024-01-19 21:18:10,COFFEE_SHOP,CREDIT,NEW_YORK,0
TXN03781,CUST046,321.13,2024-02-09 13:52:30,HOTEL,DEBIT,COLORADO,0
TXN03782,CUST028,338.85,2024-01-23 15:25:18,CLOTHING,CREDIT,NEW_YORK,0
TXN03783,CUST020,24.16,2024-03-29 16:50:27,PHARMACY,DEBIT,HAWAII,0
TXN03784,CUST010,18.1,2024-01-02 08:54:53,PHARMACY,DEBIT,MICHIGAN,0
TXN03785,CUST043,387.22,2024-03-06 08:06:18,CLOTHING,CREDIT,OREGON,0
TXN03786,CUST003,444.05,2024-02-24 18:50:28,HOTEL,DEBIT,MICHIGAN,0
TXN03787,CUST052,4412.54,2024-03-12 08:15:59,ELECTRONICS,CREDIT,MICHIGAN,1
TXN03788,CUST010,119.83,2024-03-10 18:46:36,HOTEL,DEBIT,NEW_YORK,0
TXN03789,CUST020,105.82,2024-02-13 12:26:48,ELECTRONICS,CREDIT,MONTANA,0
TXN03790,CUST116,3451.55,2024-01-16 21:34:58,ONLINE,CREDIT,NEW_YORK,1
TXN03791,CUST014,272.94,2024-03-11 13:30:37,CLOTHING,DEBIT,NEW_YORK,0
TXN03792,CUST010,1306.13,2024-02-02 14:36:55,ONLINE,CREDIT,NEW_YORK,1
TXN03793,CUST031,1463.11,2024-03-29 17:57:13,ELECTRONICS,DEBIT,NEW_YORK,0
TXN03794,CUST050,2238.91,2024-02-28 11:49:54,JEWELRY,DEBIT,FLORIDA,1
TXN03795,CUST115,312.58,2024-01-31 14:12:45,ONLINE,DEBIT,MICHIGAN,0
TXN03796,CUST003,5.43,2024-03-05 14:20:30,COFFEE_SHOP,DEBIT,HAWAII,0
TXN03797,CUST003,168.76,2024-03-20 16:12:50,ONLINE,CREDIT,ARIZONA,0
TXN03798,CUST040,6695.38,2024-03-29 18:03:13,JEWELRY,DEBIT,UTAH,1
TXN03799,CUST044,469.9,2024-03-08 22:32:14,HOTEL,DEBIT,UTAH,0
TXN03800,CUST029,80.17,2024-01-03 21:40:01,GAS_STATION,DEBIT,TEXAS,0
TXN03801,CUST039,278.12,2024-03-07 11:43:49,HOTEL,CREDIT,COLORADO,0
TXN03802,CUST030,109.88,2024-03-03 13:59:29,RESTAURANT,DEBIT,MONTANA,0
TXN03803,CUST149,78.34,2024-02-14 15:12:49,GAS_STATION,DEBIT,MICHIGAN,0
TXN03804,CUST113,3183.25,2024-02-08 09:29:14,JEWELRY,CREDIT,CALIFORNIA,1
TXN03805,CUST031,1512.68,2024-03-26 15:07:22,ELECTRONICS,DEBIT,NEW_YORK,1
TXN03806,CUST007,186.63,2024-02-11 22:43:07,ATM,DEBIT,TEXAS,0
TXN03807,CUST167,2731.32,2024-03-17 12:53:08,JEWELRY,DEBIT,ILLINOIS,1
TXN03808,CUST038,1271.97,2024-03-23 13:52:03,ELECTRONICS,CREDIT,NEW_YORK,0
TXN03809,CUST033,22.26,2024-01-02 12:46:04,COFFEE_SHOP,DEBIT,UTAH,0
TXN03810,CUST004,211.07,2024-01-05 14:17:34,GAS_STATION,DEBIT,ARIZONA,1
TXN03811,CUST040,644.91,2024-01-07 10:02:40,ELECTRONICS,DEBIT,ILLINOIS,0
TXN03812,CUST153,45.02,2024-02-05 14:06:48,COFFEE_SHOP,DEBIT,FLORIDA,0
TXN03813,CUST022,1129.33,2024-03-09 20:38:35,CLOTHING,CREDIT,ILLINOIS,1
TXN03814,CUST013,1945.53,2024-02-22 09:17:46,JEWELRY,DEBIT,UNKNOWN,0
TXN03815,CUST020,668.79,2024-02-25 09:51:03,JEWELRY,DEBIT,WASHINGTON,0
TXN03816,CUST002,822.58,2024-03-07 17:01:24,ELECTRONICS,DEBIT,NEVADA,0
TXN03817,CUST043,586.19,2024-02-24 10:23:52,ONLINE,CREDIT,MICHIGAN,0
TXN03818,CUST037,238.47,2024-03-20 22:09:24,ATM,CREDIT,ARIZONA,0
TXN03819,CUST011,40.59,2024-03-04 22:26:42,COFFEE_SHOP,DEBIT,CALIFORNIA,0
TXN03820,CUST044,48.03,2024-01-01 19:56:12,GROCERY,DEBIT,TEXAS,0
TXN03821,CUST012,454.02,2024-03-19 17:36:42,HOTEL,DEBIT,NEVADA,0
TXN03822,CUST072,54.03,2024-02-21 15:31:15,GROCERY,CREDIT,MONTANA,0
TXN03823,CUST008,1883.07,2024-01-01 19:20:21,JEWELRY,CREDIT,CALIFORNIA,0
TXN03824,CUST037,199.59,2024-03-29 16:53:48,CLOTHING,DEBIT,MICHIGAN,0
TXN03825,CUST015,444.95,2024-03-05 10:11:19,ONLINE,CREDIT,NEW_YORK,0
TXN03826,CUST044,158.08,2024-03-26 21:41:20,GROCERY,DEBIT,ILLINOIS,0
TXN03827,CUST179,186.86,2024-03-26 08:42:52,CLOTHING,DEBIT,NEVADA,0
TXN03828,CUST003,230.21,2024-03-12 18:22:28,ATM,CREDIT,HAWAII,0
TXN03829,CUST189,182.66,2024-02-08 08:47:39,ATM,DEBIT,FLORIDA,0
TXN03830,CUST015,248.39,2024-01-09 10:29:59,CLOTHING,DEBIT,UNKNOWN,0
TXN03831,CUST063,10.07,2024-03-01 16:05:13,COFFEE_SHOP,DEBIT,NEW_YORK,0
TXN03832,CUST037,37.18,2024-02-06 18:42:42,PHARMACY,CREDIT,OREGON,0
TXN03833,CUST028,168.54,2024-01-28 16:27:26,GROCERY,DEBIT,HAWAII,0
TXN03834,CUST013,145.22,2024-02-09 17:08:09,ATM,DEBIT,NEW_YORK,0
TXN03835,CUST030,146.93,2024-03-27 13:43:01,GAS_STATION,DEBIT,ARIZONA,0
TXN03836,CUST060,225.05,2024-01-04 16:30:05,ATM,DEBIT,UTAH,0
TXN03837,CUST005,346.91,2024-03-25 22:42:12,GROCERY,DEBIT,UTAH,0
TXN03838,CUST042,142.78,2024-02-12 18:46:25,ATM,DEBIT,ARIZONA,0
TXN03839,CUST156,79.18,2024-02-13 18:27:43,ONLINE,CREDIT,NEW_YORK,0
TXN03840,CUST007,45.72,2024-02-05 12:16:52,PHARMACY,DEBIT,HAWAII,0
TXN03841,CUST020,602.67,2024-01-23 11:02:32,HOTEL,DEBIT,OREGON,1
TXN03842,CUST033,30.72,2024-02-28 21:22:32,PHARMACY,DEBIT,TEXAS,0
TXN03843,CUST042,1312.17,2024-01-05 13:59:04,ELECTRONICS,DEBIT,COLORADO,0
TXN03844,CUST002,2551.52,2024-02-08 13:59:52,JEWELRY,CREDIT,WASHINGTON,1
TXN03845,CUST073,17.39,2024-01-25 12:50:39,COFFEE_SHOP,DEBIT,FLORIDA,0
TXN03846,CUST034,106.38,2024-03-25 20:31:46,GAS_STATION,DEBIT,WASHINGTON,0
TXN03847,CUST171,346.4,2024-02-21 13:59:21,HOTEL,CREDIT,MONTANA,0
TXN03848,CUST151,27.09,2024-01-22 21:58:04,COFFEE_SHOP,DEBIT,NEVADA,0
TXN03849,CUST014,287.68,2024-03-06 14:34:10,CLOTHING,CREDIT,ILLINOIS,0
TXN03850,CUST016,416.63,2024-01-23 15:06:49,HOTEL,DEBIT,NEW_YORK,0
TXN03851,CUST011,1337.61,2024-03-26 21:29:02,ELECTRONICS,CREDIT,MICHIGAN,0
TXN03852,CUST065,380.58,2024-02-19 11:37:36,ONLINE,CREDIT,TEXAS,0
TXN03853,CUST049,248.41,2024-01-08 21:15:07,HOTEL,DEBIT,UTAH,0
TXN03854,CUST116,29.89,2024-01-07 11:49:05,COFFEE_SHOP,DEBIT,NEVADA,0
TXN03855,CUST027,58.14,2024-01-19 21:27:03,PHARMACY,DEBIT,COLORADO,0
TXN03856,CUST018,53.35,2024-03-30 17:17:01,PHARMACY,DEBIT,CALIFORNIA,0
TXN03857,CUST157,218.04,2024-01-12 12:03:55,HOTEL,CREDIT,OREGON,0
TXN03858,CUST024,238.78,2024-01-26 21:10:33,CLOTHING,CREDIT,WASHINGTON,0
TXN03859,CUST016,35.96,2024-02-24 10:09:37,PHARMACY,DEBIT,CALIFORNIA,0
TXN03860,CUST015,298.83,2024-02-14 08:26:25,ELECTRONICS,DEBIT,MICHIGAN,0
TXN03861,CUST019,1527.24,2024-03-29 12:31:18,ONLINE,DEBIT,OREGON,1
TXN03862,CUST060,65.2,2024-01-31 20:12:42,GAS_STATION,CREDIT,NEW_YORK,0
TXN03863,CUST113,346.98,2024-03-19 13:11:30,CLOTHING,DEBIT,WASHINGTON,0
TXN03864,CUST027,471.53,2024-03-10 19:31:36,JEWELRY,DEBIT,CALIFORNIA,0
TXN03865,CUST008,308.92,2024-03-07 16:42:15,CLOTHING,DEBIT,CALIFORNIA,0
TXN03866,CUST047,93.28,2024-02-11 15:06:52,GAS_STATION,CREDIT,FLORIDA,0
TXN03867,CUST050,77.35,2024-01-11 22:29:57,GAS_STATION,DEBIT,UNKNOWN,0
TXN03868,CUST037,1044.6,2024-02-16 20:28:43,HOTEL,DEBIT,HAWAII,1
TXN03869,CUST024,633.48,2024-02-21 12:04:36,ONLINE,DEBIT,ARIZONA,0
TXN03870,CUST050,608.41,2024-02-13 19:51:53,JEWELRY,DEBIT,NEW_YORK,0
TXN03871,CUST048,55.63,2024-02-25 10:05:29,GROCERY,DEBIT,CALIFORNIA,0
TXN03872,CUST020,179.08,2024-01-11 13:24:10,GROCERY,DEBIT,MONTANA,0
TXN03873,CUST013,45.22,2024-02-13 15:26:25,CLOTHING,DEBIT,HAWAII,0
TXN03874,CUST180,292.05,2024-01-23 08:11:23,GROCERY,DEBIT,MONTANA,0
TXN03875,CUST047,4147.55,2024-01-11 20:38:05,ELECTRONICS,DEBIT,OREGON,1
TXN03876,CUST125,1253.23,2024-02-26 22:18:46,ELECTRONICS,CREDIT,TEXAS,0
TXN03877,CUST036,134.9,2024-03-02 10:46:28,GAS_STATION,CREDIT,NEVADA,0
TXN03878,CUST010,16.36,2024-01-14 20:10:13,PHARMACY,DEBIT,HAWAII,0
TXN03879,CUST045,88.42,2024-01-16 11:33:50,CLOTHING,DEBIT,NEVADA,0
TXN03880,CUST039,174.64,2024-02-14 16:12:27,HOTEL,DEBIT,TEXAS,0
TXN03881,CUST103,35.47,2024-03-09 21:56:55,COFFEE_SHOP,CREDIT,MONTANA,0
TXN03882,CUST048,150.33,2024-01-11 08:05:52,RESTAURANT,DEBIT,FLORIDA,0
TXN03883,CUST030,251.93,2024-02-03 10:38:07,GROCERY,DEBIT,ILLINOIS,0
TXN03884,CUST041,142.67,2024-03-29 20:47:17,ONLINE,DEBIT,CALIFORNIA,0
TXN03885,CUST028,211.5,2024-01-23 22:48:39,ONLINE,DEBIT,NEW_YORK,0
TXN03886,CUST086,84.65,2024-03-18 15:56:08,RESTAURANT,DEBIT,UNKNOWN,0
TXN03887,CUST146,568.18,2024-03-07 22:39:12,ELECTRONICS,DEBIT,ILLINOIS,0
TXN03888,CUST023,1182.62,2024-03-12 17:00:24,ELECTRONICS,DEBIT,UTAH,0
TXN03889,CUST014,62.72,2024-01-11 19:23:48,CLOTHING,DEBIT,NEVADA,0
TXN03890,CUST042,70.75,2024-01-14 15:25:35,GROCERY,DEBIT,FLORIDA,0
TXN03891,CUST026,665.94,2024-01-07 14:46:14,GROCERY,DEBIT,UNKNOWN,1
TXN03892,CUST085,260.37,2024-01-27 20:48:08,ATM,DEBIT,ARIZONA,0
TXN03893,CUST052,141.12,2024-01-28 21:16:25,GROCERY,DEBIT,MONTANA,0
TXN03894,CUST124,320.61,2024-01-09 13:36:07,ATM,DEBIT,ILLINOIS,0
TXN03895,CUST004,25.86,2024-01-29 09:43:38,PHARMACY,DEBIT,CALIFORNIA,0
TXN03896,CUST029,172.22,2024-02-15 10:20:49,ATM,DEBIT,TEXAS,0
TXN03897,CUST074,195.34,2024-02-06 21:48:43,RESTAURANT,CREDIT,TEXAS,0
TXN03898,CUST056,98.68,2024-03-01 14:35:35,RESTAURANT,DEBIT,ARIZONA,0
TXN03899,CUST012,117.68,2024-02-23 13:40:23,GROCERY,DEBIT,WASHINGTON,0
TXN03900,CUST099,37.7,2024-03-14 17:43:52,PHARMACY,DEBIT,NEVADA,0
TXN03901,CUST108,291.19,2024-02-16 15:47:32,ONLINE,DEBIT,UNKNOWN,0
TXN03902,CUST024,33.07,2024-01-13 16:49:22,GROCERY,DEBIT,ILLINOIS,0
TXN03903,CUST045,318.7,2024-03-17 11:22:35,PHARMACY,DEBIT,UTAH,1
TXN03904,CUST174,356.45,2024-01-23 12:07:33,ATM,CREDIT,NEW_YORK,0
TXN03905,CUST039,140.83,2024-01-23 10:39:15,GROCERY,DEBIT,ILLINOIS,0
TXN03906,CUST006,393.41,2024-01-06 13:58:35,ELECTRONICS,CREDIT,WASHINGTON,0
TXN03907,CUST004,208.67,2024-03-01 21:57:04,CLOTHING,DEBIT,UTAH,0
TXN03908,CUST061,40.27,2024-01-17 22:58:30,ATM,DEBIT,HAWAII,0
TXN03909,CUST025,78.66,2024-02-10 14:21:08,PHARMACY,CREDIT,UTAH,0
TXN03910,CUST044,1319.0,2024-03-18 10:37:18,ELECTRONICS,DEBIT,NEW_YORK,0
TXN03911,CUST003,53.72,2024-01-10 10:40:13,PHARMACY,DEBIT,ARIZONA,0
TXN03912,CUST039,1375.81,2024-02-20 17:17:00,HOTEL,DEBIT,MONTANA,1
TXN03913,CUST049,303.43,2024-02-27 16:00:11,CLOTHING,DEBIT,MICHIGAN,0
TXN03914,CUST119,848.42,2024-03-05 16:09:51,ELECTRONICS,DEBIT,MONTANA,0
TXN03915,CUST141,600.69,2024-01-05 18:52:57,ELECTRONICS,DEBIT,FLORIDA,0
TXN03916,CUST009,707.37,2024-01-27 15:58:40,ONLINE,CREDIT,NEW_YORK,0
TXN03917,CUST018,181.54,2024-02-17 12:27:06,ATM,DEBIT,ILLINOIS,0
TXN03918,CUST028,32.87,2024-03-05 10:41:42,COFFEE_SHOP,DEBIT,ILLINOIS,0
TXN03919,CUST097,3708.22,2024-02-05 22:01:52,ONLINE,DEBIT,NEVADA,1
TXN03920,CUST002,6914.36,2024-02-05 20:45:36,JEWELRY,DEBIT,OREGON,1
TXN03921,CUST015,1035.96,2024-01-03 09:02:53,CLOTHING,DEBIT,MICHIGAN,1
TXN03922,CUST135,143.62,2024-03-14 12:48:43,GAS_STATION,DEBIT,UTAH,0
TXN03923,CUST045,40.47,2024-02-29 09:19:32,COFFEE_SHOP,CREDIT,OREGON,0
TXN03924,CUST020,29.56,2024-02-07 22:45:31,PHARMACY,DEBIT,OREGON,0
TXN03925,CUST050,279.49,2024-02-13 14:39:52,HOTEL,CREDIT,MONTANA,0
TXN03926,CUST040,190.71,2024-02-19 11:16:12,CLOTHING,DEBIT,MONTANA,0
TXN03927,CUST051,159.37,2024-03-22 11:27:46,CLOTHING,DEBIT,UTAH,0
TXN03928,CUST025,1325.54,2024-01-20 17:20:55,HOTEL,DEBIT,TEXAS,1
TXN03929,CUST008,449.38,2024-01-10 14:53:56,JEWELRY,DEBIT,FLORIDA,0
TXN03930,CUST043,32.95,2024-01-28 22:52:00,COFFEE_SHOP,DEBIT,NEW_YORK,0
TXN03931,CUST162,200.51,2024-01-29 10:10:38,ATM,DEBIT,MONTANA,0
TXN03932,CUST016,89.4,2024-01-10 15:03:22,GAS_STATION,DEBIT,COLORADO,0
TXN03933,CUST016,434.96,2024-02-14 16:29:22,ONLINE,DEBIT,TEXAS,0
TXN03934,CUST034,1490.81,2024-01-30 13:16:30,ELECTRONICS,CREDIT,TEXAS,0
TXN03935,CUST063,638.34,2024-01-12 17:15:51,ONLINE,DEBIT,NEVADA,0
TXN03936,CUST046,385.61,2024-03-14 08:53:41,ONLINE,DEBIT,MONTANA,0
TXN03937,CUST032,352.86,2024-01-05 17:22:53,HOTEL,DEBIT,NEW_YORK,0
TXN03938,CUST017,797.18,2024-01-13 19:34:46,ONLINE,DEBIT,COLORADO,0
TXN03939,CUST037,1007.54,2024-03-04 12:02:59,CLOTHING,DEBIT,WASHINGTON,1
TXN03940,CUST016,89.69,2024-01-04 11:51:23,CLOTHING,DEBIT,ILLINOIS,0
TXN03941,CUST007,154.29,2024-01-18 08:40:28,HOTEL,CREDIT,ARIZONA,0
TXN03942,CUST030,440.54,2024-02-20 11:50:40,ATM,DEBIT,OREGON,0
TXN03943,CUST114,3092.84,2024-02-10 19:52:56,ONLINE,DEBIT,OREGON,1
TXN03944,CUST017,251.76,2024-02-07 19:21:02,CLOTHING,DEBIT,ILLINOIS,1
TXN03945,CUST171,278.04,2024-01-17 12:06:54,GROCERY,CREDIT,UTAH,0
TXN03946,CUST011,483.97,2024-01-01 21:17:06,GROCERY,CREDIT,NEVADA,1
TXN03947,CUST028,1385.27,2024-02-13 09:00:14,JEWELRY,DEBIT,HAWAII,0
TXN03948,CUST096,163.78,2024-02-24 08:18:23,ONLINE,DEBIT,ARIZONA,0
TXN03949,CUST016,298.78,2024-02-02 21:50:32,GROCERY,DEBIT,HAWAII,0
TXN03950,CUST041,26.77,2024-02-06 13:45:52,COFFEE_SHOP,DEBIT,FLORIDA,0
TXN03951,CUST009,148.44,2024-01-01 09:05:06,RESTAURANT,CREDIT,UTAH,0
TXN03952,CUST099,97.21,2024-02-19 14:33:39,PHARMACY,DEBIT,WASHINGTON,0
TXN03953,CUST004,84.66,2024-03-16 21:52:48,PHARMACY,DEBIT,UTAH,0
TXN03954,CUST055,24.2,2024-03-14 19:15:04,COFFEE_SHOP,CREDIT,CALIFORNIA,0
TXN03955,CUST039,90.36,2024-01-31 12:06:00,GAS_STATION,DEBIT,HAWAII,0
TXN03956,CUST010,353.52,2024-01-15 12:08:29,HOTEL,DEBIT,UTAH,0
TXN03957,CUST030,604.47,2024-01-19 11:18:13,ONLINE,DEBIT,COLORADO,0
TXN03958,CUST096,68.46,2024-02-19 22:51:39,GAS_STATION,DEBIT,HAWAII,0
TXN03959,CUST029,9.17,2024-03-16 09:46:55,COFFEE_SHOP,DEBIT,HAWAII,0
TXN03960,CUST045,7794.45,2024-02-24 12:16:36,JEWELRY,DEBIT,UNKNOWN,1
TXN03961,CUST022,697.17,2024-01-20 21:30:21,ONLINE,CREDIT,TEXAS,1
TXN03962,CUST010,310.57,2024-02-04 15:13:27,HOTEL,DEBIT,ARIZONA,0
TXN03963,CUST044,714.43,2024-01-25 08:24:12,ELECTRONICS,DEBIT,MONTANA,0
TXN03964,CUST019,809.75,2024-02-21 20:46:43,JEWELRY,DEBIT,UNKNOWN,0
TXN03965,CUST050,72.56,2024-03-11 22:26:52,PHARMACY,CREDIT,FLORIDA,0
TXN03966,CUST029,809.77,2024-01-06 08:19:22,CLOTHING,CREDIT,UNKNOWN,1
TXN03967,CUST047,245.49,2024-02-09 15:12:00,HOTEL,DEBIT,ARIZONA,0
TXN03968,CUST050,43.51,2024-03-01 11:48:48,COFFEE_SHOP,DEBIT,CALIFORNIA,0
TXN03969,CUST045,30.72,2024-01-12 15:44:40,GAS_STATION,DEBIT,ILLINOIS,0
TXN03970,CUST130,813.4,2024-01-22 16:23:04,GROCERY,DEBIT,CALIFORNIA,1
TXN03971,CUST043,97.32,2024-03-21 22:37:53,PHARMACY,DEBIT,CALIFORNIA,0
TXN03972,CUST026,335.79,2024-03-22 11:07:35,ATM,CREDIT,MONTANA,0
TXN03973,CUST155,42.41,2024-03-10 12:09:42,COFFEE_SHOP,DEBIT,NEW_YORK,0
TXN03974,CUST028,779.1,2024-01-22 10:04:07,HOTEL,DEBIT,NEVADA,1
TXN03975,CUST153,92.61,2024-01-28 09:49:11,GROCERY,DEBIT,HAWAII,0
TXN03976,CUST042,593.46,2024-03-17 08:33:36,HOTEL,CREDIT,MONTANA,1
TXN03977,CUST005,31.18,2024-02-18 10:36:45,PHARMACY,DEBIT,NEVADA,0
TXN03978,CUST014,146.32,2024-01-14 12:48:46,HOTEL,DEBIT,NEVADA,0
TXN03979,CUST026,113.15,2024-02-20 17:07:42,HOTEL,DEBIT,TEXAS,0
TXN03980,CUST026,70.52,2024-02-07 20:53:25,RESTAURANT,DEBIT,NEVADA,0
TXN03981,CUST040,272.06,2024-01-05 13:38:42,GROCERY,CREDIT,WASHINGTON,0
TXN03982,CUST006,90.57,2024-03-25 13:41:16,ATM,DEBIT,FLORIDA,0
TXN03983,CUST026,1314.52,2024-02-15 19:04:12,HOTEL,DEBIT,CALIFORNIA,1
TXN03984,CUST006,104.38,2024-02-07 21:18:23,ATM,DEBIT,HAWAII,0
TXN03985,CUST012,9.33,2024-02-28 16:54:21,COFFEE_SHOP,DEBIT,NEVADA,0
TXN03986,CUST026,3536.81,2024-03-29 09:59:28,ONLINE,CREDIT,ILLINOIS,1
TXN03987,CUST188,27.65,2024-03-04 17:03:55,PHARMACY,CREDIT,COLORADO,0
TXN03988,CUST006,7.77,2024-02-10 08:23:58,COFFEE_SHOP,DEBIT,WASHINGTON,0
TXN03989,CUST010,3629.23,2024-03-23 10:17:02,ELECTRONICS,DEBIT,FLORIDA,1
TXN03990,CUST014,37.17,2024-01-20 14:51:26,GROCERY,DEBIT,NEW_YORK,0
TXN03991,CUST185,45.22,2024-01-25 12:19:22,COFFEE_SHOP,DEBIT,FLORIDA,0
TXN03992,CUST070,492.18,2024-03-13 19:24:12,ATM,DEBIT,ILLINOIS,0
TXN03993,CUST007,140.31,2024-01-19 17:11:31,GAS_STATION,DEBIT,NEVADA,0
TXN03994,CUST003,27.77,2024-03-09 21:54:12,CLOTHING,DEBIT,UNKNOWN,0
TXN03995,CUST026,1127.37,2024-02-05 14:22:38,CLOTHING,CREDIT,NEW_YORK,1
TXN03996,CUST035,144.64,2024-01-12 14:27:39,GAS_STATION,DEBIT,MONTANA,0
TXN03997,CUST009,81.68,2024-01-19 11:31:07,PHARMACY,DEBIT,ARIZONA,0
TXN03998,CUST006,1767.92,2024-02-19 09:47:32,JEWELRY,DEBIT,ILLINOIS,0
TXN03999,CUST106,168.25,2024-03-04 11:58:02,GROCERY,DEBIT,MICHIGAN,0
TXN04000,CUST014,43.63,2024-02-06 12:59:07,PHARMACY,DEBIT,OREGON,0
TXN04001,CUST041,109.45,2024-01-01 21:30:23,GAS_STATION,DEBIT,NEVADA,0
TXN04002,CUST043,347.43,2024-02-05 17:31:53,GROCERY,CREDIT,HAWAII,0
TXN04003,CUST047,34.02,2024-02-14 08:37:25,COFFEE_SHOP,CREDIT,WASHINGTON,0
TXN04004,CUST037,316.23,2024-02-09 16:35:58,GROCERY,CREDIT,UNKNOWN,0
TXN04005,CUST042,121.78,2024-02-18 08:22:20,HOTEL,DEBIT,HAWAII,0
TXN04006,CUST002,67.38,2024-01-11 12:49:02,GAS_STATION,DEBIT,NEVADA,0
TXN04007,CUST035,669.35,2024-01-22 19:01:40,ONLINE,DEBIT,TEXAS,0
TXN04008,CUST149,83.8,2024-01-14 22:47:22,PHARMACY,DEBIT,UNKNOWN,0
TXN04009,CUST200,166.38,2024-01-08 14:45:51,GROCERY,DEBIT,ARIZONA,0
TXN04010,CUST040,16.46,2024-02-20 11:50:35,COFFEE_SHOP,DEBIT,NEVADA,0
TXN04011,CUST118,129.46,2024-01-23 10:23:02,RESTAURANT,DEBIT,UTAH,0
TXN04012,CUST032,64.89,2024-02-13 19:16:10,RESTAURANT,CREDIT,OREGON,0
TXN04013,CUST015,680.72,2024-03-13 09:24:55,ONLINE,CREDIT,FLORIDA,0
TXN04014,CUST045,554.91,2024-01-06 14:24:47,JEWELRY,CREDIT,ARIZONA,0
TXN04015,CUST048,76.58,2024-01-10 15:03:06,PHARMACY,DEBIT,TEXAS,0
TXN04016,CUST024,365.09,2024-02-03 15:17:05,ONLINE,CREDIT,FLORIDA,0
TXN04017,CUST003,240.58,2024-01-07 13:43:02,ATM,DEBIT,OREGON,0
TXN04018,CUST037,45.24,2024-02-01 22:14:55,GROCERY,DEBIT,HAWAII,0
TXN04019,CUST003,1444.57,2024-02-28 16:34:47,ELECTRONICS,DEBIT,ILLINOIS,0
TXN04020,CUST026,83.33,2024-03-21 17:25:26,HOTEL,CREDIT,NEW_YORK,0
TXN04021,CUST043,25.01,2024-03-16 15:18:00,GAS_STATION,DEBIT,MICHIGAN,0
TXN04022,CUST032,635.39,2024-02-29 15:47:41,ONLINE,DEBIT,MICHIGAN,0
TXN04023,CUST014,45.19,2024-02-03 12:24:15,GAS_STATION,DEBIT,UNKNOWN,0
TXN04024,CUST006,35.09,2024-02-02 22:38:21,CLOTHING,DEBIT,UTAH,0
TXN04025,CUST042,37.71,2024-03-12 14:48:15,PHARMACY,DEBIT,OREGON,0
TXN04026,CUST087,387.2,2024-03-14 11:13:45,CLOTHING,CREDIT,TEXAS,0
TXN04027,CUST046,72.37,2024-02-21 17:42:43,ATM,DEBIT,CALIFORNIA,0
TXN04028,CUST166,35.57,2024-01-15 11:35:45,COFFEE_SHOP,DEBIT,ILLINOIS,0
TXN04029,CUST050,418.12,2024-02-18 20:35:07,HOTEL,CREDIT,COLORADO,0
TXN04030,CUST170,250.87,2024-03-15 15:32:06,HOTEL,DEBIT,TEXAS,0
TXN04031,CUST033,237.05,2024-03-12 16:30:25,HOTEL,CREDIT,ARIZONA,0
TXN04032,CUST051,34.82,2024-01-31 16:11:09,COFFEE_SHOP,DEBIT,FLORIDA,0
TXN04033,CUST032,96.33,2024-01-01 11:43:33,RESTAURANT,CREDIT,NEVADA,0
TXN04034,CUST097,4419.13,2024-03-27 16:52:36,JEWELRY,DEBIT,ARIZONA,1
TXN04035,CUST035,296.21,2024-03-25 15:40:31,CLOTHING,CREDIT,FLORIDA,0
TXN04036,CUST032,374.24,2024-01-20 19:13:54,ONLINE,CREDIT,UTAH,0
TXN04037,CUST136,34.32,2024-03-14 19:21:03,PHARMACY,DEBIT,ARIZONA,0
TXN04038,CUST189,3595.64,2024-01-29 14:23:44,ONLINE,CREDIT,WASHINGTON,1
TXN04039,CUST014,194.92,2024-01-22 10:29:27,HOTEL,DEBIT,UTAH,0
TXN04040,CUST003,190.56,2024-01-14 11:20:36,ATM,DEBIT,WASHINGTON,0
TXN04041,CUST184,32.79,2024-02-08 18:02:01,COFFEE_SHOP,DEBIT,TEXAS,0
TXN04042,CUST036,62.23,2024-02-15 19:53:24,RESTAURANT,DEBIT,NEVADA,0
TXN04043,CUST006,3997.01,2024-02-01 09:49:01,ONLINE,CREDIT,UNKNOWN,1
TXN04044,CUST035,86.06,2024-02-02 13:05:04,PHARMACY,DEBIT,FLORIDA,0
TXN04045,CUST180,1121.2,2024-01-15 09:59:50,CLOTHING,DEBIT,COLORADO,1
TXN04046,CUST165,262.85,2024-03-14 22:14:15,HOTEL,DEBIT,OREGON,0
TXN04047,CUST036,141.57,2024-03-03 21:39:16,HOTEL,DEBIT,MICHIGAN,0
TXN04048,CUST103,160.55,2024-03-16 10:14:06,GROCERY,DEBIT,FLORIDA,0
TXN04049,CUST031,26.84,2024-01-12 22:47:32,RESTAURANT,DEBIT,MONTANA,0
TXN04050,CUST014,225.03,2024-01-20 12:17:38,GROCERY,DEBIT,OREGON,1
TXN04051,CUST044,19.99,2024-01-26 19:58:32,PHARMACY,CREDIT,MONTANA,0
TXN04052,CUST127,125.85,2024-01-18 10:18:42,GAS_STATION,DEBIT,WASHINGTON,0
TXN04053,CUST007,6267.3,2024-02-12 22:08:24,JEWELRY,CREDIT,TEXAS,1
TXN04054,CUST001,44.88,2024-03-15 16:43:29,PHARMACY,DEBIT,HAWAII,0
TXN04055,CUST115,698.92,2024-02-17 14:46:33,ATM,DEBIT,NEVADA,1
TXN04056,CUST033,63.82,2024-03-14 08:33:38,PHARMACY,DEBIT,ILLINOIS,0
TXN04057,CUST022,112.36,2024-01-27 22:26:07,ONLINE,DEBIT,NEVADA,0
TXN04058,CUST067,456.86,2024-03-21 17:39:18,ATM,DEBIT,MICHIGAN,0
TXN04059,CUST033,172.9,2024-03-11 12:22:12,CLOTHING,DEBIT,UNKNOWN,0
TXN04060,CUST058,153.58,2024-02-09 11:03:49,CLOTHING,CREDIT,NEW_YORK,0
TXN04061,CUST001,271.44,2024-03-17 18:07:19,HOTEL,DEBIT,ARIZONA,0
TXN04062,CUST007,249.21,2024-02-22 20:12:06,GROCERY,DEBIT,UTAH,0
TXN04063,CUST172,159.73,2024-02-08 12:41:02,ATM,DEBIT,MONTANA,0
TXN04064,CUST044,1038.19,2024-01-09 14:14:32,JEWELRY,CREDIT,CALIFORNIA,0
TXN04065,CUST020,25.84,2024-01-27 21:53:38,GAS_STATION,CREDIT,NEW_YORK,0
TXN04066,CUST057,32.83,2024-02-20 19:33:16,COFFEE_SHOP,DEBIT,ARIZONA,0
TXN04067,CUST007,410.32,2024-01-26 12:00:47,ATM,DEBIT,NEVADA,0
TXN04068,CUST018,85.83,2024-03-03 19:59:35,GROCERY,CREDIT,MONTANA,0
TXN04069,CUST007,40.91,2024-01-14 17:18:21,COFFEE_SHOP,DEBIT,ILLINOIS,0
TXN04070,CUST024,359.77,2024-02-15 13:01:47,CLOTHING,DEBIT,TEXAS,0
TXN04071,CUST006,106.78,2024-02-27 10:09:44,GAS_STATION,DEBIT,CALIFORNIA,0
TXN04072,CUST046,1885.44,2024-01-09 08:09:07,JEWELRY,DEBIT,UNKNOWN,0
TXN04073,CUST025,44.99,2024-03-22 19:53:46,GAS_STATION,DEBIT,NEVADA,0
TXN04074,CUST056,72.44,2024-03-24 14:07:06,GAS_STATION,DEBIT,COLORADO,0
TXN04075,CUST120,682.17,2024-01-08 16:09:52,ONLINE,DEBIT,MONTANA,0
TXN04076,CUST007,93.16,2024-01-22 17:28:26,RESTAURANT,DEBIT,UNKNOWN,0
TXN04077,CUST004,6.53,2024-02-01 21:29:23,COFFEE_SHOP,CREDIT,OREGON,0
TXN04078,CUST031,24.53,2024-03-18 14:59:12,COFFEE_SHOP,DEBIT,NEW_YORK,0
TXN04079,CUST038,13.83,2024-02-24 10:27:58,PHARMACY,DEBIT,CALIFORNIA,0
TXN04080,CUST039,19.59,2024-01-25 16:31:14,GROCERY,CREDIT,MONTANA,0
TXN04081,CUST107,607.16,2024-02-11 21:38:06,ELECTRONICS,CREDIT,MICHIGAN,0
TXN04082,CUST094,430.7,2024-01-21 09:31:43,ONLINE,DEBIT,COLORADO,0
TXN04083,CUST002,692.1,2024-01-03 17:49:04,RESTAURANT,DEBIT,COLORADO,1
TXN04084,CUST042,52.73,2024-01-18 19:07:47,GROCERY,DEBIT,FLORIDA,0
TXN04085,CUST045,4127.59,2024-03-09 10:54:23,ELECTRONICS,CREDIT,OREGON,1
TXN04086,CUST014,122.98,2024-02-10 11:47:05,CLOTHING,DEBIT,OREGON,0
TXN04087,CUST027,177.34,2024-03-16 17:14:47,RESTAURANT,DEBIT,NEVADA,0
TXN04088,CUST145,54.46,2024-02-22 21:54:33,PHARMACY,DEBIT,HAWAII,0
TXN04089,CUST067,966.24,2024-01-08 18:14:14,ELECTRONICS,DEBIT,COLORADO,0
TXN04090,CUST025,311.59,2024-03-14 16:09:25,GROCERY,DEBIT,NEW_YORK,0
TXN04091,CUST160,31.82,2024-01-11 15:52:00,GAS_STATION,DEBIT,ILLINOIS,0
TXN04092,CUST059,129.18,2024-01-01 14:49:06,GAS_STATION,DEBIT,CALIFORNIA,0
TXN04093,CUST138,472.26,2024-01-01 11:12:02,ONLINE,DEBIT,UNKNOWN,0
TXN04094,CUST010,130.54,2024-03-13 15:21:15,GROCERY,DEBIT,NEVADA,0
TXN04095,CUST032,27.88,2024-02-01 09:44:58,COFFEE_SHOP,DEBIT,UNKNOWN,0
TXN04096,CUST166,36.87,2024-03-21 18:07:30,COFFEE_SHOP,CREDIT,HAWAII,0
TXN04097,CUST186,107.74,2024-02-14 21:20:45,GAS_STATION,DEBIT,MONTANA,0
TXN04098,CUST044,115.07,2024-02-13 08:32:39,GAS_STATION,CREDIT,MICHIGAN,0
TXN04099,CUST021,243.49,2024-03-26 09:40:42,HOTEL,DEBIT,COLORADO,0
TXN04100,CUST047,68.92,2024-03-22 12:21:51,PHARMACY,CREDIT,UTAH,0
TXN04101,CUST178,52.45,2024-01-04 15:03:33,GAS_STATION,DEBIT,FLORIDA,0
TXN04102,CUST003,278.82,2024-01-02 17:34:39,ATM,CREDIT,UNKNOWN,0
TXN04103,CUST019,1109.18,2024-02-15 11:01:53,ELECTRONICS,DEBIT,UTAH,0
TXN04104,CUST171,155.74,2024-03-10 17:52:39,CLOTHING,DEBIT,COLORADO,0
TXN04105,CUST143,371.72,2024-02-19 22:32:45,HOTEL,DEBIT,CALIFORNIA,0
TXN04106,CUST015,340.26,2024-03-22 11:05:47,ONLINE,CREDIT,HAWAII,0
TXN04107,CUST190,213.98,2024-01-08 19:16:55,CLOTHING,DEBIT,COLORADO,0
TXN04108,CUST036,2890.73,2024-01-15 18:02:59,ONLINE,DEBIT,ILLINOIS,1
TXN04109,CUST032,475.15,2024-02-05 21:14:31,CLOTHING,CREDIT,HAWAII,1
TXN04110,CUST048,1093.93,2024-03-28 16:19:26,ELECTRONICS,DEBIT,UNKNOWN,0
TXN04111,CUST029,20.98,2024-01-19 14:02:54,PHARMACY,DEBIT,ARIZONA,0
TXN04112,CUST027,66.63,2024-03-17 10:45:09,PHARMACY,CREDIT,FLORIDA,0
TXN04113,CUST006,77.53,2024-02-26 12:47:10,GAS_STATION,DEBIT,COLORADO,0
TXN04114,CUST196,708.86,2024-03-29 21:31:56,ONLINE,DEBIT,MONTANA,0
TXN04115,CUST034,868.45,2024-01-15 09:55:04,HOTEL,DEBIT,NEW_YORK,1
TXN04116,CUST017,161.77,2024-02-29 10:03:50,CLOTHING,DEBIT,MICHIGAN,0
TXN04117,CUST019,46.55,2024-01-23 22:03:10,CLOTHING,CREDIT,FLORIDA,0
TXN04118,CUST053,760.08,2024-03-04 09:48:16,CLOTHING,DEBIT,MICHIGAN,1
TXN04119,CUST073,198.1,2024-02-02 17:47:48,ONLINE,CREDIT,NEW_YORK,0
TXN04120,CUST127,332.35,2024-02-21 20:38:32,ONLINE,DEBIT,COLORADO,0
TXN04121,CUST035,11.14,2024-03-30 18:38:04,COFFEE_SHOP,CREDIT,MICHIGAN,0
TXN04122,CUST003,595.57,2024-01-12 16:42:56,ONLINE,DEBIT,MONTANA,0
TXN04123,CUST041,96.31,2024-03-07 09:06:33,CLOTHING,DEBIT,OREGON,0
TXN04124,CUST021,731.37,2024-03-12 15:51:03,ONLINE,DEBIT,ARIZONA,0
TXN04125,CUST033,920.45,2024-02-17 13:40:36,GROCERY,DEBIT,MONTANA,1
TXN04126,CUST049,186.51,2024-02-16 15:51:04,CLOTHING,CREDIT,WASHINGTON,0
TXN04127,CUST039,179.1,2024-01-14 17:24:50,ATM,CREDIT,WASHINGTON,0
TXN04128,CUST019,1644.7,2024-01-05 22:12:14,ATM,CREDIT,OREGON,1
TXN04129,CUST001,181.64,2024-03-08 12:14:57,RESTAURANT,DEBIT,FLORIDA,0
TXN04130,CUST047,1760.29,2024-03-14 15:23:52,JEWELRY,DEBIT,FLORIDA,0
TXN04131,CUST030,1816.8,2024-01-23 10:43:13,JEWELRY,DEBIT,ARIZONA,0
TXN04132,CUST002,27.76,2024-01-05 09:06:07,RESTAURANT,DEBIT,UTAH,0
TXN04133,CUST048,306.29,2024-02-12 20:51:16,JEWELRY,DEBIT,NEVADA,0
TXN04134,CUST019,270.6,2024-01-23 21:22:06,ATM,DEBIT,TEXAS,0
TXN04135,CUST047,184.74,2024-01-28 12:44:03,GROCERY,DEBIT,HAWAII,0
TXN04136,CUST005,3649.7,2024-01-14 20:06:37,ELECTRONICS,DEBIT,FLORIDA,1
TXN04137,CUST042,5987.43,2024-01-21 17:32:49,JEWELRY,CREDIT,ILLINOIS,1
TXN04138,CUST015,42.2,2024-03-21 12:49:57,CLOTHING,CREDIT,ARIZONA,0
TXN04139,CUST024,478.67,2024-03-20 21:37:57,ATM,CREDIT,TEXAS,0
TXN04140,CUST024,46.79,2024-01-26 13:07:29,COFFEE_SHOP,DEBIT,FLORIDA,0
TXN04141,CUST001,37.06,2024-03-14 22:31:25,COFFEE_SHOP,DEBIT,MONTANA,0
TXN04142,CUST149,2014.08,2024-03-06 10:24:36,ONLINE,DEBIT,MICHIGAN,1
TXN04143,CUST041,246.31,2024-01-08 22:50:55,ELECTRONICS,CREDIT,UNKNOWN,0
TXN04144,CUST142,1047.0,2024-02-10 20:47:23,ELECTRONICS,DEBIT,FLORIDA,1
TXN04145,CUST056,17.15,2024-01-26 08:10:37,PHARMACY,DEBIT,HAWAII,0
TXN04146,CUST011,610.03,2024-01-28 10:03:15,CLOTHING,DEBIT,ARIZONA,1
TXN04147,CUST034,742.88,2024-02-19 09:47:43,ELECTRONICS,DEBIT,ILLINOIS,0
TXN04148,CUST002,77.97,2024-03-16 11:12:04,PHARMACY,DEBIT,MONTANA,0
TXN04149,CUST003,44.36,2024-03-24 15:19:02,GROCERY,DEBIT,HAWAII,0
TXN04150,CUST040,241.23,2024-03-12 10:10:41,ATM,CREDIT,MICHIGAN,0
TXN04151,CUST028,17.01,2024-01-03 21:14:09,COFFEE_SHOP,DEBIT,WASHINGTON,0
TXN04152,CUST002,1978.26,2024-01-19 14:13:24,JEWELRY,DEBIT,UNKNOWN,0
TXN04153,CUST029,11.09,2024-03-06 15:34:26,COFFEE_SHOP,DEBIT,UNKNOWN,0
TXN04154,CUST013,38.58,2024-03-19 20:22:58,PHARMACY,DEBIT,FLORIDA,0
TXN04155,CUST025,1229.36,2024-03-17 15:05:30,JEWELRY,DEBIT,UNKNOWN,0
TXN04156,CUST029,337.04,2024-01-25 20:11:04,GROCERY,CREDIT,UNKNOWN,0
TXN04157,CUST018,92.17,2024-01-17 14:45:43,RESTAURANT,CREDIT,UTAH,0
TXN04158,CUST006,88.04,2024-02-16 11:31:04,GAS_STATION,DEBIT,MONTANA,0
TXN04159,CUST024,251.43,2024-02-11 10:59:37,ELECTRONICS,DEBIT,ARIZONA,0
TXN04160,CUST018,498.03,2024-03-10 08:32:51,ONLINE,CREDIT,COLORADO,0
TXN04161,CUST022,1251.52,2024-01-16 22:54:48,ELECTRONICS,DEBIT,MICHIGAN,0
TXN04162,CUST074,42.23,2024-01-11 17:05:08,PHARMACY,DEBIT,TEXAS,0
TXN04163,CUST017,157.92,2024-02-16 15:06:26,HOTEL,DEBIT,HAWAII,0
TXN04164,CUST012,129.39,2024-02-12 18:26:44,GAS_STATION,DEBIT,MICHIGAN,0
TXN04165,CUST036,472.53,2024-03-08 11:12:40,HOTEL,CREDIT,ARIZONA,0
TXN04166,CUST032,16.94,2024-02-26 11:12:00,COFFEE_SHOP,CREDIT,WASHINGTON,0
TXN04167,CUST041,70.56,2024-03-06 13:16:28,ELECTRONICS,CREDIT,ARIZONA,0
TXN04168,CUST016,30.44,2024-03-09 22:18:28,CLOTHING,CREDIT,TEXAS,0
TXN04169,CUST028,1168.14,2024-03-06 19:53:32,JEWELRY,DEBIT,WASHINGTON,0
TXN04170,CUST198,474.14,2024-02-09 09:51:48,ATM,DEBIT,OREGON,0
TXN04171,CUST015,1932.04,2024-02-04 09:07:38,ONLINE,DEBIT,ILLINOIS,1
TXN04172,CUST181,395.55,2024-01-02 21:43:22,CLOTHING,CREDIT,WASHINGTON,0
TXN04173,CUST044,257.0,2024-03-25 16:58:10,CLOTHING,DEBIT,COLORADO,0
TXN04174,CUST040,169.69,2024-03-09 17:44:53,ONLINE,CREDIT,NEVADA,0
TXN04175,CUST177,215.5,2024-01-12 21:45:22,GROCERY,DEBIT,CALIFORNIA,0
TXN04176,CUST032,153.79,2024-01-03 13:33:22,GROCERY,DEBIT,NEW_YORK,0
TXN04177,CUST018,87.71,2024-02-29 14:31:35,GAS_STATION,CREDIT,TEXAS,0
TXN04178,CUST017,94.2,2024-02-01 18:50:28,PHARMACY,DEBIT,WASHINGTON,0
TXN04179,CUST002,400.8,2024-03-16 19:43:34,HOTEL,DEBIT,ILLINOIS,0
TXN04180,CUST009,93.51,2024-03-14 17:17:01,RESTAURANT,DEBIT,WASHINGTON,0
TXN04181,CUST006,106.14,2024-01-02 13:46:25,GROCERY,DEBIT,WASHINGTON,0
TXN04182,CUST028,1299.63,2024-03-24 12:41:55,ELECTRONICS,DEBIT,CALIFORNIA,0
TXN04183,CUST192,113.22,2024-02-14 13:06:14,RESTAURANT,CREDIT,UTAH,0
TXN04184,CUST032,2740.23,2024-03-17 20:25:31,JEWELRY,CREDIT,HAWAII,1
TXN04185,CUST094,136.48,2024-02-02 15:57:52,HOTEL,DEBIT,MONTANA,0
TXN04186,CUST032,36.97,2024-02-19 09:12:48,PHARMACY,DEBIT,OREGON,0
TXN04187,CUST155,42.22,2024-01-22 22:37:55,GAS_STATION,DEBIT,UNKNOWN,0
TXN04188,CUST102,184.31,2024-02-21 08:09:40,RESTAURANT,DEBIT,TEXAS,0
TXN04189,CUST016,345.72,2024-03-09 22:36:51,HOTEL,CREDIT,TEXAS,1
TXN04190,CUST110,40.7,2024-01-28 19:26:18,COFFEE_SHOP,DEBIT,NEW_YORK,0
TXN04191,CUST033,112.48,2024-01-26 09:21:09,ONLINE,DEBIT,OREGON,0
TXN04192,CUST014,520.2,2024-02-29 17:47:06,HOTEL,DEBIT,NEW_YORK,1
TXN04193,CUST013,156.54,2024-03-18 17:43:48,RESTAURANT,DEBIT,FLORIDA,0
TXN04194,CUST013,27.83,2024-01-15 22:44:48,COFFEE_SHOP,CREDIT,NEVADA,0
TXN04195,CUST015,337.18,2024-02-17 11:37:38,ATM,DEBIT,MICHIGAN,0
TXN04196,CUST126,48.37,2024-01-15 20:31:42,PHARMACY,DEBIT,NEW_YORK,0
TXN04197,CUST007,366.05,2024-01-04 11:22:18,ATM,DEBIT,ILLINOIS,0
TXN04198,CUST032,554.34,2024-03-09 16:34:19,ONLINE,DEBIT,FLORIDA,0
TXN04199,CUST036,81.21,2024-01-15 15:13:40,GROCERY,DEBIT,MICHIGAN,0
TXN04200,CUST025,114.15,2024-03-29 19:11:24,GROCERY,DEBIT,UTAH,0
TXN04201,CUST012,544.68,2024-01-12 11:14:40,ELECTRONICS,CREDIT,UNKNOWN,0
TXN04202,CUST193,354.6,2024-02-22 09:55:44,HOTEL,DEBIT,UNKNOWN,0
TXN04203,CUST152,284.69,2024-02-04 15:20:50,ATM,CREDIT,HAWAII,0
TXN04204,CUST155,120.88,2024-02-19 08:45:02,GAS_STATION,DEBIT,FLORIDA,0
TXN04205,CUST178,127.28,2024-02-26 18:50:10,RESTAURANT,CREDIT,TEXAS,0
TXN04206,CUST002,107.89,2024-02-10 12:13:28,GAS_STATION,DEBIT,OREGON,0
TXN04207,CUST010,737.04,2024-03-26 15:50:49,RESTAURANT,DEBIT,NEVADA,1
TXN04208,CUST024,72.33,2024-01-27 10:40:36,GAS_STATION,DEBIT,TEXAS,0
TXN04209,CUST086,447.57,2024-03-23 22:16:07,ATM,DEBIT,FLORIDA,0
TXN04210,CUST016,109.58,2024-01-27 10:42:40,GROCERY,CREDIT,OREGON,0
TXN04211,CUST004,1677.77,2024-02-11 19:59:51,JEWELRY,DEBIT,NEW_YORK,0
TXN04212,CUST046,291.6,2024-03-25 11:40:43,ATM,DEBIT,COLORADO,0
TXN04213,CUST031,286.48,2024-01-10 12:17:31,HOTEL,DEBIT,ARIZONA,0
TXN04214,CUST028,59.72,2024-02-24 08:23:02,RESTAURANT,DEBIT,HAWAII,0
TXN04215,CUST036,570.13,2024-01-04 12:48:57,GAS_STATION,CREDIT,WASHINGTON,1
TXN04216,CUST041,197.88,2024-02-17 21:44:30,CLOTHING,DEBIT,MONTANA,0
TXN04217,CUST024,511.76,2024-03-23 08:46:31,ELECTRONICS,DEBIT,NEVADA,0
TXN04218,CUST025,130.81,2024-01-24 14:33:57,GAS_STATION,DEBIT,MICHIGAN,0
TXN04219,CUST044,10.06,2024-01-14 12:39:31,COFFEE_SHOP,DEBIT,ILLINOIS,0
TXN04220,CUST044,376.2,2024-02-10 20:53:39,CLOTHING,DEBIT,FLORIDA,0
TXN04221,CUST047,899.84,2024-02-01 17:04:58,HOTEL,DEBIT,NEVADA,1
TXN04222,CUST044,226.92,2024-03-27 16:49:18,CLOTHING,DEBIT,NEVADA,0
TXN04223,CUST062,357.73,2024-03-04 14:03:35,PHARMACY,DEBIT,CALIFORNIA,1
TXN04224,CUST040,52.75,2024-02-07 09:02:03,PHARMACY,DEBIT,FLORIDA,0
TXN04225,CUST020,402.99,2024-02-21 10:27:53,GAS_STATION,DEBIT,CALIFORNIA,1
TXN04226,CUST102,1055.94,2024-03-04 08:41:20,CLOTHING,DEBIT,ARIZONA,1
TXN04227,CUST042,259.49,2024-03-04 10:29:01,ATM,CREDIT,OREGON,0
TXN04228,CUST005,264.45,2024-03-07 14:26:52,GROCERY,DEBIT,NEW_YORK,0
TXN04229,CUST047,43.18,2024-01-07 11:59:57,COFFEE_SHOP,CREDIT,HAWAII,0
TXN04230,CUST027,416.59,2024-03-12 20:12:33,HOTEL,DEBIT,MONTANA,0
TXN04231,CUST023,361.34,2024-01-28 08:02:31,CLOTHING,DEBIT,ILLINOIS,0
TXN04232,CUST001,538.46,2024-02-05 22:16:51,JEWELRY,CREDIT,COLORADO,0
TXN04233,CUST025,1143.52,2024-02-12 12:43:24,CLOTHING,DEBIT,TEXAS,1
TXN04234,CUST032,79.91,2024-02-10 18:55:12,ONLINE,DEBIT,NEW_YORK,0
TXN04235,CUST010,47.89,2024-01-18 22:03:58,PHARMACY,DEBIT,ILLINOIS,0
TXN04236,CUST145,190.6,2024-02-10 17:49:02,ATM,CREDIT,ARIZONA,0
TXN04237,CUST020,489.42,2024-01-19 21:30:38,ATM,DEBIT,FLORIDA,0
TXN04238,CUST098,180.64,2024-01-13 13:48:43,ONLINE,CREDIT,MICHIGAN,0
TXN04239,CUST008,91.31,2024-03-12 18:24:54,PHARMACY,CREDIT,FLORIDA,0
TXN04240,CUST048,128.08,2024-03-26 14:58:38,RESTAURANT,DEBIT,HAWAII,0
TXN04241,CUST182,59.99,2024-03-28 09:19:07,PHARMACY,CREDIT,TEXAS,0
TXN04242,CUST017,393.25,2024-01-11 09:37:04,ELECTRONICS,DEBIT,MONTANA,0
TXN04243,CUST033,45.87,2024-03-06 09:45:18,COFFEE_SHOP,CREDIT,HAWAII,0
TXN04244,CUST031,64.16,2024-01-24 08:52:40,GAS_STATION,CREDIT,COLORADO,0
TXN04245,CUST011,579.32,2024-01-06 17:26:05,ONLINE,DEBIT,ILLINOIS,0
TXN04246,CUST019,135.22,2024-03-01 17:53:41,ATM,DEBIT,MICHIGAN,0
TXN04247,CUST017,487.24,2024-02-10 21:39:57,ATM,CREDIT,COLORADO,0
TXN04248,CUST002,1147.46,2024-02-07 15:20:53,CLOTHING,DEBIT,TEXAS,1
TXN04249,CUST019,320.55,2024-03-05 15:00:25,HOTEL,DEBIT,COLORADO,0
TXN04250,CUST088,1438.84,2024-03-06 13:01:03,HOTEL,CREDIT,TEXAS,1
TXN04251,CUST017,87.99,2024-02-07 09:19:55,CLOTHING,DEBIT,NEW_YORK,0
TXN04252,CUST049,334.32,2024-02-25 08:41:09,HOTEL,DEBIT,COLORADO,1
TXN04253,CUST126,59.53,2024-03-12 14:43:10,ELECTRONICS,CREDIT,UNKNOWN,0
TXN04254,CUST021,385.93,2024-01-19 11:09:18,CLOTHING,CREDIT,MONTANA,0
TXN04255,CUST069,161.7,2024-02-03 21:27:08,ELECTRONICS,CREDIT,HAWAII,0
TXN04256,CUST020,2592.5,2024-01-04 15:53:49,ELECTRONICS,DEBIT,NEVADA,1
TXN04257,CUST046,514.1,2024-03-14 09:26:13,ONLINE,DEBIT,MONTANA,0
TXN04258,CUST039,854.2,2024-03-06 16:11:09,CLOTHING,CREDIT,CALIFORNIA,1
TXN04259,CUST039,114.09,2024-02-28 17:32:41,HOTEL,CREDIT,MONTANA,0
TXN04260,CUST032,118.66,2024-03-17 20:22:45,GROCERY,DEBIT,WASHINGTON,0
TXN04261,CUST020,287.55,2024-01-06 21:33:04,CLOTHING,DEBIT,OREGON,0
TXN04262,CUST043,578.12,2024-02-23 14:52:37,ONLINE,CREDIT,NEVADA,0
TXN04263,CUST030,6715.36,2024-02-29 22:39:21,JEWELRY,DEBIT,FLORIDA,1
TXN04264,CUST020,400.89,2024-01-18 17:18:54,JEWELRY,CREDIT,WASHINGTON,0
TXN04265,CUST010,287.71,2024-03-21 10:23:10,ATM,DEBIT,UTAH,0
TXN04266,CUST045,83.73,2024-01-24 21:13:24,PHARMACY,DEBIT,FLORIDA,0
TXN04267,CUST036,1567.37,2024-03-23 08:31:42,ONLINE,CREDIT,MONTANA,1
TXN04268,CUST101,321.79,2024-02-10 14:02:58,CLOTHING,DEBIT,FLORIDA,0
TXN04269,CUST010,389.08,2024-03-06 13:35:15,HOTEL,DEBIT,NEW_YORK,0
TXN04270,CUST043,1715.24,2024-02-11 20:59:25,JEWELRY,CREDIT,TEXAS,0
TXN04271,CUST032,901.45,2024-02-09 09:47:14,ELECTRONICS,DEBIT,WASHINGTON,0
TXN04272,CUST039,301.86,2024-01-12 18:37:52,CLOTHING,CREDIT,MONTANA,1
TXN04273,CUST038,214.24,2024-03-29 08:07:41,ONLINE,DEBIT,ILLINOIS,0
TXN04274,CUST079,80.86,2024-02-07 15:42:37,PHARMACY,CREDIT,MICHIGAN,0
TXN04275,CUST014,249.09,2024-01-17 16:09:12,CLOTHING,DEBIT,UTAH,0
TXN04276,CUST164,84.47,2024-03-02 14:03:12,CLOTHING,DEBIT,OREGON,0
TXN04277,CUST039,335.02,2024-02-21 11:04:10,JEWELRY,CREDIT,ARIZONA,0
TXN04278,CUST032,174.58,2024-01-12 20:32:06,CLOTHING,DEBIT,FLORIDA,0
TXN04279,CUST033,489.07,2024-02-23 21:35:22,ELECTRONICS,DEBIT,ARIZONA,0
TXN04280,CUST002,104.33,2024-01-29 16:05:48,GROCERY,DEBIT,NEW_YORK,0
TXN04281,CUST050,519.03,2024-01-28 08:30:57,ONLINE,DEBIT,NEW_YORK,0
TXN04282,CUST050,99.24,2024-01-14 08:13:46,GAS_STATION,CREDIT,NEVADA,0
TXN04283,CUST026,761.41,2024-01-10 14:01:43,ONLINE,CREDIT,HAWAII,0
TXN04284,CUST008,196.54,2024-03-05 17:26:01,ATM,CREDIT,UNKNOWN,0
TXN04285,CUST001,1007.89,2024-02-14 12:57:51,JEWELRY,CREDIT,OREGON,0
TXN04286,CUST153,3378.48,2024-01-11 10:11:57,JEWELRY,DEBIT,ARIZONA,1
TXN04287,CUST190,215.91,2024-03-22 10:39:13,JEWELRY,DEBIT,ARIZONA,0
TXN04288,CUST029,242.55,2024-03-29 11:55:16,GROCERY,DEBIT,ILLINOIS,0
TXN04289,CUST028,17.18,2024-03-02 17:20:50,COFFEE_SHOP,DEBIT,NEW_YORK,0
TXN04290,CUST044,42.9,2024-02-19 12:27:50,GROCERY,DEBIT,OREGON,0
TXN04291,CUST041,41.64,2024-02-14 13:32:39,COFFEE_SHOP,DEBIT,MONTANA,0
TXN04292,CUST105,49.36,2024-01-29 13:02:06,PHARMACY,DEBIT,ARIZONA,0
TXN04293,CUST037,4854.32,2024-03-10 19:49:40,JEWELRY,DEBIT,UTAH,1
TXN04294,CUST047,269.65,2024-01-27 21:32:03,COFFEE_SHOP,DEBIT,NEVADA,1
TXN04295,CUST013,701.13,2024-02-20 22:59:56,ONLINE,DEBIT,FLORIDA,0
TXN04296,CUST020,164.8,2024-01-31 10:25:14,GROCERY,DEBIT,COLORADO,0
TXN04297,CUST198,835.25,2024-02-27 15:21:47,JEWELRY,DEBIT,ILLINOIS,0
TXN04298,CUST003,106.58,2024-01-05 11:32:30,GROCERY,DEBIT,TEXAS,0
TXN04299,CUST049,104.42,2024-03-29 22:08:31,GAS_STATION,CREDIT,WASHINGTON,0
TXN04300,CUST003,127.7,2024-01-29 16:43:49,ATM,CREDIT,WASHINGTON,0
TXN04301,CUST003,258.25,2024-03-09 16:32:40,GROCERY,CREDIT,ARIZONA,0
TXN04302,CUST003,42.92,2024-01-19 10:20:11,COFFEE_SHOP,DEBIT,HAWAII,0
TXN04303,CUST035,1454.21,2024-01-22 20:20:23,ELECTRONICS,DEBIT,MICHIGAN,0
TXN04304,CUST047,27.63,2024-02-19 11:21:12,GAS_STATION,DEBIT,HAWAII,0
TXN04305,CUST036,86.49,2024-03-24 21:28:15,RESTAURANT,DEBIT,CALIFORNIA,0
TXN04306,CUST050,255.64,2024-01-01 18:52:13,GROCERY,DEBIT,TEXAS,0
TXN04307,CUST105,489.17,2024-02-11 12:41:58,ATM,DEBIT,OREGON,0
TXN04308,CUST012,706.78,2024-02-01 21:20:49,ONLINE,CREDIT,NEW_YORK,1
TXN04309,CUST159,1471.96,2024-01-24 20:07:59,ELECTRONICS,CREDIT,ILLINOIS,0
TXN04310,CUST001,39.14,2024-01-09 20:22:11,CLOTHING,CREDIT,UTAH,0
TXN04311,CUST007,432.54,2024-02-21 12:03:28,ONLINE,DEBIT,OREGON,0
TXN04312,CUST022,905.75,2024-03-08 11:28:39,JEWELRY,DEBIT,ILLINOIS,0
TXN04313,CUST042,51.55,2024-02-21 15:54:10,GAS_STATION,DEBIT,UNKNOWN,0
TXN04314,CUST004,629.2,2024-03-09 14:58:07,ONLINE,DEBIT,UTAH,0
TXN04315,CUST006,1483.73,2024-01-21 08:09:00,JEWELRY,CREDIT,ILLINOIS,1
TXN04316,CUST015,4795.94,2024-03-28 19:38:04,ELECTRONICS,DEBIT,OREGON,1
TXN04317,CUST009,31.27,2024-03-22 14:04:27,RESTAURANT,DEBIT,ILLINOIS,0
TXN04318,CUST041,304.88,2024-03-05 09:55:34,CLOTHING,DEBIT,NEVADA,0
TXN04319,CUST044,324.96,2024-03-18 17:32:17,ATM,DEBIT,HAWAII,0
TXN04320,CUST061,563.17,2024-03-09 21:18:06,JEWELRY,CREDIT,MONTANA,0
TXN04321,CUST102,230.76,2024-02-09 16:07:20,ONLINE,CREDIT,CALIFORNIA,0
TXN04322,CUST004,91.03,2024-02-17 19:13:23,PHARMACY,DEBIT,TEXAS,0
TXN04323,CUST032,310.59,2024-02-28 15:24:53,GAS_STATION,CREDIT,NEW_YORK,1
TXN04324,CUST082,102.64,2024-02-26 18:28:26,GAS_STATION,CREDIT,CALIFORNIA,0
TXN04325,CUST001,403.03,2024-03-01 15:47:41,HOTEL,CREDIT,WASHINGTON,0
TXN04326,CUST023,26.94,2024-03-02 08:15:33,PHARMACY,DEBIT,OREGON,0
TXN04327,CUST001,1302.83,2024-02-10 15:28:16,ELECTRONICS,DEBIT,MONTANA,0
TXN04328,CUST006,244.74,2024-03-07 16:12:35,CLOTHING,DEBIT,ILLINOIS,0
TXN04329,CUST037,29.34,2024-03-26 12:10:42,RESTAURANT,DEBIT,HAWAII,0
TXN04330,CUST036,388.03,2024-02-02 20:10:24,HOTEL,DEBIT,WASHINGTON,0
TXN04331,CUST003,244.29,2024-01-24 18:22:04,CLOTHING,DEBIT,ILLINOIS,0
TXN04332,CUST050,578.51,2024-01-19 19:16:24,HOTEL,CREDIT,WASHINGTON,1
TXN04333,CUST011,3424.48,2024-03-01 12:13:43,JEWELRY,DEBIT,UNKNOWN,1
TXN04334,CUST049,146.76,2024-02-01 21:39:13,JEWELRY,DEBIT,MICHIGAN,0
TXN04335,CUST018,149.87,2024-03-24 16:26:51,RESTAURANT,CREDIT,UNKNOWN,0
TXN04336,CUST011,126.02,2024-03-12 20:33:54,GROCERY,DEBIT,NEVADA,0
TXN04337,CUST025,297.73,2024-03-01 10:26:00,ONLINE,DEBIT,MONTANA,0
TXN04338,CUST004,396.55,2024-03-25 13:38:12,CLOTHING,CREDIT,NEVADA,0
TXN04339,CUST040,1180.26,2024-01-29 22:57:25,CLOTHING,DEBIT,MICHIGAN,1
TXN04340,CUST027,730.67,2024-01-10 22:47:33,RESTAURANT,DEBIT,WASHINGTON,1
TXN04341,CUST011,618.61,2024-03-06 19:19:08,ONLINE,CREDIT,WASHINGTON,0
TXN04342,CUST012,708.72,2024-03-18 12:21:39,ELECTRONICS,CREDIT,ILLINOIS,0
TXN04343,CUST012,1003.14,2024-02-03 08:03:38,JEWELRY,DEBIT,NEW_YORK,0
TXN04344,CUST003,336.5,2024-03-23 20:53:49,GROCERY,DEBIT,CALIFORNIA,0
TXN04345,CUST030,328.25,2024-01-03 11:09:09,ELECTRONICS,CREDIT,ILLINOIS,0
TXN04346,CUST046,63.86,2024-03-27 22:11:01,CLOTHING,CREDIT,OREGON,0
TXN04347,CUST034,5.29,2024-01-03 11:30:44,COFFEE_SHOP,CREDIT,NEVADA,0
TXN04348,CUST115,278.25,2024-02-19 18:07:13,HOTEL,DEBIT,UNKNOWN,0
TXN04349,CUST005,23.49,2024-02-24 12:02:34,CLOTHING,CREDIT,NEVADA,0
TXN04350,CUST013,15.8,2024-02-02 15:03:16,RESTAURANT,DEBIT,TEXAS,0
TXN04351,CUST029,117.05,2024-01-21 14:07:03,RESTAURANT,DEBIT,ARIZONA,0
TXN04352,CUST011,1382.34,2024-02-20 20:21:36,ELECTRONICS,DEBIT,UTAH,1
TXN04353,CUST003,2572.79,2024-02-03 16:30:12,ONLINE,DEBIT,TEXAS,1
TXN04354,CUST078,747.14,2024-01-12 10:21:34,JEWELRY,DEBIT,NEVADA,0
TXN04355,CUST025,404.92,2024-03-08 11:18:09,HOTEL,CREDIT,NEW_YORK,0
TXN04356,CUST032,580.4,2024-01-20 08:33:59,ELECTRONICS,DEBIT,TEXAS,0
TXN04357,CUST046,263.24,2024-02-27 11:05:28,JEWELRY,CREDIT,WASHINGTON,0
TXN04358,CUST016,125.18,2024-02-20 13:31:58,GROCERY,DEBIT,ARIZONA,0
TXN04359,CUST014,30.66,2024-01-03 18:26:20,COFFEE_SHOP,DEBIT,ILLINOIS,0
TXN04360,CUST029,248.43,2024-01-14 09:16:13,ATM,DEBIT,NEVADA,0
TXN04361,CUST026,344.26,2024-01-08 12:21:37,ATM,DEBIT,HAWAII,0
TXN04362,CUST036,61.27,2024-01-30 19:34:06,ELECTRONICS,DEBIT,UNKNOWN,0
TXN04363,CUST003,1962.99,2024-02-29 17:42:49,JEWELRY,CREDIT,CALIFORNIA,0
TXN04364,CUST008,3820.06,2024-03-18 17:44:05,ELECTRONICS,DEBIT,UTAH,1
TXN04365,CUST176,428.83,2024-03-08 18:38:21,ATM,DEBIT,NEVADA,0
TXN04366,CUST013,93.58,2024-03-13 11:10:04,HOTEL,DEBIT,TEXAS,0
TXN04367,CUST002,1099.16,2024-03-02 19:33:23,CLOTHING,DEBIT,MICHIGAN,1
TXN04368,CUST034,7.55,2024-01-09 09:04:21,COFFEE_SHOP,DEBIT,NEW_YORK,0
TXN04369,CUST014,993.05,2024-03-06 12:43:03,ELECTRONICS,DEBIT,FLORIDA,0
TXN04370,CUST018,242.26,2024-02-13 11:07:44,HOTEL,DEBIT,FLORIDA,0
TXN04371,CUST032,334.62,2024-01-21 22:19:29,ELECTRONICS,DEBIT,WASHINGTON,0
TXN04372,CUST048,93.79,2024-01-06 11:42:20,GROCERY,DEBIT,WASHINGTON,0
TXN04373,CUST030,1959.15,2024-01-31 10:21:42,JEWELRY,CREDIT,ILLINOIS,0
TXN04374,CUST048,100.21,2024-02-19 20:05:32,GAS_STATION,DEBIT,NEW_YORK,0
TXN04375,CUST031,112.65,2024-02-05 15:10:38,GAS_STATION,DEBIT,ARIZONA,0
TXN04376,CUST035,2431.82,2024-03-21 18:37:06,JEWELRY,CREDIT,OREGON,1
TXN04377,CUST007,416.94,2024-01-06 18:52:55,ATM,DEBIT,NEW_YORK,0
TXN04378,CUST165,159.88,2024-03-20 21:24:23,ONLINE,DEBIT,UTAH,0
TXN04379,CUST038,636.62,2024-01-09 21:50:34,ONLINE,DEBIT,NEVADA,0
TXN04380,CUST047,301.38,2024-03-14 10:39:09,JEWELRY,CREDIT,MICHIGAN,0
TXN04381,CUST049,23.43,2024-02-08 19:54:58,ATM,DEBIT,OREGON,0
TXN04382,CUST081,426.94,2024-01-01 08:49:29,HOTEL,DEBIT,OREGON,0
TXN04383,CUST049,51.61,2024-03-21 12:11:35,PHARMACY,CREDIT,WASHINGTON,0
TXN04384,CUST022,20.23,2024-01-20 14:57:22,COFFEE_SHOP,DEBIT,UTAH,0
TXN04385,CUST195,7.96,2024-03-18 20:06:50,COFFEE_SHOP,DEBIT,MICHIGAN,0
TXN04386,CUST039,141.99,2024-01-12 21:43:08,GAS_STATION,DEBIT,TEXAS,0
TXN04387,CUST014,4813.04,2024-02-04 20:15:49,JEWELRY,DEBIT,OREGON,1
TXN04388,CUST011,1715.12,2024-01-07 20:10:48,JEWELRY,DEBIT,MICHIGAN,0
TXN04389,CUST044,14.47,2024-01-27 20:23:56,COFFEE_SHOP,DEBIT,ILLINOIS,0
TXN04390,CUST163,77.58,2024-03-14 10:55:15,GROCERY,DEBIT,NEVADA,0
TXN04391,CUST001,168.02,2024-01-15 21:06:15,CLOTHING,CREDIT,CALIFORNIA,0
TXN04392,CUST016,4999.26,2024-02-01 15:21:44,ONLINE,DEBIT,MONTANA,1
TXN04393,CUST040,124.77,2024-01-01 14:58:12,RESTAURANT,CREDIT,MICHIGAN,0
TXN04394,CUST127,106.2,2024-03-27 09:27:42,ONLINE,DEBIT,CALIFORNIA,0
TXN04395,CUST004,1615.38,2024-01-26 08:32:27,JEWELRY,CREDIT,HAWAII,0
TXN04396,CUST036,141.07,2024-03-06 15:09:14,HOTEL,CREDIT,WASHINGTON,0
TXN04397,CUST131,137.48,2024-03-26 13:51:23,GAS_STATION,CREDIT,COLORADO,0
TXN04398,CUST019,78.48,2024-01-14 16:58:24,PHARMACY,DEBIT,NEW_YORK,0
TXN04399,CUST040,327.02,2024-02-15 18:11:08,ATM,DEBIT,NEW_YORK,0
TXN04400,CUST013,236.6,2024-01-25 14:01:54,HOTEL,DEBIT,NEVADA,0
TXN04401,CUST022,2064.74,2024-01-23 17:05:42,JEWELRY,DEBIT,HAWAII,1
TXN04402,CUST013,212.59,2024-03-30 14:37:16,ONLINE,DEBIT,NEW_YORK,0
TXN04403,CUST050,60.79,2024-03-10 19:56:20,PHARMACY,DEBIT,NEVADA,1
TXN04404,CUST046,121.48,2024-01-27 18:05:39,ONLINE,DEBIT,MONTANA,0
TXN04405,CUST011,278.55,2024-01-16 16:05:51,ONLINE,DEBIT,ARIZONA,0
TXN04406,CUST007,333.07,2024-02-05 20:54:15,GROCERY,DEBIT,MONTANA,0
TXN04407,CUST021,1123.11,2024-01-26 08:16:44,HOTEL,CREDIT,UNKNOWN,1
TXN04408,CUST012,329.11,2024-02-06 11:39:24,GROCERY,CREDIT,HAWAII,0
TXN04409,CUST039,116.52,2024-01-17 18:44:58,RESTAURANT,DEBIT,MONTANA,0
TXN04410,CUST033,1394.84,2024-02-01 14:46:57,ELECTRONICS,DEBIT,MICHIGAN,0
TXN04411,CUST001,144.78,2024-03-12 21:20:51,HOTEL,DEBIT,MICHIGAN,0
TXN04412,CUST025,1048.52,2024-02-28 14:39:20,CLOTHING,DEBIT,OREGON,1
TXN04413,CUST041,146.69,2024-01-25 19:45:09,GAS_STATION,CREDIT,NEVADA,0
TXN04414,CUST069,267.45,2024-02-14 09:33:16,ATM,CREDIT,ARIZONA,0
TXN04415,CUST001,180.55,2024-02-08 14:42:01,GROCERY,DEBIT,UTAH,0
TXN04416,CUST003,1116.95,2024-01-05 10:28:41,ELECTRONICS,DEBIT,UNKNOWN,0
TXN04417,CUST039,69.76,2024-03-03 09:46:33,RESTAURANT,DEBIT,NEVADA,0
TXN04418,CUST013,61.73,2024-03-12 15:38:58,GAS_STATION,CREDIT,TEXAS,0
TXN04419,CUST012,216.8,2024-01-31 22:36:45,ATM,DEBIT,TEXAS,0
TXN04420,CUST106,53.64,2024-03-15 08:24:10,PHARMACY,DEBIT,HAWAII,0
TXN04421,CUST046,542.11,2024-03-09 18:23:57,GAS_STATION,CREDIT,ARIZONA,1
TXN04422,CUST009,3163.93,2024-02-01 08:32:58,ONLINE,DEBIT,WASHINGTON,1
TXN04423,CUST019,48.99,2024-01-03 09:16:35,GROCERY,CREDIT,FLORIDA,0
TXN04424,CUST045,136.17,2024-01-31 13:35:49,JEWELRY,CREDIT,TEXAS,0
TXN04425,CUST099,1897.78,2024-02-02 09:11:59,JEWELRY,DEBIT,NEVADA,0
TXN04426,CUST019,1624.23,2024-02-01 16:18:26,ATM,DEBIT,MONTANA,1
TXN04427,CUST045,181.35,2024-02-10 14:37:20,ELECTRONICS,DEBIT,TEXAS,0
TXN04428,CUST163,1226.77,2024-01-03 10:45:57,ELECTRONICS,CREDIT,ARIZONA,0
TXN04429,CUST029,104.82,2024-02-12 15:18:43,RESTAURANT,CREDIT,UNKNOWN,0
TXN04430,CUST012,662.5,2024-01-23 19:23:58,ONLINE,CREDIT,MICHIGAN,0
TXN04431,CUST013,271.35,2024-02-03 20:17:38,HOTEL,DEBIT,MONTANA,0
TXN04432,CUST047,342.8,2024-03-18 17:41:10,GROCERY,DEBIT,MICHIGAN,0
TXN04433,CUST027,118.59,2024-03-02 18:37:52,RESTAURANT,CREDIT,OREGON,0
TXN04434,CUST003,139.83,2024-01-22 19:09:42,GROCERY,DEBIT,TEXAS,0
TXN04435,CUST050,2728.64,2024-03-21 14:08:44,ONLINE,DEBIT,TEXAS,1
TXN04436,CUST184,1326.36,2024-03-12 17:54:16,ELECTRONICS,CREDIT,MONTANA,1
TXN04437,CUST006,246.52,2024-01-17 11:37:13,RESTAURANT,DEBIT,HAWAII,1
TXN04438,CUST049,798.6,2024-02-05 18:55:21,ELECTRONICS,DEBIT,ILLINOIS,0
TXN04439,CUST070,70.06,2024-02-11 19:54:05,ATM,DEBIT,NEVADA,0
TXN04440,CUST182,29.93,2024-02-21 18:49:01,RESTAURANT,DEBIT,OREGON,0
TXN04441,CUST047,829.29,2024-03-11 14:47:51,HOTEL,DEBIT,COLORADO,1
TXN04442,CUST040,184.19,2024-02-23 18:36:08,RESTAURANT,DEBIT,WASHINGTON,0
TXN04443,CUST042,19.23,2024-02-19 20:08:35,COFFEE_SHOP,DEBIT,NEW_YORK,0
TXN04444,CUST010,392.79,2024-03-09 17:17:07,HOTEL,CREDIT,UNKNOWN,0
TXN04445,CUST031,156.1,2024-02-24 22:08:20,CLOTHING,DEBIT,ILLINOIS,0
TXN04446,CUST037,773.22,2024-03-09 20:07:45,CLOTHING,DEBIT,MONTANA,1
TXN04447,CUST022,248.59,2024-01-05 20:36:51,PHARMACY,DEBIT,COLORADO,1
TXN04448,CUST156,127.27,2024-02-05 10:47:26,RESTAURANT,DEBIT,WASHINGTON,0
TXN04449,CUST026,166.55,2024-01-05 18:47:49,CLOTHING,DEBIT,FLORIDA,0
TXN04450,CUST017,678.93,2024-03-03 14:16:03,ONLINE,CREDIT,FLORIDA,0
TXN04451,CUST036,79.32,2024-03-29 15:43:54,GAS_STATION,DEBIT,TEXAS,0
TXN04452,CUST023,167.34,2024-01-10 19:00:59,RESTAURANT,CREDIT,CALIFORNIA,0
TXN04453,CUST017,241.19,2024-01-21 21:36:35,JEWELRY,DEBIT,NEW_YORK,0
TXN04454,CUST049,5.67,2024-02-29 09:32:03,COFFEE_SHOP,CREDIT,OREGON,0
TXN04455,CUST003,115.83,2024-03-30 08:32:22,GAS_STATION,CREDIT,WASHINGTON,0
TXN04456,CUST016,385.05,2024-02-27 16:05:03,CLOTHING,DEBIT,UTAH,0
TXN04457,CUST032,65.73,2024-03-14 15:10:50,GAS_STATION,CREDIT,MICHIGAN,0
TXN04458,CUST017,1148.08,2024-01-21 10:03:07,CLOTHING,DEBIT,HAWAII,1
TXN04459,CUST015,4607.64,2024-03-22 15:15:12,ONLINE,DEBIT,NEW_YORK,1
TXN04460,CUST024,113.04,2024-02-12 13:39:10,GROCERY,DEBIT,MICHIGAN,0
TXN04461,CUST046,63.23,2024-03-20 20:56:45,PHARMACY,DEBIT,FLORIDA,0
TXN04462,CUST017,92.88,2024-01-14 10:52:38,ATM,DEBIT,NEVADA,0
TXN04463,CUST044,990.59,2024-01-22 13:04:44,ELECTRONICS,DEBIT,ILLINOIS,0
TXN04464,CUST043,148.28,2024-03-29 21:43:34,GAS_STATION,CREDIT,CALIFORNIA,0
TXN04465,CUST181,521.03,2024-03-08 11:52:01,ONLINE,DEBIT,NEVADA,0
TXN04466,CUST042,711.56,2024-01-09 20:22:00,ONLINE,DEBIT,NEVADA,0
TXN04467,CUST016,90.5,2024-01-12 18:41:47,PHARMACY,DEBIT,ILLINOIS,0
TXN04468,CUST188,64.86,2024-01-04 21:01:24,RESTAURANT,DEBIT,NEW_YORK,0
TXN04469,CUST033,824.39,2024-03-04 10:18:57,ELECTRONICS,DEBIT,NEW_YORK,0
TXN04470,CUST014,23.02,2024-02-20 16:40:47,PHARMACY,CREDIT,HAWAII,0
TXN04471,CUST023,82.8,2024-02-10 10:45:08,PHARMACY,DEBIT,UNKNOWN,0
TXN04472,CUST014,117.03,2024-03-11 08:15:59,RESTAURANT,CREDIT,MICHIGAN,0
TXN04473,CUST083,122.93,2024-01-24 13:46:27,RESTAURANT,CREDIT,MONTANA,0
TXN04474,CUST005,31.05,2024-01-28 21:49:47,GAS_STATION,DEBIT,UNKNOWN,0
TXN04475,CUST012,23.96,2024-01-04 09:56:26,COFFEE_SHOP,CREDIT,HAWAII,0
TXN04476,CUST030,359.52,2024-03-04 10:08:46,HOTEL,DEBIT,UNKNOWN,0
TXN04477,CUST002,785.26,2024-03-26 15:37:20,ELECTRONICS,CREDIT,TEXAS,0
TXN04478,CUST053,4997.38,2024-03-24 13:33:14,JEWELRY,DEBIT,CALIFORNIA,1
TXN04479,CUST005,35.81,2024-01-20 18:26:16,COFFEE_SHOP,DEBIT,WASHINGTON,0
TXN04480,CUST144,332.2,2024-01-21 11:28:27,GROCERY,DEBIT,MICHIGAN,0
TXN04481,CUST026,56.4,2024-01-05 19:56:47,PHARMACY,CREDIT,HAWAII,0
TXN04482,CUST040,3849.8,2024-01-12 11:36:06,JEWELRY,CREDIT,FLORIDA,1
TXN04483,CUST058,173.97,2024-01-25 09:36:20,CLOTHING,DEBIT,OREGON,0
TXN04484,CUST125,84.29,2024-02-10 09:35:16,CLOTHING,DEBIT,MONTANA,0
TXN04485,CUST026,16.14,2024-02-11 18:40:24,COFFEE_SHOP,DEBIT,ILLINOIS,0
TXN04486,CUST198,169.15,2024-01-29 13:35:53,CLOTHING,CREDIT,MICHIGAN,0
TXN04487,CUST162,264.55,2024-01-30 09:19:43,ONLINE,DEBIT,OREGON,0
TXN04488,CUST050,5.12,2024-01-18 12:03:09,COFFEE_SHOP,DEBIT,TEXAS,0
TXN04489,CUST018,67.16,2024-03-20 09:58:39,ATM,DEBIT,HAWAII,0
TXN04490,CUST167,1566.18,2024-01-06 21:19:33,JEWELRY,DEBIT,MONTANA,0
TXN04491,CUST007,292.56,2024-03-01 11:26:52,CLOTHING,DEBIT,FLORIDA,0
TXN04492,CUST022,1923.32,2024-02-06 08:57:02,JEWELRY,DEBIT,WASHINGTON,0
TXN04493,CUST041,38.21,2024-02-10 15:26:40,COFFEE_SHOP,DEBIT,CALIFORNIA,0
TXN04494,CUST023,392.75,2024-03-10 08:37:49,PHARMACY,DEBIT,HAWAII,1
TXN04495,CUST028,66.69,2024-03-05 14:50:24,RESTAURANT,CREDIT,CALIFORNIA,0
TXN04496,CUST003,178.39,2024-02-24 11:55:09,HOTEL,CREDIT,MICHIGAN,0
TXN04497,CUST082,80.59,2024-03-17 11:03:15,PHARMACY,CREDIT,MICHIGAN,0
TXN04498,CUST029,708.98,2024-01-01 08:12:05,ONLINE,DEBIT,COLORADO,0
TXN04499,CUST073,156.78,2024-01-29 18:10:46,RESTAURANT,DEBIT,MICHIGAN,1
TXN04500,CUST141,115.55,2024-02-23 18:17:26,GAS_STATION,DEBIT,HAWAII,0
TXN04501,CUST038,358.82,2024-02-23 20:18:45,CLOTHING,DEBIT,ILLINOIS,0
TXN04502,CUST015,27.07,2024-01-22 13:43:08,GAS_STATION,CREDIT,HAWAII,0
TXN04503,CUST038,433.47,2024-03-22 17:22:15,ATM,DEBIT,MICHIGAN,0
TXN04504,CUST036,692.96,2024-03-16 10:21:11,ONLINE,DEBIT,UNKNOWN,0
TXN04505,CUST011,712.54,2024-01-13 08:51:35,ELECTRONICS,DEBIT,CALIFORNIA,0
TXN04506,CUST016,1314.8,2024-01-19 11:42:48,ELECTRONICS,DEBIT,MICHIGAN,0
TXN04507,CUST009,67.78,2024-01-25 14:53:52,RESTAURANT,DEBIT,NEW_YORK,0
TXN04508,CUST188,150.74,2024-02-24 13:34:16,HOTEL,DEBIT,OREGON,0
TXN04509,CUST016,1089.3,2024-01-30 22:37:41,JEWELRY,DEBIT,MICHIGAN,0
TXN04510,CUST042,618.69,2024-01-09 13:03:54,ELECTRONICS,DEBIT,UTAH,0
TXN04511,CUST056,816.34,2024-03-27 22:19:52,ELECTRONICS,DEBIT,UNKNOWN,0
TXN04512,CUST039,356.09,2024-02-14 17:59:50,ATM,DEBIT,CALIFORNIA,0
TXN04513,CUST044,39.8,2024-01-20 15:41:06,PHARMACY,CREDIT,NEW_YORK,0
TXN04514,CUST025,17.13,2024-02-15 10:11:31,RESTAURANT,DEBIT,UNKNOWN,0
TXN04515,CUST015,89.85,2024-01-19 16:23:28,GAS_STATION,CREDIT,UNKNOWN,0
TXN04516,CUST009,29.1,2024-03-20 13:43:06,GAS_STATION,DEBIT,MICHIGAN,0
TXN04517,CUST143,66.59,2024-01-26 21:08:44,PHARMACY,CREDIT,ILLINOIS,0
TXN04518,CUST070,363.34,2024-03-01 15:53:53,ATM,CREDIT,UTAH,0
TXN04519,CUST041,289.86,2024-02-12 08:04:05,ATM,DEBIT,NEW_YORK,0
TXN04520,CUST028,161.72,2024-01-12 20:35:40,RESTAURANT,DEBIT,NEVADA,0
TXN04521,CUST035,22.53,2024-01-05 10:11:49,ATM,DEBIT,UNKNOWN,0
TXN04522,CUST035,199.92,2024-02-22 13:20:03,RESTAURANT,CREDIT,ARIZONA,0
TXN04523,CUST014,133.18,2024-01-05 19:51:36,GROCERY,DEBIT,ARIZONA,0
TXN04524,CUST139,112.96,2024-01-17 11:42:16,RESTAURANT,DEBIT,COLORADO,0
TXN04525,CUST048,282.02,2024-02-01 19:10:55,ATM,DEBIT,NEVADA,0
TXN04526,CUST025,48.46,2024-01-18 10:59:00,COFFEE_SHOP,DEBIT,ARIZONA,0
TXN04527,CUST182,515.96,2024-02-09 08:52:28,ELECTRONICS,DEBIT,UNKNOWN,0
TXN04528,CUST030,142.83,2024-02-15 09:55:32,GAS_STATION,CREDIT,TEXAS,0
TXN04529,CUST010,452.99,2024-02-01 15:48:19,ONLINE,DEBIT,MICHIGAN,0
TXN04530,CUST036,78.54,2024-03-30 12:31:38,RESTAURANT,CREDIT,FLORIDA,0
TXN04531,CUST036,1935.48,2024-02-07 13:40:25,JEWELRY,CREDIT,UTAH,0
TXN04532,CUST039,378.75,2024-02-04 10:30:42,CLOTHING,DEBIT,UTAH,0
TXN04533,CUST118,32.09,2024-03-19 17:31:17,GAS_STATION,CREDIT,FLORIDA,0
TXN04534,CUST018,154.88,2024-02-29 14:05:23,ATM,DEBIT,NEW_YORK,0
TXN04535,CUST042,55.72,2024-01-14 08:29:49,ATM,DEBIT,NEW_YORK,0
TXN04536,CUST014,96.25,2024-01-04 16:46:17,RESTAURANT,DEBIT,UTAH,0
TXN04537,CUST143,16.14,2024-03-10 21:06:47,COFFEE_SHOP,DEBIT,ARIZONA,0
TXN04538,CUST003,64.0,2024-02-27 20:35:59,GAS_STATION,CREDIT,MONTANA,0
TXN04539,CUST025,3262.7,2024-02-01 12:34:05,ONLINE,DEBIT,MONTANA,1
TXN04540,CUST079,50.69,2024-01-04 10:26:37,RESTAURANT,DEBIT,FLORIDA,0
TXN04541,CUST047,192.76,2024-01-21 22:56:58,ATM,DEBIT,COLORADO,0
TXN04542,CUST042,49.37,2024-03-11 16:23:15,CLOTHING,DEBIT,UNKNOWN,0
TXN04543,CUST134,1013.39,2024-03-29 13:27:34,ONLINE,DEBIT,TEXAS,1
TXN04544,CUST017,345.32,2024-02-07 19:04:34,PHARMACY,CREDIT,WASHINGTON,1
TXN04545,CUST015,26.75,2024-02-19 13:39:58,PHARMACY,DEBIT,COLORADO,0
TXN04546,CUST039,102.22,2024-03-26 18:43:32,GAS_STATION,DEBIT,CALIFORNIA,0
TXN04547,CUST044,580.18,2024-03-26 13:04:13,JEWELRY,DEBIT,ARIZONA,0
TXN04548,CUST037,140.53,2024-01-08 10:56:54,CLOTHING,CREDIT,ARIZONA,0
TXN04549,CUST141,34.71,2024-03-24 13:58:07,ONLINE,CREDIT,ARIZONA,0
TXN04550,CUST070,84.86,2024-01-07 11:14:05,GROCERY,DEBIT,UNKNOWN,0
TXN04551,CUST044,231.93,2024-02-14 13:49:54,CLOTHING,DEBIT,ARIZONA,0
TXN04552,CUST018,261.66,2024-01-07 12:34:22,CLOTHING,DEBIT,NEVADA,0
TXN04553,CUST020,385.69,2024-01-22 12:27:19,ATM,CREDIT,ARIZONA,0
TXN04554,CUST062,17.01,2024-01-07 09:15:23,COFFEE_SHOP,DEBIT,MICHIGAN,0
TXN04555,CUST036,373.88,2024-01-10 22:09:23,ATM,DEBIT,COLORADO,0
TXN04556,CUST048,329.71,2024-03-20 12:38:45,HOTEL,CREDIT,NEW_YORK,0
TXN04557,CUST115,1725.76,2024-01-01 20:45:49,JEWELRY,CREDIT,FLORIDA,0
TXN04558,CUST020,421.9,2024-03-17 17:00:31,CLOTHING,DEBIT,CALIFORNIA,1
TXN04559,CUST024,40.55,2024-01-04 10:51:26,COFFEE_SHOP,CREDIT,CALIFORNIA,0
TXN04560,CUST157,666.99,2024-01-17 20:13:07,ONLINE,DEBIT,UTAH,0
TXN04561,CUST026,12.43,2024-01-07 08:43:45,COFFEE_SHOP,CREDIT,NEW_YORK,0
TXN04562,CUST111,4964.81,2024-01-06 12:08:11,JEWELRY,DEBIT,TEXAS,1
TXN04563,CUST032,82.48,2024-01-08 09:13:40,GROCERY,CREDIT,ARIZONA,0
TXN04564,CUST040,378.9,2024-02-06 22:03:13,ONLINE,CREDIT,UTAH,0
TXN04565,CUST005,909.7,2024-02-13 08:59:44,ELECTRONICS,DEBIT,NEW_YORK,0
TXN04566,CUST032,642.2,2024-03-18 22:18:03,JEWELRY,DEBIT,FLORIDA,0
TXN04567,CUST032,96.65,2024-03-21 16:26:24,RESTAURANT,DEBIT,CALIFORNIA,0
TXN04568,CUST043,988.64,2024-03-25 20:42:36,ELECTRONICS,DEBIT,CALIFORNIA,0
TXN04569,CUST028,96.51,2024-01-07 21:01:09,PHARMACY,DEBIT,MONTANA,0
TXN04570,CUST044,1838.04,2024-03-02 08:09:04,JEWELRY,CREDIT,FLORIDA,1
TXN04571,CUST004,14.92,2024-01-01 20:29:28,PHARMACY,DEBIT,CALIFORNIA,0
TXN04572,CUST185,203.33,2024-03-25 18:35:08,HOTEL,DEBIT,NEW_YORK,0
TXN04573,CUST038,481.87,2024-01-19 14:51:46,ATM,DEBIT,CALIFORNIA,0
TXN04574,CUST027,7.62,2024-02-03 18:42:52,COFFEE_SHOP,DEBIT,WASHINGTON,0
TXN04575,CUST029,5836.67,2024-01-09 18:38:59,JEWELRY,CREDIT,HAWAII,1
TXN04576,CUST030,181.31,2024-02-23 13:23:09,RESTAURANT,DEBIT,FLORIDA,0
TXN04577,CUST031,1629.59,2024-02-17 14:40:24,JEWELRY,DEBIT,TEXAS,0
TXN04578,CUST049,127.39,2024-01-09 20:39:57,GAS_STATION,DEBIT,MONTANA,0
TXN04579,CUST025,4858.26,2024-03-22 22:06:06,ELECTRONICS,CREDIT,MONTANA,1
TXN04580,CUST023,379.0,2024-02-09 16:57:23,HOTEL,DEBIT,CALIFORNIA,0
TXN04581,CUST157,200.24,2024-01-06 17:58:53,HOTEL,DEBIT,CALIFORNIA,0
TXN04582,CUST003,70.2,2024-01-16 12:27:52,RESTAURANT,DEBIT,MICHIGAN,0
TXN04583,CUST008,9.87,2024-01-02 15:17:53,COFFEE_SHOP,DEBIT,HAWAII,0
TXN04584,CUST028,333.43,2024-02-08 11:03:05,GROCERY,DEBIT,COLORADO,0
TXN04585,CUST005,190.2,2024-02-25 17:50:24,GROCERY,DEBIT,FLORIDA,0
TXN04586,CUST138,118.2,2024-03-08 09:26:48,GAS_STATION,DEBIT,CALIFORNIA,0
TXN04587,CUST017,97.91,2024-02-07 17:03:43,CLOTHING,DEBIT,MONTANA,0
TXN04588,CUST050,305.0,2024-03-13 14:07:34,CLOTHING,DEBIT,NEW_YORK,0
TXN04589,CUST187,1148.24,2024-03-26 21:40:40,ELECTRONICS,DEBIT,WASHINGTON,0
TXN04590,CUST044,86.3,2024-01-04 15:36:29,RESTAURANT,CREDIT,MICHIGAN,0
TXN04591,CUST024,35.01,2024-03-12 12:38:07,GROCERY,DEBIT,MONTANA,0
TXN04592,CUST029,244.81,2024-03-23 13:13:40,CLOTHING,CREDIT,TEXAS,0
TXN04593,CUST033,46.58,2024-02-09 12:15:57,GAS_STATION,CREDIT,TEXAS,0
TXN04594,CUST095,140.6,2024-03-08 20:54:35,HOTEL,DEBIT,MICHIGAN,0
TXN04595,CUST032,762.02,2024-02-01 22:31:19,ONLINE,DEBIT,TEXAS,0
TXN04596,CUST143,399.32,2024-02-27 11:24:04,ELECTRONICS,DEBIT,NEW_YORK,0
TXN04597,CUST014,289.37,2024-03-14 21:05:56,ATM,CREDIT,NEW_YORK,0
TXN04598,CUST033,231.83,2024-01-23 14:53:57,CLOTHING,DEBIT,CALIFORNIA,0
TXN04599,CUST166,177.6,2024-02-24 19:11:55,CLOTHING,DEBIT,UNKNOWN,0
TXN04600,CUST134,50.73,2024-01-26 21:25:10,PHARMACY,DEBIT,UTAH,0
TXN04601,CUST043,349.2,2024-03-19 13:46:22,HOTEL,DEBIT,TEXAS,0
TXN04602,CUST001,142.59,2024-02-06 17:16:11,ONLINE,CREDIT,NEW_YORK,0
TXN04603,CUST025,43.1,2024-01-27 18:40:59,ATM,DEBIT,UNKNOWN,0
TXN04604,CUST188,80.81,2024-01-09 16:11:58,HOTEL,DEBIT,ARIZONA,0
TXN04605,CUST035,301.9,2024-03-05 12:14:04,PHARMACY,DEBIT,COLORADO,1
TXN04606,CUST023,28.64,2024-01-07 08:59:08,PHARMACY,DEBIT,FLORIDA,0
TXN04607,CUST021,137.85,2024-02-27 10:35:57,CLOTHING,DEBIT,MONTANA,0
TXN04608,CUST021,33.12,2024-03-13 18:33:41,COFFEE_SHOP,CREDIT,NEW_YORK,0
TXN04609,CUST049,2295.95,2024-02-17 14:08:01,ONLINE,DEBIT,MONTANA,1
TXN04610,CUST007,294.66,2024-01-21 18:52:39,GROCERY,CREDIT,FLORIDA,0
TXN04611,CUST045,3100.89,2024-01-03 13:43:32,ELECTRONICS,DEBIT,TEXAS,1
TXN04612,CUST050,33.34,2024-01-14 13:03:49,RESTAURANT,CREDIT,COLORADO,0
TXN04613,CUST044,864.12,2024-03-16 14:26:33,ELECTRONICS,DEBIT,MICHIGAN,0
TXN04614,CUST080,140.66,2024-02-22 17:13:08,RESTAURANT,DEBIT,COLORADO,0
TXN04615,CUST023,262.4,2024-01-08 14:32:11,GROCERY,DEBIT,TEXAS,0
TXN04616,CUST044,76.6,2024-03-23 13:52:30,GROCERY,DEBIT,FLORIDA,0
TXN04617,CUST043,335.42,2024-02-21 14:02:57,GROCERY,CREDIT,ARIZONA,0
TXN04618,CUST023,180.0,2024-03-17 13:15:51,RESTAURANT,DEBIT,MONTANA,0
TXN04619,CUST012,396.6,2024-02-08 20:16:32,ATM,DEBIT,UTAH,0
TXN04620,CUST050,1833.44,2024-03-03 13:00:31,JEWELRY,DEBIT,NEVADA,1
TXN04621,CUST048,209.7,2024-01-23 13:30:05,ATM,DEBIT,UTAH,0
TXN04622,CUST039,32.54,2024-03-29 15:46:20,PHARMACY,DEBIT,UTAH,0
TXN04623,CUST049,322.12,2024-03-10 11:45:58,HOTEL,DEBIT,ARIZONA,0
TXN04624,CUST034,614.18,2024-01-02 09:28:37,ONLINE,DEBIT,ILLINOIS,0
TXN04625,CUST012,3697.71,2024-02-15 08:56:38,ONLINE,DEBIT,HAWAII,1
TXN04626,CUST177,132.71,2024-03-10 11:59:53,COFFEE_SHOP,DEBIT,OREGON,1
TXN04627,CUST023,960.59,2024-03-17 09:24:27,ELECTRONICS,DEBIT,ILLINOIS,0
TXN04628,CUST027,873.17,2024-01-04 11:19:24,ELECTRONICS,DEBIT,TEXAS,0
TXN04629,CUST004,11.55,2024-02-20 13:40:23,COFFEE_SHOP,DEBIT,HAWAII,0
TXN04630,CUST021,14.6,2024-01-25 08:42:10,COFFEE_SHOP,DEBIT,OREGON,0
TXN04631,CUST016,425.25,2024-03-19 15:58:15,ATM,DEBIT,HAWAII,0
TXN04632,CUST025,277.18,2024-03-17 13:37:33,GROCERY,DEBIT,MONTANA,0
TXN04633,CUST016,170.78,2024-03-18 18:13:23,RESTAURANT,CREDIT,WASHINGTON,0
TXN04634,CUST001,5.02,2024-03-20 10:57:54,COFFEE_SHOP,DEBIT,OREGON,0
TXN04635,CUST111,6917.97,2024-02-14 21:19:38,JEWELRY,DEBIT,HAWAII,1
TXN04636,CUST045,39.68,2024-01-15 09:25:17,PHARMACY,DEBIT,FLORIDA,0
TXN04637,CUST034,35.34,2024-02-17 17:44:58,GROCERY,DEBIT,CALIFORNIA,0
TXN04638,CUST045,30.37,2024-01-29 21:54:08,PHARMACY,DEBIT,COLORADO,0
TXN04639,CUST136,48.14,2024-01-09 21:42:22,COFFEE_SHOP,DEBIT,TEXAS,0
TXN04640,CUST038,7612.61,2024-01-25 19:05:52,JEWELRY,DEBIT,CALIFORNIA,1
TXN04641,CUST159,77.53,2024-03-17 11:15:33,RESTAURANT,CREDIT,ARIZONA,0
TXN04642,CUST044,27.91,2024-03-21 22:25:58,COFFEE_SHOP,DEBIT,WASHINGTON,0
TXN04643,CUST028,61.75,2024-02-09 19:32:22,ONLINE,DEBIT,UNKNOWN,0
TXN04644,CUST008,23.38,2024-02-08 10:18:36,PHARMACY,CREDIT,HAWAII,0
TXN04645,CUST008,37.87,2024-03-13 11:16:20,COFFEE_SHOP,DEBIT,CALIFORNIA,0
TXN04646,CUST049,601.62,2024-01-07 08:34:35,RESTAURANT,DEBIT,UNKNOWN,1
TXN04647,CUST010,1087.78,2024-03-10 18:57:44,ELECTRONICS,DEBIT,UNKNOWN,0
TXN04648,CUST022,583.95,2024-01-06 18:12:22,ONLINE,DEBIT,NEVADA,0
TXN04649,CUST020,796.11,2024-03-13 21:17:06,ONLINE,CREDIT,NEW_YORK,0
TXN04650,CUST005,20.66,2024-03-02 14:51:40,RESTAURANT,DEBIT,ARIZONA,0
TXN04651,CUST017,380.34,2024-02-17 13:26:25,HOTEL,DEBIT,NEVADA,0
TXN04652,CUST009,104.76,2024-02-28 14:02:54,ELECTRONICS,DEBIT,OREGON,0
TXN04653,CUST012,261.9,2024-02-02 19:15:17,GROCERY,DEBIT,HAWAII,0
TXN04654,CUST198,254.84,2024-02-06 15:23:27,CLOTHING,DEBIT,WASHINGTON,0
TXN04655,CUST038,103.12,2024-01-20 11:25:26,RESTAURANT,CREDIT,ARIZONA,0
TXN04656,CUST032,374.29,2024-02-20 17:54:48,CLOTHING,DEBIT,ILLINOIS,0
TXN04657,CUST039,218.98,2024-03-18 14:57:40,ONLINE,DEBIT,FLORIDA,0
TXN04658,CUST168,46.49,2024-02-16 08:47:12,COFFEE_SHOP,DEBIT,UTAH,0
TXN04659,CUST026,435.29,2024-01-11 11:12:18,ONLINE,DEBIT,CALIFORNIA,0
TXN04660,CUST046,16.64,2024-01-24 17:34:03,COFFEE_SHOP,DEBIT,NEW_YORK,0
TXN04661,CUST045,483.03,2024-03-18 10:08:34,ONLINE,DEBIT,OREGON,0
TXN04662,CUST031,47.12,2024-02-04 08:04:33,GROCERY,DEBIT,NEVADA,0
TXN04663,CUST038,471.68,2024-03-14 18:55:27,HOTEL,DEBIT,COLORADO,0
TXN04664,CUST002,154.8,2024-01-16 12:30:21,GROCERY,DEBIT,ILLINOIS,0
TXN04665,CUST024,179.25,2024-02-19 09:59:49,GROCERY,CREDIT,WASHINGTON,0
TXN04666,CUST027,138.44,2024-01-04 10:15:31,RESTAURANT,DEBIT,CALIFORNIA,0
TXN04667,CUST024,166.08,2024-02-17 11:19:21,HOTEL,DEBIT,ARIZONA,0
TXN04668,CUST041,921.99,2024-01-13 21:20:01,HOTEL,DEBIT,MICHIGAN,1
TXN04669,CUST040,312.1,2024-03-29 18:17:20,HOTEL,DEBIT,UTAH,1
TXN04670,CUST076,723.68,2024-01-30 09:59:19,ELECTRONICS,DEBIT,UTAH,0
TXN04671,CUST001,205.35,2024-02-06 18:19:55,CLOTHING,CREDIT,TEXAS,0
TXN04672,CUST001,7.62,2024-03-01 21:17:42,COFFEE_SHOP,DEBIT,UNKNOWN,0
TXN04673,CUST093,67.48,2024-01-05 08:33:25,RESTAURANT,DEBIT,OREGON,0
TXN04674,CUST008,74.54,2024-01-05 15:19:16,RESTAURANT,DEBIT,ARIZONA,0
TXN04675,CUST023,30.15,2024-03-15 16:20:30,COFFEE_SHOP,DEBIT,MICHIGAN,0
TXN04676,CUST023,135.44,2024-03-05 17:15:08,CLOTHING,CREDIT,MONTANA,0
TXN04677,CUST040,416.71,2024-03-04 14:14:20,ELECTRONICS,CREDIT,NEW_YORK,0
TXN04678,CUST197,294.6,2024-01-29 08:27:30,ELECTRONICS,DEBIT,NEW_YORK,0
TXN04679,CUST028,112.46,2024-01-18 16:41:29,GAS_STATION,DEBIT,NEVADA,0
TXN04680,CUST038,625.81,2024-02-09 10:07:01,ELECTRONICS,DEBIT,COLORADO,0
TXN04681,CUST023,92.86,2024-02-09 12:06:31,PHARMACY,DEBIT,NEW_YORK,0
TXN04682,CUST018,16.74,2024-03-13 08:32:34,PHARMACY,CREDIT,UNKNOWN,0
TXN04683,CUST041,577.93,2024-03-06 19:58:24,ONLINE,CREDIT,COLORADO,0
TXN04684,CUST046,41.62,2024-02-19 13:33:20,PHARMACY,DEBIT,COLORADO,0
TXN04685,CUST005,98.34,2024-02-06 14:37:55,GAS_STATION,DEBIT,MONTANA,0
TXN04686,CUST040,318.31,2024-01-28 20:43:27,ATM,DEBIT,TEXAS,0
TXN04687,CUST025,72.71,2024-01-05 20:02:36,CLOTHING,DEBIT,NEVADA,0
TXN04688,CUST020,146.79,2024-02-16 20:49:42,JEWELRY,DEBIT,NEVADA,0
TXN04689,CUST030,1049.71,2024-02-02 19:59:38,JEWELRY,CREDIT,WASHINGTON,0
TXN04690,CUST119,18.57,2024-03-11 20:35:20,COFFEE_SHOP,DEBIT,OREGON,0
TXN04691,CUST007,339.7,2024-02-09 12:25:27,CLOTHING,CREDIT,CALIFORNIA,0
TXN04692,CUST010,1553.56,2024-03-19 17:14:05,JEWELRY,DEBIT,ILLINOIS,0
TXN04693,CUST155,609.49,2024-03-03 09:44:55,HOTEL,DEBIT,TEXAS,1
TXN04694,CUST037,462.87,2024-01-23 22:03:13,JEWELRY,CREDIT,FLORIDA,0
TXN04695,CUST003,271.14,2024-03-28 09:03:36,GAS_STATION,DEBIT,CALIFORNIA,1
TXN04696,CUST022,196.29,2024-02-18 09:48:05,CLOTHING,DEBIT,COLORADO,0
TXN04697,CUST024,50.37,2024-01-22 13:43:01,CLOTHING,CREDIT,NEVADA,0
TXN04698,CUST048,345.0,2024-03-07 21:13:48,HOTEL,DEBIT,ILLINOIS,0
TXN04699,CUST028,15.5,2024-01-17 21:07:59,COFFEE_SHOP,CREDIT,OREGON,0
TXN04700,CUST010,123.55,2024-02-13 14:52:05,RESTAURANT,DEBIT,ILLINOIS,0
TXN04701,CUST016,157.34,2024-02-16 22:38:54,CLOTHING,DEBIT,MICHIGAN,0
TXN04702,CUST026,342.63,2024-03-11 13:00:21,HOTEL,DEBIT,NEW_YORK,0
TXN04703,CUST050,495.48,2024-02-24 19:10:03,HOTEL,DEBIT,ILLINOIS,0
TXN04704,CUST014,47.98,2024-02-22 18:09:39,COFFEE_SHOP,DEBIT,CALIFORNIA,0
TXN04705,CUST008,82.46,2024-03-05 11:46:22,GAS_STATION,DEBIT,HAWAII,0
TXN04706,CUST030,60.84,2024-01-17 11:37:52,PHARMACY,CREDIT,NEW_YORK,0
TXN04707,CUST013,264.59,2024-03-29 09:07:04,JEWELRY,DEBIT,TEXAS,0
TXN04708,CUST012,986.43,2024-02-13 13:32:49,ELECTRONICS,DEBIT,HAWAII,0
TXN04709,CUST014,16.4,2024-01-15 22:48:45,COFFEE_SHOP,DEBIT,UNKNOWN,0
TXN04710,CUST013,121.2,2024-02-03 19:03:16,JEWELRY,DEBIT,WASHINGTON,0
TXN04711,CUST041,265.53,2024-03-18 08:19:25,ATM,CREDIT,WASHINGTON,0
TXN04712,CUST103,432.17,2024-03-27 10:19:32,HOTEL,DEBIT,WASHINGTON,0
TXN04713,CUST026,47.04,2024-03-25 11:31:22,GROCERY,DEBIT,OREGON,0
TXN04714,CUST015,289.49,2024-01-21 17:37:54,GROCERY,CREDIT,NEVADA,0
TXN04715,CUST045,336.39,2024-02-14 21:04:06,HOTEL,DEBIT,HAWAII,0
TXN04716,CUST060,84.38,2024-03-25 21:20:13,HOTEL,DEBIT,MICHIGAN,0
TXN04717,CUST029,113.96,2024-01-24 20:07:00,GAS_STATION,DEBIT,UNKNOWN,0
TXN04718,CUST023,1660.09,2024-03-01 10:25:07,JEWELRY,DEBIT,UTAH,0
TXN04719,CUST106,477.46,2024-03-24 21:36:08,ATM,DEBIT,UNKNOWN,0
TXN04720,CUST020,134.26,2024-02-05 14:59:36,ONLINE,DEBIT,CALIFORNIA,0
TXN04721,CUST047,30.96,2024-03-29 12:51:11,PHARMACY,DEBIT,NEVADA,0
TXN04722,CUST033,206.27,2024-01-14 12:40:15,ATM,CREDIT,HAWAII,0
TXN04723,CUST046,376.47,2024-02-04 21:45:32,ELECTRONICS,DEBIT,MONTANA,0
TXN04724,CUST013,72.84,2024-01-07 20:06:18,GROCERY,CREDIT,COLORADO,0
TXN04725,CUST026,57.24,2024-03-12 15:26:29,PHARMACY,DEBIT,WASHINGTON,0
TXN04726,CUST048,41.53,2024-01-22 13:38:34,COFFEE_SHOP,DEBIT,NEW_YORK,0
TXN04727,CUST028,2747.6,2024-01-23 20:57:26,ONLINE,DEBIT,ARIZONA,1
TXN04728,CUST010,37.02,2024-02-19 20:16:45,GAS_STATION,DEBIT,NEVADA,0
TXN04729,CUST048,154.29,2024-01-31 21:53:27,CLOTHING,CREDIT,CALIFORNIA,0
TXN04730,CUST020,108.86,2024-02-26 15:49:35,HOTEL,DEBIT,TEXAS,0
TXN04731,CUST034,662.2,2024-01-14 14:39:22,HOTEL,DEBIT,UNKNOWN,1
TXN04732,CUST009,36.07,2024-02-10 15:57:06,COFFEE_SHOP,CREDIT,COLORADO,0
TXN04733,CUST027,904.78,2024-02-21 18:47:20,ELECTRONICS,DEBIT,ARIZONA,0
TXN04734,CUST024,448.06,2024-02-26 15:41:32,ELECTRONICS,DEBIT,FLORIDA,0
TXN04735,CUST007,188.94,2024-01-31 11:05:48,HOTEL,CREDIT,WASHINGTON,0
TXN04736,CUST069,127.97,2024-02-23 21:05:14,ELECTRONICS,DEBIT,UNKNOWN,0
TXN04737,CUST024,141.84,2024-03-10 10:43:07,GAS_STATION,CREDIT,MICHIGAN,0
TXN04738,CUST004,227.9,2024-01-23 15:33:10,GROCERY,DEBIT,MONTANA,0
TXN04739,CUST038,107.41,2024-01-27 22:28:50,ELECTRONICS,DEBIT,CALIFORNIA,0
TXN04740,CUST038,807.5,2024-03-12 08:17:12,CLOTHING,DEBIT,ARIZONA,1
TXN04741,CUST036,94.94,2024-01-16 12:18:25,PHARMACY,CREDIT,TEXAS,0
TXN04742,CUST003,107.09,2024-01-06 15:18:02,GAS_STATION,DEBIT,ARIZONA,0
TXN04743,CUST026,48.83,2024-03-24 09:57:28,CLOTHING,DEBIT,TEXAS,0
TXN04744,CUST014,1446.21,2024-02-12 13:47:13,JEWELRY,DEBIT,ARIZONA,0
TXN04745,CUST002,9.32,2024-03-26 13:45:55,COFFEE_SHOP,CREDIT,WASHINGTON,0
TXN04746,CUST006,7319.77,2024-03-06 10:27:24,JEWELRY,DEBIT,ARIZONA,1
TXN04747,CUST002,473.53,2024-03-02 13:40:43,ATM,DEBIT,UTAH,0
TXN04748,CUST016,38.14,2024-01-22 12:49:41,COFFEE_SHOP,DEBIT,TEXAS,0
TXN04749,CUST043,25.62,2024-02-07 11:01:28,GAS_STATION,DEBIT,TEXAS,0
TXN04750,CUST047,39.88,2024-02-18 13:06:35,GAS_STATION,CREDIT,FLORIDA,0
TXN04751,CUST040,26.51,2024-02-21 19:34:12,COFFEE_SHOP,DEBIT,HAWAII,0
TXN04752,CUST040,50.13,2024-03-11 21:58:26,GROCERY,DEBIT,FLORIDA,0
TXN04753,CUST001,9.94,2024-03-24 11:03:34,COFFEE_SHOP,CREDIT,UNKNOWN,0
TXN04754,CUST111,14.85,2024-01-12 18:44:47,PHARMACY,CREDIT,COLORADO,0
TXN04755,CUST024,173.55,2024-02-08 09:45:49,GROCERY,DEBIT,FLORIDA,0
TXN04756,CUST015,1005.61,2024-02-28 19:07:23,HOTEL,DEBIT,MONTANA,1
TXN04757,CUST104,167.89,2024-01-10 22:14:54,RESTAURANT,CREDIT,WASHINGTON,0
TXN04758,CUST184,102.54,2024-03-18 08:28:16,GAS_STATION,CREDIT,ARIZONA,0
TXN04759,CUST015,319.41,2024-02-24 19:58:28,GROCERY,DEBIT,NEVADA,0
TXN04760,CUST033,27.92,2024-02-11 22:33:04,GROCERY,CREDIT,UTAH,0
TXN04761,CUST010,462.03,2024-02-03 09:10:32,HOTEL,DEBIT,UNKNOWN,0
TXN04762,CUST012,97.27,2024-03-10 18:44:11,PHARMACY,DEBIT,NEVADA,0
TXN04763,CUST041,507.73,2024-03-23 21:09:56,RESTAURANT,DEBIT,TEXAS,1
TXN04764,CUST047,132.56,2024-03-16 22:40:32,HOTEL,CREDIT,COLORADO,0
TXN04765,CUST039,713.7,2024-03-13 13:42:36,ELECTRONICS,DEBIT,NEVADA,0
TXN04766,CUST023,234.93,2024-01-03 14:19:05,RESTAURANT,DEBIT,HAWAII,1
TXN04767,CUST037,1925.17,2024-02-22 15:00:06,JEWELRY,DEBIT,UTAH,0
TXN04768,CUST008,426.8,2024-03-04 08:09:41,RESTAURANT,CREDIT,WASHINGTON,1
TXN04769,CUST022,107.71,2024-03-14 18:22:36,GAS_STATION,CREDIT,NEVADA,0
TXN04770,CUST001,78.85,2024-03-17 19:09:01,GAS_STATION,DEBIT,NEW_YORK,0
TXN04771,CUST088,690.87,2024-01-28 10:51:58,ELECTRONICS,DEBIT,COLORADO,0
TXN04772,CUST042,385.72,2024-02-03 08:13:17,PHARMACY,DEBIT,OREGON,1
TXN04773,CUST037,1411.23,2024-01-29 22:01:13,ELECTRONICS,CREDIT,HAWAII,0
TXN04774,CUST114,30.28,2024-01-29 16:48:07,PHARMACY,DEBIT,OREGON,0
TXN04775,CUST039,5456.43,2024-02-02 14:14:10,ELECTRONICS,DEBIT,UTAH,1
TXN04776,CUST031,255.34,2024-03-18 20:05:36,ATM,DEBIT,TEXAS,0
TXN04777,CUST056,1414.84,2024-03-20 12:29:21,ONLINE,CREDIT,NEW_YORK,1
TXN04778,CUST007,250.56,2024-01-28 10:24:23,CLOTHING,DEBIT,UNKNOWN,0
TXN04779,CUST033,676.9,2024-02-27 14:26:54,JEWELRY,DEBIT,NEW_YORK,0
TXN04780,CUST171,365.73,2024-01-28 20:12:34,JEWELRY,DEBIT,UTAH,0
TXN04781,CUST018,581.63,2024-01-31 18:13:25,JEWELRY,DEBIT,FLORIDA,0
TXN04782,CUST034,7477.15,2024-02-25 12:26:35,JEWELRY,CREDIT,MONTANA,1
TXN04783,CUST139,1149.48,2024-03-19 10:55:18,JEWELRY,DEBIT,ILLINOIS,1
TXN04784,CUST001,48.32,2024-02-21 08:49:21,COFFEE_SHOP,DEBIT,ARIZONA,0
TXN04785,CUST027,6.71,2024-01-11 15:30:52,COFFEE_SHOP,CREDIT,TEXAS,0
TXN04786,CUST029,938.87,2024-02-15 10:10:15,CLOTHING,CREDIT,COLORADO,1
TXN04787,CUST163,3245.83,2024-01-24 14:24:48,ONLINE,DEBIT,ARIZONA,1
TXN04788,CUST035,272.83,2024-02-19 12:37:11,GROCERY,DEBIT,OREGON,0
TXN04789,CUST181,29.03,2024-03-17 14:33:07,COFFEE_SHOP,CREDIT,WASHINGTON,0
TXN04790,CUST035,409.68,2024-03-12 10:54:49,HOTEL,DEBIT,MONTANA,0
TXN04791,CUST037,1996.43,2024-02-19 21:39:17,JEWELRY,DEBIT,HAWAII,0
TXN04792,CUST133,332.46,2024-01-13 10:12:21,GROCERY,DEBIT,MONTANA,0
TXN04793,CUST020,224.93,2024-01-11 14:20:16,CLOTHING,DEBIT,WASHINGTON,0
TXN04794,CUST025,1177.83,2024-03-23 09:23:14,ELECTRONICS,CREDIT,HAWAII,0
TXN04795,CUST024,99.59,2024-01-22 09:02:09,HOTEL,CREDIT,OREGON,0
TXN04796,CUST004,552.28,2024-01-28 13:40:59,ONLINE,DEBIT,FLORIDA,0
TXN04797,CUST046,151.17,2024-01-27 16:26:21,RESTAURANT,DEBIT,ARIZONA,0
TXN04798,CUST029,289.41,2024-03-22 13:47:22,ONLINE,CREDIT,OREGON,0
TXN04799,CUST008,49.4,2024-02-15 22:31:38,PHARMACY,CREDIT,COLORADO,0
TXN04800,CUST060,331.52,2024-01-19 16:47:34,GROCERY,CREDIT,HAWAII,0
TXN04801,CUST012,3521.99,2024-01-11 12:31:55,JEWELRY,CREDIT,FLORIDA,1
TXN04802,CUST011,112.17,2024-01-18 08:13:15,GAS_STATION,DEBIT,MICHIGAN,0
TXN04803,CUST050,752.63,2024-02-07 10:52:01,ELECTRONICS,DEBIT,ILLINOIS,0
TXN04804,CUST032,371.42,2024-02-19 17:19:38,ONLINE,CREDIT,ARIZONA,0
TXN04805,CUST001,1477.12,2024-01-23 10:03:06,JEWELRY,DEBIT,UNKNOWN,0
TXN04806,CUST160,128.91,2024-03-13 16:54:52,GAS_STATION,DEBIT,HAWAII,0
TXN04807,CUST130,42.77,2024-02-19 11:01:00,ONLINE,CREDIT,ARIZONA,0
TXN04808,CUST040,557.52,2024-01-27 17:01:45,JEWELRY,DEBIT,TEXAS,0
TXN04809,CUST042,4346.09,2024-02-28 18:43:38,ELECTRONICS,CREDIT,CALIFORNIA,1
TXN04810,CUST021,2651.98,2024-01-14 09:10:16,ONLINE,DEBIT,HAWAII,1
TXN04811,CUST019,149.24,2024-02-07 15:33:43,GAS_STATION,DEBIT,FLORIDA,0
TXN04812,CUST043,15.0,2024-03-11 17:07:44,PHARMACY,DEBIT,MONTANA,0
TXN04813,CUST145,43.82,2024-02-03 18:57:48,COFFEE_SHOP,DEBIT,UNKNOWN,0
TXN04814,CUST004,336.28,2024-01-13 16:54:48,CLOTHING,CREDIT,ILLINOIS,0
TXN04815,CUST016,25.15,2024-03-07 10:03:43,PHARMACY,DEBIT,ILLINOIS,0
TXN04816,CUST091,111.89,2024-02-07 20:15:59,RESTAURANT,DEBIT,MONTANA,0
TXN04817,CUST004,470.84,2024-02-24 17:21:17,ONLINE,DEBIT,UTAH,0
TXN04818,CUST043,97.12,2024-01-22 22:11:53,PHARMACY,DEBIT,FLORIDA,0
TXN04819,CUST170,52.79,2024-01-15 21:09:30,CLOTHING,CREDIT,ILLINOIS,0
TXN04820,CUST044,335.98,2024-01-20 11:35:09,HOTEL,DEBIT,OREGON,0
TXN04821,CUST031,97.17,2024-01-08 20:01:56,GAS_STATION,CREDIT,ARIZONA,0
TXN04822,CUST040,266.11,2024-02-05 10:57:08,ELECTRONICS,CREDIT,COLORADO,0
TXN04823,CUST117,233.67,2024-02-09 19:10:00,CLOTHING,DEBIT,OREGON,0
TXN04824,CUST023,84.71,2024-02-04 11:04:32,GAS_STATION,DEBIT,NEW_YORK,0
TXN04825,CUST019,50.13,2024-01-24 21:47:54,PHARMACY,DEBIT,ILLINOIS,0
TXN04826,CUST002,143.25,2024-02-22 13:22:36,GAS_STATION,DEBIT,WASHINGTON,0
TXN04827,CUST023,33.53,2024-03-12 20:32:49,PHARMACY,DEBIT,WASHINGTON,0
TXN04828,CUST033,1849.27,2024-03-08 12:40:54,JEWELRY,DEBIT,MONTANA,0
TXN04829,CUST003,351.51,2024-02-04 08:39:09,GROCERY,CREDIT,FLORIDA,1
TXN04830,CUST031,77.09,2024-02-01 22:12:53,CLOTHING,CREDIT,NEW_YORK,0
TXN04831,CUST008,491.49,2024-02-15 20:41:20,JEWELRY,DEBIT,COLORADO,0
TXN04832,CUST005,41.94,2024-02-27 11:40:06,PHARMACY,DEBIT,TEXAS,0
TXN04833,CUST029,92.0,2024-02-20 13:23:26,HOTEL,CREDIT,UNKNOWN,0
TXN04834,CUST028,815.83,2024-02-19 08:50:33,ELECTRONICS,DEBIT,COLORADO,0
TXN04835,CUST001,330.83,2024-01-31 09:15:37,ONLINE,DEBIT,NEVADA,0
TXN04836,CUST027,342.68,2024-02-16 15:54:11,HOTEL,CREDIT,MICHIGAN,1
TXN04837,CUST048,5816.22,2024-03-16 18:26:18,ELECTRONICS,CREDIT,OREGON,1
TXN04838,CUST020,1413.74,2024-03-20 14:13:51,ELECTRONICS,CREDIT,MONTANA,0
TXN04839,CUST024,321.22,2024-02-09 11:20:46,HOTEL,CREDIT,ARIZONA,0
TXN04840,CUST046,33.2,2024-03-07 08:42:34,GROCERY,DEBIT,MONTANA,0
TXN04841,CUST011,88.23,2024-02-28 18:13:54,GAS_STATION,DEBIT,ILLINOIS,0
TXN04842,CUST140,144.32,2024-03-15 08:42:37,RESTAURANT,CREDIT,MICHIGAN,0
TXN04843,CUST039,227.89,2024-02-22 13:16:04,HOTEL,DEBIT,COLORADO,0
TXN04844,CUST052,126.13,2024-02-06 15:50:35,GAS_STATION,CREDIT,MONTANA,0
TXN04845,CUST014,58.97,2024-02-16 17:08:33,PHARMACY,DEBIT,TEXAS,0
TXN04846,CUST013,47.16,2024-01-14 09:54:10,COFFEE_SHOP,DEBIT,MONTANA,0
TXN04847,CUST196,14.38,2024-03-28 12:38:53,PHARMACY,DEBIT,CALIFORNIA,0
TXN04848,CUST040,174.76,2024-03-29 08:11:06,GROCERY,DEBIT,ILLINOIS,0
TXN04849,CUST008,214.14,2024-03-06 17:56:01,CLOTHING,DEBIT,UTAH,0
TXN04850,CUST184,11.88,2024-03-21 17:46:53,COFFEE_SHOP,CREDIT,COLORADO,0
TXN04851,CUST040,1837.31,2024-03-05 19:10:55,JEWELRY,CREDIT,UTAH,0
TXN04852,CUST001,52.0,2024-02-07 08:31:42,RESTAURANT,DEBIT,UTAH,0
TXN04853,CUST036,45.21,2024-03-21 20:30:25,PHARMACY,CREDIT,MONTANA,0
TXN04854,CUST044,490.46,2024-02-02 21:43:30,HOTEL,DEBIT,NEW_YORK,1
TXN04855,CUST112,212.5,2024-03-04 14:29:09,GROCERY,DEBIT,FLORIDA,0
TXN04856,CUST009,3022.15,2024-03-04 16:39:48,JEWELRY,DEBIT,HAWAII,1
TXN04857,CUST038,37.49,2024-01-07 18:54:34,ONLINE,DEBIT,ILLINOIS,0
TXN04858,CUST145,147.8,2024-03-06 08:54:36,GROCERY,DEBIT,ARIZONA,0
TXN04859,CUST030,908.12,2024-01-28 17:11:39,JEWELRY,CREDIT,CALIFORNIA,0
TXN04860,CUST023,36.36,2024-02-27 16:37:46,COFFEE_SHOP,DEBIT,OREGON,0
TXN04861,CUST031,66.05,2024-03-17 19:31:07,RESTAURANT,DEBIT,ARIZONA,0
TXN04862,CUST002,217.69,2024-03-19 19:33:53,CLOTHING,DEBIT,MICHIGAN,0
TXN04863,CUST028,317.9,2024-03-24 13:12:36,ATM,DEBIT,UNKNOWN,0
TXN04864,CUST046,326.35,2024-01-20 21:46:34,HOTEL,CREDIT,OREGON,0
TXN04865,CUST050,73.45,2024-03-15 19:05:28,RESTAURANT,DEBIT,ILLINOIS,0
TXN04866,CUST024,397.3,2024-01-26 22:28:37,CLOTHING,CREDIT,FLORIDA,0
TXN04867,CUST016,101.54,2024-01-10 15:51:27,CLOTHING,DEBIT,NEW_YORK,0
TXN04868,CUST046,18.72,2024-02-09 16:09:14,GROCERY,DEBIT,ILLINOIS,0
TXN04869,CUST021,3373.05,2024-02-25 16:39:36,JEWELRY,DEBIT,ILLINOIS,1
TXN04870,CUST167,107.16,2024-02-08 22:52:46,HOTEL,CREDIT,OREGON,0
TXN04871,CUST002,139.98,2024-03-10 19:39:43,GAS_STATION,CREDIT,TEXAS,0
TXN04872,CUST135,733.38,2024-02-29 11:51:46,ONLINE,DEBIT,ARIZONA,0
TXN04873,CUST041,351.61,2024-01-30 09:29:26,ELECTRONICS,DEBIT,FLORIDA,0
TXN04874,CUST045,192.71,2024-03-10 16:06:26,GROCERY,CREDIT,NEVADA,0
TXN04875,CUST014,116.66,2024-02-25 16:48:53,HOTEL,DEBIT,WASHINGTON,0
TXN04876,CUST083,123.51,2024-03-11 11:37:45,CLOTHING,DEBIT,CALIFORNIA,0
TXN04877,CUST050,58.96,2024-03-07 21:50:48,PHARMACY,DEBIT,UTAH,0
TXN04878,CUST013,183.66,2024-01-26 13:44:43,RESTAURANT,CREDIT,CALIFORNIA,0
TXN04879,CUST109,162.16,2024-01-28 11:15:23,GROCERY,DEBIT,COLORADO,0
TXN04880,CUST034,66.24,2024-03-11 20:22:14,GAS_STATION,DEBIT,HAWAII,0
TXN04881,CUST161,43.47,2024-02-09 22:01:10,COFFEE_SHOP,DEBIT,ARIZONA,0
TXN04882,CUST039,4719.89,2024-01-16 21:49:25,ONLINE,CREDIT,HAWAII,1
TXN04883,CUST001,1139.63,2024-03-20 19:57:51,ELECTRONICS,CREDIT,MICHIGAN,0
TXN04884,CUST008,86.59,2024-03-11 09:37:28,PHARMACY,DEBIT,ILLINOIS,0
TXN04885,CUST010,112.13,2024-01-12 13:38:23,RESTAURANT,DEBIT,ARIZONA,0
TXN04886,CUST040,21.87,2024-02-11 09:02:07,RESTAURANT,DEBIT,COLORADO,0
TXN04887,CUST016,344.86,2024-01-28 16:27:27,GROCERY,DEBIT,UNKNOWN,0
TXN04888,CUST013,354.93,2024-02-27 15:57:27,CLOTHING,DEBIT,OREGON,1
TXN04889,CUST003,16.95,2024-01-25 10:11:40,COFFEE_SHOP,DEBIT,ARIZONA,0
TXN04890,CUST031,298.12,2024-02-14 12:58:12,HOTEL,DEBIT,MICHIGAN,0
TXN04891,CUST050,132.35,2024-01-29 13:50:34,ATM,DEBIT,MICHIGAN,0
TXN04892,CUST103,18.8,2024-02-19 19:52:05,COFFEE_SHOP,CREDIT,UNKNOWN,0
TXN04893,CUST005,351.73,2024-01-05 22:13:56,CLOTHING,CREDIT,MICHIGAN,0
TXN04894,CUST027,308.6,2024-01-03 20:46:05,ATM,CREDIT,UTAH,0
TXN04895,CUST043,330.12,2024-01-19 13:20:51,ONLINE,DEBIT,MONTANA,0
TXN04896,CUST014,15.85,2024-01-23 17:11:43,COFFEE_SHOP,CREDIT,COLORADO,0
TXN04897,CUST021,865.34,2024-03-02 11:48:22,JEWELRY,DEBIT,UNKNOWN,0
TXN04898,CUST039,21.76,2024-01-14 12:09:08,COFFEE_SHOP,CREDIT,COLORADO,0
TXN04899,CUST017,1788.44,2024-03-12 19:59:20,JEWELRY,DEBIT,COLORADO,0
TXN04900,CUST004,117.78,2024-03-25 15:05:09,GAS_STATION,DEBIT,NEW_YORK,0
TXN04901,CUST053,343.77,2024-03-08 10:39:19,ATM,DEBIT,NEW_YORK,0
TXN04902,CUST109,170.63,2024-03-11 17:54:36,CLOTHING,DEBIT,UNKNOWN,0
TXN04903,CUST035,301.47,2024-03-25 19:51:18,ONLINE,DEBIT,MICHIGAN,0
TXN04904,CUST014,125.07,2024-02-01 16:02:07,GAS_STATION,CREDIT,UTAH,0
TXN04905,CUST047,72.59,2024-02-13 21:07:15,RESTAURANT,DEBIT,WASHINGTON,0
TXN04906,CUST002,116.17,2024-02-29 22:09:04,GROCERY,DEBIT,MONTANA,0
TXN04907,CUST096,191.81,2024-02-15 15:09:56,RESTAURANT,DEBIT,NEW_YORK,0
TXN04908,CUST013,31.13,2024-01-14 09:52:44,COFFEE_SHOP,DEBIT,ARIZONA,0
TXN04909,CUST067,396.27,2024-02-06 08:03:39,ATM,DEBIT,TEXAS,0
TXN04910,CUST010,290.93,2024-02-09 11:19:59,ELECTRONICS,CREDIT,OREGON,0
TXN04911,CUST040,27.52,2024-02-13 19:52:02,COFFEE_SHOP,DEBIT,UNKNOWN,0
TXN04912,CUST020,399.51,2024-01-06 18:19:43,HOTEL,DEBIT,NEVADA,1
TXN04913,CUST014,97.13,2024-01-25 09:28:15,CLOTHING,CREDIT,TEXAS,0
TXN04914,CUST012,786.42,2024-01-16 11:13:28,ELECTRONICS,DEBIT,MICHIGAN,0
TXN04915,CUST047,78.47,2024-03-15 22:26:17,PHARMACY,DEBIT,MICHIGAN,0
TXN04916,CUST181,2405.73,2024-03-17 18:40:04,ELECTRONICS,CREDIT,ILLINOIS,1
TXN04917,CUST045,20.34,2024-02-03 12:56:53,PHARMACY,DEBIT,ILLINOIS,0
TXN04918,CUST024,27.41,2024-01-07 15:02:17,GAS_STATION,DEBIT,UNKNOWN,0
TXN04919,CUST067,498.41,2024-02-10 08:21:03,ATM,DEBIT,OREGON,0
TXN04920,CUST013,26.32,2024-01-25 15:49:29,RESTAURANT,CREDIT,TEXAS,0
TXN04921,CUST039,909.27,2024-01-18 15:22:46,HOTEL,DEBIT,NEW_YORK,1
TXN04922,CUST039,107.02,2024-01-03 18:44:38,RESTAURANT,DEBIT,UNKNOWN,0
TXN04923,CUST050,156.7,2024-02-10 10:28:59,ATM,CREDIT,CALIFORNIA,0
TXN04924,CUST047,23.13,2024-03-29 13:38:04,RESTAURANT,DEBIT,OREGON,0
TXN04925,CUST003,379.77,2024-03-02 21:42:31,ATM,DEBIT,FLORIDA,0
TXN04926,CUST182,178.5,2024-01-15 12:29:50,GROCERY,DEBIT,HAWAII,0
TXN04927,CUST017,394.13,2024-02-02 21:47:22,HOTEL,CREDIT,ILLINOIS,0
TXN04928,CUST029,86.88,2024-02-22 17:44:06,PHARMACY,DEBIT,UTAH,0
TXN04929,CUST048,172.35,2024-03-12 11:42:45,RESTAURANT,DEBIT,UNKNOWN,0
TXN04930,CUST177,260.98,2024-01-07 09:57:20,CLOTHING,DEBIT,CALIFORNIA,0
TXN04931,CUST097,129.39,2024-01-23 17:57:10,GAS_STATION,DEBIT,MONTANA,0
TXN04932,CUST009,161.31,2024-02-25 18:37:18,CLOTHING,DEBIT,WASHINGTON,0
TXN04933,CUST188,381.44,2024-03-21 11:10:35,ATM,DEBIT,HAWAII,0
TXN04934,CUST057,83.52,2024-03-20 14:58:35,CLOTHING,DEBIT,HAWAII,0
TXN04935,CUST047,77.35,2024-03-16 19:01:23,GAS_STATION,CREDIT,ARIZONA,0
TXN04936,CUST046,298.08,2024-03-26 09:13:31,HOTEL,DEBIT,CALIFORNIA,0
TXN04937,CUST025,247.16,2024-01-24 19:58:36,GROCERY,CREDIT,ARIZONA,0
TXN04938,CUST014,81.98,2024-02-03 14:36:22,CLOTHING,CREDIT,TEXAS,0
TXN04939,CUST012,260.93,2024-02-23 19:49:56,GROCERY,DEBIT,HAWAII,0
TXN04940,CUST146,66.65,2024-02-21 18:19:48,GAS_STATION,DEBIT,COLORADO,0
TXN04941,CUST081,354.63,2024-02-15 09:59:14,HOTEL,DEBIT,TEXAS,0
TXN04942,CUST036,220.76,2024-02-25 17:25:03,ONLINE,DEBIT,ARIZONA,0
TXN04943,CUST002,265.06,2024-02-14 19:10:15,JEWELRY,DEBIT,NEVADA,0
TXN04944,CUST008,298.82,2024-03-11 12:08:00,ATM,CREDIT,CALIFORNIA,0
TXN04945,CUST041,1062.88,2024-01-14 21:33:46,ELECTRONICS,DEBIT,COLORADO,0
TXN04946,CUST034,522.8,2024-01-30 20:23:36,ELECTRONICS,DEBIT,FLORIDA,0
TXN04947,CUST018,1123.3,2024-02-20 13:57:56,JEWELRY,DEBIT,CALIFORNIA,0
TXN04948,CUST006,71.68,2024-01-28 11:01:28,PHARMACY,CREDIT,COLORADO,0
TXN04949,CUST007,1179.28,2024-01-25 09:13:07,JEWELRY,DEBIT,WASHINGTON,0
TXN04950,CUST046,73.12,2024-01-10 21:43:09,PHARMACY,DEBIT,MONTANA,0
TXN04951,CUST193,30.07,2024-01-17 11:14:57,PHARMACY,CREDIT,FLORIDA,0
TXN04952,CUST007,1465.55,2024-01-11 20:26:04,JEWELRY,DEBIT,OREGON,0
TXN04953,CUST083,489.6,2024-03-03 10:09:14,HOTEL,DEBIT,NEW_YORK,0
TXN04954,CUST053,50.22,2024-02-12 11:41:06,PHARMACY,DEBIT,WASHINGTON,0
TXN04955,CUST181,6.74,2024-02-28 20:53:45,COFFEE_SHOP,DEBIT,FLORIDA,0
TXN04956,CUST077,21.3,2024-02-23 15:55:42,COFFEE_SHOP,CREDIT,NEW_YORK,0
TXN04957,CUST131,1465.21,2024-03-02 11:12:49,JEWELRY,CREDIT,UTAH,0
TXN04958,CUST022,23.74,2024-03-10 15:29:02,COFFEE_SHOP,CREDIT,COLORADO,0
TXN04959,CUST136,179.75,2024-02-07 10:12:23,ONLINE,DEBIT,HAWAII,0
TXN04960,CUST074,28.05,2024-02-11 08:37:52,GROCERY,DEBIT,HAWAII,0
TXN04961,CUST042,25.7,2024-02-16 19:59:10,PHARMACY,DEBIT,ARIZONA,0
TXN04962,CUST042,893.45,2024-02-10 09:58:59,ELECTRONICS,DEBIT,WASHINGTON,0
TXN04963,CUST048,42.43,2024-02-03 21:30:53,COFFEE_SHOP,DEBIT,UNKNOWN,0
TXN04964,CUST007,121.0,2024-02-16 10:13:55,CLOTHING,DEBIT,WASHINGTON,0
TXN04965,CUST031,350.03,2024-02-13 16:19:44,ATM,CREDIT,NEW_YORK,0
TXN04966,CUST010,28.65,2024-03-04 12:35:20,CLOTHING,DEBIT,MONTANA,0
TXN04967,CUST024,1195.75,2024-03-25 18:59:29,JEWELRY,DEBIT,MONTANA,0
TXN04968,CUST046,446.58,2024-02-03 08:33:16,ATM,DEBIT,UTAH,0
TXN04969,CUST046,199.22,2024-02-24 14:58:55,HOTEL,DEBIT,CALIFORNIA,0
TXN04970,CUST001,331.63,2024-03-22 21:38:23,GROCERY,DEBIT,ARIZONA,0
TXN04971,CUST040,93.27,2024-02-19 19:10:19,PHARMACY,DEBIT,TEXAS,0
TXN04972,CUST036,112.91,2024-02-19 15:56:04,RESTAURANT,DEBIT,CALIFORNIA,0
TXN04973,CUST124,106.69,2024-03-24 19:59:35,JEWELRY,DEBIT,NEW_YORK,0
TXN04974,CUST176,1748.56,2024-01-21 14:00:45,JEWELRY,CREDIT,NEVADA,0
TXN04975,CUST019,1238.02,2024-01-28 10:57:32,JEWELRY,DEBIT,NEVADA,0
TXN04976,CUST010,1247.95,2024-03-28 12:20:16,JEWELRY,CREDIT,WASHINGTON,0
TXN04977,CUST106,68.65,2024-02-24 21:35:53,ATM,DEBIT,MONTANA,0
TXN04978,CUST003,913.27,2024-02-19 12:15:11,ONLINE,CREDIT,MICHIGAN,1
TXN04979,CUST030,220.95,2024-02-02 18:46:39,GROCERY,DEBIT,TEXAS,0
TXN04980,CUST007,95.21,2024-02-23 14:14:28,ONLINE,DEBIT,ARIZONA,0
TXN04981,CUST042,197.64,2024-01-31 11:03:25,ONLINE,DEBIT,ILLINOIS,0
TXN04982,CUST011,436.99,2024-02-18 22:53:55,GROCERY,DEBIT,MONTANA,1
TXN04983,CUST137,3077.72,2024-03-08 15:58:29,ONLINE,CREDIT,CALIFORNIA,1
TXN04984,CUST032,717.01,2024-02-27 16:19:01,ONLINE,CREDIT,WASHINGTON,0
TXN04985,CUST005,61.56,2024-01-21 09:51:41,GAS_STATION,CREDIT,MICHIGAN,0
TXN04986,CUST193,135.89,2024-01-28 10:19:34,GAS_STATION,DEBIT,WASHINGTON,0
TXN04987,CUST039,19.81,2024-01-25 22:23:19,PHARMACY,DEBIT,FLORIDA,0
TXN04988,CUST014,5213.41,2024-03-23 16:11:25,ELECTRONICS,DEBIT,MONTANA,1
TXN04989,CUST046,215.24,2024-02-11 19:08:04,GROCERY,DEBIT,WASHINGTON,0
TXN04990,CUST014,155.34,2024-01-17 12:20:15,ONLINE,DEBIT,MONTANA,0
TXN04991,CUST161,14.7,2024-02-03 15:58:42,PHARMACY,DEBIT,FLORIDA,0
TXN04992,CUST044,247.55,2024-02-17 21:23:08,HOTEL,CREDIT,NEVADA,0
TXN04993,CUST031,491.88,2024-01-05 17:21:36,ONLINE,CREDIT,FLORIDA,0
TXN04994,CUST004,6336.76,2024-02-25 13:51:27,JEWELRY,DEBIT,WASHINGTON,1
TXN04995,CUST019,1122.73,2024-03-17 22:53:52,HOTEL,CREDIT,COLORADO,1
TXN04996,CUST020,47.41,2024-03-05 08:56:45,GROCERY,CREDIT,CALIFORNIA,0
TXN04997,CUST010,185.36,2024-02-26 12:47:13,CLOTHING,DEBIT,MICHIGAN,0
TXN04998,CUST013,385.89,2024-01-14 18:28:36,ATM,CREDIT,NEW_YORK,0
TXN04999,CUST153,58.98,2024-02-24 21:10:39,PHARMACY,DEBIT,ARIZONA,0
TXN05000,CUST023,1836.68,2024-02-25 22:17:36,ATM,DEBIT,OREGON,1
TXN05001,CUST024,390.05,2024-03-09 14:53:42,ELECTRONICS,DEBIT,OREGON,0
TXN05002,CUST010,87.11,2024-02-29 22:31:42,GROCERY,DEBIT,UNKNOWN,0
TXN05003,CUST070,141.52,2024-01-25 12:28:41,ONLINE,CREDIT,WASHINGTON,0
TXN05004,CUST030,79.1,2024-02-27 18:25:50,RESTAURANT,DEBIT,UNKNOWN,0
TXN05005,CUST049,5454.24,2024-02-20 08:16:15,JEWELRY,DEBIT,TEXAS,1
TXN05006,CUST043,138.84,2024-02-02 14:27:48,GAS_STATION,DEBIT,TEXAS,0
TXN05007,CUST001,988.09,2024-01-15 08:12:20,GROCERY,DEBIT,TEXAS,1
TXN05008,CUST002,262.19,2024-03-23 08:46:38,GROCERY,DEBIT,MONTANA,0
TXN05009,CUST155,90.69,2024-01-15 14:28:13,GAS_STATION,DEBIT,UTAH,0
TXN05010,CUST186,480.54,2024-01-22 21:01:04,GAS_STATION,DEBIT,NEW_YORK,1
TXN05011,CUST041,116.14,2024-02-04 17:32:09,JEWELRY,DEBIT,UNKNOWN,0
TXN05012,CUST019,344.04,2024-03-03 20:55:17,CLOTHING,DEBIT,NEVADA,0
TXN05013,CUST044,459.43,2024-02-20 15:58:25,ONLINE,DEBIT,NEVADA,0
TXN05014,CUST001,49.33,2024-02-15 11:32:28,ATM,DEBIT,ILLINOIS,0
TXN05015,CUST037,2467.43,2024-02-07 21:11:43,ONLINE,DEBIT,NEW_YORK,1
TXN05016,CUST138,259.48,2024-03-20 12:01:59,ONLINE,DEBIT,ILLINOIS,0
TXN05017,CUST104,251.86,2024-03-22 12:14:09,GROCERY,CREDIT,FLORIDA,0
TXN05018,CUST009,145.59,2024-03-05 12:52:59,GAS_STATION,DEBIT,UTAH,0
TXN05019,CUST003,66.29,2024-03-28 19:12:34,GAS_STATION,CREDIT,MONTANA,0
TXN05020,CUST023,41.32,2024-03-06 21:49:42,COFFEE_SHOP,DEBIT,MONTANA,0
TXN05021,CUST049,48.48,2024-02-24 11:59:57,COFFEE_SHOP,DEBIT,NEW_YORK,0
TXN05022,CUST036,42.51,2024-02-23 18:12:38,COFFEE_SHOP,DEBIT,FLORIDA,0
TXN05023,CUST021,185.72,2024-01-24 10:29:25,HOTEL,CREDIT,UTAH,0
TXN05024,CUST014,336.3,2024-03-27 12:29:42,HOTEL,CREDIT,WASHINGTON,0
TXN05025,CUST021,261.42,2024-01-04 12:15:42,ELECTRONICS,DEBIT,MONTANA,0
TXN05026,CUST041,3679.63,2024-03-13 22:43:08,ELECTRONICS,DEBIT,TEXAS,1
TXN05027,CUST020,235.55,2024-01-12 14:04:18,CLOTHING,CREDIT,NEVADA,1
TXN05028,CUST029,140.04,2024-03-24 13:27:04,JEWELRY,DEBIT,MONTANA,0
TXN05029,CUST184,366.33,2024-01-27 09:44:14,ATM,CREDIT,NEVADA,0
TXN05030,CUST047,675.82,2024-03-13 08:48:48,CLOTHING,DEBIT,COLORADO,1
TXN05031,CUST012,355.69,2024-02-14 22:17:46,HOTEL,DEBIT,UTAH,0
TXN05032,CUST039,1888.35,2024-03-10 11:16:24,JEWELRY,CREDIT,HAWAII,0
TXN05033,CUST010,1356.44,2024-03-24 17:20:35,ELECTRONICS,CREDIT,NEVADA,0
TXN05034,CUST022,1091.19,2024-01-29 10:15:59,ELECTRONICS,DEBIT,TEXAS,0
TXN05035,CUST016,61.4,2024-01-04 11:57:27,GAS_STATION,CREDIT,NEW_YORK,0
TXN05036,CUST001,287.44,2024-01-21 12:41:22,JEWELRY,CREDIT,NEW_YORK,0
TXN05037,CUST007,453.86,2024-02-03 22:03:44,ATM,DEBIT,UTAH,0
TXN05038,CUST172,41.38,2024-03-03 19:16:46,CLOTHING,DEBIT,ARIZONA,0
TXN05039,CUST015,993.64,2024-03-04 20:24:26,JEWELRY,DEBIT,OREGON,0
TXN05040,CUST014,831.48,2024-03-14 21:18:44,GROCERY,DEBIT,FLORIDA,1
TXN05041,CUST050,144.45,2024-03-22 10:58:59,RESTAURANT,DEBIT,OREGON,0
TXN05042,CUST047,29.6,2024-02-12 13:12:44,GROCERY,DEBIT,WASHINGTON,0
TXN05043,CUST043,65.19,2024-03-28 13:12:47,PHARMACY,DEBIT,FLORIDA,0
TXN05044,CUST046,24.04,2024-03-11 21:26:50,PHARMACY,CREDIT,MONTANA,0
TXN05045,CUST034,107.42,2024-02-20 12:44:11,GAS_STATION,DEBIT,ARIZONA,0
TXN05046,CUST011,42.99,2024-03-09 09:02:04,RESTAURANT,DEBIT,COLORADO,0
TXN05047,CUST004,26.53,2024-01-09 19:21:24,PHARMACY,CREDIT,MONTANA,0
TXN05048,CUST082,210.44,2024-03-05 22:03:50,HOTEL,CREDIT,ILLINOIS,0
TXN05049,CUST126,846.05,2024-01-01 10:29:44,JEWELRY,CREDIT,MICHIGAN,0
TXN05050,CUST140,458.73,2024-02-11 19:37:35,HOTEL,CREDIT,FLORIDA,1
TXN05051,CUST022,67.96,2024-03-09 16:02:37,RESTAURANT,DEBIT,ARIZONA,0
TXN05052,CUST176,105.19,2024-01-08 17:45:30,GAS_STATION,DEBIT,HAWAII,0
TXN05053,CUST005,215.69,2024-01-22 18:46:58,GROCERY,DEBIT,UNKNOWN,0
TXN05054,CUST034,18.99,2024-01-16 11:59:53,GROCERY,CREDIT,NEW_YORK,0
TXN05055,CUST048,914.41,2024-03-04 18:53:39,CLOTHING,DEBIT,ARIZONA,1
TXN05056,CUST001,9.67,2024-02-12 11:21:23,COFFEE_SHOP,DEBIT,UTAH,0
TXN05057,CUST179,35.83,2024-01-10 10:34:14,COFFEE_SHOP,DEBIT,MICHIGAN,0
TXN05058,CUST043,19.96,2024-02-25 17:18:45,RESTAURANT,DEBIT,WASHINGTON,0
TXN05059,CUST003,978.6,2024-01-08 10:59:32,ELECTRONICS,CREDIT,OREGON,0
TXN05060,CUST033,3414.85,2024-03-04 17:50:23,JEWELRY,CREDIT,ARIZONA,1
TXN05061,CUST037,174.17,2024-02-24 14:00:29,ATM,DEBIT,ILLINOIS,0
TXN05062,CUST046,187.39,2024-03-05 15:19:41,CLOTHING,DEBIT,WASHINGTON,0
TXN05063,CUST194,59.21,2024-01-03 12:30:23,CLOTHING,DEBIT,OREGON,0
TXN05064,CUST046,155.71,2024-02-10 15:29:28,RESTAURANT,DEBIT,UTAH,0
TXN05065,CUST031,319.55,2024-02-06 17:42:26,ELECTRONICS,DEBIT,MONTANA,0
TXN05066,CUST003,742.28,2024-01-04 20:27:14,ONLINE,DEBIT,FLORIDA,0
TXN05067,CUST033,1021.02,2024-01-16 18:14:20,JEWELRY,DEBIT,UNKNOWN,1
TXN05068,CUST135,308.85,2024-02-07 13:11:45,ATM,DEBIT,MONTANA,0
TXN05069,CUST174,255.72,2024-01-06 22:03:58,CLOTHING,CREDIT,CALIFORNIA,0
TXN05070,CUST028,25.08,2024-03-04 14:14:30,PHARMACY,DEBIT,HAWAII,0
TXN05071,CUST010,184.85,2024-03-11 20:16:58,RESTAURANT,CREDIT,NEW_YORK,0
TXN05072,CUST017,699.75,2024-02-24 15:42:35,ONLINE,DEBIT,UTAH,0
TXN05073,CUST019,59.28,2024-02-29 22:15:07,PHARMACY,DEBIT,COLORADO,0
TXN05074,CUST025,586.71,2024-02-11 11:57:23,JEWELRY,CREDIT,TEXAS,0
TXN05075,CUST004,498.4,2024-02-16 12:36:17,ONLINE,DEBIT,FLORIDA,0
TXN05076,CUST060,4118.58,2024-03-20 22:31:09,ONLINE,DEBIT,TEXAS,1
TXN05077,CUST031,32.35,2024-02-07 17:05:32,RESTAURANT,CREDIT,MICHIGAN,0
TXN05078,CUST086,286.49,2024-03-25 11:58:02,ATM,DEBIT,MONTANA,0
TXN05079,CUST009,390.07,2024-03-02 16:08:16,ATM,CREDIT,FLORIDA,0
TXN05080,CUST006,5670.65,2024-01-28 12:02:36,ELECTRONICS,CREDIT,MONTANA,1
TXN05081,CUST152,39.44,2024-01-29 09:18:20,GROCERY,CREDIT,NEVADA,0
TXN05082,CUST033,429.92,2024-01-31 19:53:53,HOTEL,DEBIT,MICHIGAN,0
TXN05083,CUST016,303.35,2024-01-17 13:32:36,ELECTRONICS,DEBIT,NEVADA,0
TXN05084,CUST005,56.25,2024-01-19 10:26:20,GROCERY,DEBIT,MONTANA,0
TXN05085,CUST011,379.27,2024-02-11 18:43:28,CLOTHING,DEBIT,UTAH,0
TXN05086,CUST016,31.75,2024-01-23 10:34:35,GROCERY,DEBIT,FLORIDA,0
TXN05087,CUST025,723.92,2024-03-15 18:06:33,ONLINE,DEBIT,NEVADA,1
TXN05088,CUST196,4886.78,2024-03-14 08:44:51,ELECTRONICS,DEBIT,UTAH,1
TXN05089,CUST039,105.31,2024-01-24 12:26:21,GAS_STATION,CREDIT,OREGON,0
TXN05090,CUST007,69.14,2024-01-18 19:43:50,GAS_STATION,CREDIT,HAWAII,0
TXN05091,CUST014,412.95,2024-03-13 19:36:16,ATM,DEBIT,COLORADO,0
TXN05092,CUST009,18.34,2024-03-01 14:42:03,COFFEE_SHOP,DEBIT,ILLINOIS,0
TXN05093,CUST042,142.34,2024-01-07 11:47:21,HOTEL,CREDIT,MICHIGAN,0
TXN05094,CUST018,300.94,2024-01-19 10:24:38,JEWELRY,DEBIT,WASHINGTON,0
TXN05095,CUST002,48.55,2024-02-18 18:02:45,CLOTHING,DEBIT,UNKNOWN,0
TXN05096,CUST009,58.96,2024-01-30 10:34:34,GAS_STATION,CREDIT,WASHINGTON,0
TXN05097,CUST187,17.45,2024-03-12 08:09:40,COFFEE_SHOP,CREDIT,NEW_YORK,0
TXN05098,CUST177,448.73,2024-02-12 09:41:57,CLOTHING,CREDIT,ARIZONA,1
TXN05099,CUST045,417.68,2024-01-12 21:26:46,GAS_STATION,DEBIT,ILLINOIS,1
TXN05100,CUST021,401.65,2024-02-18 20:38:40,ONLINE,DEBIT,NEVADA,0
TXN05101,CUST028,651.85,2024-03-15 20:51:03,HOTEL,DEBIT,OREGON,1
TXN05102,CUST030,884.18,2024-01-15 13:33:17,ELECTRONICS,DEBIT,OREGON,0
TXN05103,CUST003,804.53,2024-01-01 10:31:55,ELECTRONICS,DEBIT,MICHIGAN,0
TXN05104,CUST034,492.4,2024-03-07 12:01:14,ELECTRONICS,CREDIT,OREGON,0
TXN05105,CUST015,65.04,2024-01-21 10:44:35,ONLINE,DEBIT,TEXAS,0
TXN05106,CUST032,250.68,2024-02-11 18:06:40,HOTEL,DEBIT,HAWAII,0
TXN05107,CUST139,93.7,2024-02-22 10:07:02,CLOTHING,DEBIT,CALIFORNIA,0
TXN05108,CUST027,52.68,2024-02-24 10:42:22,PHARMACY,CREDIT,UNKNOWN,0
TXN05109,CUST031,469.99,2024-03-25 08:03:55,HOTEL,DEBIT,MONTANA,0
TXN05110,CUST179,1637.85,2024-03-20 08:39:41,JEWELRY,DEBIT,UTAH,0
TXN05111,CUST009,446.77,2024-03-04 16:07:59,ELECTRONICS,DEBIT,WASHINGTON,0
TXN05112,CUST047,14.5,2024-02-26 09:54:13,PHARMACY,DEBIT,MONTANA,0
TXN05113,CUST022,10.2,2024-03-20 09:45:58,PHARMACY,CREDIT,OREGON,0
TXN05114,CUST028,20.12,2024-02-26 17:41:56,PHARMACY,CREDIT,COLORADO,0
TXN05115,CUST049,80.64,2024-01-29 09:20:25,GAS_STATION,DEBIT,ILLINOIS,0
TXN05116,CUST017,186.83,2024-01-22 13:30:25,RESTAURANT,CREDIT,UTAH,0
TXN05117,CUST020,2258.27,2024-03-22 18:10:48,ELECTRONICS,DEBIT,WASHINGTON,1
TXN05118,CUST004,1493.03,2024-01-04 13:34:54,ONLINE,DEBIT,WASHINGTON,1
TXN05119,CUST042,30.24,2024-01-10 10:51:53,GROCERY,CREDIT,NEW_YORK,0
TXN05120,CUST007,28.28,2024-02-13 11:24:47,GROCERY,DEBIT,UNKNOWN,0
TXN05121,CUST027,26.35,2024-03-27 17:21:34,CLOTHING,DEBIT,HAWAII,0
TXN05122,CUST020,156.19,2024-01-20 15:58:21,CLOTHING,DEBIT,COLORADO,0
TXN05123,CUST159,57.03,2024-01-02 14:40:20,GAS_STATION,DEBIT,COLORADO,0
TXN05124,CUST016,22.13,2024-01-01 10:02:49,COFFEE_SHOP,CREDIT,NEW_YORK,0
TXN05125,CUST022,460.89,2024-01-19 22:39:17,HOTEL,DEBIT,NEW_YORK,0
TXN05126,CUST040,114.57,2024-02-16 13:23:24,RESTAURANT,CREDIT,MONTANA,0
TXN05127,CUST009,395.45,2024-01-29 14:37:55,ATM,DEBIT,NEW_YORK,0
TXN05128,CUST030,551.2,2024-03-28 18:58:18,RESTAURANT,DEBIT,HAWAII,1
TXN05129,CUST014,324.83,2024-02-25 13:23:20,CLOTHING,DEBIT,NEVADA,0
TXN05130,CUST125,318.92,2024-02-26 08:44:14,CLOTHING,DEBIT,CALIFORNIA,0
TXN05131,CUST017,140.18,2024-01-18 22:50:31,ATM,DEBIT,TEXAS,0
TXN05132,CUST097,28.89,2024-01-06 11:36:54,RESTAURANT,DEBIT,MICHIGAN,0
TXN05133,CUST045,265.46,2024-03-29 22:55:42,ONLINE,CREDIT,TEXAS,0
TXN05134,CUST017,172.62,2024-03-27 21:21:33,RESTAURANT,CREDIT,COLORADO,0
TXN05135,CUST002,389.44,2024-01-31 11:53:48,CLOTHING,CREDIT,WASHINGTON,0
TXN05136,CUST016,382.8,2024-01-08 11:36:41,ATM,DEBIT,HAWAII,0
TXN05137,CUST023,32.32,2024-01-27 20:33:24,GAS_STATION,CREDIT,CALIFORNIA,0
TXN05138,CUST006,757.5,2024-02-24 16:32:36,ONLINE,DEBIT,COLORADO,0
TXN05139,CUST023,1304.91,2024-02-15 15:06:28,HOTEL,DEBIT,WASHINGTON,1
TXN05140,CUST020,149.9,2024-01-04 19:10:49,GROCERY,CREDIT,OREGON,0
TXN05141,CUST017,321.51,2024-01-26 10:15:35,HOTEL,CREDIT,OREGON,0
TXN05142,CUST027,97.19,2024-01-08 09:29:27,PHARMACY,CREDIT,ILLINOIS,0
TXN05143,CUST009,11.79,2024-02-12 11:31:07,COFFEE_SHOP,DEBIT,UTAH,0
TXN05144,CUST019,129.52,2024-01-08 11:10:22,GAS_STATION,CREDIT,ILLINOIS,0
TXN05145,CUST024,314.23,2024-02-08 12:08:03,CLOTHING,DEBIT,FLORIDA,0
TXN05146,CUST032,152.53,2024-02-14 12:56:30,ONLINE,DEBIT,MICHIGAN,0
TXN05147,CUST029,770.83,2024-03-04 19:05:14,ELECTRONICS,CREDIT,TEXAS,0
TXN05148,CUST024,544.95,2024-03-27 21:05:22,RESTAURANT,DEBIT,NEW_YORK,1
TXN05149,CUST035,507.37,2024-01-01 13:50:19,RESTAURANT,DEBIT,WASHINGTON,1
TXN05150,CUST014,75.81,2024-02-05 16:10:50,PHARMACY,DEBIT,UNKNOWN,0
TXN05151,CUST038,41.03,2024-03-11 11:46:14,COFFEE_SHOP,DEBIT,WASHINGTON,0
TXN05152,CUST161,541.92,2024-02-06 10:58:25,ONLINE,DEBIT,NEW_YORK,0
TXN05153,CUST037,417.48,2024-03-22 18:19:25,ATM,DEBIT,OREGON,0
TXN05154,CUST040,540.79,2024-01-26 14:37:55,ONLINE,DEBIT,NEVADA,0
TXN05155,CUST012,734.68,2024-01-04 18:12:48,HOTEL,DEBIT,COLORADO,1
TXN05156,CUST003,90.48,2024-01-05 14:08:13,HOTEL,DEBIT,TEXAS,0
TXN05157,CUST108,3286.73,2024-01-14 09:38:00,ONLINE,DEBIT,COLORADO,1
TXN05158,CUST044,13.16,2024-03-09 10:45:47,COFFEE_SHOP,DEBIT,UTAH,0
TXN05159,CUST096,186.29,2024-03-01 18:51:12,GROCERY,DEBIT,MICHIGAN,0
TXN05160,CUST018,164.54,2024-02-12 17:37:03,RESTAURANT,DEBIT,MONTANA,0
TXN05161,CUST038,563.67,2024-03-03 11:38:12,ELECTRONICS,DEBIT,COLORADO,0
TXN05162,CUST032,1059.65,2024-02-02 13:26:59,ELECTRONICS,DEBIT,ARIZONA,0
TXN05163,CUST007,2698.84,2024-03-24 15:48:49,ELECTRONICS,CREDIT,TEXAS,1
TXN05164,CUST008,240.25,2024-01-15 22:07:07,GROCERY,DEBIT,CALIFORNIA,0
TXN05165,CUST043,325.65,2024-01-07 14:04:09,CLOTHING,CREDIT,UNKNOWN,0
TXN05166,CUST112,145.25,2024-01-08 15:38:29,ELECTRONICS,DEBIT,OREGON,0
TXN05167,CUST008,29.28,2024-01-06 14:23:12,RESTAURANT,DEBIT,UTAH,0
TXN05168,CUST016,414.34,2024-01-06 19:04:16,HOTEL,DEBIT,MONTANA,0
TXN05169,CUST031,1870.02,2024-01-15 15:58:42,JEWELRY,DEBIT,OREGON,0
TXN05170,CUST186,31.18,2024-02-02 19:49:44,ATM,DEBIT,ARIZONA,0
TXN05171,CUST106,261.21,2024-01-02 17:04:17,HOTEL,DEBIT,ARIZONA,0
TXN05172,CUST002,1017.31,2024-02-03 18:13:06,HOTEL,DEBIT,CALIFORNIA,1
TXN05173,CUST025,112.74,2024-01-15 13:33:37,GAS_STATION,DEBIT,COLORADO,0
TXN05174,CUST001,77.68,2024-01-17 17:53:46,GROCERY,DEBIT,NEVADA,0
TXN05175,CUST009,15.83,2024-03-07 08:08:06,GROCERY,CREDIT,NEW_YORK,0
TXN05176,CUST046,1317.82,2024-02-05 22:45:21,ELECTRONICS,DEBIT,NEW_YORK,0
TXN05177,CUST010,155.38,2024-01-12 20:28:22,ELECTRONICS,CREDIT,OREGON,0
TXN05178,CUST005,479.77,2024-02-25 09:06:46,ATM,DEBIT,COLORADO,0
TXN05179,CUST191,220.18,2024-03-30 18:51:32,ATM,DEBIT,ARIZONA,0
TXN05180,CUST021,92.04,2024-01-01 21:26:59,PHARMACY,CREDIT,NEW_YORK,0
TXN05181,CUST005,78.92,2024-02-08 22:52:16,GAS_STATION,DEBIT,ARIZONA,0
TXN05182,CUST042,3334.18,2024-02-25 18:40:05,JEWELRY,CREDIT,UNKNOWN,1
TXN05183,CUST066,1048.99,2024-03-05 22:40:22,JEWELRY,CREDIT,ILLINOIS,0
TXN05184,CUST094,181.08,2024-02-03 20:05:21,GROCERY,CREDIT,CALIFORNIA,0
TXN05185,CUST015,196.13,2024-03-08 12:25:26,RESTAURANT,DEBIT,WASHINGTON,0
TXN05186,CUST035,1617.01,2024-03-20 22:15:17,ONLINE,CREDIT,MONTANA,1
TXN05187,CUST026,15.1,2024-01-24 14:17:40,COFFEE_SHOP,DEBIT,UTAH,0
TXN05188,CUST012,1357.11,2024-01-30 11:33:24,JEWELRY,DEBIT,OREGON,0
TXN05189,CUST007,305.96,2024-02-02 18:43:28,JEWELRY,DEBIT,COLORADO,0
TXN05190,CUST036,20.46,2024-02-20 08:12:17,COFFEE_SHOP,DEBIT,MICHIGAN,0
TXN05191,CUST124,373.44,2024-03-04 17:51:39,JEWELRY,CREDIT,WASHINGTON,0
TXN05192,CUST121,132.14,2024-02-01 15:51:21,RESTAURANT,CREDIT,HAWAII,0
TXN05193,CUST008,656.97,2024-01-11 11:14:02,ELECTRONICS,CREDIT,TEXAS,0
TXN05194,CUST168,1475.02,2024-02-09 19:19:12,JEWELRY,CREDIT,NEVADA,0
TXN05195,CUST038,99.18,2024-01-17 09:57:26,GAS_STATION,DEBIT,UNKNOWN,0
TXN05196,CUST033,12.01,2024-03-04 18:02:52,COFFEE_SHOP,DEBIT,MICHIGAN,0
TXN05197,CUST039,188.53,2024-02-29 22:32:36,HOTEL,DEBIT,UNKNOWN,0
TXN05198,CUST034,93.37,2024-01-28 09:33:10,RESTAURANT,CREDIT,TEXAS,0
TXN05199,CUST014,62.57,2024-01-31 18:01:35,PHARMACY,DEBIT,UNKNOWN,0
TXN05200,CUST034,1475.97,2024-03-26 14:24:24,ELECTRONICS,DEBIT,CALIFORNIA,0
TXN05201,CUST004,21.03,2024-03-23 12:49:13,PHARMACY,DEBIT,HAWAII,0
TXN05202,CUST039,167.48,2024-02-18 15:12:55,RESTAURANT,CREDIT,FLORIDA,0
TXN05203,CUST001,297.87,2024-02-09 08:50:32,HOTEL,DEBIT,ILLINOIS,0
TXN05204,CUST190,170.02,2024-03-06 16:31:04,RESTAURANT,CREDIT,FLORIDA,0
TXN05205,CUST041,1222.58,2024-03-03 10:33:30,ELECTRONICS,DEBIT,NEW_YORK,0
TXN05206,CUST039,866.89,2024-02-20 13:59:28,ELECTRONICS,DEBIT,UTAH,0
TXN05207,CUST042,192.07,2024-03-03 16:31:12,RESTAURANT,CREDIT,CALIFORNIA,0
TXN05208,CUST020,41.08,2024-01-16 13:02:57,COFFEE_SHOP,CREDIT,WASHINGTON,0
TXN05209,CUST004,3998.36,2024-02-19 08:10:57,JEWELRY,CREDIT,UTAH,1
TXN05210,CUST041,492.6,2024-01-28 15:40:20,JEWELRY,CREDIT,WASHINGTON,0
TXN05211,CUST017,1183.19,2024-01-01 10:43:27,JEWELRY,DEBIT,TEXAS,0
TXN05212,CUST020,39.77,2024-01-08 16:31:37,COFFEE_SHOP,DEBIT,ILLINOIS,0
TXN05213,CUST015,478.72,2024-03-15 11:45:27,ATM,DEBIT,UTAH,0
TXN05214,CUST048,237.11,2024-02-13 22:07:17,CLOTHING,CREDIT,WASHINGTON,0
TXN05215,CUST012,264.7,2024-03-20 22:01:32,ELECTRONICS,DEBIT,WASHINGTON,0
TXN05216,CUST005,1956.8,2024-03-17 18:52:17,JEWELRY,DEBIT,ILLINOIS,0
TXN05217,CUST014,447.22,2024-03-20 17:07:34,ATM,DEBIT,OREGON,0
TXN05218,CUST020,262.48,2024-03-22 18:21:32,CLOTHING,DEBIT,UNKNOWN,0
TXN05219,CUST017,107.06,2024-01-16 11:10:24,GAS_STATION,CREDIT,CALIFORNIA,0
TXN05220,CUST024,426.81,2024-03-22 19:18:59,HOTEL,DEBIT,NEW_YORK,0
TXN05221,CUST023,398.14,2024-03-30 20:46:37,CLOTHING,CREDIT,COLORADO,0
TXN05222,CUST069,91.76,2024-03-19 10:40:35,RESTAURANT,DEBIT,CALIFORNIA,0
TXN05223,CUST051,27.71,2024-01-07 22:13:10,COFFEE_SHOP,DEBIT,MICHIGAN,0
TXN05224,CUST031,308.1,2024-01-20 20:38:47,JEWELRY,DEBIT,OREGON,0
TXN05225,CUST009,198.89,2024-03-16 21:05:31,CLOTHING,CREDIT,NEW_YORK,0
TXN05226,CUST026,335.58,2024-01-03 11:52:50,CLOTHING,CREDIT,HAWAII,0
TXN05227,CUST040,3952.72,2024-01-22 11:24:38,JEWELRY,DEBIT,WASHINGTON,1
TXN05228,CUST002,44.49,2024-01-16 21:05:25,GROCERY,CREDIT,CALIFORNIA,0
TXN05229,CUST042,29.59,2024-01-19 20:27:54,COFFEE_SHOP,DEBIT,FLORIDA,0
TXN05230,CUST023,465.12,2024-03-27 16:49:43,ATM,DEBIT,COLORADO,0
TXN05231,CUST187,1095.2,2024-02-26 09:26:16,JEWELRY,DEBIT,ILLINOIS,0
TXN05232,CUST014,363.42,2024-01-29 22:57:55,RESTAURANT,DEBIT,MICHIGAN,1
TXN05233,CUST161,319.17,2024-02-16 20:26:03,GROCERY,CREDIT,FLORIDA,0
TXN05234,CUST066,22.91,2024-01-01 16:55:48,COFFEE_SHOP,CREDIT,WASHINGTON,0
TXN05235,CUST029,997.38,2024-01-30 11:33:50,GROCERY,DEBIT,UNKNOWN,1
TXN05236,CUST005,4817.91,2024-01-16 17:36:55,ONLINE,CREDIT,ILLINOIS,1
TXN05237,CUST045,98.21,2024-01-11 15:45:12,PHARMACY,CREDIT,WASHINGTON,0
TXN05238,CUST152,6086.75,2024-02-09 17:20:58,JEWELRY,CREDIT,CALIFORNIA,1
TXN05239,CUST026,42.72,2024-03-17 14:07:20,COFFEE_SHOP,DEBIT,FLORIDA,0
TXN05240,CUST037,396.22,2024-02-23 15:46:29,HOTEL,DEBIT,HAWAII,0
TXN05241,CUST042,89.27,2024-01-01 14:34:40,GAS_STATION,DEBIT,UTAH,0
TXN05242,CUST033,38.4,2024-01-27 22:08:27,COFFEE_SHOP,DEBIT,TEXAS,0
TXN05243,CUST035,1376.31,2024-02-04 12:31:14,ELECTRONICS,CREDIT,UTAH,0
TXN05244,CUST018,222.92,2024-01-10 15:35:02,CLOTHING,CREDIT,ARIZONA,0
TXN05245,CUST046,434.51,2024-02-26 21:06:48,ELECTRONICS,DEBIT,NEVADA,0
TXN05246,CUST019,68.78,2024-01-29 10:27:55,PHARMACY,DEBIT,UTAH,0
TXN05247,CUST022,168.17,2024-01-11 19:03:09,HOTEL,DEBIT,COLORADO,0
TXN05248,CUST018,25.91,2024-03-01 21:03:06,COFFEE_SHOP,CREDIT,ARIZONA,0
TXN05249,CUST060,57.91,2024-01-18 15:02:37,GROCERY,DEBIT,WASHINGTON,0
TXN05250,CUST150,78.04,2024-01-11 22:39:14,PHARMACY,CREDIT,CALIFORNIA,0
TXN05251,CUST018,29.03,2024-01-08 18:26:42,COFFEE_SHOP,DEBIT,OREGON,0
TXN05252,CUST047,376.15,2024-03-29 17:47:30,CLOTHING,CREDIT,WASHINGTON,0
TXN05253,CUST007,87.88,2024-02-01 09:07:37,RESTAURANT,CREDIT,OREGON,0
TXN05254,CUST023,348.13,2024-01-28 17:34:22,HOTEL,DEBIT,ARIZONA,0
TXN05255,CUST050,321.26,2024-02-27 17:50:30,ONLINE,DEBIT,UNKNOWN,0
TXN05256,CUST026,141.3,2024-02-18 14:11:48,GROCERY,CREDIT,HAWAII,0
TXN05257,CUST037,20.49,2024-01-26 18:06:32,COFFEE_SHOP,CREDIT,OREGON,0
TXN05258,CUST111,1923.09,2024-03-30 20:15:05,JEWELRY,DEBIT,ILLINOIS,0
TXN05259,CUST026,32.11,2024-02-16 11:38:44,COFFEE_SHOP,DEBIT,FLORIDA,0
TXN05260,CUST111,7653.8,2024-01-26 18:53:54,JEWELRY,DEBIT,CALIFORNIA,1
TXN05261,CUST038,84.21,2024-03-07 10:03:17,GAS_STATION,DEBIT,OREGON,0
TXN05262,CUST012,238.18,2024-01-13 13:10:40,ATM,DEBIT,OREGON,0
TXN05263,CUST014,69.93,2024-02-22 19:30:09,RESTAURANT,CREDIT,UTAH,0
TXN05264,CUST014,587.36,2024-02-08 17:37:14,GAS_STATION,DEBIT,FLORIDA,1
TXN05265,CUST117,236.89,2024-03-12 19:24:01,ATM,CREDIT,HAWAII,0
TXN05266,CUST027,83.81,2024-03-07 10:26:19,RESTAURANT,CREDIT,HAWAII,0
TXN05267,CUST022,88.44,2024-03-04 10:45:02,GROCERY,DEBIT,CALIFORNIA,0
TXN05268,CUST009,669.53,2024-01-17 17:21:50,ONLINE,CREDIT,ILLINOIS,0
TXN05269,CUST030,35.58,2024-03-18 11:48:49,COFFEE_SHOP,DEBIT,WASHINGTON,0
TXN05270,CUST168,26.32,2024-01-10 11:48:57,PHARMACY,DEBIT,OREGON,0
TXN05271,CUST063,2183.99,2024-01-08 15:20:55,ELECTRONICS,CREDIT,UNKNOWN,1
TXN05272,CUST200,1340.71,2024-03-16 14:33:41,ELECTRONICS,DEBIT,HAWAII,0
TXN05273,CUST061,100.08,2024-02-27 14:46:10,GAS_STATION,CREDIT,MICHIGAN,0
TXN05274,CUST029,51.83,2024-01-15 17:22:25,PHARMACY,DEBIT,HAWAII,0
TXN05275,CUST034,7962.9,2024-01-18 08:43:37,JEWELRY,DEBIT,CALIFORNIA,1
TXN05276,CUST010,81.7,2024-01-03 18:02:01,GAS_STATION,DEBIT,NEVADA,0
TXN05277,CUST017,103.88,2024-01-19 14:01:34,RESTAURANT,CREDIT,ARIZONA,0
TXN05278,CUST004,85.98,2024-03-19 12:28:39,PHARMACY,DEBIT,COLORADO,0
TXN05279,CUST003,53.73,2024-01-03 21:20:58,GROCERY,DEBIT,NEW_YORK,0
TXN05280,CUST049,437.18,2024-02-28 20:18:17,HOTEL,CREDIT,FLORIDA,0
TXN05281,CUST044,338.67,2024-03-12 08:48:17,ATM,DEBIT,HAWAII,0
TXN05282,CUST014,641.21,2024-01-21 21:07:02,ONLINE,CREDIT,NEW_YORK,0
TXN05283,CUST149,1414.07,2024-02-09 22:44:11,ELECTRONICS,DEBIT,UTAH,0
TXN05284,CUST043,31.24,2024-03-15 16:31:27,COFFEE_SHOP,DEBIT,NEVADA,0
TXN05285,CUST014,101.6,2024-01-15 12:11:41,CLOTHING,DEBIT,CALIFORNIA,0
TXN05286,CUST030,380.34,2024-01-06 09:15:44,ONLINE,DEBIT,CALIFORNIA,0
TXN05287,CUST014,23.13,2024-02-27 14:22:43,COFFEE_SHOP,DEBIT,MICHIGAN,0
TXN05288,CUST023,395.85,2024-03-17 08:31:44,ATM,DEBIT,COLORADO,0
TXN05289,CUST179,124.36,2024-01-15 22:45:36,RESTAURANT,DEBIT,UTAH,0
TXN05290,CUST113,69.67,2024-03-13 12:28:29,RESTAURANT,CREDIT,MONTANA,0
TXN05291,CUST049,130.09,2024-02-12 11:10:46,GAS_STATION,DEBIT,OREGON,0
TXN05292,CUST034,1968.39,2024-01-01 15:39:33,JEWELRY,DEBIT,COLORADO,0
TXN05293,CUST019,38.73,2024-02-24 22:57:07,COFFEE_SHOP,DEBIT,CALIFORNIA,0
TXN05294,CUST043,5432.11,2024-03-19 22:58:08,JEWELRY,DEBIT,MICHIGAN,1
TXN05295,CUST114,176.61,2024-01-23 08:04:18,CLOTHING,DEBIT,NEW_YORK,0
TXN05296,CUST033,371.8,2024-02-07 16:22:41,HOTEL,CREDIT,OREGON,0
TXN05297,CUST019,461.94,2024-02-18 14:55:26,ATM,CREDIT,UNKNOWN,0
TXN05298,CUST185,125.45,2024-01-09 21:42:48,ATM,DEBIT,OREGON,0
TXN05299,CUST042,3727.34,2024-01-18 19:05:10,ELECTRONICS,DEBIT,NEVADA,1
TXN05300,CUST037,114.13,2024-01-17 15:58:08,GAS_STATION,CREDIT,TEXAS,1
TXN05301,CUST036,45.53,2024-02-11 10:09:31,CLOTHING,DEBIT,MONTANA,0
TXN05302,CUST020,59.41,2024-03-12 09:56:17,CLOTHING,CREDIT,UNKNOWN,0
TXN05303,CUST167,850.86,2024-02-24 22:34:05,CLOTHING,CREDIT,NEVADA,1
TXN05304,CUST032,172.14,2024-02-16 18:18:10,RESTAURANT,DEBIT,ARIZONA,0
TXN05305,CUST003,33.23,2024-02-05 09:25:15,GAS_STATION,CREDIT,COLORADO,0
TXN05306,CUST008,3748.13,2024-01-10 12:27:05,JEWELRY,DEBIT,OREGON,1
TXN05307,CUST029,210.16,2024-01-10 21:19:18,GROCERY,DEBIT,CALIFORNIA,0
TXN05308,CUST042,217.93,2024-01-11 19:08:24,GROCERY,CREDIT,NEVADA,0
TXN05309,CUST018,114.85,2024-03-21 22:12:02,GAS_STATION,CREDIT,NEVADA,0
TXN05310,CUST001,42.67,2024-03-21 12:06:34,COFFEE_SHOP,DEBIT,UNKNOWN,0
TXN05311,CUST057,566.05,2024-03-19 08:08:02,CLOTHING,CREDIT,OREGON,1
TXN05312,CUST045,386.32,2024-02-20 14:42:14,HOTEL,CREDIT,CALIFORNIA,0
TXN05313,CUST029,29.46,2024-02-17 09:33:19,GAS_STATION,DEBIT,CALIFORNIA,0
TXN05314,CUST011,1412.28,2024-03-19 21:56:59,ELECTRONICS,DEBIT,OREGON,0
TXN05315,CUST085,332.56,2024-03-29 11:36:34,GROCERY,CREDIT,TEXAS,0
TXN05316,CUST029,228.24,2024-03-27 08:28:28,HOTEL,CREDIT,HAWAII,0
TXN05317,CUST023,2417.8,2024-01-14 16:19:03,ONLINE,DEBIT,TEXAS,1
TXN05318,CUST020,98.08,2024-03-24 22:51:12,PHARMACY,DEBIT,ILLINOIS,0
TXN05319,CUST031,337.28,2024-01-13 17:33:42,GROCERY,CREDIT,HAWAII,1
TXN05320,CUST038,135.34,2024-01-27 20:00:28,GAS_STATION,DEBIT,ILLINOIS,0
TXN05321,CUST041,17.48,2024-01-19 08:32:50,COFFEE_SHOP,DEBIT,CALIFORNIA,0
TXN05322,CUST017,159.45,2024-03-08 17:48:04,RESTAURANT,DEBIT,UNKNOWN,0
TXN05323,CUST171,905.26,2024-01-24 20:00:01,HOTEL,DEBIT,ARIZONA,1
TXN05324,CUST018,428.53,2024-01-03 16:57:19,ATM,DEBIT,ILLINOIS,0
TXN05325,CUST007,1961.92,2024-02-01 19:12:16,JEWELRY,CREDIT,ILLINOIS,0
TXN05326,CUST040,359.08,2024-03-11 21:02:20,ONLINE,DEBIT,NEW_YORK,0
TXN05327,CUST034,1465.18,2024-02-01 13:55:26,JEWELRY,CREDIT,COLORADO,0
TXN05328,CUST005,12.19,2024-01-23 16:33:28,COFFEE_SHOP,DEBIT,NEVADA,0
TXN05329,CUST014,396.39,2024-03-15 18:40:27,CLOTHING,CREDIT,UTAH,0
TXN05330,CUST011,489.03,2024-01-30 08:21:12,HOTEL,CREDIT,MICHIGAN,0
TXN05331,CUST101,343.06,2024-01-09 19:31:32,CLOTHING,DEBIT,UNKNOWN,0
TXN05332,CUST009,1575.9,2024-02-18 08:50:33,JEWELRY,CREDIT,FLORIDA,0
TXN05333,CUST113,15.53,2024-03-27 15:40:13,PHARMACY,DEBIT,MICHIGAN,0
TXN05334,CUST045,147.06,2024-02-10 12:01:17,CLOTHING,DEBIT,CALIFORNIA,0
TXN05335,CUST080,59.47,2024-02-10 19:12:21,GROCERY,DEBIT,HAWAII,0
TXN05336,CUST037,448.69,2024-02-18 13:08:10,HOTEL,CREDIT,ARIZONA,0
TXN05337,CUST002,165.17,2024-03-24 12:01:31,HOTEL,DEBIT,HAWAII,0
TXN05338,CUST030,324.48,2024-02-14 13:12:39,GROCERY,DEBIT,UTAH,0
TXN05339,CUST021,2843.11,2024-03-20 10:15:28,JEWELRY,DEBIT,CALIFORNIA,1
TXN05340,CUST043,451.0,2024-01-05 10:34:04,HOTEL,DEBIT,MONTANA,0
TXN05341,CUST002,35.29,2024-02-24 21:06:47,PHARMACY,DEBIT,COLORADO,0
TXN05342,CUST032,132.24,2024-03-04 13:35:39,GROCERY,DEBIT,NEW_YORK,0
TXN05343,CUST012,609.98,2024-02-28 13:02:43,ONLINE,DEBIT,COLORADO,0
TXN05344,CUST026,231.48,2024-02-03 21:59:02,CLOTHING,DEBIT,UNKNOWN,0
TXN05345,CUST044,358.34,2024-01-15 22:25:41,CLOTHING,DEBIT,MONTANA,1
TXN05346,CUST043,77.53,2024-01-13 09:50:09,ATM,DEBIT,ILLINOIS,0
TXN05347,CUST012,420.13,2024-02-11 11:18:37,HOTEL,DEBIT,MICHIGAN,0
TXN05348,CUST021,34.75,2024-03-26 11:19:41,CLOTHING,CREDIT,FLORIDA,0
TXN05349,CUST010,74.29,2024-03-25 09:27:11,RESTAURANT,DEBIT,TEXAS,0
TXN05350,CUST015,1636.16,2024-03-30 18:50:15,JEWELRY,DEBIT,MONTANA,0
TXN05351,CUST048,286.93,2024-01-12 15:10:28,ATM,DEBIT,FLORIDA,0
TXN05352,CUST003,69.78,2024-01-03 16:05:33,RESTAURANT,DEBIT,NEW_YORK,0
TXN05353,CUST010,1467.6,2024-02-21 16:51:22,JEWELRY,DEBIT,UTAH,1
TXN05354,CUST009,82.64,2024-03-06 15:36:43,RESTAURANT,DEBIT,ILLINOIS,0
TXN05355,CUST008,17.36,2024-02-06 18:44:52,COFFEE_SHOP,DEBIT,WASHINGTON,0
TXN05356,CUST020,1645.22,2024-03-15 13:37:30,ONLINE,DEBIT,ILLINOIS,1
TXN05357,CUST067,36.82,2024-01-14 09:31:34,GROCERY,DEBIT,CALIFORNIA,0
TXN05358,CUST050,105.95,2024-03-09 16:20:02,GROCERY,DEBIT,MONTANA,0
TXN05359,CUST027,391.6,2024-03-03 15:58:59,HOTEL,DEBIT,ARIZONA,0
TXN05360,CUST007,33.43,2024-03-16 09:00:49,PHARMACY,DEBIT,UNKNOWN,0
TXN05361,CUST042,360.16,2024-03-09 08:12:46,ATM,DEBIT,NEVADA,0
TXN05362,CUST029,198.93,2024-02-20 12:24:43,CLOTHING,CREDIT,OREGON,0
TXN05363,CUST188,524.81,2024-03-06 16:58:17,ONLINE,DEBIT,MONTANA,0
TXN05364,CUST008,160.0,2024-02-02 10:28:36,GROCERY,DEBIT,NEVADA,0
TXN05365,CUST038,1392.41,2024-01-24 14:05:42,ONLINE,DEBIT,HAWAII,1
TXN05366,CUST188,206.91,2024-03-29 09:40:38,CLOTHING,DEBIT,UNKNOWN,0
TXN05367,CUST174,394.4,2024-01-18 19:32:09,PHARMACY,DEBIT,UNKNOWN,1
TXN05368,CUST037,448.43,2024-02-20 21:27:16,ATM,DEBIT,MICHIGAN,0
TXN05369,CUST041,137.14,2024-03-24 19:18:43,CLOTHING,DEBIT,COLORADO,0
TXN05370,CUST029,186.75,2024-02-01 21:49:32,CLOTHING,DEBIT,CALIFORNIA,0
TXN05371,CUST018,45.37,2024-02-17 08:24:18,COFFEE_SHOP,CREDIT,WASHINGTON,0
TXN05372,CUST081,263.99,2024-01-28 16:57:00,GROCERY,DEBIT,NEVADA,0
TXN05373,CUST040,1420.68,2024-02-13 19:31:08,ELECTRONICS,DEBIT,FLORIDA,0
TXN05374,CUST001,291.41,2024-01-15 09:34:29,CLOTHING,DEBIT,COLORADO,0
TXN05375,CUST029,1011.24,2024-02-04 10:14:28,CLOTHING,DEBIT,CALIFORNIA,1
TXN05376,CUST035,1414.55,2024-01-16 15:09:09,JEWELRY,DEBIT,UNKNOWN,1
TXN05377,CUST023,860.88,2024-01-30 11:07:48,JEWELRY,DEBIT,MONTANA,0
TXN05378,CUST065,689.54,2024-02-20 11:52:39,ELECTRONICS,DEBIT,FLORIDA,0
TXN05379,CUST027,100.64,2024-03-20 12:35:46,CLOTHING,DEBIT,UTAH,0
TXN05380,CUST161,357.57,2024-01-12 08:47:02,ONLINE,CREDIT,OREGON,0
TXN05381,CUST020,112.55,2024-02-20 13:18:50,GAS_STATION,DEBIT,UNKNOWN,0
TXN05382,CUST014,296.9,2024-02-24 16:32:31,GROCERY,DEBIT,HAWAII,0
TXN05383,CUST019,842.06,2024-01-28 17:32:01,JEWELRY,DEBIT,COLORADO,0
TXN05384,CUST039,372.92,2024-03-03 20:53:03,CLOTHING,CREDIT,NEW_YORK,0
TXN05385,CUST042,280.74,2024-03-22 08:13:32,ATM,DEBIT,MICHIGAN,0
TXN05386,CUST022,76.6,2024-02-24 12:11:54,CLOTHING,DEBIT,OREGON,0
TXN05387,CUST117,24.19,2024-02-14 15:47:24,COFFEE_SHOP,DEBIT,CALIFORNIA,0
TXN05388,CUST016,67.28,2024-01-06 20:07:56,ATM,DEBIT,NEW_YORK,0
TXN05389,CUST040,838.85,2024-03-24 14:25:44,ELECTRONICS,CREDIT,TEXAS,0
TXN05390,CUST009,132.87,2024-02-29 22:52:45,GROCERY,CREDIT,HAWAII,0
TXN05391,CUST004,10.25,2024-03-18 17:18:50,COFFEE_SHOP,DEBIT,COLORADO,0
TXN05392,CUST019,4686.81,2024-02-23 08:46:56,ELECTRONICS,CREDIT,ARIZONA,1
TXN05393,CUST042,10.26,2024-02-17 20:54:36,COFFEE_SHOP,DEBIT,OREGON,0
TXN05394,CUST051,2048.23,2024-01-21 19:13:37,ONLINE,CREDIT,TEXAS,1
TXN05395,CUST048,968.14,2024-01-27 16:10:41,ELECTRONICS,DEBIT,UTAH,0
TXN05396,CUST038,171.76,2024-02-15 15:06:29,RESTAURANT,CREDIT,NEVADA,0
TXN05397,CUST043,289.26,2024-03-11 11:55:22,GROCERY,DEBIT,COLORADO,0
TXN05398,CUST012,64.85,2024-01-19 16:35:17,PHARMACY,DEBIT,OREGON,0
TXN05399,CUST124,196.18,2024-01-12 17:12:11,RESTAURANT,DEBIT,OREGON,0
TXN05400,CUST020,28.91,2024-02-18 17:17:13,PHARMACY,DEBIT,UTAH,0
TXN05401,CUST049,95.91,2024-03-03 14:22:48,ONLINE,DEBIT,CALIFORNIA,0
TXN05402,CUST029,3839.99,2024-01-19 16:50:36,ONLINE,DEBIT,HAWAII,1
TXN05403,CUST009,1830.09,2024-01-21 13:21:07,JEWELRY,DEBIT,NEW_YORK,0
TXN05404,CUST032,739.06,2024-02-05 18:26:01,ONLINE,CREDIT,WASHINGTON,0
TXN05405,CUST025,410.01,2024-01-08 18:50:02,HOTEL,DEBIT,NEVADA,0
TXN05406,CUST049,99.67,2024-01-26 21:15:32,PHARMACY,DEBIT,NEW_YORK,0
TXN05407,CUST020,64.13,2024-03-30 10:09:07,PHARMACY,DEBIT,ILLINOIS,0
TXN05408,CUST015,288.87,2024-03-17 16:10:42,HOTEL,DEBIT,ARIZONA,0
TXN05409,CUST013,134.26,2024-02-17 19:44:21,HOTEL,CREDIT,FLORIDA,0
TXN05410,CUST050,7626.21,2024-02-26 11:34:08,JEWELRY,DEBIT,TEXAS,1
TXN05411,CUST036,1352.07,2024-03-04 15:30:55,HOTEL,CREDIT,NEVADA,1
TXN05412,CUST138,108.76,2024-02-03 10:32:37,CLOTHING,DEBIT,MONTANA,0
TXN05413,CUST021,925.94,2024-03-04 15:15:32,ELECTRONICS,DEBIT,ARIZONA,1
TXN05414,CUST005,261.29,2024-01-15 10:45:27,ATM,DEBIT,UTAH,0
TXN05415,CUST024,240.9,2024-02-03 22:51:58,ONLINE,CREDIT,TEXAS,0
TXN05416,CUST105,10.2,2024-03-28 17:22:14,PHARMACY,DEBIT,NEW_YORK,0
TXN05417,CUST012,10.97,2024-01-02 17:01:21,COFFEE_SHOP,DEBIT,TEXAS,0
TXN05418,CUST023,216.87,2024-01-27 21:07:45,ELECTRONICS,CREDIT,TEXAS,0
TXN05419,CUST046,91.46,2024-03-23 19:10:41,PHARMACY,DEBIT,ARIZONA,0
TXN05420,CUST004,162.47,2024-02-20 11:41:36,GROCERY,DEBIT,NEVADA,0
TXN05421,CUST025,167.56,2024-03-15 16:25:21,CLOTHING,DEBIT,MONTANA,0
TXN05422,CUST042,107.27,2024-03-14 19:41:51,JEWELRY,DEBIT,NEVADA,0
TXN05423,CUST016,67.11,2024-02-13 20:40:06,CLOTHING,CREDIT,NEW_YORK,0
TXN05424,CUST029,75.8,2024-02-09 18:16:14,PHARMACY,DEBIT,UNKNOWN,0
TXN05425,CUST044,358.94,2024-02-13 16:56:57,ATM,DEBIT,WASHINGTON,0
TXN05426,CUST006,807.75,2024-02-09 13:21:46,ELECTRONICS,CREDIT,NEW_YORK,0
TXN05427,CUST178,134.68,2024-02-12 16:18:44,GAS_STATION,DEBIT,NEW_YORK,0
TXN05428,CUST023,124.29,2024-03-10 15:51:33,ONLINE,DEBIT,CALIFORNIA,0
TXN05429,CUST017,151.0,2024-01-29 13:07:59,RESTAURANT,DEBIT,FLORIDA,1
TXN05430,CUST048,196.29,2024-02-26 15:30:13,GAS_STATION,DEBIT,WASHINGTON,1
TXN05431,CUST050,5107.15,2024-02-23 08:28:10,JEWELRY,DEBIT,TEXAS,1
TXN05432,CUST155,153.9,2024-01-23 22:28:23,COFFEE_SHOP,DEBIT,WASHINGTON,1
TXN05433,CUST047,27.19,2024-03-16 12:51:35,PHARMACY,DEBIT,HAWAII,0
TXN05434,CUST104,484.34,2024-02-28 16:20:48,ATM,DEBIT,FLORIDA,0
TXN05435,CUST040,17.49,2024-02-25 15:45:44,GROCERY,CREDIT,TEXAS,0
TXN05436,CUST026,223.65,2024-01-11 18:00:43,HOTEL,DEBIT,CALIFORNIA,0
TXN05437,CUST045,1275.64,2024-03-30 15:06:12,ELECTRONICS,DEBIT,MONTANA,0
TXN05438,CUST019,52.12,2024-01-03 16:07:28,PHARMACY,CREDIT,ARIZONA,0
TXN05439,CUST049,420.25,2024-01-21 21:40:11,HOTEL,CREDIT,NEW_YORK,0
TXN05440,CUST025,56.61,2024-01-27 10:27:05,PHARMACY,DEBIT,WASHINGTON,0
TXN05441,CUST010,185.14,2024-01-12 16:02:35,RESTAURANT,CREDIT,CALIFORNIA,0
TXN05442,CUST030,1090.34,2024-03-26 09:13:56,JEWELRY,CREDIT,HAWAII,0
TXN05443,CUST014,235.71,2024-02-29 13:22:43,GROCERY,DEBIT,ILLINOIS,0
TXN05444,CUST017,160.43,2024-02-03 13:17:07,ATM,CREDIT,NEVADA,0
TXN05445,CUST124,10.87,2024-03-29 13:49:28,COFFEE_SHOP,CREDIT,TEXAS,0
TXN05446,CUST005,301.77,2024-01-04 20:00:38,JEWELRY,DEBIT,MICHIGAN,0
TXN05447,CUST004,78.48,2024-03-30 15:25:05,ELECTRONICS,DEBIT,NEVADA,0
TXN05448,CUST018,71.54,2024-02-19 17:53:40,PHARMACY,DEBIT,ILLINOIS,0
TXN05449,CUST111,47.32,2024-02-17 19:44:44,CLOTHING,CREDIT,WASHINGTON,0
TXN05450,CUST036,7.53,2024-02-07 20:26:34,COFFEE_SHOP,DEBIT,UTAH,0
TXN05451,CUST181,319.65,2024-02-19 09:18:23,HOTEL,DEBIT,NEVADA,0
TXN05452,CUST019,493.92,2024-03-16 21:30:44,HOTEL,DEBIT,CALIFORNIA,0
TXN05453,CUST139,474.76,2024-01-27 15:23:09,ATM,DEBIT,MONTANA,0
TXN05454,CUST036,69.67,2024-03-16 13:45:47,RESTAURANT,DEBIT,NEVADA,0
TXN05455,CUST044,93.89,2024-02-17 21:37:54,GAS_STATION,DEBIT,FLORIDA,0
TXN05456,CUST038,297.12,2024-03-10 11:02:48,ATM,CREDIT,CALIFORNIA,0
TXN05457,CUST031,30.86,2024-01-01 11:29:21,COFFEE_SHOP,CREDIT,UNKNOWN,0
TXN05458,CUST034,337.43,2024-01-18 12:15:38,CLOTHING,DEBIT,OREGON,0
TXN05459,CUST015,692.38,2024-03-17 14:03:45,ONLINE,DEBIT,TEXAS,0
TXN05460,CUST047,329.02,2024-02-20 09:30:46,JEWELRY,DEBIT,NEVADA,0
TXN05461,CUST028,75.54,2024-02-22 21:41:16,PHARMACY,DEBIT,WASHINGTON,0
TXN05462,CUST029,136.02,2024-01-18 19:15:45,GAS_STATION,DEBIT,TEXAS,0
TXN05463,CUST048,56.43,2024-02-02 18:41:29,GROCERY,DEBIT,UTAH,0
TXN05464,CUST039,94.89,2024-02-27 15:17:49,GAS_STATION,DEBIT,MONTANA,0
TXN05465,CUST006,670.63,2024-01-27 19:05:20,JEWELRY,DEBIT,TEXAS,0
TXN05466,CUST054,2041.89,2024-02-04 12:14:54,ELECTRONICS,DEBIT,TEXAS,1
TXN05467,CUST056,370.8,2024-03-08 19:25:23,ATM,CREDIT,NEVADA,0
TXN05468,CUST137,123.88,2024-03-18 14:59:20,ELECTRONICS,CREDIT,ILLINOIS,0
TXN05469,CUST034,6.34,2024-03-19 16:17:16,COFFEE_SHOP,DEBIT,UTAH,0
TXN05470,CUST015,156.71,2024-02-07 10:51:48,CLOTHING,CREDIT,MICHIGAN,0
TXN05471,CUST003,365.28,2024-01-05 17:56:54,PHARMACY,DEBIT,UNKNOWN,1
TXN05472,CUST004,544.65,2024-02-11 19:42:29,ONLINE,DEBIT,NEVADA,0
TXN05473,CUST028,35.64,2024-03-17 09:52:36,PHARMACY,DEBIT,OREGON,0
TXN05474,CUST025,179.83,2024-01-11 22:56:04,GROCERY,DEBIT,CALIFORNIA,0
TXN05475,CUST005,7625.41,2024-03-17 15:50:06,JEWELRY,CREDIT,OREGON,1
TXN05476,CUST008,232.19,2024-01-19 08:46:02,JEWELRY,CREDIT,NEW_YORK,0
TXN05477,CUST029,29.0,2024-01-17 08:32:20,PHARMACY,DEBIT,MONTANA,0
TXN05478,CUST028,44.27,2024-03-19 10:35:32,GAS_STATION,CREDIT,CALIFORNIA,0
TXN05479,CUST045,297.54,2024-02-25 12:48:12,CLOTHING,CREDIT,HAWAII,0
TXN05480,CUST121,1196.61,2024-01-31 09:54:32,JEWELRY,CREDIT,MICHIGAN,0
TXN05481,CUST168,124.1,2024-01-15 16:05:05,RESTAURANT,DEBIT,ILLINOIS,0
TXN05482,CUST005,192.1,2024-03-02 12:52:07,GROCERY,DEBIT,NEW_YORK,0
TXN05483,CUST008,28.94,2024-03-20 19:25:57,COFFEE_SHOP,DEBIT,MONTANA,0
TXN05484,CUST143,93.82,2024-02-18 16:31:07,PHARMACY,DEBIT,NEVADA,0
TXN05485,CUST019,21.95,2024-02-08 11:53:20,PHARMACY,DEBIT,CALIFORNIA,0
TXN05486,CUST029,50.77,2024-01-11 19:06:30,GAS_STATION,DEBIT,NEVADA,0
TXN05487,CUST030,14.72,2024-01-20 14:41:10,PHARMACY,CREDIT,UNKNOWN,0
TXN05488,CUST025,176.85,2024-02-14 09:08:44,CLOTHING,DEBIT,UNKNOWN,0
TXN05489,CUST015,51.42,2024-01-03 18:29:51,PHARMACY,CREDIT,WASHINGTON,0
TXN05490,CUST019,18.19,2024-02-07 09:04:36,COFFEE_SHOP,DEBIT,UTAH,0
TXN05491,CUST070,1348.75,2024-03-19 09:58:08,ELECTRONICS,DEBIT,ARIZONA,0
TXN05492,CUST034,337.2,2024-01-09 12:19:20,ATM,DEBIT,ARIZONA,0
TXN05493,CUST004,329.33,2024-03-16 20:15:18,HOTEL,DEBIT,TEXAS,0
TXN05494,CUST048,462.88,2024-01-18 10:51:28,ONLINE,CREDIT,ARIZONA,0
TXN05495,CUST068,143.06,2024-03-16 21:45:43,ATM,CREDIT,CALIFORNIA,0
TXN05496,CUST017,64.58,2024-01-18 14:50:15,PHARMACY,DEBIT,HAWAII,0
TXN05497,CUST048,201.61,2024-02-08 21:25:21,PHARMACY,CREDIT,MICHIGAN,1
TXN05498,CUST015,37.9,2024-01-30 12:29:53,ONLINE,DEBIT,MONTANA,0
TXN05499,CUST050,175.01,2024-03-20 10:38:06,RESTAURANT,DEBIT,ILLINOIS,0
TXN05500,CUST038,138.07,2024-01-20 13:52:29,GAS_STATION,CREDIT,TEXAS,0
TXN05501,CUST014,161.93,2024-02-08 21:46:33,HOTEL,CREDIT,MICHIGAN,0
TXN05502,CUST033,1022.6,2024-02-10 16:19:35,ATM,DEBIT,COLORADO,1
TXN05503,CUST043,897.32,2024-03-22 10:51:11,JEWELRY,DEBIT,ILLINOIS,0
TXN05504,CUST003,229.79,2024-02-20 13:25:41,ELECTRONICS,DEBIT,OREGON,0
TXN05505,CUST006,75.71,2024-02-26 20:32:20,GROCERY,DEBIT,NEVADA,0
TXN05506,CUST030,40.21,2024-01-16 19:15:02,COFFEE_SHOP,DEBIT,ARIZONA,0
TXN05507,CUST009,1179.26,2024-03-23 22:25:38,JEWELRY,DEBIT,MICHIGAN,0
TXN05508,CUST027,464.47,2024-03-24 10:12:32,HOTEL,DEBIT,OREGON,1
TXN05509,CUST042,189.38,2024-02-19 15:41:34,ATM,DEBIT,HAWAII,0
TXN05510,CUST045,72.77,2024-03-19 20:36:28,GAS_STATION,DEBIT,NEVADA,0
TXN05511,CUST037,137.81,2024-01-05 10:45:36,HOTEL,DEBIT,MONTANA,0
TXN05512,CUST021,68.85,2024-01-07 19:22:55,PHARMACY,DEBIT,CALIFORNIA,0
TXN05513,CUST171,318.91,2024-01-08 21:12:18,GROCERY,CREDIT,HAWAII,0
TXN05514,CUST150,474.52,2024-03-25 21:01:43,ATM,DEBIT,ILLINOIS,0
TXN05515,CUST028,248.58,2024-03-22 11:22:29,HOTEL,DEBIT,MICHIGAN,0
TXN05516,CUST075,1774.9,2024-03-03 16:57:20,JEWELRY,CREDIT,UNKNOWN,0
TXN05517,CUST023,7629.67,2024-02-06 17:08:53,JEWELRY,DEBIT,OREGON,1
TXN05518,CUST174,294.61,2024-02-23 09:07:40,GAS_STATION,DEBIT,CALIFORNIA,1
TXN05519,CUST025,248.23,2024-01-21 09:42:57,ATM,CREDIT,FLORIDA,0
TXN05520,CUST023,757.87,2024-02-12 20:45:56,ELECTRONICS,DEBIT,UNKNOWN,0
TXN05521,CUST024,58.57,2024-03-04 13:05:35,GAS_STATION,CREDIT,UTAH,0
TXN05522,CUST098,486.65,2024-01-19 22:32:28,ATM,DEBIT,TEXAS,0
TXN05523,CUST140,137.67,2024-03-11 20:48:33,RESTAURANT,DEBIT,ILLINOIS,0
TXN05524,CUST026,29.09,2024-03-12 14:01:06,CLOTHING,CREDIT,ARIZONA,0
TXN05525,CUST047,4171.73,2024-02-04 08:46:26,ELECTRONICS,DEBIT,ARIZONA,1
TXN05526,CUST043,62.4,2024-03-15 19:28:51,ELECTRONICS,DEBIT,UNKNOWN,0
TXN05527,CUST036,141.18,2024-01-07 21:07:44,RESTAURANT,DEBIT,HAWAII,0
TXN05528,CUST001,561.89,2024-03-19 11:05:45,RESTAURANT,DEBIT,MONTANA,1
TXN05529,CUST020,320.14,2024-02-14 14:04:15,ELECTRONICS,DEBIT,OREGON,0
TXN05530,CUST127,10.33,2024-02-01 18:51:29,COFFEE_SHOP,DEBIT,CALIFORNIA,0
TXN05531,CUST040,480.34,2024-03-25 12:06:50,ATM,DEBIT,ILLINOIS,0
TXN05532,CUST010,489.89,2024-01-11 08:03:19,ATM,CREDIT,MICHIGAN,0
TXN05533,CUST059,623.21,2024-03-05 10:07:21,ONLINE,DEBIT,UNKNOWN,0
TXN05534,CUST137,13.48,2024-03-09 18:27:26,COFFEE_SHOP,CREDIT,NEW_YORK,0
TXN05535,CUST022,315.74,2024-03-25 18:18:14,HOTEL,DEBIT,ARIZONA,0
TXN05536,CUST032,181.91,2024-02-21 09:53:32,HOTEL,CREDIT,TEXAS,0
TXN05537,CUST020,79.57,2024-02-21 14:24:34,ATM,DEBIT,NEW_YORK,0
TXN05538,CUST013,63.82,2024-01-07 19:49:20,GAS_STATION,DEBIT,MICHIGAN,0
TXN05539,CUST146,29.32,2024-02-14 16:38:01,COFFEE_SHOP,DEBIT,ILLINOIS,0
TXN05540,CUST181,17.38,2024-03-05 10:13:11,PHARMACY,CREDIT,NEW_YORK,0
TXN05541,CUST030,213.56,2024-02-21 09:35:14,CLOTHING,DEBIT,NEW_YORK,1
TXN05542,CUST034,472.81,2024-01-17 22:40:37,ATM,DEBIT,CALIFORNIA,0
TXN05543,CUST026,81.32,2024-02-05 11:45:34,PHARMACY,DEBIT,NEVADA,0
TXN05544,CUST035,45.88,2024-02-25 08:20:19,GROCERY,CREDIT,HAWAII,0
TXN05545,CUST179,134.25,2024-03-29 19:35:57,RESTAURANT,DEBIT,ARIZONA,0
TXN05546,CUST050,333.59,2024-01-20 15:23:13,CLOTHING,DEBIT,UNKNOWN,0
TXN05547,CUST018,259.44,2024-03-19 22:51:58,GROCERY,DEBIT,FLORIDA,0
TXN05548,CUST017,293.71,2024-03-18 22:39:54,CLOTHING,CREDIT,ILLINOIS,1
TXN05549,CUST012,147.06,2024-01-31 13:09:14,ATM,DEBIT,MICHIGAN,0
TXN05550,CUST012,169.92,2024-03-18 15:24:01,RESTAURANT,DEBIT,HAWAII,0
TXN05551,CUST050,94.73,2024-03-18 20:03:17,HOTEL,DEBIT,ILLINOIS,0
TXN05552,CUST037,156.37,2024-02-11 12:56:56,ONLINE,DEBIT,CALIFORNIA,0
TXN05553,CUST038,583.92,2024-01-26 11:39:16,HOTEL,DEBIT,ILLINOIS,1
TXN05554,CUST022,172.65,2024-01-19 09:38:00,RESTAURANT,CREDIT,WASHINGTON,0
TXN05555,CUST042,924.1,2024-03-04 19:26:31,GROCERY,DEBIT,OREGON,1
TXN05556,CUST012,82.6,2024-02-11 13:05:05,GROCERY,DEBIT,UNKNOWN,0
TXN05557,CUST045,127.29,2024-02-13 09:39:05,GAS_STATION,DEBIT,OREGON,0
TXN05558,CUST050,22.29,2024-01-19 13:39:44,COFFEE_SHOP,CREDIT,MONTANA,0
TXN05559,CUST182,1107.07,2024-03-26 10:14:07,CLOTHING,CREDIT,TEXAS,1
TXN05560,CUST002,73.8,2024-02-27 14:32:30,RESTAURANT,CREDIT,CALIFORNIA,0
TXN05561,CUST029,195.43,2024-02-15 16:42:36,HOTEL,CREDIT,ARIZONA,0
TXN05562,CUST114,870.44,2024-03-22 09:41:41,JEWELRY,CREDIT,FLORIDA,0
TXN05563,CUST035,85.65,2024-02-11 15:42:41,GAS_STATION,CREDIT,NEW_YORK,0
TXN05564,CUST025,583.65,2024-03-25 17:42:18,ONLINE,DEBIT,UNKNOWN,0
TXN05565,CUST010,8.52,2024-03-03 10:19:35,COFFEE_SHOP,DEBIT,NEW_YORK,0
TXN05566,CUST030,270.48,2024-03-29 09:19:08,GROCERY,CREDIT,ARIZONA,0
TXN05567,CUST015,288.2,2024-01-10 20:21:31,CLOTHING,CREDIT,MONTANA,0
TXN05568,CUST037,233.61,2024-03-22 20:38:48,CLOTHING,DEBIT,NEW_YORK,0
TXN05569,CUST049,367.51,2024-03-21 16:56:33,ATM,DEBIT,UNKNOWN,0
TXN05570,CUST045,423.12,2024-02-19 20:42:13,ATM,DEBIT,UTAH,0
TXN05571,CUST049,55.84,2024-02-17 15:59:42,PHARMACY,DEBIT,TEXAS,0
TXN05572,CUST008,442.98,2024-02-18 18:26:45,ONLINE,DEBIT,FLORIDA,0
TXN05573,CUST042,188.21,2024-03-14 22:01:09,HOTEL,DEBIT,ARIZONA,0
TXN05574,CUST042,60.25,2024-03-29 22:08:54,PHARMACY,DEBIT,NEW_YORK,0
TXN05575,CUST044,945.18,2024-02-29 14:52:46,JEWELRY,DEBIT,FLORIDA,0
TXN05576,CUST029,97.02,2024-01-22 19:11:54,GAS_STATION,DEBIT,MICHIGAN,0
TXN05577,CUST015,130.64,2024-02-25 20:02:12,GROCERY,DEBIT,ARIZONA,0
TXN05578,CUST034,31.29,2024-03-29 18:52:49,PHARMACY,CREDIT,OREGON,0
TXN05579,CUST018,81.39,2024-03-19 21:14:42,GAS_STATION,DEBIT,CALIFORNIA,0
TXN05580,CUST013,31.61,2024-03-25 18:46:53,PHARMACY,DEBIT,NEVADA,0
TXN05581,CUST004,47.63,2024-02-13 20:54:00,PHARMACY,DEBIT,UTAH,0
TXN05582,CUST042,220.94,2024-01-26 15:07:04,GROCERY,DEBIT,CALIFORNIA,0
TXN05583,CUST038,14.35,2024-02-28 17:59:47,PHARMACY,DEBIT,TEXAS,0
TXN05584,CUST013,337.02,2024-03-14 14:27:14,CLOTHING,DEBIT,HAWAII,0
TXN05585,CUST005,47.13,2024-02-21 21:57:47,COFFEE_SHOP,DEBIT,OREGON,0
TXN05586,CUST048,105.06,2024-02-05 11:27:09,GROCERY,CREDIT,UNKNOWN,0
TXN05587,CUST020,275.32,2024-03-29 19:39:40,RESTAURANT,DEBIT,ILLINOIS,1
TXN05588,CUST008,460.58,2024-03-10 20:15:37,HOTEL,DEBIT,MONTANA,0
TXN05589,CUST006,287.03,2024-01-31 10:25:01,HOTEL,DEBIT,OREGON,0
TXN05590,CUST025,204.14,2024-02-17 17:04:35,CLOTHING,DEBIT,UNKNOWN,0
TXN05591,CUST004,629.43,2024-03-02 21:16:29,ONLINE,CREDIT,NEVADA,0
TXN05592,CUST032,151.89,2024-03-06 20:53:37,JEWELRY,DEBIT,TEXAS,0
TXN05593,CUST049,749.66,2024-03-10 22:09:32,HOTEL,DEBIT,ILLINOIS,1
TXN05594,CUST033,125.48,2024-01-01 22:06:56,GAS_STATION,DEBIT,HAWAII,0
TXN05595,CUST001,138.96,2024-03-01 08:50:36,GAS_STATION,DEBIT,CALIFORNIA,0
TXN05596,CUST040,48.17,2024-03-25 08:02:37,COFFEE_SHOP,DEBIT,OREGON,0
TXN05597,CUST004,13.99,2024-03-24 10:11:50,COFFEE_SHOP,DEBIT,FLORIDA,0
TXN05598,CUST030,23.62,2024-02-21 22:06:53,COFFEE_SHOP,CREDIT,CALIFORNIA,0
TXN05599,CUST038,253.23,2024-02-15 17:51:56,CLOTHING,DEBIT,WASHINGTON,0
TXN05600,CUST009,39.66,2024-02-19 16:35:43,RESTAURANT,DEBIT,CALIFORNIA,0
TXN05601,CUST030,61.87,2024-03-16 12:47:46,GAS_STATION,DEBIT,NEW_YORK,0
TXN05602,CUST001,244.39,2024-01-30 21:45:33,HOTEL,DEBIT,NEW_YORK,0
TXN05603,CUST023,37.07,2024-02-03 14:08:34,GROCERY,CREDIT,ARIZONA,0
TXN05604,CUST182,42.96,2024-02-24 16:58:21,PHARMACY,DEBIT,UTAH,0
TXN05605,CUST050,362.12,2024-03-09 19:58:43,HOTEL,DEBIT,UNKNOWN,0
TXN05606,CUST003,61.8,2024-03-15 12:47:19,CLOTHING,DEBIT,UNKNOWN,0
TXN05607,CUST012,40.55,2024-01-17 17:37:42,COFFEE_SHOP,CREDIT,CALIFORNIA,0
TXN05608,CUST134,76.56,2024-03-29 10:56:34,ATM,DEBIT,NEW_YORK,0
TXN05609,CUST009,179.48,2024-02-10 09:48:34,HOTEL,CREDIT,CALIFORNIA,0
TXN05610,CUST029,45.39,2024-02-25 11:28:22,GAS_STATION,CREDIT,OREGON,0
TXN05611,CUST021,141.17,2024-03-22 20:08:06,HOTEL,DEBIT,UTAH,0
TXN05612,CUST142,944.21,2024-02-16 11:40:34,ELECTRONICS,DEBIT,NEW_YORK,0
TXN05613,CUST048,594.47,2024-03-20 19:38:01,ONLINE,CREDIT,MONTANA,0
TXN05614,CUST170,5776.18,2024-03-28 16:21:18,JEWELRY,DEBIT,CALIFORNIA,1
TXN05615,CUST040,168.83,2024-02-15 16:35:31,ELECTRONICS,CREDIT,OREGON,0
TXN05616,CUST115,324.95,2024-01-17 21:08:55,CLOTHING,DEBIT,UNKNOWN,0
TXN05617,CUST038,428.68,2024-01-09 08:53:48,ONLINE,CREDIT,WASHINGTON,0
TXN05618,CUST012,651.33,2024-01-31 20:00:55,ELECTRONICS,DEBIT,UNKNOWN,0
TXN05619,CUST004,4697.73,2024-01-07 18:30:14,JEWELRY,DEBIT,UNKNOWN,1
TXN05620,CUST003,238.67,2024-03-17 19:05:44,CLOTHING,DEBIT,MICHIGAN,0
TXN05621,CUST004,1464.36,2024-01-07 20:02:39,JEWELRY,CREDIT,TEXAS,0
TXN05622,CUST014,410.02,2024-02-01 22:05:34,ATM,DEBIT,COLORADO,0
TXN05623,CUST006,3267.32,2024-03-19 13:04:38,ELECTRONICS,DEBIT,NEW_YORK,1
TXN05624,CUST005,471.34,2024-03-03 11:34:22,HOTEL,CREDIT,TEXAS,0
TXN05625,CUST046,180.31,2024-01-17 22:57:30,GROCERY,CREDIT,FLORIDA,0
TXN05626,CUST048,502.7,2024-01-03 15:20:08,ELECTRONICS,DEBIT,ILLINOIS,0
TXN05627,CUST011,25.47,2024-03-20 20:41:54,GAS_STATION,CREDIT,MICHIGAN,0
TXN05628,CUST042,237.46,2024-02-11 11:16:00,CLOTHING,CREDIT,CALIFORNIA,0
TXN05629,CUST037,351.45,2024-03-04 12:17:32,ATM,DEBIT,MICHIGAN,0
TXN05630,CUST120,36.36,2024-01-15 14:58:43,COFFEE_SHOP,DEBIT,NEW_YORK,0
TXN05631,CUST035,470.78,2024-01-31 11:01:01,HOTEL,CREDIT,MICHIGAN,0
TXN05632,CUST004,4190.45,2024-02-03 10:38:06,JEWELRY,DEBIT,FLORIDA,1
TXN05633,CUST024,94.81,2024-02-16 17:55:17,GAS_STATION,DEBIT,ILLINOIS,0
TXN05634,CUST010,23.12,2024-03-20 22:58:20,COFFEE_SHOP,DEBIT,UTAH,0
TXN05635,CUST010,123.52,2024-01-23 17:10:31,GROCERY,DEBIT,COLORADO,0
TXN05636,CUST001,125.22,2024-03-06 16:09:30,GAS_STATION,DEBIT,COLORADO,0
TXN05637,CUST007,313.85,2024-03-17 13:58:18,ONLINE,DEBIT,ARIZONA,0
TXN05638,CUST021,272.5,2024-01-31 08:21:18,ATM,DEBIT,UTAH,0
TXN05639,CUST028,272.07,2024-01-27 20:35:50,ONLINE,DEBIT,MONTANA,0
TXN05640,CUST021,320.42,2024-01-23 08:31:26,GROCERY,DEBIT,HAWAII,0
TXN05641,CUST021,114.69,2024-02-19 16:30:06,ATM,DEBIT,NEVADA,0
TXN05642,CUST021,594.27,2024-01-29 20:19:40,HOTEL,DEBIT,ILLINOIS,1
TXN05643,CUST014,57.87,2024-01-30 12:23:57,RESTAURANT,CREDIT,HAWAII,0
TXN05644,CUST023,18.86,2024-01-16 18:19:41,RESTAURANT,CREDIT,COLORADO,0
TXN05645,CUST025,736.5,2024-02-15 08:40:02,JEWELRY,CREDIT,HAWAII,0
TXN05646,CUST023,222.98,2024-01-06 22:18:48,ATM,CREDIT,TEXAS,0
TXN05647,CUST100,171.5,2024-03-03 18:37:45,GROCERY,DEBIT,TEXAS,0
TXN05648,CUST052,424.06,2024-02-05 08:04:41,ATM,DEBIT,COLORADO,0
TXN05649,CUST042,16.94,2024-02-29 21:05:42,COFFEE_SHOP,DEBIT,UTAH,0
TXN05650,CUST036,402.66,2024-01-12 20:32:27,ONLINE,CREDIT,TEXAS,0
TXN05651,CUST042,360.51,2024-01-02 15:28:22,HOTEL,DEBIT,UTAH,0
TXN05652,CUST009,464.31,2024-03-03 14:25:09,HOTEL,DEBIT,CALIFORNIA,0
TXN05653,CUST043,429.45,2024-02-09 14:53:46,HOTEL,CREDIT,NEVADA,0
TXN05654,CUST026,13.93,2024-02-08 12:21:55,COFFEE_SHOP,DEBIT,OREGON,0
TXN05655,CUST050,133.2,2024-01-12 16:07:01,ATM,CREDIT,ARIZONA,0
TXN05656,CUST028,634.86,2024-02-29 20:55:28,ONLINE,DEBIT,WASHINGTON,0
TXN05657,CUST008,1672.2,2024-02-01 10:47:04,JEWELRY,DEBIT,CALIFORNIA,0
TXN05658,CUST097,206.14,2024-02-27 08:48:30,GROCERY,DEBIT,COLORADO,0
TXN05659,CUST077,36.1,2024-03-08 20:03:33,GAS_STATION,CREDIT,UNKNOWN,0
TXN05660,CUST018,139.55,2024-02-24 09:30:14,GAS_STATION,DEBIT,MICHIGAN,0
TXN05661,CUST119,26.37,2024-03-08 22:50:06,COFFEE_SHOP,DEBIT,UNKNOWN,0
TXN05662,CUST132,322.28,2024-02-11 19:42:13,HOTEL,DEBIT,ARIZONA,0
TXN05663,CUST040,377.71,2024-03-10 17:32:04,CLOTHING,DEBIT,ILLINOIS,0
TXN05664,CUST076,55.12,2024-02-19 18:02:07,GROCERY,DEBIT,MICHIGAN,0
TXN05665,CUST013,2451.67,2024-01-07 11:34:23,ELECTRONICS,DEBIT,NEVADA,1
TXN05666,CUST046,376.85,2024-01-14 10:43:12,CLOTHING,CREDIT,UTAH,0
TXN05667,CUST018,88.4,2024-02-25 11:41:35,GROCERY,DEBIT,TEXAS,0
TXN05668,CUST014,143.14,2024-03-29 14:36:39,GAS_STATION,CREDIT,HAWAII,0
TXN05669,CUST039,1941.11,2024-01-04 12:20:01,JEWELRY,DEBIT,HAWAII,0
TXN05670,CUST146,247.23,2024-03-23 17:41:54,ELECTRONICS,DEBIT,OREGON,0
TXN05671,CUST039,315.83,2024-01-15 14:11:33,ATM,DEBIT,WASHINGTON,0
TXN05672,CUST131,5252.66,2024-03-25 08:01:38,JEWELRY,DEBIT,MICHIGAN,1
TXN05673,CUST013,720.49,2024-03-16 12:58:55,ONLINE,DEBIT,NEW_YORK,1
TXN05674,CUST116,13.76,2024-01-28 16:48:50,PHARMACY,DEBIT,COLORADO,0
TXN05675,CUST032,74.78,2024-02-15 11:00:09,GROCERY,DEBIT,NEW_YORK,0
TXN05676,CUST008,661.07,2024-02-19 12:17:31,ONLINE,DEBIT,COLORADO,0
TXN05677,CUST096,1226.27,2024-01-13 08:22:18,ELECTRONICS,CREDIT,NEVADA,0
TXN05678,CUST025,307.92,2024-03-08 21:46:09,HOTEL,DEBIT,UTAH,0
TXN05679,CUST036,756.56,2024-03-24 20:02:29,ELECTRONICS,DEBIT,FLORIDA,0
TXN05680,CUST018,73.53,2024-01-28 10:01:19,GAS_STATION,DEBIT,NEW_YORK,0
TXN05681,CUST020,321.59,2024-01-07 16:10:14,HOTEL,DEBIT,HAWAII,0
TXN05682,CUST029,336.84,2024-01-19 21:45:53,CLOTHING,CREDIT,CALIFORNIA,0
TXN05683,CUST025,34.72,2024-02-13 19:33:38,RESTAURANT,DEBIT,CALIFORNIA,0
TXN05684,CUST040,132.17,2024-03-11 12:57:11,GAS_STATION,DEBIT,TEXAS,0
TXN05685,CUST085,36.44,2024-02-07 08:50:15,GROCERY,DEBIT,MONTANA,0
TXN05686,CUST030,45.91,2024-02-24 13:34:32,PHARMACY,DEBIT,MICHIGAN,0
TXN05687,CUST022,49.99,2024-01-31 20:22:41,RESTAURANT,CREDIT,MICHIGAN,0
TXN05688,CUST021,21.82,2024-03-13 11:26:21,COFFEE_SHOP,DEBIT,ARIZONA,0
TXN05689,CUST013,222.06,2024-03-05 09:09:08,CLOTHING,CREDIT,UTAH,0
TXN05690,CUST045,1723.96,2024-03-19 19:06:08,JEWELRY,CREDIT,COLORADO,1
TXN05691,CUST048,161.16,2024-03-19 22:07:27,RESTAURANT,CREDIT,UTAH,0
TXN05692,CUST023,878.65,2024-02-11 10:28:13,JEWELRY,DEBIT,MONTANA,0
TXN05693,CUST038,316.84,2024-03-01 11:47:31,CLOTHING,DEBIT,CALIFORNIA,0
TXN05694,CUST069,78.34,2024-02-16 12:04:53,CLOTHING,DEBIT,COLORADO,0
TXN05695,CUST030,86.06,2024-01-30 09:46:13,GAS_STATION,CREDIT,HAWAII,0
TXN05696,CUST024,1031.92,2024-02-15 10:46:37,ELECTRONICS,DEBIT,ARIZONA,0
TXN05697,CUST024,5983.55,2024-01-07 18:15:39,JEWELRY,DEBIT,COLORADO,1
TXN05698,CUST189,241.3,2024-01-11 09:31:36,HOTEL,DEBIT,TEXAS,0
TXN05699,CUST036,708.17,2024-03-11 08:55:42,ONLINE,DEBIT,OREGON,0
TXN05700,CUST028,1286.43,2024-01-14 13:27:05,JEWELRY,DEBIT,NEVADA,0
TXN05701,CUST014,1709.39,2024-01-27 11:58:03,JEWELRY,DEBIT,FLORIDA,0
TXN05702,CUST036,308.43,2024-02-06 14:24:59,ONLINE,DEBIT,HAWAII,0
TXN05703,CUST049,112.83,2024-03-25 16:21:55,GAS_STATION,CREDIT,NEVADA,0
TXN05704,CUST017,2261.0,2024-03-08 20:58:48,ELECTRONICS,DEBIT,ILLINOIS,1
TXN05705,CUST128,126.38,2024-02-13 18:05:49,CLOTHING,CREDIT,FLORIDA,0
TXN05706,CUST035,62.8,2024-03-09 18:23:11,GAS_STATION,CREDIT,WASHINGTON,0
TXN05707,CUST022,2074.74,2024-03-07 19:54:20,ONLINE,DEBIT,WASHINGTON,1
TXN05708,CUST044,200.01,2024-02-02 20:00:30,ONLINE,DEBIT,ARIZONA,0
TXN05709,CUST020,131.2,2024-01-21 15:13:40,RESTAURANT,CREDIT,NEVADA,0
TXN05710,CUST012,599.35,2024-02-17 14:24:20,ELECTRONICS,DEBIT,ILLINOIS,0
TXN05711,CUST048,88.67,2024-03-04 22:12:32,GAS_STATION,DEBIT,FLORIDA,0
TXN05712,CUST148,188.6,2024-03-12 22:59:43,HOTEL,CREDIT,MONTANA,0
TXN05713,CUST039,305.27,2024-01-23 09:45:59,ELECTRONICS,DEBIT,WASHINGTON,0
TXN05714,CUST027,114.9,2024-02-25 11:58:57,RESTAURANT,DEBIT,OREGON,0
TXN05715,CUST185,68.8,2024-01-10 15:44:12,PHARMACY,DEBIT,MONTANA,0
TXN05716,CUST029,118.65,2024-02-20 09:27:14,GAS_STATION,CREDIT,NEW_YORK,0
TXN05717,CUST006,305.82,2024-02-08 16:13:39,GROCERY,DEBIT,CALIFORNIA,0
TXN05718,CUST027,11.44,2024-01-03 10:28:44,COFFEE_SHOP,DEBIT,ILLINOIS,0
TXN05719,CUST025,127.44,2024-02-15 21:08:27,HOTEL,DEBIT,UTAH,0
TXN05720,CUST003,438.18,2024-03-25 14:55:11,ELECTRONICS,DEBIT,COLORADO,0
TXN05721,CUST024,452.9,2024-01-01 21:09:15,ATM,DEBIT,NEW_YORK,0
TXN05722,CUST037,297.39,2024-02-20 13:25:37,GAS_STATION,DEBIT,NEW_YORK,1
TXN05723,CUST028,451.97,2024-02-20 10:21:34,ONLINE,DEBIT,TEXAS,0
TXN05724,CUST011,12.2,2024-03-30 15:48:20,COFFEE_SHOP,CREDIT,NEVADA,0
TXN05725,CUST031,300.57,2024-03-25 10:01:36,CLOTHING,DEBIT,FLORIDA,0
TXN05726,CUST025,364.64,2024-01-24 19:06:00,CLOTHING,DEBIT,OREGON,0
TXN05727,CUST142,3747.99,2024-03-08 11:11:05,ONLINE,CREDIT,UNKNOWN,1
TXN05728,CUST004,325.44,2024-02-07 10:08:52,CLOTHING,DEBIT,WASHINGTON,0
TXN05729,CUST034,150.65,2024-03-07 09:51:50,ATM,DEBIT,UTAH,0
TXN05730,CUST018,254.36,2024-03-06 15:14:36,ONLINE,DEBIT,ILLINOIS,0
TXN05731,CUST033,112.5,2024-02-22 08:30:17,GAS_STATION,CREDIT,ARIZONA,0
TXN05732,CUST020,44.28,2024-02-09 17:23:57,GAS_STATION,CREDIT,MONTANA,0
TXN05733,CUST021,60.28,2024-03-11 14:33:18,GAS_STATION,DEBIT,MICHIGAN,0
TXN05734,CUST002,119.23,2024-03-12 10:32:15,RESTAURANT,DEBIT,HAWAII,0
TXN05735,CUST041,17.1,2024-03-16 11:31:53,COFFEE_SHOP,DEBIT,MICHIGAN,0
TXN05736,CUST002,197.9,2024-01-21 16:10:32,CLOTHING,DEBIT,COLORADO,0
TXN05737,CUST036,481.83,2024-03-08 20:45:03,ELECTRONICS,DEBIT,MICHIGAN,0
TXN05738,CUST011,85.26,2024-03-15 22:32:35,GAS_STATION,CREDIT,CALIFORNIA,0
TXN05739,CUST040,45.13,2024-03-07 20:16:20,PHARMACY,CREDIT,UNKNOWN,0
TXN05740,CUST023,326.21,2024-03-10 12:49:18,ATM,DEBIT,NEVADA,0
TXN05741,CUST005,5022.68,2024-03-15 17:33:42,JEWELRY,CREDIT,WASHINGTON,1
TXN05742,CUST014,218.62,2024-02-15 19:17:21,ONLINE,CREDIT,NEVADA,0
TXN05743,CUST021,72.67,2024-02-07 15:09:25,PHARMACY,DEBIT,MICHIGAN,0
TXN05744,CUST024,206.81,2024-01-08 13:52:38,CLOTHING,DEBIT,FLORIDA,0
TXN05745,CUST013,450.16,2024-02-08 14:09:46,HOTEL,DEBIT,OREGON,0
TXN05746,CUST010,538.34,2024-01-15 16:12:07,JEWELRY,DEBIT,CALIFORNIA,0
TXN05747,CUST008,80.27,2024-03-05 18:32:01,HOTEL,DEBIT,ARIZONA,0
TXN05748,CUST060,78.87,2024-02-27 09:57:07,PHARMACY,DEBIT,HAWAII,0
TXN05749,CUST031,197.53,2024-03-14 22:55:30,HOTEL,CREDIT,MICHIGAN,0
TXN05750,CUST039,813.3,2024-03-30 21:33:45,CLOTHING,CREDIT,ILLINOIS,1
TXN05751,CUST070,596.57,2024-01-13 21:50:55,RESTAURANT,CREDIT,MONTANA,1
TXN05752,CUST120,686.78,2024-01-09 13:28:02,JEWELRY,DEBIT,OREGON,0
TXN05753,CUST013,223.07,2024-03-01 10:48:49,ATM,CREDIT,NEVADA,0
TXN05754,CUST030,1841.28,2024-01-26 15:26:40,ELECTRONICS,DEBIT,OREGON,1
TXN05755,CUST084,451.9,2024-03-15 17:56:55,ONLINE,DEBIT,UNKNOWN,0
TXN05756,CUST049,445.8,2024-02-07 14:14:20,HOTEL,DEBIT,CALIFORNIA,0
TXN05757,CUST006,1941.41,2024-01-03 10:49:23,JEWELRY,DEBIT,ARIZONA,0
TXN05758,CUST034,2404.5,2024-01-28 12:19:41,ONLINE,DEBIT,CALIFORNIA,1
TXN05759,CUST015,3670.05,2024-03-08 21:51:25,JEWELRY,CREDIT,WASHINGTON,1
TXN05760,CUST011,636.46,2024-03-19 21:13:15,ONLINE,DEBIT,OREGON,0
TXN05761,CUST008,575.56,2024-03-16 19:19:46,JEWELRY,DEBIT,HAWAII,0
TXN05762,CUST038,625.89,2024-03-12 11:04:22,JEWELRY,DEBIT,TEXAS,0
TXN05763,CUST012,178.37,2024-03-26 08:53:04,CLOTHING,DEBIT,MONTANA,0
TXN05764,CUST009,35.77,2024-03-21 11:51:14,PHARMACY,DEBIT,CALIFORNIA,0
TXN05765,CUST123,224.05,2024-02-02 08:49:36,ATM,CREDIT,NEW_YORK,0
TXN05766,CUST098,292.86,2024-02-12 09:21:53,HOTEL,DEBIT,HAWAII,0
TXN05767,CUST033,292.44,2024-03-16 15:14:54,GROCERY,DEBIT,NEVADA,0
TXN05768,CUST105,201.48,2024-02-10 13:52:09,GROCERY,CREDIT,COLORADO,0
TXN05769,CUST050,110.93,2024-03-10 17:04:22,GAS_STATION,CREDIT,COLORADO,0
TXN05770,CUST101,720.98,2024-01-11 22:23:27,CLOTHING,DEBIT,NEW_YORK,1
TXN05771,CUST049,323.14,2024-02-01 14:28:47,GROCERY,CREDIT,HAWAII,0
TXN05772,CUST200,81.62,2024-01-11 18:45:04,RESTAURANT,DEBIT,OREGON,0
TXN05773,CUST027,187.89,2024-03-03 21:24:48,COFFEE_SHOP,DEBIT,UTAH,1
TXN05774,CUST036,417.42,2024-02-13 15:47:48,HOTEL,DEBIT,FLORIDA,1
TXN05775,CUST009,168.93,2024-01-31 16:53:28,RESTAURANT,DEBIT,CALIFORNIA,1
TXN05776,CUST020,797.91,2024-02-29 20:16:10,RESTAURANT,DEBIT,UTAH,1
TXN05777,CUST043,111.54,2024-01-31 14:28:25,HOTEL,DEBIT,UTAH,0
TXN05778,CUST014,1368.13,2024-03-08 08:21:05,JEWELRY,CREDIT,NEVADA,0
TXN05779,CUST104,120.11,2024-01-25 12:57:01,PHARMACY,DEBIT,UNKNOWN,1
TXN05780,CUST034,462.55,2024-01-16 10:24:25,ONLINE,DEBIT,UTAH,0
TXN05781,CUST019,53.24,2024-02-25 12:21:03,GAS_STATION,DEBIT,OREGON,0
TXN05782,CUST003,103.88,2024-02-07 16:02:31,RESTAURANT,CREDIT,FLORIDA,0
TXN05783,CUST019,1417.1,2024-03-19 10:29:11,JEWELRY,DEBIT,UNKNOWN,0
TXN05784,CUST045,625.64,2024-02-10 10:36:15,HOTEL,DEBIT,TEXAS,1
TXN05785,CUST009,192.52,2024-01-22 19:39:26,CLOTHING,DEBIT,NEW_YORK,0
TXN05786,CUST191,1028.52,2024-03-14 11:53:14,CLOTHING,CREDIT,UNKNOWN,1
TXN05787,CUST137,55.65,2024-02-04 22:23:45,CLOTHING,CREDIT,OREGON,0
TXN05788,CUST184,790.66,2024-01-23 16:34:57,ONLINE,DEBIT,WASHINGTON,0
TXN05789,CUST023,49.1,2024-03-05 09:29:23,GAS_STATION,CREDIT,FLORIDA,0
TXN05790,CUST004,74.13,2024-02-22 10:52:25,GROCERY,DEBIT,MONTANA,0
TXN05791,CUST168,136.89,2024-01-13 11:08:18,GAS_STATION,DEBIT,MICHIGAN,0
TXN05792,CUST071,28.13,2024-01-29 15:14:37,COFFEE_SHOP,DEBIT,CALIFORNIA,0
TXN05793,CUST049,135.43,2024-03-15 15:28:51,ATM,CREDIT,UTAH,0
TXN05794,CUST038,467.93,2024-03-02 08:38:12,ATM,DEBIT,NEW_YORK,0
TXN05795,CUST009,591.31,2024-02-01 22:19:36,ELECTRONICS,CREDIT,UTAH,0
TXN05796,CUST021,97.34,2024-02-17 14:57:01,PHARMACY,CREDIT,OREGON,0
TXN05797,CUST003,155.3,2024-02-23 09:53:13,CLOTHING,CREDIT,COLORADO,0
TXN05798,CUST006,156.14,2024-03-22 22:57:58,RESTAURANT,CREDIT,UNKNOWN,0
TXN05799,CUST043,220.24,2024-01-15 13:48:04,CLOTHING,DEBIT,UTAH,0
TXN05800,CUST114,295.77,2024-03-07 13:16:48,ATM,DEBIT,NEVADA,0
TXN05801,CUST027,122.92,2024-03-14 18:52:32,GAS_STATION,CREDIT,NEW_YORK,0
TXN05802,CUST038,7345.48,2024-02-10 20:22:10,JEWELRY,DEBIT,COLORADO,1
TXN05803,CUST039,274.71,2024-01-05 22:00:31,ATM,DEBIT,HAWAII,0
TXN05804,CUST033,728.9,2024-01-06 08:09:32,ONLINE,CREDIT,OREGON,0
TXN05805,CUST187,1382.92,2024-01-16 18:51:39,JEWELRY,DEBIT,NEVADA,0
TXN05806,CUST036,451.31,2024-01-17 21:00:22,GAS_STATION,DEBIT,NEW_YORK,1
TXN05807,CUST034,18.93,2024-01-14 16:37:51,COFFEE_SHOP,CREDIT,HAWAII,0
TXN05808,CUST001,3831.48,2024-01-20 10:54:16,ELECTRONICS,DEBIT,OREGON,1
TXN05809,CUST032,267.42,2024-03-01 08:04:25,GROCERY,DEBIT,MICHIGAN,0
TXN05810,CUST032,7.19,2024-01-24 10:18:04,COFFEE_SHOP,CREDIT,TEXAS,0
TXN05811,CUST035,487.73,2024-02-29 21:15:05,HOTEL,CREDIT,NEVADA,0
TXN05812,CUST002,791.4,2024-02-06 08:53:33,ONLINE,DEBIT,COLORADO,0
TXN05813,CUST027,167.97,2024-03-30 10:55:47,HOTEL,DEBIT,UTAH,0
TXN05814,CUST039,3845.88,2024-02-05 11:13:06,ONLINE,CREDIT,FLORIDA,1
TXN05815,CUST044,717.34,2024-01-19 21:53:15,ONLINE,DEBIT,WASHINGTON,0
TXN05816,CUST039,640.37,2024-03-13 12:46:55,CLOTHING,DEBIT,NEVADA,1
TXN05817,CUST005,561.6,2024-02-17 09:51:19,ONLINE,DEBIT,WASHINGTON,0
TXN05818,CUST046,104.2,2024-01-18 08:08:24,RESTAURANT,DEBIT,CALIFORNIA,0
TXN05819,CUST050,128.31,2024-01-16 18:38:58,GAS_STATION,DEBIT,FLORIDA,0
TXN05820,CUST043,50.92,2024-01-31 15:56:18,PHARMACY,DEBIT,FLORIDA,0
TXN05821,CUST023,437.8,2024-01-21 13:44:35,ONLINE,CREDIT,CALIFORNIA,0
TXN05822,CUST146,233.11,2024-01-21 16:51:30,CLOTHING,DEBIT,MONTANA,0
TXN05823,CUST035,399.05,2024-03-16 19:46:57,ATM,CREDIT,OREGON,0
TXN05824,CUST049,82.19,2024-01-18 09:09:07,PHARMACY,DEBIT,UTAH,0
TXN05825,CUST002,79.13,2024-03-02 11:59:49,GROCERY,DEBIT,NEW_YORK,0
TXN05826,CUST036,69.5,2024-01-01 10:18:19,GAS_STATION,CREDIT,COLORADO,0
TXN05827,CUST012,361.85,2024-01-23 21:08:22,ELECTRONICS,CREDIT,COLORADO,0
TXN05828,CUST061,364.84,2024-02-03 18:18:29,ATM,CREDIT,TEXAS,0
TXN05829,CUST049,12.43,2024-02-12 20:02:25,COFFEE_SHOP,DEBIT,MICHIGAN,0
TXN05830,CUST049,1132.8,2024-03-17 11:53:30,JEWELRY,DEBIT,COLORADO,1
TXN05831,CUST038,85.42,2024-02-12 20:23:34,RESTAURANT,DEBIT,TEXAS,0
TXN05832,CUST007,289.01,2024-01-05 17:02:14,GROCERY,DEBIT,COLORADO,0
TXN05833,CUST044,796.66,2024-03-19 19:19:26,CLOTHING,DEBIT,FLORIDA,1
TXN05834,CUST002,143.19,2024-02-12 22:05:38,GAS_STATION,DEBIT,HAWAII,0
TXN05835,CUST086,963.92,2024-02-13 09:30:24,HOTEL,DEBIT,HAWAII,1
TXN05836,CUST030,1176.69,2024-02-08 21:38:10,CLOTHING,DEBIT,HAWAII,1
TXN05837,CUST024,56.01,2024-01-13 21:18:15,GAS_STATION,DEBIT,NEVADA,0
TXN05838,CUST138,47.62,2024-03-04 19:47:28,ATM,CREDIT,HAWAII,0
TXN05839,CUST033,84.47,2024-03-06 09:13:17,ATM,DEBIT,UTAH,0
TXN05840,CUST051,13.62,2024-03-25 14:18:34,COFFEE_SHOP,DEBIT,MONTANA,0
TXN05841,CUST029,153.95,2024-01-02 15:24:09,RESTAURANT,DEBIT,ARIZONA,0
TXN05842,CUST131,199.23,2024-02-27 19:55:51,RESTAURANT,CREDIT,TEXAS,0
TXN05843,CUST017,283.77,2024-01-28 17:08:33,GROCERY,DEBIT,UNKNOWN,0
TXN05844,CUST002,595.58,2024-03-23 12:21:14,ONLINE,DEBIT,FLORIDA,0
TXN05845,CUST037,123.28,2024-02-23 09:42:10,RESTAURANT,DEBIT,FLORIDA,0
TXN05846,CUST021,61.55,2024-01-18 12:13:36,GAS_STATION,DEBIT,CALIFORNIA,0
TXN05847,CUST041,91.76,2024-02-29 15:17:27,ATM,CREDIT,TEXAS,0
TXN05848,CUST027,1790.4,2024-03-20 10:54:57,JEWELRY,DEBIT,NEVADA,1
TXN05849,CUST041,33.78,2024-03-03 11:45:23,COFFEE_SHOP,DEBIT,UNKNOWN,0
TXN05850,CUST043,821.81,2024-03-08 22:57:17,JEWELRY,DEBIT,WASHINGTON,0
TXN05851,CUST078,427.21,2024-02-23 12:40:43,ELECTRONICS,CREDIT,FLORIDA,0
TXN05852,CUST030,288.4,2024-01-16 11:51:44,CLOTHING,DEBIT,NEW_YORK,0
TXN05853,CUST024,1047.73,2024-03-16 11:29:53,HOTEL,CREDIT,FLORIDA,1
TXN05854,CUST033,199.52,2024-02-01 18:26:09,ATM,DEBIT,UTAH,0
TXN05855,CUST033,117.26,2024-01-03 20:26:29,GAS_STATION,DEBIT,CALIFORNIA,0
TXN05856,CUST008,1495.39,2024-01-20 20:49:57,HOTEL,DEBIT,UNKNOWN,1
TXN05857,CUST017,4935.68,2024-02-24 19:50:13,ONLINE,DEBIT,ILLINOIS,1
TXN05858,CUST020,20.04,2024-02-20 18:32:56,COFFEE_SHOP,DEBIT,UTAH,0
TXN05859,CUST041,391.4,2024-02-19 11:14:39,ELECTRONICS,DEBIT,NEW_YORK,0
TXN05860,CUST154,1424.19,2024-03-14 18:03:18,ELECTRONICS,CREDIT,NEVADA,0
TXN05861,CUST029,86.74,2024-02-14 11:06:51,GAS_STATION,DEBIT,NEVADA,0
TXN05862,CUST022,369.13,2024-02-01 12:46:19,CLOTHING,DEBIT,MICHIGAN,0
TXN05863,CUST004,46.37,2024-02-04 17:58:40,GAS_STATION,DEBIT,ILLINOIS,0
TXN05864,CUST027,1175.23,2024-03-12 14:35:55,JEWELRY,DEBIT,CALIFORNIA,1
TXN05865,CUST034,186.63,2024-01-08 17:45:40,GROCERY,CREDIT,TEXAS,0
TXN05866,CUST036,1200.92,2024-01-18 21:29:17,JEWELRY,DEBIT,COLORADO,0
TXN05867,CUST051,13.66,2024-02-05 09:00:52,PHARMACY,DEBIT,MICHIGAN,0
TXN05868,CUST032,91.46,2024-01-31 11:58:00,GAS_STATION,DEBIT,WASHINGTON,0
TXN05869,CUST028,320.43,2024-01-27 08:04:42,CLOTHING,DEBIT,NEVADA,0
TXN05870,CUST043,16.63,2024-01-25 18:04:52,COFFEE_SHOP,CREDIT,CALIFORNIA,0
TXN05871,CUST014,320.9,2024-01-05 20:49:23,HOTEL,CREDIT,NEW_YORK,0
TXN05872,CUST084,37.73,2024-03-18 20:04:00,COFFEE_SHOP,CREDIT,OREGON,0
TXN05873,CUST032,1205.3,2024-03-23 20:56:07,ELECTRONICS,DEBIT,MICHIGAN,0
TXN05874,CUST111,907.71,2024-03-06 14:28:52,JEWELRY,DEBIT,NEVADA,0
TXN05875,CUST003,362.97,2024-02-20 08:28:07,HOTEL,CREDIT,ARIZONA,0
TXN05876,CUST028,3751.83,2024-01-20 15:44:42,JEWELRY,CREDIT,UNKNOWN,1
TXN05877,CUST022,28.76,2024-03-25 15:49:02,COFFEE_SHOP,DEBIT,ILLINOIS,0
TXN05878,CUST042,288.38,2024-01-26 18:36:26,JEWELRY,CREDIT,MICHIGAN,0
TXN05879,CUST040,1056.04,2024-01-13 22:22:58,CLOTHING,DEBIT,CALIFORNIA,1
TXN05880,CUST008,78.68,2024-01-13 12:54:48,GAS_STATION,CREDIT,MONTANA,0
TXN05881,CUST034,266.79,2024-03-26 15:50:39,CLOTHING,DEBIT,NEW_YORK,0
TXN05882,CUST020,332.94,2024-03-22 11:10:27,ATM,DEBIT,FLORIDA,0
TXN05883,CUST016,278.82,2024-03-05 14:07:10,ATM,DEBIT,WASHINGTON,0
TXN05884,CUST012,113.5,2024-03-19 09:15:41,GAS_STATION,CREDIT,NEW_YORK,0
TXN05885,CUST031,31.62,2024-01-26 22:48:41,PHARMACY,CREDIT,UTAH,0
TXN05886,CUST142,91.62,2024-01-09 19:01:43,RESTAURANT,DEBIT,ARIZONA,0
TXN05887,CUST020,414.6,2024-01-23 16:03:52,ELECTRONICS,DEBIT,TEXAS,0
TXN05888,CUST095,96.95,2024-01-16 13:46:17,PHARMACY,DEBIT,OREGON,0
TXN05889,CUST195,290.09,2024-03-21 22:00:20,GROCERY,DEBIT,HAWAII,0
TXN05890,CUST021,222.73,2024-02-23 21:17:41,ATM,CREDIT,NEVADA,0
TXN05891,CUST015,216.38,2024-02-22 08:59:50,HOTEL,CREDIT,MONTANA,0
TXN05892,CUST050,176.82,2024-03-11 08:47:45,CLOTHING,DEBIT,CALIFORNIA,0
TXN05893,CUST034,352.05,2024-01-06 19:06:34,CLOTHING,CREDIT,ILLINOIS,0
TXN05894,CUST048,693.03,2024-02-27 18:28:53,ONLINE,CREDIT,ILLINOIS,0
TXN05895,CUST012,1226.18,2024-02-23 08:19:07,ELECTRONICS,DEBIT,NEW_YORK,0
TXN05896,CUST038,89.31,2024-02-15 22:09:47,ATM,DEBIT,CALIFORNIA,0
TXN05897,CUST008,407.97,2024-03-03 12:42:30,ATM,CREDIT,WASHINGTON,0
TXN05898,CUST046,42.99,2024-02-27 15:05:50,COFFEE_SHOP,CREDIT,ILLINOIS,0
TXN05899,CUST041,401.78,2024-01-09 19:05:20,ATM,DEBIT,MICHIGAN,0
TXN05900,CUST040,7.09,2024-03-19 21:29:31,COFFEE_SHOP,DEBIT,FLORIDA,0
TXN05901,CUST040,1353.73,2024-02-28 21:09:27,JEWELRY,DEBIT,ILLINOIS,1
TXN05902,CUST005,117.79,2024-03-18 13:17:18,RESTAURANT,CREDIT,OREGON,0
TXN05903,CUST022,97.76,2024-02-16 15:07:45,RESTAURANT,CREDIT,MICHIGAN,0
TXN05904,CUST042,88.6,2024-01-08 16:28:23,PHARMACY,CREDIT,WASHINGTON,0
TXN05905,CUST046,143.62,2024-01-30 18:16:06,GAS_STATION,CREDIT,UNKNOWN,0
TXN05906,CUST003,271.85,2024-03-26 12:37:30,ATM,DEBIT,OREGON,0
TXN05907,CUST008,262.89,2024-01-16 17:51:34,GROCERY,CREDIT,ARIZONA,0
TXN05908,CUST029,28.18,2024-02-09 19:38:36,PHARMACY,DEBIT,WASHINGTON,0
TXN05909,CUST008,201.69,2024-02-19 14:10:13,GROCERY,DEBIT,FLORIDA,0
TXN05910,CUST026,111.16,2024-02-09 14:00:35,CLOTHING,DEBIT,HAWAII,0
TXN05911,CUST047,334.91,2024-01-17 10:02:10,ELECTRONICS,CREDIT,MICHIGAN,0
TXN05912,CUST044,367.41,2024-03-07 09:35:07,CLOTHING,DEBIT,NEVADA,0
TXN05913,CUST049,38.09,2024-01-11 10:49:02,RESTAURANT,DEBIT,UNKNOWN,0
TXN05914,CUST132,50.09,2024-01-20 18:52:54,PHARMACY,DEBIT,NEW_YORK,0
TXN05915,CUST026,256.67,2024-02-01 22:42:28,HOTEL,CREDIT,HAWAII,0
TXN05916,CUST024,310.31,2024-01-14 09:05:06,GROCERY,DEBIT,OREGON,0
TXN05917,CUST034,134.98,2024-03-10 19:21:38,GAS_STATION,DEBIT,MONTANA,0
TXN05918,CUST141,15.58,2024-02-29 13:53:20,COFFEE_SHOP,DEBIT,FLORIDA,0
TXN05919,CUST050,96.19,2024-03-30 08:02:18,GAS_STATION,CREDIT,NEVADA,0
TXN05920,CUST034,41.67,2024-02-22 22:14:02,COFFEE_SHOP,DEBIT,CALIFORNIA,0
TXN05921,CUST034,176.11,2024-03-29 22:28:18,GROCERY,DEBIT,UTAH,0
TXN05922,CUST042,590.62,2024-02-15 12:17:26,ELECTRONICS,DEBIT,MICHIGAN,0
TXN05923,CUST103,55.25,2024-03-04 21:51:34,ELECTRONICS,DEBIT,UTAH,0
TXN05924,CUST006,7.99,2024-02-19 12:40:30,COFFEE_SHOP,DEBIT,COLORADO,0
TXN05925,CUST049,351.56,2024-03-23 20:58:23,CLOTHING,CREDIT,UTAH,0
TXN05926,CUST033,1765.22,2024-01-24 12:44:30,JEWELRY,DEBIT,OREGON,0
TXN05927,CUST002,266.81,2024-03-15 09:18:33,CLOTHING,DEBIT,OREGON,0
TXN05928,CUST003,355.67,2024-01-18 21:17:37,ATM,CREDIT,OREGON,0
TXN05929,CUST028,163.5,2024-01-07 17:28:41,RESTAURANT,CREDIT,ARIZONA,0
TXN05930,CUST002,67.02,2024-02-07 16:43:18,ATM,DEBIT,NEW_YORK,0
TXN05931,CUST025,121.39,2024-02-03 22:36:07,RESTAURANT,CREDIT,HAWAII,0
TXN05932,CUST030,308.0,2024-01-01 16:33:07,GROCERY,DEBIT,ARIZONA,0
TXN05933,CUST031,277.89,2024-03-12 18:22:18,JEWELRY,CREDIT,MONTANA,0
TXN05934,CUST026,604.12,2024-02-10 15:06:36,GROCERY,DEBIT,WASHINGTON,1
TXN05935,CUST103,1350.56,2024-02-17 18:09:43,ELECTRONICS,DEBIT,UTAH,0
TXN05936,CUST028,104.46,2024-02-01 16:56:55,GAS_STATION,DEBIT,WASHINGTON,0
TXN05937,CUST004,32.06,2024-02-10 17:03:30,COFFEE_SHOP,DEBIT,NEVADA,0
TXN05938,CUST065,325.34,2024-02-22 16:20:38,CLOTHING,CREDIT,WASHINGTON,0
TXN05939,CUST022,342.3,2024-03-26 19:05:26,HOTEL,CREDIT,NEW_YORK,0
TXN05940,CUST035,280.78,2024-01-09 15:56:28,CLOTHING,DEBIT,ILLINOIS,0
TXN05941,CUST002,45.96,2024-03-09 14:36:16,GAS_STATION,CREDIT,NEVADA,0
TXN05942,CUST013,1521.17,2024-01-25 18:19:51,JEWELRY,CREDIT,MICHIGAN,0
TXN05943,CUST143,88.77,2024-02-28 15:58:22,GAS_STATION,DEBIT,ARIZONA,0
TXN05944,CUST011,61.62,2024-03-15 18:24:07,PHARMACY,DEBIT,UTAH,0
TXN05945,CUST079,45.38,2024-01-19 08:23:10,COFFEE_SHOP,DEBIT,FLORIDA,0
TXN05946,CUST035,3480.77,2024-01-19 17:06:28,JEWELRY,DEBIT,UTAH,1
TXN05947,CUST118,388.79,2024-01-19 08:19:50,ATM,DEBIT,NEW_YORK,0
TXN05948,CUST102,41.72,2024-02-17 10:37:15,GAS_STATION,DEBIT,CALIFORNIA,0
TXN05949,CUST029,127.53,2024-03-10 11:35:41,RESTAURANT,CREDIT,WASHINGTON,0
TXN05950,CUST029,1462.67,2024-01-09 18:49:25,ONLINE,DEBIT,OREGON,1
TXN05951,CUST036,52.72,2024-03-06 12:08:34,ONLINE,DEBIT,FLORIDA,0
TXN05952,CUST049,953.44,2024-01-05 09:23:25,JEWELRY,DEBIT,WASHINGTON,0
TXN05953,CUST009,502.99,2024-03-26 20:20:06,ONLINE,DEBIT,NEVADA,0
TXN05954,CUST008,50.81,2024-03-30 11:26:39,ONLINE,CREDIT,CALIFORNIA,0
TXN05955,CUST031,166.37,2024-03-13 14:30:42,RESTAURANT,DEBIT,FLORIDA,0
TXN05956,CUST012,676.38,2024-02-26 16:41:07,ONLINE,DEBIT,TEXAS,0
TXN05957,CUST034,307.68,2024-02-09 22:12:27,GROCERY,DEBIT,NEW_YORK,0
TXN05958,CUST012,47.57,2024-02-05 17:39:03,COFFEE_SHOP,CREDIT,FLORIDA,0
TXN05959,CUST128,67.02,2024-01-06 09:07:58,RESTAURANT,DEBIT,HAWAII,0
TXN05960,CUST046,167.55,2024-02-18 12:19:39,HOTEL,CREDIT,NEVADA,0
TXN05961,CUST044,272.03,2024-01-05 17:15:29,ONLINE,DEBIT,CALIFORNIA,0
TXN05962,CUST046,348.03,2024-01-26 22:30:17,HOTEL,CREDIT,ILLINOIS,1
TXN05963,CUST038,116.04,2024-03-02 22:32:08,GROCERY,DEBIT,WASHINGTON,0
TXN05964,CUST033,139.63,2024-01-04 08:55:46,GAS_STATION,DEBIT,UTAH,0
TXN05965,CUST021,114.91,2024-02-06 20:43:51,GAS_STATION,DEBIT,UTAH,0
TXN05966,CUST035,240.47,2024-03-26 21:01:07,ONLINE,DEBIT,UNKNOWN,0
TXN05967,CUST011,168.72,2024-03-26 20:12:07,ELECTRONICS,CREDIT,MONTANA,0
TXN05968,CUST024,114.71,2024-02-04 19:44:59,CLOTHING,DEBIT,UTAH,0
TXN05969,CUST020,124.22,2024-01-22 19:02:59,RESTAURANT,DEBIT,CALIFORNIA,0
TXN05970,CUST005,1201.97,2024-01-06 17:02:53,JEWELRY,DEBIT,NEVADA,0
TXN05971,CUST022,810.01,2024-01-31 15:44:38,ELECTRONICS,DEBIT,CALIFORNIA,1
TXN05972,CUST015,491.36,2024-01-17 14:59:17,ATM,DEBIT,CALIFORNIA,0
TXN05973,CUST037,172.59,2024-02-08 21:38:56,RESTAURANT,DEBIT,ARIZONA,0
TXN05974,CUST044,659.79,2024-01-14 14:51:30,ELECTRONICS,DEBIT,NEVADA,0
TXN05975,CUST043,1427.88,2024-02-19 13:57:50,JEWELRY,DEBIT,TEXAS,0
TXN05976,CUST046,67.22,2024-02-17 08:44:20,CLOTHING,CREDIT,ARIZONA,0
TXN05977,CUST002,192.15,2024-03-24 18:47:00,RESTAURANT,CREDIT,ILLINOIS,0
TXN05978,CUST035,63.6,2024-01-02 15:27:04,ATM,DEBIT,FLORIDA,0
TXN05979,CUST034,349.49,2024-03-04 14:24:10,HOTEL,DEBIT,CALIFORNIA,1
TXN05980,CUST034,212.16,2024-03-11 10:54:25,JEWELRY,DEBIT,ARIZONA,0
TXN05981,CUST023,44.29,2024-03-22 10:11:45,GROCERY,DEBIT,NEVADA,0
TXN05982,CUST042,30.54,2024-03-15 21:29:05,PHARMACY,DEBIT,MONTANA,0
TXN05983,CUST041,184.78,2024-01-20 10:56:58,RESTAURANT,DEBIT,MICHIGAN,0
TXN05984,CUST014,121.36,2024-02-12 09:29:50,CLOTHING,CREDIT,MONTANA,0
TXN05985,CUST022,584.33,2024-02-12 09:37:21,ELECTRONICS,DEBIT,HAWAII,0
TXN05986,CUST031,26.16,2024-03-22 11:09:13,GROCERY,DEBIT,COLORADO,0
TXN05987,CUST090,190.46,2024-02-05 21:45:54,ATM,DEBIT,OREGON,0
TXN05988,CUST111,70.99,2024-02-29 21:18:34,PHARMACY,DEBIT,HAWAII,0
TXN05989,CUST049,117.58,2024-02-02 17:51:51,GROCERY,DEBIT,TEXAS,0
TXN05990,CUST043,66.73,2024-03-26 16:36:00,PHARMACY,DEBIT,NEVADA,0
TXN05991,CUST045,153.1,2024-02-28 12:30:01,ONLINE,CREDIT,COLORADO,0
TXN05992,CUST006,11.81,2024-03-24 18:27:10,PHARMACY,CREDIT,CALIFORNIA,0
TXN05993,CUST026,137.7,2024-03-09 18:07:38,RESTAURANT,DEBIT,UNKNOWN,0
TXN05994,CUST035,44.03,2024-03-21 12:17:53,PHARMACY,DEBIT,UNKNOWN,0
TXN05995,CUST055,15.86,2024-01-06 08:37:33,COFFEE_SHOP,CREDIT,WASHINGTON,0
TXN05996,CUST177,410.39,2024-01-03 09:45:26,CLOTHING,DEBIT,NEW_YORK,1
TXN05997,CUST006,346.68,2024-02-17 13:01:57,GROCERY,DEBIT,WASHINGTON,0
TXN05998,CUST034,887.83,2024-02-20 22:20:27,GROCERY,DEBIT,COLORADO,1
TXN05999,CUST042,97.94,2024-02-09 17:45:04,ATM,DEBIT,NEW_YORK,0
TXN06000,CUST023,15.94,2024-02-28 16:03:13,COFFEE_SHOP,DEBIT,FLORIDA,0
TXN06001,CUST002,295.01,2024-02-24 10:25:55,GAS_STATION,CREDIT,ILLINOIS,1
TXN06002,CUST019,19.27,2024-02-02 11:11:55,COFFEE_SHOP,CREDIT,ARIZONA,0
TXN06003,CUST016,640.82,2024-01-17 09:37:17,HOTEL,DEBIT,TEXAS,1
TXN06004,CUST005,47.66,2024-02-17 18:48:09,RESTAURANT,DEBIT,MONTANA,0
TXN06005,CUST003,143.84,2024-03-19 16:01:54,ELECTRONICS,CREDIT,CALIFORNIA,0
TXN06006,CUST033,670.6,2024-01-10 10:14:55,JEWELRY,DEBIT,OREGON,0
TXN06007,CUST013,109.73,2024-01-06 19:32:35,ONLINE,CREDIT,COLORADO,0
TXN06008,CUST009,207.71,2024-01-26 17:31:25,ONLINE,DEBIT,OREGON,0
TXN06009,CUST019,26.89,2024-02-17 21:36:56,COFFEE_SHOP,DEBIT,ARIZONA,0
TXN06010,CUST073,90.46,2024-02-06 12:10:50,GAS_STATION,DEBIT,ARIZONA,0
TXN06011,CUST048,31.68,2024-01-10 15:08:16,COFFEE_SHOP,DEBIT,HAWAII,0
TXN06012,CUST007,23.98,2024-03-19 16:15:27,COFFEE_SHOP,DEBIT,MONTANA,0
TXN06013,CUST039,826.95,2024-02-14 18:45:13,JEWELRY,DEBIT,HAWAII,0
TXN06014,CUST012,29.94,2024-01-03 13:41:22,COFFEE_SHOP,DEBIT,WASHINGTON,0
TXN06015,CUST047,3317.13,2024-01-05 19:36:24,ELECTRONICS,CREDIT,COLORADO,1
TXN06016,CUST019,994.28,2024-02-01 10:54:39,ELECTRONICS,DEBIT,COLORADO,0
TXN06017,CUST020,359.93,2024-03-26 16:45:14,HOTEL,DEBIT,NEW_YORK,0
TXN06018,CUST008,1482.07,2024-02-06 22:55:27,JEWELRY,CREDIT,CALIFORNIA,0
TXN06019,CUST009,59.92,2024-01-06 21:09:14,GROCERY,CREDIT,COLORADO,0
TXN06020,CUST067,402.13,2024-01-10 12:50:50,HOTEL,DEBIT,NEW_YORK,0
TXN06021,CUST009,40.3,2024-02-24 21:50:34,GAS_STATION,DEBIT,NEVADA,0
TXN06022,CUST049,45.81,2024-02-29 14:02:20,COFFEE_SHOP,CREDIT,UNKNOWN,0
TXN06023,CUST019,385.21,2024-02-03 12:40:50,CLOTHING,DEBIT,ILLINOIS,0
TXN06024,CUST009,141.11,2024-02-02 14:09:04,CLOTHING,CREDIT,MICHIGAN,0
TXN06025,CUST111,178.57,2024-03-02 09:15:48,JEWELRY,DEBIT,ARIZONA,0
TXN06026,CUST002,112.81,2024-02-11 14:11:48,GAS_STATION,DEBIT,UNKNOWN,0
TXN06027,CUST005,365.84,2024-02-20 14:18:27,ATM,DEBIT,ILLINOIS,0
TXN06028,CUST038,317.24,2024-03-13 20:52:51,ATM,DEBIT,UTAH,0
TXN06029,CUST032,98.6,2024-02-07 10:17:06,CLOTHING,DEBIT,NEVADA,0
TXN06030,CUST023,142.25,2024-01-15 15:09:48,ATM,DEBIT,ILLINOIS,0
TXN06031,CUST020,1702.68,2024-03-05 09:06:26,JEWELRY,DEBIT,OREGON,1
TXN06032,CUST037,223.98,2024-03-15 15:07:03,ATM,DEBIT,TEXAS,0
TXN06033,CUST019,3227.16,2024-02-04 15:41:11,ELECTRONICS,DEBIT,UNKNOWN,1
TXN06034,CUST062,870.94,2024-02-27 09:39:30,GROCERY,CREDIT,NEW_YORK,1
TXN06035,CUST076,39.58,2024-03-05 18:09:33,COFFEE_SHOP,DEBIT,ILLINOIS,0
TXN06036,CUST048,272.53,2024-02-11 13:57:57,GROCERY,DEBIT,MONTANA,0
TXN06037,CUST038,216.89,2024-02-04 21:28:11,ATM,DEBIT,OREGON,0
TXN06038,CUST015,369.67,2024-01-06 14:14:07,HOTEL,DEBIT,OREGON,0
TXN06039,CUST106,40.19,2024-02-26 17:50:27,PHARMACY,DEBIT,UNKNOWN,0
TXN06040,CUST041,61.84,2024-01-30 11:37:34,CLOTHING,DEBIT,WASHINGTON,0
TXN06041,CUST041,2229.84,2024-01-31 15:17:18,ELECTRONICS,DEBIT,NEVADA,1
TXN06042,CUST045,139.64,2024-01-29 09:09:52,GAS_STATION,DEBIT,ARIZONA,0
TXN06043,CUST035,625.08,2024-03-04 13:18:44,ONLINE,DEBIT,FLORIDA,0
TXN06044,CUST008,1870.33,2024-01-02 15:25:23,JEWELRY,DEBIT,MONTANA,1
TXN06045,CUST042,3652.96,2024-03-03 18:08:24,ELECTRONICS,DEBIT,ILLINOIS,1
TXN06046,CUST018,245.65,2024-01-01 16:32:20,GROCERY,DEBIT,NEVADA,0
TXN06047,CUST050,3247.18,2024-02-02 15:42:03,ELECTRONICS,DEBIT,UTAH,1
TXN06048,CUST056,244.09,2024-02-22 15:23:07,GROCERY,CREDIT,TEXAS,0
TXN06049,CUST020,224.27,2024-03-18 15:07:18,HOTEL,CREDIT,FLORIDA,0
TXN06050,CUST048,265.9,2024-01-24 14:32:32,RESTAURANT,DEBIT,NEW_YORK,1
TXN06051,CUST083,1283.78,2024-03-17 13:59:38,ELECTRONICS,DEBIT,WASHINGTON,0
TXN06052,CUST019,5906.44,2024-01-03 12:52:58,JEWELRY,DEBIT,COLORADO,1
TXN06053,CUST006,2413.89,2024-01-04 19:31:43,ELECTRONICS,DEBIT,UNKNOWN,1
TXN06054,CUST031,55.08,2024-03-23 08:10:28,GAS_STATION,DEBIT,NEVADA,0
TXN06055,CUST048,38.28,2024-01-28 18:59:50,ATM,DEBIT,ILLINOIS,0
TXN06056,CUST140,1216.93,2024-02-29 18:27:26,JEWELRY,DEBIT,MICHIGAN,0
TXN06057,CUST042,19.23,2024-02-18 21:39:00,COFFEE_SHOP,CREDIT,WASHINGTON,0
TXN06058,CUST015,1952.36,2024-03-01 19:09:07,JEWELRY,DEBIT,WASHINGTON,0
TXN06059,CUST192,32.66,2024-03-25 19:48:56,PHARMACY,CREDIT,NEVADA,0
TXN06060,CUST030,28.77,2024-02-17 17:15:50,COFFEE_SHOP,CREDIT,HAWAII,0
TXN06061,CUST024,58.43,2024-02-23 17:59:19,PHARMACY,CREDIT,ARIZONA,0
TXN06062,CUST049,11.71,2024-03-15 12:20:45,COFFEE_SHOP,DEBIT,COLORADO,0
TXN06063,CUST171,321.57,2024-01-10 13:21:12,CLOTHING,DEBIT,FLORIDA,0
TXN06064,CUST012,271.02,2024-03-02 18:40:29,ATM,DEBIT,CALIFORNIA,0
TXN06065,CUST023,138.42,2024-03-07 11:30:41,CLOTHING,DEBIT,OREGON,0
TXN06066,CUST007,2368.19,2024-01-19 21:31:59,ONLINE,CREDIT,NEVADA,1
TXN06067,CUST027,851.72,2024-03-16 19:58:05,ELECTRONICS,DEBIT,NEVADA,0
TXN06068,CUST006,23.98,2024-03-21 10:15:55,COFFEE_SHOP,DEBIT,UTAH,0
TXN06069,CUST046,35.63,2024-01-27 22:32:28,COFFEE_SHOP,DEBIT,MONTANA,0
TXN06070,CUST012,383.22,2024-01-08 12:29:44,CLOTHING,DEBIT,HAWAII,0
TXN06071,CUST028,199.56,2024-01-11 22:30:58,HOTEL,CREDIT,NEW_YORK,0
TXN06072,CUST047,301.26,2024-02-28 13:17:15,GROCERY,DEBIT,ILLINOIS,0
TXN06073,CUST109,157.77,2024-02-01 13:53:02,JEWELRY,CREDIT,UTAH,0
TXN06074,CUST038,7368.34,2024-01-24 19:39:42,JEWELRY,DEBIT,UTAH,1
TXN06075,CUST131,383.43,2024-03-07 21:39:29,CLOTHING,CREDIT,ARIZONA,0
TXN06076,CUST023,172.64,2024-03-28 21:43:34,GROCERY,DEBIT,OREGON,0
TXN06077,CUST023,270.85,2024-01-31 15:28:05,GROCERY,DEBIT,COLORADO,0
TXN06078,CUST041,254.98,2024-02-14 09:47:43,HOTEL,DEBIT,UTAH,0
TXN06079,CUST049,365.58,2024-02-19 22:13:24,ATM,DEBIT,TEXAS,0
TXN06080,CUST034,286.8,2024-02-04 14:15:46,RESTAURANT,CREDIT,COLORADO,1
TXN06081,CUST034,319.59,2024-02-07 09:24:39,GROCERY,DEBIT,NEW_YORK,0
TXN06082,CUST071,277.34,2024-01-14 22:26:05,GROCERY,DEBIT,FLORIDA,0
TXN06083,CUST098,231.11,2024-01-01 14:59:24,ELECTRONICS,DEBIT,TEXAS,0
TXN06084,CUST033,89.44,2024-02-15 12:34:31,GAS_STATION,CREDIT,OREGON,0
TXN06085,CUST031,676.25,2024-01-22 10:32:30,ELECTRONICS,DEBIT,HAWAII,0
TXN06086,CUST073,24.32,2024-03-24 22:43:10,COFFEE_SHOP,CREDIT,CALIFORNIA,0
TXN06087,CUST040,17.99,2024-03-19 08:58:33,PHARMACY,DEBIT,UTAH,0
TXN06088,CUST020,1761.75,2024-03-07 15:08:04,JEWELRY,CREDIT,CALIFORNIA,0
TXN06089,CUST172,76.53,2024-03-11 21:37:37,GROCERY,DEBIT,UNKNOWN,0
TXN06090,CUST015,1354.13,2024-03-05 19:13:11,ELECTRONICS,DEBIT,FLORIDA,0
TXN06091,CUST017,43.51,2024-01-26 09:29:32,COFFEE_SHOP,DEBIT,MICHIGAN,0
TXN06092,CUST186,490.03,2024-01-17 13:36:12,HOTEL,DEBIT,NEW_YORK,0
TXN06093,CUST068,64.48,2024-03-30 21:09:07,PHARMACY,CREDIT,TEXAS,0
TXN06094,CUST046,1253.71,2024-03-15 15:22:50,ELECTRONICS,DEBIT,UNKNOWN,0
TXN06095,CUST032,75.9,2024-02-24 09:17:29,GAS_STATION,DEBIT,FLORIDA,0
TXN06096,CUST014,56.75,2024-02-27 09:00:27,PHARMACY,DEBIT,OREGON,0
TXN06097,CUST012,325.38,2024-01-06 13:48:07,HOTEL,DEBIT,HAWAII,0
TXN06098,CUST045,272.32,2024-03-09 20:13:01,ONLINE,CREDIT,NEVADA,0
TXN06099,CUST047,1922.58,2024-01-22 10:27:23,ELECTRONICS,DEBIT,ILLINOIS,1
TXN06100,CUST110,37.77,2024-03-05 20:30:47,ATM,DEBIT,MONTANA,0
TXN06101,CUST037,341.71,2024-03-07 11:52:12,RESTAURANT,DEBIT,NEVADA,1
TXN06102,CUST038,27.17,2024-01-04 20:48:00,COFFEE_SHOP,CREDIT,COLORADO,0
TXN06103,CUST018,46.83,2024-03-16 22:06:40,ATM,CREDIT,FLORIDA,0
TXN06104,CUST169,68.25,2024-02-26 12:46:30,ATM,CREDIT,TEXAS,0
TXN06105,CUST030,49.89,2024-01-12 22:42:19,CLOTHING,DEBIT,ARIZONA,0
TXN06106,CUST049,318.11,2024-01-08 14:12:30,HOTEL,DEBIT,UNKNOWN,0
TXN06107,CUST012,1227.22,2024-01-20 16:15:51,ELECTRONICS,DEBIT,MONTANA,0
TXN06108,CUST020,85.46,2024-03-08 08:00:17,RESTAURANT,DEBIT,UTAH,0
TXN06109,CUST129,316.78,2024-03-10 21:22:37,HOTEL,DEBIT,TEXAS,0
TXN06110,CUST033,151.33,2024-03-27 08:32:08,ONLINE,DEBIT,UNKNOWN,0
TXN06111,CUST017,240.64,2024-02-25 15:56:06,HOTEL,CREDIT,COLORADO,0
TXN06112,CUST002,31.88,2024-02-16 08:07:36,CLOTHING,DEBIT,NEW_YORK,0
TXN06113,CUST027,99.42,2024-03-22 15:37:54,CLOTHING,DEBIT,UNKNOWN,0
TXN06114,CUST048,126.75,2024-01-02 12:41:18,ATM,DEBIT,CALIFORNIA,0
TXN06115,CUST048,135.58,2024-01-13 19:30:08,RESTAURANT,CREDIT,CALIFORNIA,0
TXN06116,CUST009,499.38,2024-03-22 14:48:05,HOTEL,CREDIT,ILLINOIS,0
TXN06117,CUST020,33.45,2024-03-27 16:12:06,COFFEE_SHOP,DEBIT,WASHINGTON,0
TXN06118,CUST002,134.86,2024-01-25 15:02:20,RESTAURANT,CREDIT,UNKNOWN,0
TXN06119,CUST106,65.58,2024-02-18 13:37:05,PHARMACY,DEBIT,MICHIGAN,0
TXN06120,CUST033,375.02,2024-03-29 11:59:21,RESTAURANT,DEBIT,COLORADO,1
TXN06121,CUST034,42.59,2024-01-09 17:07:37,PHARMACY,DEBIT,COLORADO,0
TXN06122,CUST027,178.47,2024-03-13 08:57:38,CLOTHING,CREDIT,MICHIGAN,0
TXN06123,CUST087,6052.76,2024-01-16 17:44:09,JEWELRY,CREDIT,CALIFORNIA,1
TXN06124,CUST188,46.77,2024-01-04 09:12:44,PHARMACY,DEBIT,NEW_YORK,0
TXN06125,CUST020,132.5,2024-02-29 14:40:07,GROCERY,CREDIT,WASHINGTON,0
TXN06126,CUST004,45.05,2024-03-22 20:11:52,COFFEE_SHOP,DEBIT,OREGON,0
TXN06127,CUST003,119.55,2024-01-20 16:27:53,GAS_STATION,DEBIT,FLORIDA,0
TXN06128,CUST040,56.01,2024-03-23 15:51:44,PHARMACY,CREDIT,ILLINOIS,0
TXN06129,CUST007,100.21,2024-02-22 14:34:17,HOTEL,DEBIT,NEVADA,0
TXN06130,CUST027,42.48,2024-03-24 10:26:32,GAS_STATION,DEBIT,UNKNOWN,0
TXN06131,CUST182,90.76,2024-02-12 14:05:49,RESTAURANT,DEBIT,MONTANA,0
TXN06132,CUST049,308.12,2024-03-23 13:18:54,CLOTHING,CREDIT,CALIFORNIA,1
TXN06133,CUST046,28.35,2024-03-22 11:24:49,COFFEE_SHOP,CREDIT,NEVADA,0
TXN06134,CUST028,466.42,2024-01-29 19:33:58,HOTEL,CREDIT,ILLINOIS,0
TXN06135,CUST026,27.8,2024-02-19 19:17:08,COFFEE_SHOP,DEBIT,WASHINGTON,0
TXN06136,CUST023,277.01,2024-03-06 16:19:52,GROCERY,CREDIT,COLORADO,0
TXN06137,CUST001,149.94,2024-03-21 11:49:44,ATM,CREDIT,HAWAII,0
TXN06138,CUST035,398.81,2024-01-20 10:35:46,ATM,DEBIT,UTAH,0
TXN06139,CUST033,64.27,2024-01-22 15:13:48,GAS_STATION,DEBIT,COLORADO,0
TXN06140,CUST033,157.81,2024-01-30 18:33:36,ELECTRONICS,DEBIT,UNKNOWN,0
TXN06141,CUST027,122.17,2024-02-05 15:58:21,GROCERY,CREDIT,UNKNOWN,0
TXN06142,CUST045,208.74,2024-03-07 09:46:28,GROCERY,CREDIT,ILLINOIS,0
TXN06143,CUST008,92.23,2024-01-01 22:35:26,GAS_STATION,DEBIT,ILLINOIS,0
TXN06144,CUST037,2507.43,2024-01-02 14:29:39,JEWELRY,DEBIT,HAWAII,1
TXN06145,CUST158,51.63,2024-02-01 15:08:53,RESTAURANT,DEBIT,COLORADO,0
TXN06146,CUST027,251.1,2024-03-20 09:23:03,ONLINE,CREDIT,MICHIGAN,0
TXN06147,CUST030,152.88,2024-03-22 17:35:35,RESTAURANT,DEBIT,ARIZONA,0
TXN06148,CUST029,316.7,2024-01-09 10:13:22,ELECTRONICS,DEBIT,UTAH,0
TXN06149,CUST012,530.94,2024-01-07 15:30:48,RESTAURANT,DEBIT,NEW_YORK,1
TXN06150,CUST040,127.15,2024-01-30 18:39:10,ATM,DEBIT,NEVADA,0
TXN06151,CUST046,450.83,2024-02-01 12:41:25,RESTAURANT,CREDIT,OREGON,1
TXN06152,CUST020,428.28,2024-02-11 17:35:50,ONLINE,DEBIT,NEVADA,0
TXN06153,CUST108,115.67,2024-02-13 15:00:52,RESTAURANT,DEBIT,HAWAII,0
TXN06154,CUST039,26.12,2024-03-23 21:35:06,COFFEE_SHOP,CREDIT,UNKNOWN,0
TXN06155,CUST018,313.0,2024-03-13 20:50:48,ATM,DEBIT,WASHINGTON,0
TXN06156,CUST009,326.63,2024-01-02 10:39:14,GROCERY,DEBIT,NEW_YORK,0
TXN06157,CUST027,442.22,2024-01-28 10:39:19,ONLINE,DEBIT,FLORIDA,0
TXN06158,CUST152,58.88,2024-01-10 19:59:46,PHARMACY,DEBIT,WASHINGTON,0
TXN06159,CUST013,156.12,2024-02-01 12:57:35,RESTAURANT,DEBIT,WASHINGTON,0
TXN06160,CUST039,84.5,2024-03-02 19:56:45,GAS_STATION,DEBIT,MICHIGAN,0
TXN06161,CUST043,43.52,2024-03-26 22:10:24,COFFEE_SHOP,DEBIT,ARIZONA,0
TXN06162,CUST083,2550.69,2024-01-09 17:17:10,ONLINE,DEBIT,WASHINGTON,1
TXN06163,CUST082,344.1,2024-02-18 08:53:20,CLOTHING,DEBIT,ILLINOIS,0
TXN06164,CUST030,1125.2,2024-03-15 21:19:32,JEWELRY,DEBIT,HAWAII,0
TXN06165,CUST038,349.92,2024-02-26 11:33:46,CLOTHING,DEBIT,WASHINGTON,0
TXN06166,CUST045,1423.09,2024-03-03 12:09:04,ATM,DEBIT,FLORIDA,1
TXN06167,CUST189,36.7,2024-03-05 08:47:50,COFFEE_SHOP,CREDIT,COLORADO,0
TXN06168,CUST045,520.75,2024-01-01 19:14:35,ONLINE,DEBIT,MONTANA,0
TXN06169,CUST003,149.4,2024-01-13 08:50:34,GAS_STATION,DEBIT,NEVADA,0
TXN06170,CUST023,264.52,2024-03-04 21:54:38,GROCERY,CREDIT,WASHINGTON,0
TXN06171,CUST014,154.82,2024-01-23 22:20:10,ATM,DEBIT,UTAH,0
TXN06172,CUST042,165.92,2024-02-13 18:46:36,JEWELRY,DEBIT,NEVADA,0
TXN06173,CUST023,46.87,2024-02-20 15:15:04,COFFEE_SHOP,DEBIT,ILLINOIS,0
TXN06174,CUST040,3876.23,2024-01-15 18:02:21,ELECTRONICS,DEBIT,MICHIGAN,1
TXN06175,CUST027,1294.2,2024-02-28 13:42:36,ELECTRONICS,CREDIT,NEVADA,0
TXN06176,CUST040,36.54,2024-03-22 15:24:41,PHARMACY,DEBIT,OREGON,0
TXN06177,CUST084,173.75,2024-02-10 16:08:51,ATM,CREDIT,HAWAII,0
TXN06178,CUST020,1783.47,2024-01-26 12:39:56,JEWELRY,DEBIT,MONTANA,0
TXN06179,CUST004,32.77,2024-02-14 11:13:19,COFFEE_SHOP,DEBIT,MICHIGAN,0
TXN06180,CUST012,157.96,2024-01-18 08:19:26,ATM,DEBIT,UNKNOWN,0
TXN06181,CUST005,45.87,2024-02-07 18:33:03,PHARMACY,CREDIT,NEVADA,0
TXN06182,CUST021,52.15,2024-01-27 14:22:02,PHARMACY,DEBIT,MICHIGAN,0
TXN06183,CUST006,104.23,2024-03-30 20:45:07,GAS_STATION,CREDIT,NEVADA,0
TXN06184,CUST012,114.2,2024-03-28 09:57:53,GROCERY,DEBIT,TEXAS,0
TXN06185,CUST031,205.69,2024-03-27 08:16:24,ATM,CREDIT,TEXAS,0
TXN06186,CUST130,39.47,2024-01-23 09:46:50,COFFEE_SHOP,DEBIT,MONTANA,0
TXN06187,CUST138,79.29,2024-02-21 22:50:11,ELECTRONICS,DEBIT,NEW_YORK,0
TXN06188,CUST008,1184.95,2024-02-10 18:51:24,ELECTRONICS,CREDIT,NEVADA,1
TXN06189,CUST017,226.22,2024-01-05 20:05:28,CLOTHING,CREDIT,OREGON,0
TXN06190,CUST047,76.4,2024-02-25 10:02:58,PHARMACY,DEBIT,MICHIGAN,0
TXN06191,CUST031,139.41,2024-02-24 15:14:04,ONLINE,DEBIT,FLORIDA,0
TXN06192,CUST012,194.45,2024-03-06 21:00:47,RESTAURANT,CREDIT,WASHINGTON,0
TXN06193,CUST041,39.89,2024-02-10 16:13:40,CLOTHING,DEBIT,FLORIDA,0
TXN06194,CUST139,147.79,2024-03-18 10:30:18,CLOTHING,DEBIT,UNKNOWN,0
TXN06195,CUST030,67.39,2024-02-17 13:52:27,PHARMACY,DEBIT,HAWAII,0
TXN06196,CUST176,252.81,2024-02-02 16:59:36,GROCERY,CREDIT,MONTANA,0
TXN06197,CUST046,45.04,2024-03-27 10:11:16,PHARMACY,CREDIT,OREGON,0
TXN06198,CUST021,68.9,2024-03-17 10:15:56,ATM,DEBIT,MONTANA,0
TXN06199,CUST033,465.94,2024-03-27 18:00:44,HOTEL,CREDIT,ILLINOIS,0
TXN06200,CUST036,292.84,2024-02-13 20:41:30,GROCERY,CREDIT,HAWAII,0
TXN06201,CUST040,44.27,2024-02-15 10:29:06,RESTAURANT,CREDIT,MONTANA,0
TXN06202,CUST013,1236.42,2024-02-03 12:38:45,ELECTRONICS,DEBIT,MONTANA,0
TXN06203,CUST037,21.12,2024-01-27 17:29:51,COFFEE_SHOP,DEBIT,NEW_YORK,0
TXN06204,CUST002,168.33,2024-03-15 13:31:57,ATM,DEBIT,NEVADA,0
TXN06205,CUST003,362.64,2024-03-17 20:35:13,CLOTHING,DEBIT,ARIZONA,0
TXN06206,CUST032,4642.44,2024-02-17 16:39:08,JEWELRY,DEBIT,HAWAII,1
TXN06207,CUST028,65.28,2024-02-11 12:05:39,GAS_STATION,DEBIT,HAWAII,0
TXN06208,CUST040,53.16,2024-01-06 11:07:21,GROCERY,DEBIT,OREGON,0
TXN06209,CUST186,74.27,2024-02-25 12:45:47,CLOTHING,DEBIT,MONTANA,0
TXN06210,CUST137,1001.93,2024-02-27 17:02:07,JEWELRY,CREDIT,OREGON,0
TXN06211,CUST011,947.41,2024-01-12 21:43:17,CLOTHING,DEBIT,TEXAS,1
TXN06212,CUST019,98.83,2024-01-12 11:12:58,RESTAURANT,DEBIT,ILLINOIS,0
TXN06213,CUST087,27.31,2024-01-07 20:13:23,RESTAURANT,CREDIT,ILLINOIS,0
TXN06214,CUST039,206.98,2024-01-06 18:39:32,HOTEL,DEBIT,UNKNOWN,0
TXN06215,CUST023,88.49,2024-01-21 14:56:31,RESTAURANT,DEBIT,HAWAII,0
TXN06216,CUST007,339.15,2024-02-12 19:28:15,HOTEL,CREDIT,UNKNOWN,0
TXN06217,CUST076,847.7,2024-02-14 15:03:23,HOTEL,DEBIT,MICHIGAN,1
TXN06218,CUST032,19.58,2024-02-04 09:01:21,COFFEE_SHOP,DEBIT,UNKNOWN,0
TXN06219,CUST019,17.9,2024-02-04 20:44:18,COFFEE_SHOP,DEBIT,OREGON,0
TXN06220,CUST141,78.01,2024-03-09 10:30:59,CLOTHING,DEBIT,ILLINOIS,0
TXN06221,CUST045,81.52,2024-03-05 15:05:58,PHARMACY,CREDIT,WASHINGTON,0
TXN06222,CUST044,193.97,2024-02-28 21:47:52,RESTAURANT,CREDIT,MICHIGAN,0
TXN06223,CUST045,1776.54,2024-03-30 20:33:33,JEWELRY,DEBIT,CALIFORNIA,0
TXN06224,CUST033,429.46,2024-03-27 13:32:02,HOTEL,DEBIT,UTAH,1
TXN06225,CUST032,23.4,2024-01-20 19:45:48,RESTAURANT,DEBIT,COLORADO,0
TXN06226,CUST159,910.41,2024-03-04 18:26:35,ELECTRONICS,DEBIT,ILLINOIS,0
TXN06227,CUST020,359.12,2024-02-19 16:05:41,ONLINE,DEBIT,CALIFORNIA,0
TXN06228,CUST132,301.62,2024-01-22 17:50:03,HOTEL,DEBIT,COLORADO,0
TXN06229,CUST020,31.3,2024-01-15 10:35:15,GAS_STATION,DEBIT,CALIFORNIA,0
TXN06230,CUST026,155.85,2024-01-22 10:36:40,GROCERY,DEBIT,HAWAII,0
TXN06231,CUST006,25.19,2024-03-16 09:37:18,COFFEE_SHOP,DEBIT,ARIZONA,0
TXN06232,CUST023,32.03,2024-01-20 14:12:01,RESTAURANT,DEBIT,UTAH,0
TXN06233,CUST042,74.6,2024-01-20 20:38:45,PHARMACY,DEBIT,ARIZONA,0
TXN06234,CUST047,238.33,2024-01-16 16:11:56,GROCERY,CREDIT,WASHINGTON,0
TXN06235,CUST097,74.11,2024-02-25 13:20:33,ATM,DEBIT,TEXAS,0
TXN06236,CUST009,144.94,2024-02-21 17:52:18,ELECTRONICS,DEBIT,ILLINOIS,0
TXN06237,CUST017,130.6,2024-02-25 19:24:28,ELECTRONICS,CREDIT,MONTANA,0
TXN06238,CUST019,910.07,2024-02-07 14:21:35,JEWELRY,DEBIT,MICHIGAN,0
TXN06239,CUST032,280.79,2024-01-29 22:05:54,HOTEL,DEBIT,OREGON,0
TXN06240,CUST031,696.4,2024-03-30 11:52:25,JEWELRY,CREDIT,NEW_YORK,0
TXN06241,CUST041,355.35,2024-02-17 15:55:44,ATM,CREDIT,ARIZONA,0
TXN06242,CUST159,16.01,2024-03-20 19:23:30,COFFEE_SHOP,DEBIT,MICHIGAN,0
TXN06243,CUST013,73.71,2024-02-15 16:48:52,GAS_STATION,CREDIT,OREGON,0
TXN06244,CUST181,27.71,2024-02-02 17:38:41,PHARMACY,DEBIT,OREGON,0
TXN06245,CUST044,48.06,2024-03-04 19:15:43,GAS_STATION,CREDIT,NEW_YORK,0
TXN06246,CUST050,352.81,2024-01-10 20:31:52,HOTEL,DEBIT,OREGON,0
TXN06247,CUST197,1570.07,2024-02-08 14:22:22,JEWELRY,DEBIT,CALIFORNIA,1
TXN06248,CUST037,46.2,2024-03-26 09:40:32,COFFEE_SHOP,DEBIT,WASHINGTON,0
TXN06249,CUST043,43.34,2024-02-15 15:47:08,COFFEE_SHOP,DEBIT,COLORADO,0
TXN06250,CUST045,39.23,2024-02-07 11:29:08,COFFEE_SHOP,CREDIT,MICHIGAN,0
TXN06251,CUST040,4588.01,2024-02-02 18:48:42,ONLINE,DEBIT,FLORIDA,1
TXN06252,CUST165,109.61,2024-03-08 18:52:05,GAS_STATION,DEBIT,WASHINGTON,0
TXN06253,CUST037,94.19,2024-03-14 11:14:24,GROCERY,DEBIT,NEW_YORK,0
TXN06254,CUST040,429.77,2024-01-15 12:38:41,ELECTRONICS,CREDIT,UNKNOWN,0
TXN06255,CUST022,364.04,2024-02-05 09:25:29,CLOTHING,CREDIT,MONTANA,0
TXN06256,CUST069,812.27,2024-02-28 21:18:30,HOTEL,DEBIT,UTAH,1
TXN06257,CUST037,399.56,2024-01-24 22:51:38,ONLINE,CREDIT,WASHINGTON,0
TXN06258,CUST045,145.13,2024-01-22 18:47:27,GROCERY,DEBIT,UTAH,0
TXN06259,CUST104,90.1,2024-02-22 12:52:05,GROCERY,CREDIT,WASHINGTON,0
TXN06260,CUST010,832.73,2024-01-21 16:04:40,CLOTHING,DEBIT,MICHIGAN,1
TXN06261,CUST022,36.61,2024-02-17 16:42:16,COFFEE_SHOP,DEBIT,ARIZONA,0
TXN06262,CUST061,487.35,2024-02-24 09:32:44,HOTEL,DEBIT,CALIFORNIA,0
TXN06263,CUST047,156.19,2024-02-06 20:44:30,ELECTRONICS,DEBIT,TEXAS,0
TXN06264,CUST047,566.57,2024-03-11 11:04:11,ELECTRONICS,DEBIT,UNKNOWN,0
TXN06265,CUST083,15.34,2024-02-21 21:24:48,PHARMACY,DEBIT,NEW_YORK,0
TXN06266,CUST164,74.92,2024-03-07 13:03:22,GAS_STATION,DEBIT,TEXAS,0
TXN06267,CUST025,465.97,2024-02-16 21:51:10,GAS_STATION,CREDIT,COLORADO,1
TXN06268,CUST003,984.91,2024-03-04 20:23:20,ELECTRONICS,CREDIT,OREGON,0
TXN06269,CUST014,15.72,2024-01-19 21:53:28,COFFEE_SHOP,DEBIT,UTAH,0
TXN06270,CUST050,615.68,2024-01-31 09:06:28,ONLINE,DEBIT,FLORIDA,0
TXN06271,CUST037,24.91,2024-02-08 08:12:00,RESTAURANT,DEBIT,COLORADO,0
TXN06272,CUST023,287.03,2024-02-19 20:59:04,GROCERY,DEBIT,MICHIGAN,0
TXN06273,CUST015,2176.66,2024-02-06 16:35:56,ELECTRONICS,DEBIT,UTAH,1
TXN06274,CUST009,278.73,2024-03-24 11:04:10,CLOTHING,DEBIT,MICHIGAN,0
TXN06275,CUST036,51.89,2024-02-22 08:01:31,PHARMACY,CREDIT,FLORIDA,0
TXN06276,CUST024,95.91,2024-02-18 11:19:12,GAS_STATION,DEBIT,WASHINGTON,0
TXN06277,CUST023,61.03,2024-01-16 12:42:07,PHARMACY,CREDIT,UNKNOWN,0
TXN06278,CUST023,223.29,2024-01-31 20:16:31,GROCERY,DEBIT,WASHINGTON,0
TXN06279,CUST028,180.98,2024-01-11 22:57:01,GROCERY,CREDIT,FLORIDA,0
TXN06280,CUST005,1306.87,2024-02-12 21:26:37,ELECTRONICS,DEBIT,MICHIGAN,0
TXN06281,CUST057,85.13,2024-01-19 17:22:24,CLOTHING,CREDIT,NEVADA,0
TXN06282,CUST186,355.3,2024-01-23 17:47:43,HOTEL,CREDIT,FLORIDA,0
TXN06283,CUST010,1991.86,2024-01-03 13:21:43,JEWELRY,DEBIT,UNKNOWN,0
TXN06284,CUST119,178.73,2024-03-08 20:39:04,CLOTHING,DEBIT,FLORIDA,0
TXN06285,CUST032,177.05,2024-03-03 16:43:25,ATM,CREDIT,NEVADA,0
TXN06286,CUST037,281.82,2024-01-09 08:51:27,CLOTHING,CREDIT,MONTANA,0
TXN06287,CUST021,124.97,2024-01-13 18:26:00,ELECTRONICS,DEBIT,TEXAS,0
TXN06288,CUST111,270.97,2024-03-17 17:11:41,RESTAURANT,DEBIT,ARIZONA,1
TXN06289,CUST184,37.88,2024-02-14 11:26:55,COFFEE_SHOP,DEBIT,FLORIDA,0
TXN06290,CUST008,48.83,2024-03-02 16:08:27,GAS_STATION,CREDIT,NEVADA,0
TXN06291,CUST002,254.63,2024-02-24 19:41:53,ATM,CREDIT,ILLINOIS,0
TXN06292,CUST007,2095.34,2024-02-11 13:57:36,ONLINE,DEBIT,FLORIDA,1
TXN06293,CUST043,42.68,2024-01-29 13:28:36,RESTAURANT,DEBIT,OREGON,0
TXN06294,CUST003,34.13,2024-01-13 09:41:50,COFFEE_SHOP,DEBIT,MICHIGAN,0
TXN06295,CUST057,1262.34,2024-01-02 17:41:30,HOTEL,CREDIT,WASHINGTON,1
TXN06296,CUST097,47.44,2024-02-06 20:02:31,GAS_STATION,DEBIT,UNKNOWN,0
TXN06297,CUST010,905.28,2024-02-25 15:28:33,ELECTRONICS,DEBIT,WASHINGTON,0
TXN06298,CUST039,171.16,2024-03-24 20:27:51,HOTEL,DEBIT,TEXAS,0
TXN06299,CUST021,21.49,2024-03-03 21:12:23,COFFEE_SHOP,CREDIT,FLORIDA,0
TXN06300,CUST041,40.97,2024-02-03 11:37:52,PHARMACY,CREDIT,CALIFORNIA,0
TXN06301,CUST030,302.33,2024-01-14 13:05:26,ATM,CREDIT,MONTANA,0
TXN06302,CUST038,1583.98,2024-01-02 17:34:50,JEWELRY,DEBIT,HAWAII,1
TXN06303,CUST022,250.07,2024-02-22 18:55:56,GROCERY,CREDIT,UTAH,0
TXN06304,CUST044,252.57,2024-02-20 17:27:07,GROCERY,DEBIT,COLORADO,0
TXN06305,CUST050,80.69,2024-01-14 17:00:12,PHARMACY,CREDIT,NEW_YORK,0
TXN06306,CUST018,1512.82,2024-01-04 10:06:41,JEWELRY,DEBIT,MICHIGAN,0
TXN06307,CUST047,275.89,2024-02-29 18:44:52,HOTEL,CREDIT,ARIZONA,0
TXN06308,CUST011,4358.38,2024-02-29 20:12:36,ELECTRONICS,DEBIT,ARIZONA,1
TXN06309,CUST070,649.28,2024-02-01 09:12:27,ELECTRONICS,DEBIT,ILLINOIS,0
TXN06310,CUST036,36.46,2024-02-29 19:33:34,COFFEE_SHOP,DEBIT,ILLINOIS,0
TXN06311,CUST048,48.78,2024-01-01 17:10:28,COFFEE_SHOP,CREDIT,UNKNOWN,0
TXN06312,CUST048,55.44,2024-02-23 20:51:21,PHARMACY,DEBIT,NEW_YORK,0
TXN06313,CUST034,222.07,2024-02-07 14:02:56,ATM,DEBIT,OREGON,0
TXN06314,CUST008,681.75,2024-02-03 10:42:16,ELECTRONICS,DEBIT,ILLINOIS,0
TXN06315,CUST007,1062.5,2024-01-05 20:23:54,ELECTRONICS,DEBIT,FLORIDA,0
TXN06316,CUST006,440.08,2024-02-06 10:59:10,ATM,CREDIT,MONTANA,0
TXN06317,CUST048,5959.29,2024-01-10 20:42:04,ELECTRONICS,DEBIT,OREGON,1
TXN06318,CUST040,531.97,2024-03-09 16:16:24,CLOTHING,DEBIT,MONTANA,1
TXN06319,CUST031,203.47,2024-01-20 11:13:18,GROCERY,DEBIT,UTAH,0
TXN06320,CUST044,93.24,2024-02-16 19:38:26,HOTEL,DEBIT,OREGON,0
TXN06321,CUST140,1144.06,2024-03-21 19:37:27,CLOTHING,DEBIT,ILLINOIS,1
TXN06322,CUST020,113.46,2024-03-04 08:09:41,GAS_STATION,DEBIT,FLORIDA,0
TXN06323,CUST050,328.86,2024-03-04 17:25:14,CLOTHING,CREDIT,FLORIDA,0
TXN06324,CUST044,491.09,2024-02-11 16:38:04,HOTEL,DEBIT,OREGON,1
TXN06325,CUST040,1313.61,2024-01-29 15:22:49,ONLINE,DEBIT,WASHINGTON,1
TXN06326,CUST040,409.34,2024-01-16 19:56:25,ONLINE,CREDIT,FLORIDA,0
TXN06327,CUST050,74.8,2024-01-23 08:11:50,PHARMACY,DEBIT,COLORADO,0
TXN06328,CUST139,4149.9,2024-01-08 17:30:45,JEWELRY,DEBIT,UNKNOWN,1
TXN06329,CUST024,155.96,2024-03-08 15:40:14,GROCERY,DEBIT,COLORADO,0
TXN06330,CUST015,99.97,2024-03-21 15:04:20,PHARMACY,DEBIT,HAWAII,0
TXN06331,CUST115,119.37,2024-01-30 08:55:02,RESTAURANT,DEBIT,MONTANA,0
TXN06332,CUST020,41.27,2024-02-27 14:23:20,COFFEE_SHOP,DEBIT,MONTANA,0
TXN06333,CUST062,79.49,2024-02-07 19:16:50,RESTAURANT,DEBIT,ILLINOIS,0
TXN06334,CUST032,298.87,2024-01-10 13:32:04,CLOTHING,DEBIT,OREGON,0
TXN06335,CUST014,301.52,2024-01-23 10:46:35,RESTAURANT,DEBIT,ARIZONA,1
TXN06336,CUST011,435.17,2024-01-09 19:05:32,HOTEL,CREDIT,UNKNOWN,0
TXN06337,CUST181,419.44,2024-03-21 20:42:07,ELECTRONICS,DEBIT,UTAH,0
TXN06338,CUST113,535.69,2024-01-13 10:58:46,ONLINE,DEBIT,TEXAS,0
TXN06339,CUST049,113.99,2024-02-25 22:37:53,GAS_STATION,DEBIT,WASHINGTON,0
TXN06340,CUST012,560.85,2024-01-12 16:16:21,HOTEL,DEBIT,MONTANA,1
TXN06341,CUST039,342.38,2024-01-13 15:47:10,CLOTHING,DEBIT,ARIZONA,0
TXN06342,CUST025,14.32,2024-01-20 13:59:11,PHARMACY,CREDIT,MICHIGAN,0
TXN06343,CUST023,7398.11,2024-02-01 21:49:23,JEWELRY,DEBIT,WASHINGTON,1
TXN06344,CUST011,40.62,2024-01-31 15:54:54,PHARMACY,DEBIT,CALIFORNIA,0
TXN06345,CUST014,40.2,2024-01-06 15:26:20,COFFEE_SHOP,DEBIT,TEXAS,0
TXN06346,CUST184,103.05,2024-01-10 14:07:58,GAS_STATION,CREDIT,NEVADA,0
TXN06347,CUST025,63.86,2024-02-17 13:25:42,GAS_STATION,DEBIT,NEW_YORK,0
TXN06348,CUST043,117.95,2024-01-06 18:07:30,GAS_STATION,DEBIT,FLORIDA,0
TXN06349,CUST004,1487.01,2024-01-06 17:37:17,ELECTRONICS,DEBIT,FLORIDA,0
TXN06350,CUST088,201.27,2024-01-26 18:36:20,CLOTHING,CREDIT,CALIFORNIA,0
TXN06351,CUST020,411.65,2024-01-16 22:39:51,ONLINE,DEBIT,ARIZONA,0
TXN06352,CUST006,66.22,2024-02-21 16:11:41,GROCERY,CREDIT,UNKNOWN,0
TXN06353,CUST006,271.67,2024-02-18 17:20:52,CLOTHING,DEBIT,FLORIDA,0
TXN06354,CUST105,311.01,2024-02-12 11:44:54,CLOTHING,DEBIT,COLORADO,0
TXN06355,CUST016,863.12,2024-03-30 21:26:10,JEWELRY,CREDIT,FLORIDA,0
TXN06356,CUST036,24.71,2024-02-26 08:26:51,COFFEE_SHOP,DEBIT,NEW_YORK,0
TXN06357,CUST065,1040.87,2024-01-22 21:15:41,ELECTRONICS,CREDIT,CALIFORNIA,0
TXN06358,CUST022,622.05,2024-03-28 08:54:24,JEWELRY,DEBIT,MICHIGAN,0
TXN06359,CUST031,688.41,2024-02-02 19:12:35,ELECTRONICS,DEBIT,NEVADA,0
TXN06360,CUST021,21.73,2024-03-24 08:08:58,COFFEE_SHOP,DEBIT,NEVADA,0
TXN06361,CUST028,155.19,2024-02-13 10:46:10,RESTAURANT,DEBIT,ARIZONA,0
TXN06362,CUST041,206.65,2024-01-23 17:38:51,ONLINE,CREDIT,COLORADO,0
TXN06363,CUST131,910.35,2024-03-27 14:41:22,JEWELRY,DEBIT,ILLINOIS,0
TXN06364,CUST002,21.74,2024-02-09 10:08:56,RESTAURANT,DEBIT,MICHIGAN,0
TXN06365,CUST034,813.22,2024-02-04 17:49:36,JEWELRY,CREDIT,WASHINGTON,0
TXN06366,CUST014,1372.9,2024-02-29 16:41:08,ONLINE,CREDIT,MICHIGAN,1
TXN06367,CUST081,1302.88,2024-03-29 19:11:21,ELECTRONICS,CREDIT,TEXAS,0
TXN06368,CUST007,141.93,2024-03-06 21:37:50,GAS_STATION,DEBIT,CALIFORNIA,0
TXN06369,CUST019,1260.8,2024-01-08 20:22:14,ELECTRONICS,DEBIT,CALIFORNIA,0
TXN06370,CUST007,50.16,2024-03-02 08:31:28,PHARMACY,DEBIT,ARIZONA,0
TXN06371,CUST034,352.66,2024-02-02 08:39:27,ATM,DEBIT,HAWAII,0
TXN06372,CUST026,25.17,2024-03-07 13:12:19,GROCERY,DEBIT,HAWAII,0
TXN06373,CUST080,421.65,2024-03-26 13:18:49,ONLINE,DEBIT,NEVADA,0
TXN06374,CUST026,90.66,2024-02-19 14:17:11,PHARMACY,DEBIT,TEXAS,0
TXN06375,CUST046,73.61,2024-02-15 20:26:40,PHARMACY,DEBIT,OREGON,0
TXN06376,CUST006,2361.71,2024-03-24 19:42:19,ONLINE,DEBIT,FLORIDA,1
TXN06377,CUST147,347.85,2024-02-03 11:07:16,GROCERY,DEBIT,HAWAII,0
TXN06378,CUST031,205.67,2024-03-19 17:51:24,GROCERY,DEBIT,HAWAII,0
TXN06379,CUST048,145.52,2024-03-21 20:10:19,ATM,DEBIT,HAWAII,0
TXN06380,CUST018,29.93,2024-03-18 09:55:14,COFFEE_SHOP,DEBIT,UTAH,0
TXN06381,CUST044,12.45,2024-03-15 22:12:21,COFFEE_SHOP,DEBIT,ILLINOIS,0
TXN06382,CUST034,387.22,2024-02-21 11:31:34,HOTEL,DEBIT,NEVADA,0
TXN06383,CUST001,409.37,2024-02-21 14:09:19,CLOTHING,DEBIT,NEW_YORK,1
TXN06384,CUST152,79.36,2024-03-29 14:56:27,ONLINE,DEBIT,FLORIDA,0
TXN06385,CUST043,162.08,2024-02-27 14:16:42,GROCERY,DEBIT,OREGON,0
TXN06386,CUST105,18.43,2024-01-14 18:07:57,COFFEE_SHOP,DEBIT,HAWAII,0
TXN06387,CUST035,120.71,2024-01-09 18:12:19,RESTAURANT,CREDIT,UTAH,0
TXN06388,CUST029,15.56,2024-03-21 10:24:22,GROCERY,CREDIT,MONTANA,0
TXN06389,CUST185,19.09,2024-01-06 16:27:46,COFFEE_SHOP,DEBIT,UNKNOWN,0
TXN06390,CUST027,127.88,2024-02-14 21:05:44,GAS_STATION,DEBIT,NEVADA,0
TXN06391,CUST197,453.98,2024-01-16 22:24:22,ONLINE,DEBIT,HAWAII,0
TXN06392,CUST017,56.18,2024-03-03 11:57:40,PHARMACY,CREDIT,HAWAII,0
TXN06393,CUST034,723.72,2024-03-29 19:42:46,ONLINE,CREDIT,MICHIGAN,0
TXN06394,CUST013,232.59,2024-02-08 12:13:30,GROCERY,CREDIT,WASHINGTON,0
TXN06395,CUST188,218.86,2024-01-06 16:47:34,HOTEL,DEBIT,NEVADA,0
TXN06396,CUST043,645.46,2024-01-09 16:37:40,ONLINE,DEBIT,NEVADA,1
TXN06397,CUST026,167.02,2024-01-05 15:45:38,HOTEL,CREDIT,ILLINOIS,0
TXN06398,CUST004,53.13,2024-03-27 15:29:34,CLOTHING,DEBIT,UTAH,0
TXN06399,CUST003,601.25,2024-02-23 16:20:54,ELECTRONICS,DEBIT,NEW_YORK,0
TXN06400,CUST158,36.59,2024-02-02 09:09:39,GAS_STATION,DEBIT,FLORIDA,0
TXN06401,CUST019,11.09,2024-01-01 19:35:55,COFFEE_SHOP,DEBIT,MICHIGAN,0
TXN06402,CUST015,225.52,2024-03-19 14:40:55,CLOTHING,DEBIT,WASHINGTON,0
TXN06403,CUST141,742.21,2024-03-03 19:17:02,ONLINE,DEBIT,COLORADO,0
TXN06404,CUST004,83.75,2024-02-21 22:29:49,PHARMACY,DEBIT,COLORADO,0
TXN06405,CUST042,463.86,2024-01-26 10:53:02,ATM,DEBIT,CALIFORNIA,0
TXN06406,CUST144,5.71,2024-03-28 10:56:41,COFFEE_SHOP,DEBIT,COLORADO,0
TXN06407,CUST050,50.96,2024-01-14 17:59:45,ATM,DEBIT,UTAH,0
TXN06408,CUST008,80.72,2024-03-02 20:09:55,GAS_STATION,DEBIT,NEVADA,0
TXN06409,CUST021,30.91,2024-02-13 10:48:59,COFFEE_SHOP,DEBIT,NEW_YORK,0
TXN06410,CUST182,244.16,2024-02-01 14:18:42,CLOTHING,DEBIT,ILLINOIS,0
TXN06411,CUST050,180.23,2024-02-08 11:37:22,RESTAURANT,CREDIT,TEXAS,0
TXN06412,CUST033,1304.12,2024-01-11 09:17:30,ELECTRONICS,DEBIT,CALIFORNIA,0
TXN06413,CUST042,446.63,2024-02-01 15:49:48,ONLINE,DEBIT,MICHIGAN,0
TXN06414,CUST017,5756.36,2024-01-23 09:18:12,JEWELRY,DEBIT,OREGON,1
TXN06415,CUST011,159.72,2024-02-22 13:39:00,RESTAURANT,DEBIT,ARIZONA,0
TXN06416,CUST029,26.7,2024-03-23 12:25:31,GAS_STATION,DEBIT,WASHINGTON,0
TXN06417,CUST015,99.21,2024-01-06 15:59:24,GROCERY,CREDIT,CALIFORNIA,0
TXN06418,CUST049,586.41,2024-03-05 16:53:31,ONLINE,DEBIT,UNKNOWN,0
TXN06419,CUST008,35.72,2024-02-29 08:01:39,GROCERY,DEBIT,OREGON,0
TXN06420,CUST021,2597.02,2024-03-16 17:29:45,JEWELRY,CREDIT,TEXAS,1
TXN06421,CUST163,47.05,2024-01-27 14:44:55,PHARMACY,CREDIT,MONTANA,0
TXN06422,CUST027,40.91,2024-01-05 22:36:17,RESTAURANT,DEBIT,NEW_YORK,0
TXN06423,CUST099,3736.86,2024-03-30 09:09:56,ONLINE,DEBIT,UNKNOWN,1
TXN06424,CUST150,116.48,2024-02-07 09:32:23,RESTAURANT,CREDIT,WASHINGTON,0
TXN06425,CUST034,263.13,2024-02-12 09:27:28,ONLINE,DEBIT,OREGON,0
TXN06426,CUST030,1421.99,2024-01-10 17:52:39,ELECTRONICS,CREDIT,HAWAII,0
TXN06427,CUST035,2744.46,2024-01-21 10:54:11,JEWELRY,DEBIT,WASHINGTON,1
TXN06428,CUST025,4309.54,2024-03-03 15:29:56,ONLINE,CREDIT,UNKNOWN,1
TXN06429,CUST044,189.28,2024-02-17 19:07:37,CLOTHING,CREDIT,NEVADA,0
TXN06430,CUST184,347.26,2024-01-01 12:58:43,ONLINE,CREDIT,COLORADO,0
TXN06431,CUST048,177.2,2024-01-23 13:12:40,RESTAURANT,DEBIT,UTAH,0
TXN06432,CUST010,787.33,2024-02-06 16:30:56,RESTAURANT,DEBIT,UNKNOWN,1
TXN06433,CUST029,117.94,2024-01-18 12:46:47,HOTEL,CREDIT,NEW_YORK,0
TXN06434,CUST048,34.78,2024-03-21 19:19:17,GAS_STATION,DEBIT,COLORADO,0
TXN06435,CUST019,309.93,2024-01-10 11:20:37,CLOTHING,CREDIT,MONTANA,1
TXN06436,CUST044,73.61,2024-02-28 16:39:22,RESTAURANT,CREDIT,MONTANA,0
TXN06437,CUST010,586.86,2024-03-10 20:10:28,RESTAURANT,DEBIT,ILLINOIS,1
TXN06438,CUST017,500.09,2024-01-13 14:49:20,CLOTHING,DEBIT,NEW_YORK,1
TXN06439,CUST015,29.8,2024-01-29 19:10:42,PHARMACY,DEBIT,UNKNOWN,0
TXN06440,CUST040,235.75,2024-01-29 18:20:35,HOTEL,DEBIT,UTAH,0
TXN06441,CUST032,427.86,2024-02-29 10:35:02,HOTEL,DEBIT,CALIFORNIA,0
TXN06442,CUST009,131.04,2024-03-08 15:00:07,RESTAURANT,CREDIT,FLORIDA,0
TXN06443,CUST012,83.79,2024-02-12 13:45:59,GROCERY,CREDIT,WASHINGTON,0
TXN06444,CUST191,54.69,2024-02-12 19:55:39,ATM,CREDIT,COLORADO,0
TXN06445,CUST063,1544.68,2024-02-22 17:02:32,JEWELRY,CREDIT,WASHINGTON,0
TXN06446,CUST028,2277.44,2024-02-07 11:58:59,ONLINE,CREDIT,MICHIGAN,1
TXN06447,CUST027,51.03,2024-01-14 16:42:43,GROCERY,DEBIT,ARIZONA,0
TXN06448,CUST171,72.75,2024-02-05 14:47:48,RESTAURANT,DEBIT,WASHINGTON,0
TXN06449,CUST001,328.79,2024-01-03 17:42:45,ONLINE,CREDIT,NEW_YORK,0
TXN06450,CUST020,182.16,2024-03-27 19:42:24,RESTAURANT,DEBIT,FLORIDA,0
TXN06451,CUST016,11.61,2024-03-18 13:26:16,COFFEE_SHOP,CREDIT,CALIFORNIA,0
TXN06452,CUST046,96.73,2024-03-05 09:10:45,GAS_STATION,DEBIT,ILLINOIS,0
TXN06453,CUST004,228.89,2024-01-02 10:15:33,ATM,DEBIT,COLORADO,0
TXN06454,CUST189,46.35,2024-03-07 13:23:17,PHARMACY,DEBIT,ILLINOIS,0
TXN06455,CUST014,34.68,2024-03-21 13:19:40,COFFEE_SHOP,DEBIT,UTAH,0
TXN06456,CUST131,28.38,2024-02-05 21:32:09,COFFEE_SHOP,DEBIT,UNKNOWN,0
TXN06457,CUST028,3472.79,2024-03-11 12:59:44,ELECTRONICS,CREDIT,UNKNOWN,1
TXN06458,CUST028,378.81,2024-03-14 14:13:18,ATM,DEBIT,WASHINGTON,0
TXN06459,CUST048,93.84,2024-02-18 21:33:17,CLOTHING,DEBIT,OREGON,0
TXN06460,CUST009,23.41,2024-01-14 13:50:41,ATM,DEBIT,TEXAS,0
TXN06461,CUST001,34.39,2024-02-01 22:51:54,GAS_STATION,DEBIT,MONTANA,0
TXN06462,CUST001,734.31,2024-03-09 08:39:17,ONLINE,DEBIT,HAWAII,1
TXN06463,CUST017,387.78,2024-02-21 08:55:44,ATM,DEBIT,COLORADO,0
TXN06464,CUST039,42.72,2024-03-16 11:26:44,COFFEE_SHOP,DEBIT,CALIFORNIA,0
TXN06465,CUST027,1337.38,2024-03-22 16:40:58,HOTEL,DEBIT,COLORADO,1
TXN06466,CUST021,75.08,2024-01-08 14:49:46,PHARMACY,CREDIT,NEVADA,0
TXN06467,CUST077,113.62,2024-02-22 14:55:04,RESTAURANT,CREDIT,NEVADA,0
TXN06468,CUST002,258.38,2024-03-07 14:37:28,JEWELRY,DEBIT,UNKNOWN,0
TXN06469,CUST017,295.27,2024-02-26 20:08:03,GROCERY,DEBIT,FLORIDA,0
TXN06470,CUST004,463.27,2024-01-25 21:23:05,HOTEL,CREDIT,TEXAS,1
TXN06471,CUST013,522.56,2024-01-16 12:57:49,ELECTRONICS,DEBIT,OREGON,0
TXN06472,CUST018,995.06,2024-01-28 17:17:52,HOTEL,DEBIT,TEXAS,1
TXN06473,CUST152,1083.95,2024-03-15 15:11:07,ONLINE,CREDIT,WASHINGTON,1
TXN06474,CUST031,63.65,2024-03-15 09:46:47,GAS_STATION,CREDIT,COLORADO,0
TXN06475,CUST010,122.12,2024-01-15 21:47:44,GROCERY,DEBIT,ARIZONA,0
TXN06476,CUST039,310.94,2024-03-11 18:47:18,ATM,CREDIT,HAWAII,0
TXN06477,CUST046,78.95,2024-03-21 21:38:42,PHARMACY,DEBIT,COLORADO,0
TXN06478,CUST036,41.68,2024-02-17 08:04:07,PHARMACY,DEBIT,NEVADA,0
TXN06479,CUST011,1789.14,2024-03-30 10:59:51,JEWELRY,DEBIT,COLORADO,1
TXN06480,CUST029,320.42,2024-03-09 22:56:38,GROCERY,DEBIT,TEXAS,0
TXN06481,CUST003,61.32,2024-03-29 16:19:38,CLOTHING,DEBIT,TEXAS,0
TXN06482,CUST045,4985.32,2024-02-15 19:59:22,ONLINE,DEBIT,FLORIDA,1
TXN06483,CUST078,134.76,2024-01-03 18:59:59,RESTAURANT,CREDIT,UNKNOWN,0
TXN06484,CUST146,450.91,2024-02-17 16:17:03,ATM,DEBIT,COLORADO,0
TXN06485,CUST044,44.83,2024-03-26 12:26:24,COFFEE_SHOP,CREDIT,UTAH,0
TXN06486,CUST063,312.4,2024-02-16 11:09:50,JEWELRY,DEBIT,UNKNOWN,0
TXN06487,CUST024,82.72,2024-01-03 18:33:27,PHARMACY,DEBIT,NEW_YORK,0
TXN06488,CUST033,355.46,2024-02-10 11:02:15,HOTEL,DEBIT,MICHIGAN,0
TXN06489,CUST180,124.13,2024-01-28 18:43:14,GAS_STATION,DEBIT,FLORIDA,0
TXN06490,CUST035,945.57,2024-01-10 19:05:19,GROCERY,DEBIT,MONTANA,1
TXN06491,CUST037,338.27,2024-02-15 09:18:22,GROCERY,DEBIT,ARIZONA,0
TXN06492,CUST013,79.66,2024-01-21 22:07:21,PHARMACY,DEBIT,ARIZONA,0
TXN06493,CUST004,121.0,2024-01-02 12:20:42,RESTAURANT,DEBIT,HAWAII,0
TXN06494,CUST037,51.53,2024-01-16 09:23:38,RESTAURANT,DEBIT,TEXAS,0
TXN06495,CUST044,128.9,2024-01-11 21:48:31,GAS_STATION,DEBIT,UNKNOWN,0
TXN06496,CUST029,446.99,2024-02-16 13:27:48,HOTEL,DEBIT,MICHIGAN,0
TXN06497,CUST164,159.62,2024-03-21 21:58:18,RESTAURANT,CREDIT,HAWAII,0
TXN06498,CUST022,85.38,2024-02-03 14:28:58,PHARMACY,CREDIT,UTAH,0
TXN06499,CUST108,154.7,2024-03-23 17:48:03,RESTAURANT,DEBIT,OREGON,0
TXN06500,CUST034,839.2,2024-01-24 14:47:38,JEWELRY,DEBIT,CALIFORNIA,0
TXN06501,CUST030,75.02,2024-01-09 19:55:06,RESTAURANT,CREDIT,WASHINGTON,0
TXN06502,CUST037,406.39,2024-01-26 14:11:20,ONLINE,DEBIT,TEXAS,0
TXN06503,CUST046,874.21,2024-01-08 13:36:01,ELECTRONICS,DEBIT,NEVADA,0
TXN06504,CUST049,162.7,2024-03-18 10:35:13,RESTAURANT,DEBIT,HAWAII,0
TXN06505,CUST006,117.69,2024-03-25 20:21:15,GAS_STATION,DEBIT,TEXAS,0
TXN06506,CUST031,383.09,2024-02-15 15:57:30,ONLINE,CREDIT,NEW_YORK,0
TXN06507,CUST015,281.39,2024-03-06 19:05:50,CLOTHING,CREDIT,MONTANA,0
TXN06508,CUST121,195.5,2024-03-20 11:43:04,RESTAURANT,DEBIT,HAWAII,0
TXN06509,CUST047,26.42,2024-02-19 13:05:04,GAS_STATION,DEBIT,HAWAII,0
TXN06510,CUST048,243.61,2024-02-25 18:08:09,HOTEL,DEBIT,COLORADO,0
TXN06511,CUST111,841.5,2024-01-29 16:37:24,JEWELRY,DEBIT,ILLINOIS,0
TXN06512,CUST181,988.46,2024-01-27 16:55:16,ELECTRONICS,DEBIT,ARIZONA,0
TXN06513,CUST029,321.65,2024-01-19 20:54:04,ELECTRONICS,CREDIT,UNKNOWN,0
TXN06514,CUST001,443.52,2024-02-03 19:31:35,ONLINE,DEBIT,MICHIGAN,0
TXN06515,CUST004,98.46,2024-02-09 15:59:35,PHARMACY,CREDIT,OREGON,0
TXN06516,CUST018,427.75,2024-03-27 19:48:40,ONLINE,DEBIT,NEVADA,0
TXN06517,CUST005,259.13,2024-02-02 08:21:46,CLOTHING,CREDIT,TEXAS,1
TXN06518,CUST064,99.76,2024-01-31 09:26:33,HOTEL,DEBIT,MONTANA,0
TXN06519,CUST022,428.71,2024-01-08 20:52:22,RESTAURANT,DEBIT,NEW_YORK,1
TXN06520,CUST042,179.37,2024-02-21 08:13:54,RESTAURANT,DEBIT,ARIZONA,0
TXN06521,CUST006,7764.67,2024-01-06 11:00:35,JEWELRY,DEBIT,WASHINGTON,1
TXN06522,CUST012,804.75,2024-01-31 14:04:38,ONLINE,DEBIT,NEVADA,1
TXN06523,CUST048,71.52,2024-01-27 08:43:25,RESTAURANT,CREDIT,HAWAII,0
TXN06524,CUST049,947.49,2024-01-06 18:25:34,ELECTRONICS,CREDIT,FLORIDA,0
TXN06525,CUST019,1272.35,2024-01-28 08:05:11,HOTEL,CREDIT,ARIZONA,1
TXN06526,CUST071,577.75,2024-01-15 13:18:23,ONLINE,DEBIT,UNKNOWN,0
TXN06527,CUST083,196.89,2024-02-20 09:58:58,HOTEL,DEBIT,COLORADO,0
TXN06528,CUST033,491.24,2024-02-26 12:56:12,HOTEL,DEBIT,MICHIGAN,0
TXN06529,CUST126,46.12,2024-03-13 21:57:21,COFFEE_SHOP,CREDIT,UTAH,0
TXN06530,CUST008,11.05,2024-03-05 11:50:20,PHARMACY,CREDIT,NEVADA,0
TXN06531,CUST009,142.77,2024-01-20 14:28:24,GAS_STATION,CREDIT,UNKNOWN,0
TXN06532,CUST022,105.76,2024-03-09 13:31:07,HOTEL,DEBIT,OREGON,0
TXN06533,CUST008,3271.32,2024-02-12 17:00:02,JEWELRY,DEBIT,ILLINOIS,1
TXN06534,CUST001,143.13,2024-03-13 19:32:54,HOTEL,DEBIT,COLORADO,0
TXN06535,CUST021,108.63,2024-02-01 11:21:48,GAS_STATION,DEBIT,TEXAS,0
TXN06536,CUST009,37.25,2024-03-19 13:45:47,COFFEE_SHOP,CREDIT,TEXAS,0
TXN06537,CUST044,46.52,2024-01-29 15:15:38,COFFEE_SHOP,DEBIT,NEVADA,0
TXN06538,CUST021,125.2,2024-01-15 10:20:39,GAS_STATION,CREDIT,NEW_YORK,0
TXN06539,CUST030,437.35,2024-03-01 09:52:09,HOTEL,DEBIT,ILLINOIS,0
TXN06540,CUST016,320.79,2024-01-10 13:11:41,CLOTHING,DEBIT,HAWAII,0
TXN06541,CUST030,340.83,2024-01-31 09:03:59,HOTEL,CREDIT,OREGON,0
TXN06542,CUST010,19.69,2024-02-26 16:19:20,PHARMACY,CREDIT,WASHINGTON,0
TXN06543,CUST007,32.75,2024-02-08 16:37:30,COFFEE_SHOP,DEBIT,MICHIGAN,0
TXN06544,CUST171,27.72,2024-02-27 10:19:44,COFFEE_SHOP,CREDIT,HAWAII,0
TXN06545,CUST048,273.58,2024-03-16 10:16:58,GROCERY,DEBIT,HAWAII,0
TXN06546,CUST023,161.23,2024-03-29 09:09:03,ELECTRONICS,DEBIT,UTAH,0
TXN06547,CUST032,39.83,2024-01-01 20:13:55,COFFEE_SHOP,DEBIT,NEVADA,0
TXN06548,CUST005,25.74,2024-02-02 21:27:46,COFFEE_SHOP,DEBIT,ARIZONA,0
TXN06549,CUST030,1621.29,2024-02-13 19:53:26,JEWELRY,DEBIT,UTAH,0
TXN06550,CUST017,1232.84,2024-03-16 13:05:17,ELECTRONICS,DEBIT,MONTANA,0
TXN06551,CUST006,24.44,2024-03-14 08:36:32,COFFEE_SHOP,CREDIT,MONTANA,0
TXN06552,CUST040,259.36,2024-02-28 18:43:32,HOTEL,DEBIT,ILLINOIS,0
TXN06553,CUST029,195.78,2024-01-29 20:41:43,RESTAURANT,CREDIT,OREGON,0
TXN06554,CUST073,11.54,2024-03-17 14:46:13,PHARMACY,DEBIT,OREGON,0
TXN06555,CUST123,97.79,2024-02-27 19:41:29,RESTAURANT,CREDIT,COLORADO,0
TXN06556,CUST038,64.89,2024-02-14 11:06:07,PHARMACY,CREDIT,OREGON,0
TXN06557,CUST008,37.19,2024-01-01 11:02:56,GAS_STATION,DEBIT,COLORADO,0
TXN06558,CUST010,65.2,2024-02-26 19:49:19,ATM,DEBIT,CALIFORNIA,0
TXN06559,CUST035,109.1,2024-03-25 16:39:33,ATM,DEBIT,WASHINGTON,0
TXN06560,CUST192,88.99,2024-02-15 13:13:03,ATM,DEBIT,HAWAII,0
TXN06561,CUST044,110.73,2024-01-01 11:30:44,GAS_STATION,CREDIT,CALIFORNIA,0
TXN06562,CUST014,39.6,2024-02-09 22:38:30,COFFEE_SHOP,DEBIT,CALIFORNIA,0
TXN06563,CUST196,32.85,2024-01-06 09:33:29,RESTAURANT,DEBIT,ILLINOIS,0
TXN06564,CUST190,223.17,2024-03-24 12:28:33,HOTEL,CREDIT,OREGON,0
TXN06565,CUST041,606.46,2024-02-24 21:16:48,GROCERY,DEBIT,OREGON,1
TXN06566,CUST039,291.06,2024-02-26 10:15:26,ONLINE,CREDIT,COLORADO,0
TXN06567,CUST073,163.28,2024-01-25 10:47:41,RESTAURANT,DEBIT,HAWAII,0
TXN06568,CUST022,213.4,2024-03-18 14:43:29,GROCERY,DEBIT,ARIZONA,0
TXN06569,CUST021,365.98,2024-02-10 21:49:42,HOTEL,CREDIT,UNKNOWN,0
TXN06570,CUST020,385.78,2024-02-12 15:39:35,ELECTRONICS,DEBIT,HAWAII,0
TXN06571,CUST143,792.02,2024-02-19 18:47:37,JEWELRY,DEBIT,MICHIGAN,0
TXN06572,CUST142,207.87,2024-03-27 12:59:10,HOTEL,DEBIT,OREGON,0
TXN06573,CUST004,29.8,2024-01-28 21:26:05,PHARMACY,DEBIT,WASHINGTON,0
TXN06574,CUST047,448.79,2024-03-12 18:33:31,ATM,DEBIT,UNKNOWN,0
TXN06575,CUST003,970.09,2024-01-26 18:31:58,ELECTRONICS,DEBIT,ILLINOIS,0
TXN06576,CUST048,267.14,2024-03-24 16:33:07,GROCERY,CREDIT,WASHINGTON,0
TXN06577,CUST063,101.68,2024-03-17 16:21:51,ELECTRONICS,DEBIT,WASHINGTON,0
TXN06578,CUST017,191.68,2024-02-06 18:25:13,GROCERY,CREDIT,FLORIDA,0
TXN06579,CUST031,144.73,2024-01-23 17:46:11,ONLINE,DEBIT,UTAH,0
TXN06580,CUST008,256.67,2024-03-03 17:57:48,ATM,DEBIT,MICHIGAN,0
TXN06581,CUST109,169.68,2024-03-27 21:30:09,HOTEL,DEBIT,UTAH,0
TXN06582,CUST006,109.45,2024-01-31 09:28:36,ATM,CREDIT,NEW_YORK,0
TXN06583,CUST044,87.76,2024-01-08 10:30:36,ATM,CREDIT,NEW_YORK,0
TXN06584,CUST049,184.26,2024-03-02 22:51:34,RESTAURANT,DEBIT,COLORADO,0
TXN06585,CUST010,67.94,2024-03-30 18:45:18,CLOTHING,DEBIT,MONTANA,0
TXN06586,CUST038,4129.79,2024-03-21 09:06:33,JEWELRY,DEBIT,ARIZONA,1
TXN06587,CUST030,435.42,2024-02-03 10:37:42,ATM,DEBIT,UNKNOWN,0
TXN06588,CUST004,448.05,2024-03-27 22:41:23,HOTEL,CREDIT,NEW_YORK,0
TXN06589,CUST043,175.65,2024-02-16 09:58:25,PHARMACY,CREDIT,CALIFORNIA,1
TXN06590,CUST040,377.47,2024-01-15 21:21:58,JEWELRY,DEBIT,MICHIGAN,0
TXN06591,CUST182,153.08,2024-03-23 16:36:58,GROCERY,CREDIT,MONTANA,0
TXN06592,CUST008,22.13,2024-01-23 20:40:17,PHARMACY,DEBIT,NEW_YORK,0
TXN06593,CUST017,318.89,2024-02-05 17:05:51,RESTAURANT,CREDIT,ILLINOIS,1
TXN06594,CUST015,47.76,2024-03-29 18:01:42,PHARMACY,DEBIT,COLORADO,0
TXN06595,CUST019,29.23,2024-02-21 11:25:44,PHARMACY,DEBIT,MONTANA,0
TXN06596,CUST032,119.72,2024-03-06 18:15:11,ATM,DEBIT,WASHINGTON,0
TXN06597,CUST175,25.06,2024-01-01 16:02:07,PHARMACY,DEBIT,UTAH,0
TXN06598,CUST031,16.88,2024-02-11 14:02:56,COFFEE_SHOP,DEBIT,FLORIDA,0
TXN06599,CUST166,403.9,2024-03-04 14:48:05,GAS_STATION,DEBIT,NEW_YORK,1
TXN06600,CUST025,30.73,2024-02-11 16:21:34,GAS_STATION,DEBIT,OREGON,0
TXN06601,CUST162,1277.78,2024-03-09 18:04:10,JEWELRY,DEBIT,OREGON,0
TXN06602,CUST039,62.56,2024-01-02 14:19:39,GAS_STATION,DEBIT,NEVADA,0
TXN06603,CUST029,323.25,2024-03-29 10:46:25,ATM,DEBIT,HAWAII,0
TXN06604,CUST030,104.28,2024-01-24 14:30:27,RESTAURANT,DEBIT,WASHINGTON,0
TXN06605,CUST173,89.33,2024-01-31 09:53:28,PHARMACY,DEBIT,FLORIDA,0
TXN06606,CUST038,72.81,2024-02-21 21:06:18,PHARMACY,DEBIT,FLORIDA,0
TXN06607,CUST045,313.96,2024-03-23 22:53:17,CLOTHING,CREDIT,FLORIDA,0
TXN06608,CUST037,349.8,2024-03-22 15:35:01,HOTEL,CREDIT,MONTANA,0
TXN06609,CUST008,338.53,2024-02-15 08:50:11,GROCERY,DEBIT,MONTANA,0
TXN06610,CUST040,268.05,2024-02-03 19:09:34,ATM,DEBIT,NEVADA,0
TXN06611,CUST044,667.54,2024-01-29 09:46:40,JEWELRY,DEBIT,COLORADO,0
TXN06612,CUST050,104.61,2024-03-15 17:07:14,GROCERY,DEBIT,FLORIDA,0
TXN06613,CUST013,316.01,2024-02-22 22:37:43,ONLINE,DEBIT,UNKNOWN,0
TXN06614,CUST030,987.18,2024-01-14 17:56:44,ONLINE,DEBIT,WASHINGTON,1
TXN06615,CUST042,781.77,2024-02-25 11:06:10,ONLINE,DEBIT,CALIFORNIA,0
TXN06616,CUST023,133.87,2024-03-02 10:42:41,GAS_STATION,DEBIT,MICHIGAN,0
TXN06617,CUST028,189.44,2024-03-25 19:05:21,ATM,DEBIT,NEVADA,0
TXN06618,CUST029,15.91,2024-01-12 11:16:38,COFFEE_SHOP,CREDIT,WASHINGTON,0
TXN06619,CUST023,70.78,2024-03-12 20:25:09,PHARMACY,DEBIT,UTAH,0
TXN06620,CUST010,649.64,2024-01-09 12:33:09,ELECTRONICS,CREDIT,MONTANA,0
TXN06621,CUST029,21.18,2024-01-14 10:01:28,COFFEE_SHOP,DEBIT,MONTANA,0
TXN06622,CUST165,381.82,2024-03-26 18:40:26,HOTEL,DEBIT,ARIZONA,0
TXN06623,CUST053,47.09,2024-03-08 15:54:11,PHARMACY,CREDIT,COLORADO,0
TXN06624,CUST061,187.06,2024-03-02 08:43:32,RESTAURANT,CREDIT,NEW_YORK,0
TXN06625,CUST031,30.58,2024-03-04 16:07:06,COFFEE_SHOP,CREDIT,ARIZONA,0
TXN06626,CUST012,752.59,2024-02-29 12:38:43,JEWELRY,DEBIT,ILLINOIS,0
TXN06627,CUST045,361.38,2024-01-22 09:42:34,ONLINE,DEBIT,WASHINGTON,0
TXN06628,CUST050,21.04,2024-02-14 08:13:37,COFFEE_SHOP,DEBIT,MONTANA,0
TXN06629,CUST025,100.44,2024-01-03 09:25:32,ONLINE,CREDIT,WASHINGTON,0
TXN06630,CUST007,984.6,2024-03-08 12:03:18,JEWELRY,DEBIT,MICHIGAN,0
TXN06631,CUST028,167.32,2024-02-18 20:58:01,RESTAURANT,DEBIT,UNKNOWN,0
TXN06632,CUST010,178.91,2024-02-27 21:40:26,GROCERY,DEBIT,MONTANA,0
TXN06633,CUST033,225.8,2024-02-22 17:44:11,ATM,DEBIT,ARIZONA,0
TXN06634,CUST028,45.32,2024-02-10 09:02:00,GAS_STATION,DEBIT,MICHIGAN,0
TXN06635,CUST022,102.36,2024-03-12 20:43:26,RESTAURANT,DEBIT,MICHIGAN,0
TXN06636,CUST043,2681.91,2024-02-20 14:48:13,ONLINE,CREDIT,COLORADO,1
TXN06637,CUST040,459.87,2024-03-02 15:06:44,ATM,DEBIT,WASHINGTON,0
TXN06638,CUST042,71.32,2024-02-22 12:48:46,PHARMACY,CREDIT,UTAH,0
TXN06639,CUST130,1406.84,2024-01-26 13:48:57,ELECTRONICS,DEBIT,UTAH,0
TXN06640,CUST035,187.7,2024-01-26 18:20:23,CLOTHING,DEBIT,MONTANA,0
TXN06641,CUST157,24.35,2024-01-24 15:33:20,COFFEE_SHOP,CREDIT,NEVADA,0
TXN06642,CUST038,307.38,2024-01-03 11:36:24,ATM,DEBIT,ILLINOIS,0
TXN06643,CUST006,767.18,2024-02-07 19:46:09,ELECTRONICS,DEBIT,UTAH,0
TXN06644,CUST019,196.92,2024-01-22 09:32:09,GROCERY,DEBIT,OREGON,0
TXN06645,CUST181,138.7,2024-01-25 20:52:22,GAS_STATION,DEBIT,NEVADA,0
TXN06646,CUST043,46.04,2024-01-09 21:50:01,COFFEE_SHOP,CREDIT,UTAH,0
TXN06647,CUST187,338.44,2024-01-29 09:23:48,JEWELRY,DEBIT,MICHIGAN,0
TXN06648,CUST027,44.84,2024-02-11 08:40:32,COFFEE_SHOP,DEBIT,UTAH,0
TXN06649,CUST039,220.75,2024-02-11 10:03:59,GROCERY,DEBIT,CALIFORNIA,0
TXN06650,CUST020,16.7,2024-01-31 21:48:03,PHARMACY,DEBIT,NEVADA,0
TXN06651,CUST050,279.05,2024-02-29 09:18:19,ONLINE,DEBIT,ILLINOIS,0
TXN06652,CUST033,787.55,2024-02-05 19:26:10,ONLINE,DEBIT,OREGON,0
TXN06653,CUST048,36.98,2024-02-15 17:10:51,GAS_STATION,DEBIT,NEVADA,0
TXN06654,CUST045,67.89,2024-02-10 12:38:10,GAS_STATION,DEBIT,WASHINGTON,0
TXN06655,CUST049,1282.35,2024-02-10 12:45:40,ONLINE,DEBIT,ILLINOIS,1
TXN06656,CUST033,85.41,2024-01-20 12:41:09,RESTAURANT,DEBIT,NEW_YORK,0
TXN06657,CUST043,9.13,2024-01-20 12:58:23,COFFEE_SHOP,DEBIT,TEXAS,0
TXN06658,CUST012,318.95,2024-03-25 09:26:04,GROCERY,DEBIT,NEW_YORK,0
TXN06659,CUST029,243.38,2024-02-23 16:37:20,ATM,DEBIT,WASHINGTON,0
TXN06660,CUST045,277.41,2024-02-23 14:22:55,HOTEL,CREDIT,HAWAII,0
TXN06661,CUST010,338.1,2024-03-30 15:05:55,HOTEL,DEBIT,UTAH,0
TXN06662,CUST016,295.08,2024-01-27 08:13:17,CLOTHING,DEBIT,ARIZONA,0
TXN06663,CUST032,53.65,2024-01-03 20:21:13,GAS_STATION,DEBIT,FLORIDA,0
TXN06664,CUST034,133.5,2024-01-25 22:25:43,GROCERY,CREDIT,FLORIDA,0
TXN06665,CUST024,15.61,2024-03-26 19:54:07,COFFEE_SHOP,CREDIT,CALIFORNIA,0
TXN06666,CUST133,37.56,2024-03-06 20:24:17,GAS_STATION,DEBIT,TEXAS,0
TXN06667,CUST006,18.15,2024-01-03 13:21:50,PHARMACY,CREDIT,FLORIDA,0
TXN06668,CUST026,29.57,2024-01-25 08:02:17,GAS_STATION,CREDIT,ILLINOIS,0
TXN06669,CUST091,48.82,2024-02-14 09:47:32,COFFEE_SHOP,CREDIT,MONTANA,0
TXN06670,CUST043,9.16,2024-02-23 10:19:45,COFFEE_SHOP,DEBIT,ILLINOIS,0
TXN06671,CUST121,746.94,2024-01-13 12:06:59,JEWELRY,DEBIT,WASHINGTON,0
TXN06672,CUST038,599.89,2024-03-01 20:06:19,ONLINE,DEBIT,UNKNOWN,0
TXN06673,CUST039,517.84,2024-03-16 09:52:21,HOTEL,DEBIT,ILLINOIS,1
TXN06674,CUST008,1663.69,2024-03-06 18:56:17,JEWELRY,DEBIT,UNKNOWN,0
TXN06675,CUST139,1188.51,2024-01-23 22:35:38,JEWELRY,DEBIT,CALIFORNIA,0
TXN06676,CUST097,117.15,2024-03-23 12:30:04,CLOTHING,DEBIT,COLORADO,0
TXN06677,CUST046,5478.26,2024-03-03 08:02:49,JEWELRY,CREDIT,MONTANA,1
TXN06678,CUST030,34.06,2024-02-24 20:16:25,PHARMACY,CREDIT,CALIFORNIA,0
TXN06679,CUST012,79.19,2024-01-29 21:44:14,CLOTHING,DEBIT,FLORIDA,0
TXN06680,CUST021,193.65,2024-03-24 10:33:51,RESTAURANT,CREDIT,FLORIDA,0
TXN06681,CUST127,210.79,2024-01-31 09:25:29,ATM,DEBIT,HAWAII,0
TXN06682,CUST003,27.12,2024-01-30 19:49:41,ATM,DEBIT,CALIFORNIA,0
TXN06683,CUST017,280.87,2024-02-18 19:54:13,CLOTHING,DEBIT,WASHINGTON,0
TXN06684,CUST030,425.54,2024-01-25 20:00:02,ATM,DEBIT,TEXAS,0
TXN06685,CUST009,24.76,2024-03-19 22:52:38,CLOTHING,DEBIT,CALIFORNIA,0
TXN06686,CUST028,129.33,2024-01-24 22:33:20,ATM,DEBIT,TEXAS,0
TXN06687,CUST025,892.31,2024-03-30 18:14:55,ELECTRONICS,DEBIT,UTAH,0
TXN06688,CUST192,652.26,2024-02-07 11:48:56,JEWELRY,CREDIT,CALIFORNIA,0
TXN06689,CUST029,63.93,2024-02-08 12:10:32,ATM,DEBIT,OREGON,0
TXN06690,CUST061,56.52,2024-01-01 20:21:39,GAS_STATION,DEBIT,CALIFORNIA,0
TXN06691,CUST023,733.64,2024-01-19 19:18:38,CLOTHING,DEBIT,MICHIGAN,1
TXN06692,CUST023,477.58,2024-02-23 08:09:55,HOTEL,DEBIT,NEVADA,0
TXN06693,CUST026,263.68,2024-02-08 17:21:20,GROCERY,DEBIT,UNKNOWN,0
TXN06694,CUST040,497.28,2024-02-01 12:12:39,HOTEL,CREDIT,MONTANA,0
TXN06695,CUST170,410.6,2024-03-06 17:39:11,ONLINE,CREDIT,MICHIGAN,0
TXN06696,CUST013,12.2,2024-01-21 09:59:10,COFFEE_SHOP,DEBIT,FLORIDA,0
TXN06697,CUST010,29.41,2024-02-25 12:03:47,GAS_STATION,DEBIT,MICHIGAN,0
TXN06698,CUST020,129.09,2024-01-16 09:56:23,CLOTHING,DEBIT,TEXAS,0
TXN06699,CUST017,11.75,2024-03-15 17:37:18,PHARMACY,CREDIT,UTAH,0
TXN06700,CUST015,686.07,2024-01-15 22:06:52,ELECTRONICS,DEBIT,TEXAS,0
TXN06701,CUST011,20.36,2024-03-25 13:33:32,PHARMACY,CREDIT,NEVADA,0
TXN06702,CUST024,193.93,2024-03-18 18:03:10,ELECTRONICS,DEBIT,UTAH,0
TXN06703,CUST044,93.83,2024-02-29 19:45:39,PHARMACY,DEBIT,OREGON,0
TXN06704,CUST026,92.09,2024-02-13 22:44:43,PHARMACY,CREDIT,UNKNOWN,0
TXN06705,CUST007,344.49,2024-03-09 19:20:22,ATM,DEBIT,OREGON,0
TXN06706,CUST027,172.6,2024-01-13 13:08:25,RESTAURANT,DEBIT,COLORADO,0
TXN06707,CUST022,1116.57,2024-01-21 20:54:39,JEWELRY,CREDIT,NEW_YORK,0
TXN06708,CUST154,6853.99,2024-03-03 13:17:30,JEWELRY,CREDIT,MICHIGAN,1
TXN06709,CUST031,584.58,2024-01-13 15:58:19,JEWELRY,DEBIT,FLORIDA,0
TXN06710,CUST189,321.81,2024-01-04 20:01:27,HOTEL,DEBIT,FLORIDA,0
TXN06711,CUST133,54.1,2024-03-02 15:43:42,PHARMACY,DEBIT,NEVADA,0
TXN06712,CUST086,163.27,2024-01-03 13:03:07,RESTAURANT,DEBIT,WASHINGTON,0
TXN06713,CUST140,203.68,2024-01-30 20:36:37,ATM,CREDIT,ARIZONA,0
TXN06714,CUST107,127.68,2024-03-19 18:20:10,CLOTHING,DEBIT,OREGON,0
TXN06715,CUST078,50.05,2024-03-05 17:33:40,PHARMACY,DEBIT,NEVADA,0
TXN06716,CUST001,90.34,2024-03-01 19:10:54,ATM,DEBIT,MONTANA,0
TXN06717,CUST103,373.7,2024-01-29 14:53:55,CLOTHING,DEBIT,MONTANA,0
TXN06718,CUST043,79.91,2024-01-07 22:26:48,CLOTHING,CREDIT,COLORADO,0
TXN06719,CUST115,122.29,2024-01-09 14:37:52,RESTAURANT,DEBIT,UTAH,0
TXN06720,CUST004,43.58,2024-01-21 08:23:23,GAS_STATION,DEBIT,ILLINOIS,0
TXN06721,CUST197,121.93,2024-02-03 12:32:38,GAS_STATION,DEBIT,HAWAII,0
TXN06722,CUST038,217.44,2024-03-10 14:12:37,CLOTHING,DEBIT,FLORIDA,0
TXN06723,CUST026,652.35,2024-02-24 18:02:26,ONLINE,CREDIT,MONTANA,1
TXN06724,CUST165,295.18,2024-01-29 21:25:32,ATM,CREDIT,ILLINOIS,0
TXN06725,CUST031,3391.65,2024-03-24 13:01:43,ELECTRONICS,DEBIT,HAWAII,1
TXN06726,CUST171,92.76,2024-02-13 14:03:08,PHARMACY,DEBIT,NEW_YORK,0
TXN06727,CUST032,274.79,2024-03-28 12:17:32,HOTEL,CREDIT,COLORADO,0
TXN06728,CUST030,4058.13,2024-01-04 19:09:45,JEWELRY,DEBIT,HAWAII,1
TXN06729,CUST042,95.3,2024-03-22 08:33:09,GROCERY,DEBIT,HAWAII,0
TXN06730,CUST007,1497.85,2024-01-06 13:47:59,JEWELRY,CREDIT,HAWAII,0
TXN06731,CUST028,490.91,2024-01-02 15:52:17,HOTEL,CREDIT,WASHINGTON,0
TXN06732,CUST029,154.39,2024-03-23 22:37:03,RESTAURANT,DEBIT,OREGON,1
TXN06733,CUST135,37.76,2024-02-08 17:44:34,COFFEE_SHOP,CREDIT,ARIZONA,0
TXN06734,CUST006,10.75,2024-02-20 14:01:09,COFFEE_SHOP,DEBIT,FLORIDA,0
TXN06735,CUST092,298.13,2024-01-12 22:39:51,HOTEL,CREDIT,NEW_YORK,0
TXN06736,CUST006,263.81,2024-01-19 08:49:17,ATM,DEBIT,CALIFORNIA,0
TXN06737,CUST025,71.8,2024-01-05 09:21:36,GROCERY,CREDIT,WASHINGTON,0
TXN06738,CUST019,145.32,2024-02-26 12:20:55,RESTAURANT,DEBIT,ILLINOIS,0
TXN06739,CUST034,547.76,2024-02-15 11:41:30,GROCERY,CREDIT,TEXAS,1
TXN06740,CUST038,345.13,2024-01-30 22:19:52,ELECTRONICS,DEBIT,CALIFORNIA,0
TXN06741,CUST021,126.38,2024-01-28 19:13:20,JEWELRY,CREDIT,HAWAII,0
TXN06742,CUST018,38.99,2024-03-19 18:23:09,COFFEE_SHOP,DEBIT,UNKNOWN,0
TXN06743,CUST033,154.57,2024-01-19 17:17:38,GROCERY,DEBIT,FLORIDA,0
TXN06744,CUST013,326.22,2024-01-21 20:20:24,ATM,CREDIT,COLORADO,0
TXN06745,CUST182,393.51,2024-01-13 21:37:08,ATM,DEBIT,ARIZONA,0
TXN06746,CUST012,85.19,2024-02-08 09:08:12,PHARMACY,DEBIT,COLORADO,0
TXN06747,CUST005,803.45,2024-01-14 17:31:38,ELECTRONICS,DEBIT,TEXAS,0
TXN06748,CUST016,63.73,2024-03-23 21:39:51,GAS_STATION,DEBIT,OREGON,0
TXN06749,CUST044,206.69,2024-02-14 12:08:43,GROCERY,DEBIT,MONTANA,0
TXN06750,CUST040,261.02,2024-01-05 15:23:43,JEWELRY,CREDIT,NEVADA,0
TXN06751,CUST033,310.96,2024-01-29 09:10:58,GROCERY,DEBIT,COLORADO,0
TXN06752,CUST022,34.4,2024-03-09 15:34:17,GAS_STATION,CREDIT,NEW_YORK,0
TXN06753,CUST018,203.49,2024-02-13 16:47:30,GROCERY,DEBIT,CALIFORNIA,0
TXN06754,CUST097,834.16,2024-03-07 21:11:28,HOTEL,DEBIT,CALIFORNIA,1
TXN06755,CUST040,470.4,2024-01-05 16:23:34,HOTEL,DEBIT,NEVADA,0
TXN06756,CUST020,799.08,2024-03-13 11:27:45,ELECTRONICS,CREDIT,MONTANA,0
TXN06757,CUST043,191.2,2024-01-13 11:04:57,ATM,CREDIT,MICHIGAN,0
TXN06758,CUST022,904.19,2024-03-19 10:47:22,HOTEL,CREDIT,MONTANA,1
TXN06759,CUST048,804.64,2024-02-26 12:52:43,JEWELRY,DEBIT,ARIZONA,0
TXN06760,CUST150,246.6,2024-03-27 22:33:47,ONLINE,DEBIT,MICHIGAN,0
TXN06761,CUST006,52.15,2024-01-03 08:20:06,ATM,DEBIT,HAWAII,0
TXN06762,CUST031,108.09,2024-02-09 18:35:36,RESTAURANT,DEBIT,FLORIDA,0
TXN06763,CUST018,1092.29,2024-02-25 19:07:33,CLOTHING,DEBIT,NEVADA,1
TXN06764,CUST008,911.38,2024-03-19 12:30:27,JEWELRY,DEBIT,NEW_YORK,0
TXN06765,CUST011,356.45,2024-03-15 19:35:45,ELECTRONICS,DEBIT,COLORADO,0
TXN06766,CUST025,147.23,2024-03-19 19:52:49,GAS_STATION,DEBIT,MONTANA,0
TXN06767,CUST095,553.78,2024-02-05 09:08:57,ELECTRONICS,CREDIT,NEVADA,0
TXN06768,CUST086,1037.37,2024-01-24 20:28:41,HOTEL,DEBIT,WASHINGTON,1
TXN06769,CUST020,6592.48,2024-01-22 18:41:09,JEWELRY,CREDIT,WASHINGTON,1
TXN06770,CUST038,14.92,2024-01-14 19:00:45,PHARMACY,DEBIT,COLORADO,0
TXN06771,CUST009,169.53,2024-01-06 21:41:43,ONLINE,CREDIT,ILLINOIS,0
TXN06772,CUST045,27.47,2024-03-24 14:47:55,COFFEE_SHOP,DEBIT,UTAH,0
TXN06773,CUST143,46.08,2024-01-08 15:47:18,RESTAURANT,DEBIT,NEW_YORK,0
TXN06774,CUST192,42.84,2024-02-24 18:14:15,COFFEE_SHOP,DEBIT,FLORIDA,0
TXN06775,CUST197,440.05,2024-03-15 11:10:57,ATM,CREDIT,MICHIGAN,0
TXN06776,CUST012,5427.82,2024-03-10 17:28:51,ELECTRONICS,CREDIT,FLORIDA,1
TXN06777,CUST027,11.25,2024-03-19 21:37:26,COFFEE_SHOP,DEBIT,CALIFORNIA,0
TXN06778,CUST020,346.12,2024-02-13 21:07:41,GROCERY,DEBIT,TEXAS,0
TXN06779,CUST099,49.96,2024-01-03 10:52:41,COFFEE_SHOP,DEBIT,TEXAS,0
TXN06780,CUST008,81.79,2024-01-20 14:44:51,PHARMACY,DEBIT,MICHIGAN,0
TXN06781,CUST028,878.06,2024-03-09 11:36:16,JEWELRY,DEBIT,WASHINGTON,0
TXN06782,CUST041,1078.48,2024-03-14 21:30:27,JEWELRY,DEBIT,CALIFORNIA,0
TXN06783,CUST029,109.65,2024-01-26 09:31:53,GAS_STATION,CREDIT,NEW_YORK,0
TXN06784,CUST018,4034.14,2024-02-15 10:32:09,ELECTRONICS,DEBIT,COLORADO,1
TXN06785,CUST020,1169.2,2024-03-13 18:18:54,JEWELRY,DEBIT,OREGON,0
TXN06786,CUST149,7660.37,2024-01-04 09:36:46,JEWELRY,DEBIT,CALIFORNIA,1
TXN06787,CUST052,1451.16,2024-01-25 22:43:50,ELECTRONICS,DEBIT,CALIFORNIA,0
TXN06788,CUST149,2708.69,2024-02-03 16:17:57,JEWELRY,DEBIT,FLORIDA,1
TXN06789,CUST043,185.22,2024-02-20 20:55:08,RESTAURANT,CREDIT,COLORADO,0
TXN06790,CUST111,352.46,2024-03-19 20:22:56,CLOTHING,DEBIT,NEW_YORK,0
TXN06791,CUST007,83.51,2024-03-30 20:18:57,GROCERY,CREDIT,ARIZONA,0
TXN06792,CUST041,78.43,2024-03-04 13:00:40,GAS_STATION,DEBIT,UTAH,0
TXN06793,CUST013,910.92,2024-01-06 08:30:32,JEWELRY,DEBIT,OREGON,0
TXN06794,CUST006,1167.95,2024-03-20 11:53:31,JEWELRY,DEBIT,COLORADO,1
TXN06795,CUST009,154.97,2024-02-02 15:47:25,RESTAURANT,CREDIT,UNKNOWN,0
TXN06796,CUST040,1227.63,2024-03-25 11:41:16,ELECTRONICS,DEBIT,OREGON,0
TXN06797,CUST008,61.58,2024-02-29 11:40:49,GAS_STATION,CREDIT,WASHINGTON,0
TXN06798,CUST028,54.39,2024-02-23 10:54:25,CLOTHING,DEBIT,MONTANA,0
TXN06799,CUST082,91.41,2024-03-23 16:56:05,GAS_STATION,DEBIT,UNKNOWN,0
TXN06800,CUST021,661.14,2024-01-07 22:44:49,ONLINE,DEBIT,UTAH,0
TXN06801,CUST023,195.44,2024-01-19 19:48:58,ATM,DEBIT,HAWAII,0
TXN06802,CUST038,25.72,2024-01-29 13:12:47,CLOTHING,DEBIT,ILLINOIS,0
TXN06803,CUST016,18.19,2024-02-18 21:42:33,COFFEE_SHOP,DEBIT,NEW_YORK,0
TXN06804,CUST040,11.29,2024-01-22 18:34:07,COFFEE_SHOP,DEBIT,MICHIGAN,0
TXN06805,CUST028,14.16,2024-01-26 17:59:35,COFFEE_SHOP,DEBIT,HAWAII,0
TXN06806,CUST038,23.89,2024-02-07 11:48:10,RESTAURANT,DEBIT,CALIFORNIA,0
TXN06807,CUST036,4361.44,2024-01-24 15:53:58,ELECTRONICS,CREDIT,ILLINOIS,1
TXN06808,CUST023,197.13,2024-01-21 17:59:41,CLOTHING,DEBIT,COLORADO,0
TXN06809,CUST032,14.35,2024-01-01 18:17:16,COFFEE_SHOP,DEBIT,FLORIDA,0
TXN06810,CUST024,10.02,2024-02-07 12:15:44,COFFEE_SHOP,DEBIT,UNKNOWN,0
TXN06811,CUST076,359.92,2024-02-06 16:21:08,HOTEL,CREDIT,UTAH,0
TXN06812,CUST079,42.8,2024-01-27 09:26:19,ONLINE,DEBIT,HAWAII,0
TXN06813,CUST032,66.78,2024-01-22 12:58:51,RESTAURANT,DEBIT,NEVADA,0
TXN06814,CUST019,298.34,2024-01-07 18:52:22,ATM,DEBIT,MICHIGAN,0
TXN06815,CUST029,1784.27,2024-03-12 12:18:41,ELECTRONICS,DEBIT,FLORIDA,1
TXN06816,CUST022,210.18,2024-01-13 20:40:30,ONLINE,DEBIT,OREGON,0
TXN06817,CUST067,20.59,2024-01-23 19:39:24,PHARMACY,DEBIT,WASHINGTON,0
TXN06818,CUST048,79.86,2024-01-08 20:55:57,PHARMACY,DEBIT,CALIFORNIA,0
TXN06819,CUST008,383.59,2024-01-01 12:14:33,HOTEL,DEBIT,NEVADA,0
TXN06820,CUST039,147.21,2024-01-07 15:07:05,RESTAURANT,DEBIT,COLORADO,0
TXN06821,CUST013,173.21,2024-03-07 08:34:55,ONLINE,DEBIT,NEVADA,0
TXN06822,CUST005,60.23,2024-02-18 21:59:45,GAS_STATION,DEBIT,MICHIGAN,0
TXN06823,CUST096,31.53,2024-02-20 11:06:13,RESTAURANT,CREDIT,TEXAS,0
TXN06824,CUST004,3001.64,2024-03-26 12:26:27,ELECTRONICS,CREDIT,WASHINGTON,1
TXN06825,CUST010,413.56,2024-03-07 20:28:25,ONLINE,DEBIT,UNKNOWN,0
TXN06826,CUST028,210.43,2024-01-08 20:23:01,JEWELRY,CREDIT,MICHIGAN,0
TXN06827,CUST019,1831.03,2024-03-29 16:11:09,JEWELRY,DEBIT,FLORIDA,0
TXN06828,CUST077,45.31,2024-03-14 08:13:05,CLOTHING,CREDIT,CALIFORNIA,0
TXN06829,CUST025,41.03,2024-01-13 11:52:41,COFFEE_SHOP,CREDIT,MICHIGAN,0
TXN06830,CUST033,38.91,2024-03-16 10:15:29,PHARMACY,DEBIT,CALIFORNIA,0
TXN06831,CUST017,352.1,2024-01-31 15:20:00,HOTEL,CREDIT,HAWAII,0
TXN06832,CUST175,99.56,2024-03-16 11:48:20,HOTEL,DEBIT,TEXAS,0
TXN06833,CUST011,87.5,2024-01-17 17:02:36,HOTEL,CREDIT,UNKNOWN,0
TXN06834,CUST030,143.92,2024-02-04 18:07:14,GAS_STATION,CREDIT,UNKNOWN,0
TXN06835,CUST005,140.64,2024-01-05 16:25:50,RESTAURANT,CREDIT,TEXAS,0
TXN06836,CUST037,333.6,2024-03-10 13:29:16,CLOTHING,DEBIT,UTAH,0
TXN06837,CUST019,2042.05,2024-01-12 22:59:02,ONLINE,DEBIT,TEXAS,1
TXN06838,CUST013,259.12,2024-01-28 21:28:57,GROCERY,DEBIT,OREGON,0
TXN06839,CUST109,197.47,2024-02-27 19:38:52,HOTEL,DEBIT,ILLINOIS,0
TXN06840,CUST158,75.5,2024-03-26 20:20:50,GAS_STATION,DEBIT,NEW_YORK,0
TXN06841,CUST005,160.1,2024-03-11 21:12:46,CLOTHING,DEBIT,HAWAII,0
TXN06842,CUST018,281.24,2024-03-07 16:27:27,HOTEL,CREDIT,MICHIGAN,0
TXN06843,CUST107,38.32,2024-01-15 14:17:01,PHARMACY,DEBIT,UTAH,0
TXN06844,CUST048,947.74,2024-01-05 16:49:27,CLOTHING,DEBIT,MICHIGAN,1
TXN06845,CUST095,2552.13,2024-03-07 18:32:03,JEWELRY,DEBIT,CALIFORNIA,1
TXN06846,CUST047,30.48,2024-01-18 16:47:26,GROCERY,DEBIT,ILLINOIS,0
TXN06847,CUST004,218.45,2024-01-10 15:24:39,ATM,DEBIT,CALIFORNIA,0
TXN06848,CUST138,518.72,2024-01-01 20:47:58,JEWELRY,CREDIT,MONTANA,0
TXN06849,CUST034,40.02,2024-02-05 18:35:34,PHARMACY,DEBIT,UTAH,0
TXN06850,CUST023,278.15,2024-01-18 15:27:47,ATM,CREDIT,COLORADO,0
TXN06851,CUST125,235.18,2024-02-25 17:32:23,GROCERY,CREDIT,MONTANA,0
TXN06852,CUST042,144.11,2024-01-03 09:47:02,GAS_STATION,DEBIT,NEW_YORK,0
TXN06853,CUST166,3242.64,2024-03-05 09:44:52,ONLINE,DEBIT,ILLINOIS,1
TXN06854,CUST001,103.41,2024-02-06 22:29:58,GAS_STATION,DEBIT,FLORIDA,0
TXN06855,CUST046,1901.46,2024-01-31 15:50:10,ONLINE,DEBIT,COLORADO,1
TXN06856,CUST035,44.57,2024-01-04 08:17:25,PHARMACY,CREDIT,NEW_YORK,0
TXN06857,CUST027,598.39,2024-01-23 10:35:03,ONLINE,CREDIT,ARIZONA,0
TXN06858,CUST045,312.87,2024-03-19 15:34:55,ONLINE,DEBIT,FLORIDA,0
TXN06859,CUST012,41.5,2024-02-29 16:43:27,COFFEE_SHOP,DEBIT,NEVADA,0
TXN06860,CUST043,122.27,2024-01-04 09:39:15,CLOTHING,DEBIT,FLORIDA,0
TXN06861,CUST050,36.42,2024-01-19 20:45:52,COFFEE_SHOP,DEBIT,UNKNOWN,0
TXN06862,CUST179,214.83,2024-02-14 12:25:52,ATM,DEBIT,FLORIDA,0
TXN06863,CUST121,290.01,2024-03-16 11:50:06,ELECTRONICS,CREDIT,FLORIDA,0
TXN06864,CUST028,94.18,2024-03-05 08:17:41,GAS_STATION,DEBIT,ILLINOIS,0
TXN06865,CUST044,120.0,2024-01-15 19:56:00,GAS_STATION,CREDIT,TEXAS,0
TXN06866,CUST040,348.35,2024-03-23 09:45:19,ONLINE,DEBIT,FLORIDA,0
TXN06867,CUST011,191.24,2024-03-04 17:42:07,CLOTHING,CREDIT,ARIZONA,0
TXN06868,CUST020,48.21,2024-02-26 21:42:02,RESTAURANT,DEBIT,COLORADO,0
TXN06869,CUST042,335.3,2024-02-15 18:51:13,CLOTHING,DEBIT,WASHINGTON,0
TXN06870,CUST196,14.74,2024-03-09 13:18:00,PHARMACY,DEBIT,HAWAII,0
TXN06871,CUST003,36.83,2024-03-25 10:14:38,PHARMACY,DEBIT,UNKNOWN,0
TXN06872,CUST017,491.05,2024-02-24 20:12:12,ONLINE,DEBIT,UNKNOWN,0
TXN06873,CUST040,48.36,2024-02-09 12:47:04,RESTAURANT,CREDIT,UTAH,0
TXN06874,CUST018,282.37,2024-01-11 18:35:45,HOTEL,DEBIT,ILLINOIS,0
TXN06875,CUST048,204.07,2024-02-12 17:15:43,ATM,DEBIT,TEXAS,0
TXN06876,CUST193,3976.8,2024-03-28 16:14:42,ONLINE,CREDIT,FLORIDA,1
TXN06877,CUST039,129.75,2024-03-02 13:41:59,HOTEL,DEBIT,UTAH,0
TXN06878,CUST177,257.96,2024-01-31 10:47:48,HOTEL,DEBIT,NEVADA,0
TXN06879,CUST024,4898.5,2024-01-23 18:01:57,ELECTRONICS,CREDIT,COLORADO,1
TXN06880,CUST081,93.3,2024-02-20 09:33:21,GROCERY,DEBIT,MONTANA,0
TXN06881,CUST024,100.24,2024-02-28 22:45:01,GAS_STATION,CREDIT,MONTANA,0
TXN06882,CUST067,61.73,2024-01-12 09:21:03,ATM,DEBIT,NEVADA,0
TXN06883,CUST016,348.88,2024-02-01 18:38:16,GROCERY,CREDIT,NEVADA,0
TXN06884,CUST041,175.22,2024-03-19 18:32:02,RESTAURANT,DEBIT,UTAH,0
TXN06885,CUST012,903.69,2024-01-25 18:01:07,JEWELRY,DEBIT,UTAH,0
TXN06886,CUST043,142.19,2024-02-24 20:46:25,ONLINE,DEBIT,TEXAS,0
TXN06887,CUST002,1031.76,2024-02-23 20:21:05,ELECTRONICS,DEBIT,UTAH,0
TXN06888,CUST144,657.3,2024-02-25 15:33:26,ONLINE,DEBIT,CALIFORNIA,1
TXN06889,CUST036,283.84,2024-01-10 15:36:46,GAS_STATION,CREDIT,OREGON,1
TXN06890,CUST019,139.27,2024-03-13 15:07:04,CLOTHING,DEBIT,MONTANA,0
TXN06891,CUST025,35.11,2024-02-23 11:34:00,COFFEE_SHOP,DEBIT,TEXAS,0
TXN06892,CUST063,1504.91,2024-03-13 20:54:43,JEWELRY,CREDIT,COLORADO,0
TXN06893,CUST018,125.19,2024-03-01 12:01:51,GAS_STATION,CREDIT,UTAH,0
TXN06894,CUST018,249.78,2024-02-05 09:45:14,HOTEL,DEBIT,ARIZONA,0
TXN06895,CUST025,493.84,2024-01-14 19:54:00,HOTEL,DEBIT,COLORADO,0
TXN06896,CUST038,754.47,2024-01-10 20:46:44,ELECTRONICS,DEBIT,ARIZONA,0
TXN06897,CUST014,91.51,2024-03-19 22:53:56,PHARMACY,DEBIT,UNKNOWN,0
TXN06898,CUST005,248.19,2024-02-09 11:44:42,GROCERY,DEBIT,UNKNOWN,0
TXN06899,CUST114,142.11,2024-01-04 16:11:40,RESTAURANT,DEBIT,UTAH,0
TXN06900,CUST036,4700.0,2024-01-12 10:59:35,ONLINE,DEBIT,UTAH,1
TXN06901,CUST033,391.41,2024-02-06 21:11:48,ONLINE,DEBIT,UNKNOWN,0
TXN06902,CUST031,99.07,2024-02-19 08:42:23,PHARMACY,CREDIT,TEXAS,0
TXN06903,CUST021,197.75,2024-01-16 14:12:27,HOTEL,DEBIT,ILLINOIS,0
TXN06904,CUST047,1774.91,2024-02-08 19:12:20,ELECTRONICS,DEBIT,ILLINOIS,1
TXN06905,CUST018,11.63,2024-03-07 08:39:06,COFFEE_SHOP,DEBIT,WASHINGTON,0
TXN06906,CUST024,407.6,2024-02-13 08:15:52,ATM,DEBIT,COLORADO,0
TXN06907,CUST189,113.33,2024-01-20 15:54:07,GAS_STATION,DEBIT,COLORADO,0
TXN06908,CUST031,435.06,2024-03-23 13:41:54,CLOTHING,DEBIT,OREGON,1
TXN06909,CUST005,170.63,2024-02-14 22:36:37,GROCERY,CREDIT,MICHIGAN,0
TXN06910,CUST113,5567.89,2024-01-26 21:45:19,JEWELRY,CREDIT,ILLINOIS,1
TXN06911,CUST039,6827.31,2024-01-16 18:28:55,JEWELRY,DEBIT,MONTANA,1
TXN06912,CUST039,160.95,2024-01-24 19:42:51,HOTEL,DEBIT,NEVADA,0
TXN06913,CUST105,611.54,2024-03-21 15:05:52,CLOTHING,CREDIT,COLORADO,1
TXN06914,CUST034,327.21,2024-02-09 13:26:32,CLOTHING,CREDIT,ILLINOIS,0
TXN06915,CUST009,103.15,2024-01-28 21:11:14,RESTAURANT,DEBIT,NEW_YORK,0
TXN06916,CUST032,83.53,2024-02-09 11:36:00,GAS_STATION,DEBIT,ILLINOIS,0
TXN06917,CUST001,374.69,2024-03-02 11:38:49,ONLINE,DEBIT,UTAH,0
TXN06918,CUST005,284.69,2024-02-05 11:04:45,ONLINE,DEBIT,COLORADO,0
TXN06919,CUST106,56.19,2024-03-21 14:19:33,GAS_STATION,DEBIT,CALIFORNIA,0
TXN06920,CUST028,1403.27,2024-02-06 12:57:35,ELECTRONICS,CREDIT,NEW_YORK,0
TXN06921,CUST009,1918.71,2024-03-13 18:43:01,JEWELRY,DEBIT,NEVADA,0
TXN06922,CUST004,217.75,2024-02-05 22:54:33,ELECTRONICS,CREDIT,CALIFORNIA,0
TXN06923,CUST136,35.87,2024-01-15 21:38:25,PHARMACY,DEBIT,NEW_YORK,0
TXN06924,CUST022,1177.9,2024-03-26 20:10:53,JEWELRY,DEBIT,HAWAII,0
TXN06925,CUST015,866.76,2024-03-26 15:35:26,CLOTHING,DEBIT,OREGON,1
TXN06926,CUST008,80.09,2024-01-27 16:27:50,RESTAURANT,DEBIT,OREGON,0
TXN06927,CUST033,403.13,2024-02-17 15:15:06,HOTEL,DEBIT,HAWAII,0
TXN06928,CUST041,61.04,2024-03-01 17:01:40,ATM,CREDIT,MONTANA,0
TXN06929,CUST017,49.3,2024-03-05 20:04:01,GAS_STATION,DEBIT,ARIZONA,0
TXN06930,CUST015,30.08,2024-03-19 16:12:27,GAS_STATION,DEBIT,FLORIDA,0
TXN06931,CUST195,921.63,2024-03-27 22:17:19,ELECTRONICS,DEBIT,FLORIDA,0
TXN06932,CUST039,98.45,2024-02-13 15:05:05,PHARMACY,DEBIT,COLORADO,0
TXN06933,CUST017,244.95,2024-02-24 14:26:23,HOTEL,DEBIT,NEW_YORK,0
TXN06934,CUST020,1177.68,2024-03-17 14:53:04,ATM,DEBIT,UTAH,1
TXN06935,CUST147,27.71,2024-01-05 14:58:27,GAS_STATION,DEBIT,COLORADO,0
TXN06936,CUST042,125.06,2024-02-12 08:22:26,GROCERY,DEBIT,ARIZONA,0
TXN06937,CUST089,67.69,2024-02-17 13:12:29,RESTAURANT,DEBIT,FLORIDA,0
TXN06938,CUST007,155.54,2024-01-13 18:01:54,GROCERY,DEBIT,UNKNOWN,0
TXN06939,CUST044,227.4,2024-02-03 08:52:12,CLOTHING,DEBIT,TEXAS,0
TXN06940,CUST004,2947.49,2024-03-08 16:16:37,ELECTRONICS,CREDIT,CALIFORNIA,1
TXN06941,CUST074,63.19,2024-03-15 13:34:53,GAS_STATION,CREDIT,HAWAII,0
TXN06942,CUST161,85.56,2024-02-17 14:27:34,CLOTHING,DEBIT,HAWAII,0
TXN06943,CUST015,186.49,2024-03-24 12:35:58,RESTAURANT,DEBIT,UTAH,0
TXN06944,CUST041,995.13,2024-02-01 09:17:55,ELECTRONICS,DEBIT,HAWAII,0
TXN06945,CUST063,1409.41,2024-01-26 08:09:07,ONLINE,DEBIT,FLORIDA,1
TXN06946,CUST048,5154.44,2024-01-09 19:26:48,JEWELRY,DEBIT,UNKNOWN,1
TXN06947,CUST003,1229.92,2024-03-26 08:16:22,ONLINE,CREDIT,TEXAS,1
TXN06948,CUST011,293.29,2024-02-12 20:38:44,HOTEL,DEBIT,UNKNOWN,0
TXN06949,CUST037,254.93,2024-03-07 10:27:53,ATM,DEBIT,TEXAS,0
TXN06950,CUST032,2068.95,2024-01-31 19:45:08,ELECTRONICS,CREDIT,TEXAS,1
TXN06951,CUST024,719.65,2024-01-01 16:09:51,ONLINE,DEBIT,WASHINGTON,0
TXN06952,CUST037,332.15,2024-02-18 08:28:28,GROCERY,DEBIT,HAWAII,1
TXN06953,CUST022,323.92,2024-03-01 14:40:57,CLOTHING,DEBIT,WASHINGTON,0
TXN06954,CUST041,21.48,2024-01-09 11:07:47,RESTAURANT,DEBIT,HAWAII,0
TXN06955,CUST004,80.48,2024-03-18 18:42:11,GAS_STATION,CREDIT,FLORIDA,0
TXN06956,CUST022,93.63,2024-01-22 17:00:03,PHARMACY,CREDIT,FLORIDA,0
TXN06957,CUST019,311.75,2024-03-13 18:04:15,ATM,DEBIT,NEW_YORK,0
TXN06958,CUST016,474.58,2024-01-20 13:29:30,HOTEL,CREDIT,HAWAII,0
TXN06959,CUST115,78.63,2024-03-30 12:19:21,PHARMACY,CREDIT,CALIFORNIA,0
TXN06960,CUST023,332.8,2024-02-21 14:37:53,CLOTHING,DEBIT,UTAH,0
TXN06961,CUST020,602.16,2024-03-15 10:09:50,ONLINE,DEBIT,TEXAS,0
TXN06962,CUST155,668.16,2024-01-03 14:07:39,ELECTRONICS,DEBIT,ILLINOIS,0
TXN06963,CUST040,3490.2,2024-03-04 14:57:39,ONLINE,DEBIT,NEVADA,1
TXN06964,CUST006,1051.54,2024-03-05 08:40:49,ELECTRONICS,DEBIT,NEVADA,0
TXN06965,CUST168,472.32,2024-01-18 22:12:42,ATM,CREDIT,TEXAS,0
TXN06966,CUST016,111.9,2024-02-14 09:10:28,GAS_STATION,DEBIT,CALIFORNIA,0
TXN06967,CUST036,436.85,2024-01-31 13:32:16,ONLINE,DEBIT,COLORADO,0
TXN06968,CUST044,1024.65,2024-02-15 17:17:30,JEWELRY,CREDIT,UNKNOWN,0
TXN06969,CUST011,54.1,2024-02-24 14:27:06,GAS_STATION,DEBIT,UTAH,0
TXN06970,CUST187,4469.6,2024-02-07 22:23:03,ONLINE,DEBIT,HAWAII,1
TXN06971,CUST010,8.38,2024-01-21 19:11:18,COFFEE_SHOP,DEBIT,COLORADO,0
TXN06972,CUST037,1472.35,2024-01-14 08:01:19,JEWELRY,DEBIT,WASHINGTON,0
TXN06973,CUST153,138.94,2024-02-05 14:15:52,GROCERY,DEBIT,NEW_YORK,0
TXN06974,CUST002,82.39,2024-02-10 21:48:47,PHARMACY,DEBIT,UNKNOWN,0
TXN06975,CUST033,365.08,2024-01-08 08:19:04,ATM,DEBIT,NEW_YORK,0
TXN06976,CUST013,24.36,2024-03-26 20:38:41,ATM,DEBIT,NEW_YORK,0
TXN06977,CUST031,278.82,2024-03-01 14:57:18,COFFEE_SHOP,CREDIT,TEXAS,1
TXN06978,CUST032,206.59,2024-03-06 21:28:00,ATM,DEBIT,HAWAII,0
TXN06979,CUST040,49.98,2024-01-07 13:33:44,GROCERY,DEBIT,WASHINGTON,0
TXN06980,CUST004,36.73,2024-01-17 20:31:12,PHARMACY,CREDIT,NEW_YORK,0
TXN06981,CUST021,192.25,2024-01-27 14:35:14,GROCERY,CREDIT,UNKNOWN,0
TXN06982,CUST055,124.74,2024-01-03 11:47:11,GAS_STATION,CREDIT,CALIFORNIA,0
TXN06983,CUST138,387.14,2024-02-26 15:43:29,ATM,DEBIT,CALIFORNIA,0
TXN06984,CUST032,32.3,2024-02-15 17:32:12,PHARMACY,CREDIT,OREGON,0
TXN06985,CUST003,2655.19,2024-01-08 11:55:51,JEWELRY,CREDIT,WASHINGTON,1
TXN06986,CUST045,1429.23,2024-02-03 12:51:23,JEWELRY,CREDIT,HAWAII,0
TXN06987,CUST011,259.89,2024-01-24 22:03:09,ATM,DEBIT,TEXAS,0
TXN06988,CUST199,243.21,2024-01-12 18:20:23,GROCERY,DEBIT,NEW_YORK,0
TXN06989,CUST035,57.31,2024-01-17 13:35:02,GROCERY,CREDIT,ILLINOIS,0
TXN06990,CUST022,125.87,2024-03-20 18:01:49,GROCERY,DEBIT,COLORADO,0
TXN06991,CUST047,346.98,2024-03-30 13:43:31,HOTEL,DEBIT,COLORADO,0
TXN06992,CUST050,301.79,2024-01-15 08:37:50,CLOTHING,CREDIT,TEXAS,0
TXN06993,CUST014,264.85,2024-02-02 12:50:35,JEWELRY,DEBIT,MICHIGAN,0
TXN06994,CUST008,94.36,2024-01-15 11:38:40,PHARMACY,DEBIT,UTAH,0
TXN06995,CUST032,34.95,2024-03-27 21:56:57,COFFEE_SHOP,DEBIT,NEW_YORK,0
TXN06996,CUST006,370.29,2024-03-05 22:39:34,ATM,DEBIT,WASHINGTON,0
TXN06997,CUST015,3478.64,2024-02-18 15:46:23,ONLINE,CREDIT,ARIZONA,1
TXN06998,CUST038,484.42,2024-01-04 22:11:01,CLOTHING,DEBIT,COLORADO,1
TXN06999,CUST040,968.31,2024-03-18 22:20:41,JEWELRY,DEBIT,ARIZONA,0
TXN07000,CUST014,214.94,2024-02-13 14:16:57,JEWELRY,DEBIT,HAWAII,0
TXN07001,CUST038,1815.89,2024-02-08 09:14:01,JEWELRY,CREDIT,CALIFORNIA,0
TXN07002,CUST071,57.95,2024-01-06 22:13:59,ONLINE,DEBIT,TEXAS,0
TXN07003,CUST130,142.8,2024-03-08 08:09:28,GAS_STATION,DEBIT,WASHINGTON,0
TXN07004,CUST042,79.81,2024-01-10 18:38:17,GROCERY,DEBIT,WASHINGTON,0
TXN07005,CUST007,238.51,2024-01-07 21:43:32,CLOTHING,DEBIT,NEVADA,0
TXN07006,CUST028,124.68,2024-03-23 14:56:43,GAS_STATION,DEBIT,COLORADO,0
TXN07007,CUST023,63.29,2024-02-14 22:17:00,CLOTHING,CREDIT,NEW_YORK,0
TXN07008,CUST191,148.19,2024-02-03 13:18:19,GAS_STATION,DEBIT,WASHINGTON,0
TXN07009,CUST045,1703.87,2024-01-25 16:29:12,JEWELRY,CREDIT,HAWAII,1
TXN07010,CUST044,88.01,2024-02-17 15:22:48,PHARMACY,DEBIT,UTAH,0
TXN07011,CUST111,117.01,2024-01-04 18:20:08,GAS_STATION,CREDIT,UTAH,0
TXN07012,CUST010,1371.14,2024-02-27 15:49:06,ELECTRONICS,DEBIT,HAWAII,0
TXN07013,CUST021,169.1,2024-03-30 16:51:38,GROCERY,DEBIT,HAWAII,0
TXN07014,CUST019,84.86,2024-03-07 10:51:23,PHARMACY,DEBIT,MICHIGAN,0
TXN07015,CUST027,429.04,2024-03-27 17:32:16,ATM,DEBIT,COLORADO,0
TXN07016,CUST011,87.68,2024-01-10 19:03:17,PHARMACY,DEBIT,MICHIGAN,0
TXN07017,CUST040,69.92,2024-03-13 10:44:05,GAS_STATION,CREDIT,NEVADA,0
TXN07018,CUST005,30.47,2024-01-21 08:47:19,ATM,DEBIT,MICHIGAN,0
TXN07019,CUST050,475.42,2024-02-26 19:43:16,ONLINE,DEBIT,FLORIDA,0
TXN07020,CUST055,138.26,2024-02-25 19:50:28,CLOTHING,DEBIT,MICHIGAN,0
TXN07021,CUST032,80.9,2024-02-15 21:10:04,PHARMACY,DEBIT,FLORIDA,0
TXN07022,CUST017,675.04,2024-03-18 18:51:00,ELECTRONICS,DEBIT,CALIFORNIA,0
TXN07023,CUST011,214.37,2024-03-01 16:00:11,GROCERY,CREDIT,HAWAII,0
TXN07024,CUST005,390.68,2024-03-24 22:37:09,HOTEL,CREDIT,ILLINOIS,0
TXN07025,CUST035,33.18,2024-02-27 21:35:58,PHARMACY,DEBIT,NEW_YORK,0
TXN07026,CUST049,155.66,2024-03-09 15:59:41,ONLINE,CREDIT,MICHIGAN,0
TXN07027,CUST018,576.55,2024-01-13 11:57:00,GAS_STATION,DEBIT,FLORIDA,1
TXN07028,CUST009,114.94,2024-01-07 11:51:03,GROCERY,DEBIT,ILLINOIS,0
TXN07029,CUST019,6986.56,2024-03-23 19:46:23,JEWELRY,CREDIT,CALIFORNIA,1
TXN07030,CUST032,328.22,2024-03-20 09:46:57,GROCERY,DEBIT,FLORIDA,0
TXN07031,CUST071,527.46,2024-02-29 22:51:48,JEWELRY,DEBIT,MONTANA,0
TXN07032,CUST044,293.11,2024-02-10 13:04:40,JEWELRY,DEBIT,UTAH,0
TXN07033,CUST036,41.46,2024-03-30 14:03:38,ATM,DEBIT,ARIZONA,0
TXN07034,CUST017,66.61,2024-02-26 19:26:06,RESTAURANT,DEBIT,MICHIGAN,0
TXN07035,CUST050,19.36,2024-02-20 16:33:17,COFFEE_SHOP,DEBIT,ARIZONA,0
TXN07036,CUST021,36.6,2024-01-30 16:52:11,ATM,DEBIT,UNKNOWN,0
TXN07037,CUST041,192.77,2024-02-23 18:13:30,CLOTHING,DEBIT,UNKNOWN,0
TXN07038,CUST050,242.44,2024-03-09 18:27:43,GROCERY,DEBIT,UTAH,0
TXN07039,CUST018,815.69,2024-01-03 09:47:24,CLOTHING,CREDIT,MICHIGAN,1
TXN07040,CUST005,62.51,2024-03-16 15:16:53,PHARMACY,DEBIT,ARIZONA,0
TXN07041,CUST038,1650.21,2024-01-21 12:15:49,JEWELRY,DEBIT,CALIFORNIA,0
TXN07042,CUST013,246.69,2024-02-06 15:40:05,ONLINE,CREDIT,NEVADA,0
TXN07043,CUST023,39.09,2024-02-17 17:00:04,COFFEE_SHOP,CREDIT,FLORIDA,0
TXN07044,CUST025,369.75,2024-03-17 22:12:38,JEWELRY,DEBIT,NEVADA,0
TXN07045,CUST049,1478.37,2024-01-29 19:26:44,ONLINE,DEBIT,MICHIGAN,1
TXN07046,CUST007,1032.99,2024-01-13 12:42:38,CLOTHING,DEBIT,NEW_YORK,1
TXN07047,CUST035,620.87,2024-03-25 16:33:39,HOTEL,DEBIT,ARIZONA,1
TXN07048,CUST145,18.42,2024-02-20 08:04:48,COFFEE_SHOP,DEBIT,TEXAS,0
TXN07049,CUST008,23.05,2024-01-31 20:28:14,PHARMACY,DEBIT,COLORADO,0
TXN07050,CUST043,139.22,2024-03-13 16:00:17,GAS_STATION,DEBIT,ILLINOIS,0
TXN07051,CUST027,307.06,2024-01-29 14:50:36,GROCERY,DEBIT,OREGON,0
TXN07052,CUST018,628.0,2024-01-03 08:07:43,JEWELRY,DEBIT,WASHINGTON,0
TXN07053,CUST005,504.28,2024-03-11 16:07:49,ONLINE,DEBIT,CALIFORNIA,0
TXN07054,CUST035,375.88,2024-02-13 22:05:16,ATM,DEBIT,UTAH,0
TXN07055,CUST035,76.15,2024-01-13 19:17:48,PHARMACY,DEBIT,COLORADO,0
TXN07056,CUST181,61.12,2024-02-14 13:21:00,PHARMACY,CREDIT,UNKNOWN,0
TXN07057,CUST005,204.27,2024-01-31 08:12:57,ONLINE,DEBIT,FLORIDA,0
TXN07058,CUST007,355.45,2024-02-29 17:51:10,HOTEL,DEBIT,ILLINOIS,0
TXN07059,CUST145,780.63,2024-01-19 14:23:04,ONLINE,CREDIT,COLORADO,0
TXN07060,CUST073,230.09,2024-03-03 08:06:12,ELECTRONICS,DEBIT,NEVADA,0
TXN07061,CUST045,78.21,2024-03-02 11:23:27,CLOTHING,DEBIT,UNKNOWN,0
TXN07062,CUST133,456.02,2024-02-24 10:49:41,HOTEL,DEBIT,OREGON,0
TXN07063,CUST049,409.04,2024-01-09 12:19:01,GAS_STATION,CREDIT,COLORADO,1
TXN07064,CUST056,946.59,2024-02-21 17:04:30,JEWELRY,DEBIT,UTAH,0
TXN07065,CUST007,1221.12,2024-02-08 22:50:16,ELECTRONICS,DEBIT,ILLINOIS,0
TXN07066,CUST044,13.07,2024-01-22 20:32:47,COFFEE_SHOP,DEBIT,ILLINOIS,0
TXN07067,CUST032,387.06,2024-03-03 21:57:57,RESTAURANT,DEBIT,HAWAII,1
TXN07068,CUST004,121.3,2024-01-28 12:31:06,HOTEL,DEBIT,ILLINOIS,0
TXN07069,CUST010,82.04,2024-03-24 13:45:22,PHARMACY,DEBIT,MONTANA,0
TXN07070,CUST003,215.31,2024-02-14 14:29:19,CLOTHING,DEBIT,CALIFORNIA,0
TXN07071,CUST027,1233.21,2024-02-18 09:29:15,ELECTRONICS,DEBIT,NEVADA,0
TXN07072,CUST170,14.6,2024-02-15 18:51:54,PHARMACY,DEBIT,ILLINOIS,0
TXN07073,CUST127,325.47,2024-01-01 14:39:17,GAS_STATION,CREDIT,WASHINGTON,1
TXN07074,CUST007,78.16,2024-01-31 19:31:15,PHARMACY,CREDIT,OREGON,0
TXN07075,CUST080,280.74,2024-03-10 18:01:15,HOTEL,CREDIT,TEXAS,0
TXN07076,CUST014,686.18,2024-02-08 16:28:39,CLOTHING,CREDIT,MONTANA,1
TXN07077,CUST172,96.89,2024-03-11 09:24:15,ONLINE,CREDIT,HAWAII,0
TXN07078,CUST028,353.06,2024-01-02 11:26:54,HOTEL,DEBIT,NEW_YORK,1
TXN07079,CUST023,106.7,2024-03-19 10:28:52,ATM,CREDIT,OREGON,0
TXN07080,CUST008,51.64,2024-02-08 19:36:11,PHARMACY,DEBIT,HAWAII,0
TXN07081,CUST005,27.69,2024-03-03 16:30:42,RESTAURANT,DEBIT,OREGON,0
TXN07082,CUST042,65.81,2024-01-31 19:19:16,RESTAURANT,DEBIT,ARIZONA,0
TXN07083,CUST032,46.6,2024-03-15 13:29:35,COFFEE_SHOP,DEBIT,NEVADA,0
TXN07084,CUST034,55.83,2024-03-18 10:13:04,PHARMACY,DEBIT,COLORADO,0
TXN07085,CUST006,33.91,2024-03-02 20:20:06,GAS_STATION,DEBIT,CALIFORNIA,0
TXN07086,CUST036,56.82,2024-03-13 14:22:37,PHARMACY,DEBIT,ARIZONA,0
TXN07087,CUST019,130.94,2024-02-05 09:52:26,GAS_STATION,DEBIT,UNKNOWN,0
TXN07088,CUST001,143.98,2024-03-25 15:12:51,GAS_STATION,DEBIT,ILLINOIS,0
TXN07089,CUST048,7087.95,2024-03-24 19:11:46,JEWELRY,CREDIT,TEXAS,1
TXN07090,CUST011,135.37,2024-02-28 20:53:17,RESTAURANT,CREDIT,NEVADA,0
TXN07091,CUST037,251.24,2024-03-11 11:06:40,ELECTRONICS,DEBIT,TEXAS,0
TXN07092,CUST021,285.24,2024-01-05 19:53:30,GROCERY,DEBIT,OREGON,0
TXN07093,CUST046,79.21,2024-02-23 17:39:21,PHARMACY,DEBIT,WASHINGTON,0
TXN07094,CUST020,19.14,2024-01-28 16:12:42,PHARMACY,CREDIT,NEW_YORK,0
TXN07095,CUST186,47.12,2024-01-17 11:57:40,PHARMACY,DEBIT,CALIFORNIA,0
TXN07096,CUST128,307.24,2024-03-07 18:36:55,GROCERY,CREDIT,UTAH,0
TXN07097,CUST114,65.34,2024-01-05 21:57:34,RESTAURANT,DEBIT,HAWAII,0
TXN07098,CUST039,170.39,2024-01-02 21:05:12,RESTAURANT,DEBIT,NEW_YORK,0
TXN07099,CUST040,107.31,2024-03-27 13:27:39,RESTAURANT,DEBIT,TEXAS,0
TXN07100,CUST002,446.81,2024-02-02 22:29:45,ATM,DEBIT,NEW_YORK,0
TXN07101,CUST046,42.66,2024-02-02 09:02:47,PHARMACY,DEBIT,MICHIGAN,0
TXN07102,CUST016,86.89,2024-03-19 20:00:29,RESTAURANT,DEBIT,ARIZONA,0
TXN07103,CUST018,337.9,2024-02-19 13:38:39,ONLINE,CREDIT,UNKNOWN,0
TXN07104,CUST029,97.24,2024-01-11 20:34:23,PHARMACY,DEBIT,MONTANA,0
TXN07105,CUST040,4974.31,2024-03-24 19:21:30,ONLINE,DEBIT,NEVADA,1
TXN07106,CUST024,6141.08,2024-02-20 13:51:38,JEWELRY,DEBIT,ARIZONA,1
TXN07107,CUST199,118.88,2024-02-03 16:10:22,GAS_STATION,CREDIT,HAWAII,0
TXN07108,CUST105,119.93,2024-02-15 14:28:54,RESTAURANT,DEBIT,NEVADA,0
TXN07109,CUST123,23.13,2024-03-04 20:29:49,COFFEE_SHOP,DEBIT,HAWAII,0
TXN07110,CUST042,108.77,2024-01-17 21:11:33,GAS_STATION,DEBIT,MICHIGAN,0
TXN07111,CUST048,215.68,2024-02-01 20:24:54,ATM,DEBIT,UTAH,0
TXN07112,CUST001,61.57,2024-02-01 18:48:36,RESTAURANT,CREDIT,MONTANA,0
TXN07113,CUST094,535.76,2024-01-10 12:48:43,RESTAURANT,DEBIT,NEW_YORK,1
TXN07114,CUST155,96.6,2024-03-25 21:39:11,RESTAURANT,DEBIT,ARIZONA,0
TXN07115,CUST009,797.47,2024-02-08 21:42:17,ONLINE,CREDIT,MICHIGAN,0
TXN07116,CUST069,44.73,2024-03-11 17:25:26,GAS_STATION,DEBIT,TEXAS,0
TXN07117,CUST164,27.05,2024-03-14 22:03:37,COFFEE_SHOP,DEBIT,CALIFORNIA,0
TXN07118,CUST014,48.62,2024-02-13 18:48:46,COFFEE_SHOP,DEBIT,CALIFORNIA,0
TXN07119,CUST098,109.49,2024-03-21 17:17:10,GAS_STATION,DEBIT,TEXAS,0
TXN07120,CUST134,202.26,2024-03-25 15:13:05,ATM,DEBIT,OREGON,0
TXN07121,CUST049,332.37,2024-02-04 17:10:28,CLOTHING,CREDIT,UTAH,0
TXN07122,CUST074,204.11,2024-03-13 12:42:22,CLOTHING,CREDIT,FLORIDA,0
TXN07123,CUST012,122.34,2024-03-02 12:33:34,CLOTHING,DEBIT,OREGON,0
TXN07124,CUST050,30.07,2024-02-06 11:36:22,GAS_STATION,CREDIT,WASHINGTON,0
TXN07125,CUST002,31.57,2024-03-08 13:43:42,ATM,DEBIT,UNKNOWN,0
TXN07126,CUST018,222.3,2024-02-21 13:02:13,CLOTHING,CREDIT,FLORIDA,0
TXN07127,CUST002,739.47,2024-02-27 16:22:05,ATM,DEBIT,NEW_YORK,1
TXN07128,CUST169,355.39,2024-03-11 13:56:22,HOTEL,DEBIT,WASHINGTON,1
TXN07129,CUST037,361.53,2024-02-09 13:46:30,ONLINE,DEBIT,FLORIDA,0
TXN07130,CUST183,42.74,2024-01-06 20:57:35,COFFEE_SHOP,DEBIT,MONTANA,0
TXN07131,CUST042,665.56,2024-02-06 12:30:17,HOTEL,DEBIT,NEW_YORK,1
TXN07132,CUST010,53.5,2024-03-22 08:49:24,PHARMACY,DEBIT,COLORADO,0
TXN07133,CUST049,544.67,2024-01-11 19:44:00,ONLINE,CREDIT,WASHINGTON,0
TXN07134,CUST019,62.74,2024-02-23 09:42:08,ELECTRONICS,CREDIT,MONTANA,0
TXN07135,CUST016,150.14,2024-01-09 09:54:19,RESTAURANT,CREDIT,MICHIGAN,0
TXN07136,CUST010,85.44,2024-03-17 16:37:59,RESTAURANT,CREDIT,MICHIGAN,0
TXN07137,CUST094,11.14,2024-01-20 11:59:45,COFFEE_SHOP,DEBIT,NEVADA,0
TXN07138,CUST022,107.6,2024-03-29 17:19:10,CLOTHING,CREDIT,FLORIDA,0
TXN07139,CUST010,1359.38,2024-02-28 08:01:49,ELECTRONICS,DEBIT,UTAH,0
TXN07140,CUST047,1065.14,2024-03-25 17:11:26,JEWELRY,DEBIT,COLORADO,0
TXN07141,CUST047,293.89,2024-02-16 14:00:48,ELECTRONICS,DEBIT,COLORADO,0
TXN07142,CUST001,1312.31,2024-01-05 22:00:47,ELECTRONICS,DEBIT,FLORIDA,0
TXN07143,CUST170,93.7,2024-01-30 12:23:28,GROCERY,DEBIT,COLORADO,0
TXN07144,CUST049,83.77,2024-01-25 08:11:37,RESTAURANT,DEBIT,UNKNOWN,0
TXN07145,CUST035,34.72,2024-03-06 14:26:44,COFFEE_SHOP,DEBIT,OREGON,0
TXN07146,CUST027,185.4,2024-01-24 19:14:38,GROCERY,CREDIT,COLORADO,0
TXN07147,CUST042,1078.54,2024-03-12 14:56:12,ELECTRONICS,DEBIT,OREGON,0
TXN07148,CUST017,66.74,2024-01-10 20:10:24,RESTAURANT,DEBIT,MICHIGAN,0
TXN07149,CUST025,36.77,2024-02-19 09:54:17,CLOTHING,CREDIT,COLORADO,0
TXN07150,CUST152,32.24,2024-02-21 17:57:22,COFFEE_SHOP,CREDIT,OREGON,0
TXN07151,CUST031,112.36,2024-01-25 08:19:22,GROCERY,DEBIT,COLORADO,0
TXN07152,CUST009,10.49,2024-02-21 11:40:51,COFFEE_SHOP,CREDIT,HAWAII,0
TXN07153,CUST020,186.83,2024-01-10 18:49:34,GROCERY,CREDIT,NEVADA,0
TXN07154,CUST001,111.86,2024-01-29 09:01:51,GROCERY,DEBIT,CALIFORNIA,0
TXN07155,CUST009,392.77,2024-02-22 11:13:07,CLOTHING,CREDIT,UTAH,0
TXN07156,CUST086,1189.87,2024-02-28 19:08:01,ELECTRONICS,DEBIT,ARIZONA,0
TXN07157,CUST106,17.83,2024-03-05 19:56:46,PHARMACY,DEBIT,UNKNOWN,0
TXN07158,CUST036,114.28,2024-03-27 13:15:00,ATM,CREDIT,NEVADA,0
TXN07159,CUST016,593.38,2024-01-19 08:18:47,ONLINE,DEBIT,UNKNOWN,0
TXN07160,CUST160,275.33,2024-03-21 10:53:57,CLOTHING,CREDIT,FLORIDA,0
TXN07161,CUST039,467.87,2024-03-13 15:56:35,ATM,DEBIT,UNKNOWN,0
TXN07162,CUST095,171.54,2024-03-27 17:26:44,CLOTHING,DEBIT,UNKNOWN,0
TXN07163,CUST018,12.3,2024-01-26 11:19:01,COFFEE_SHOP,DEBIT,NEW_YORK,0
TXN07164,CUST002,2199.31,2024-01-25 17:32:36,JEWELRY,DEBIT,FLORIDA,1
TXN07165,CUST009,144.46,2024-02-03 22:21:11,RESTAURANT,CREDIT,MICHIGAN,0
TXN07166,CUST005,350.49,2024-01-04 19:08:09,ATM,CREDIT,COLORADO,0
TXN07167,CUST041,726.2,2024-01-06 20:09:06,ONLINE,CREDIT,CALIFORNIA,0
TXN07168,CUST041,26.95,2024-02-21 15:48:18,GAS_STATION,CREDIT,UNKNOWN,0
TXN07169,CUST042,432.39,2024-02-13 12:12:54,ONLINE,CREDIT,NEW_YORK,0
TXN07170,CUST047,1143.83,2024-02-22 08:35:44,ELECTRONICS,DEBIT,OREGON,0
TXN07171,CUST024,25.73,2024-01-02 09:52:18,COFFEE_SHOP,DEBIT,HAWAII,0
TXN07172,CUST008,441.64,2024-02-01 15:34:28,HOTEL,CREDIT,FLORIDA,0
TXN07173,CUST012,183.53,2024-01-23 11:33:06,HOTEL,DEBIT,UTAH,0
TXN07174,CUST087,293.85,2024-03-18 21:40:51,ATM,CREDIT,OREGON,0
TXN07175,CUST003,233.46,2024-02-02 13:48:15,ATM,DEBIT,MONTANA,0
TXN07176,CUST045,760.98,2024-03-19 13:00:35,ONLINE,CREDIT,CALIFORNIA,0
TXN07177,CUST023,188.79,2024-03-16 21:59:07,RESTAURANT,CREDIT,CALIFORNIA,0
TXN07178,CUST012,79.31,2024-03-05 17:36:02,GAS_STATION,DEBIT,MICHIGAN,0
TXN07179,CUST011,252.84,2024-03-12 11:02:22,PHARMACY,DEBIT,ARIZONA,1
TXN07180,CUST039,300.13,2024-01-02 11:34:24,HOTEL,CREDIT,HAWAII,0
TXN07181,CUST023,643.36,2024-01-05 21:57:37,ELECTRONICS,CREDIT,TEXAS,0
TXN07182,CUST036,40.16,2024-01-15 08:54:49,RESTAURANT,CREDIT,CALIFORNIA,0
TXN07183,CUST004,2899.83,2024-01-24 10:12:12,JEWELRY,DEBIT,WASHINGTON,1
TXN07184,CUST039,501.46,2024-02-06 18:11:13,RESTAURANT,CREDIT,UTAH,1
TXN07185,CUST090,22.15,2024-03-13 19:22:04,GROCERY,DEBIT,COLORADO,0
TXN07186,CUST009,1391.04,2024-02-26 11:58:08,ELECTRONICS,DEBIT,OREGON,0
TXN07187,CUST196,3819.03,2024-01-29 18:46:27,JEWELRY,DEBIT,UTAH,1
TXN07188,CUST007,120.6,2024-03-07 17:38:37,ELECTRONICS,DEBIT,NEW_YORK,0
TXN07189,CUST049,239.61,2024-01-14 15:23:05,CLOTHING,CREDIT,WASHINGTON,0
TXN07190,CUST014,245.92,2024-03-20 18:44:53,HOTEL,CREDIT,HAWAII,0
TXN07191,CUST026,893.39,2024-01-17 20:32:29,JEWELRY,DEBIT,MICHIGAN,0
TXN07192,CUST028,28.04,2024-01-05 14:55:23,GAS_STATION,DEBIT,COLORADO,0
TXN07193,CUST004,146.48,2024-03-24 09:52:15,HOTEL,CREDIT,HAWAII,0
TXN07194,CUST036,3980.06,2024-02-14 21:49:02,ONLINE,CREDIT,UNKNOWN,1
TXN07195,CUST145,197.7,2024-03-03 10:06:03,RESTAURANT,CREDIT,ARIZONA,0
TXN07196,CUST042,285.96,2024-02-27 16:12:57,GROCERY,DEBIT,FLORIDA,0
TXN07197,CUST030,12.94,2024-02-01 15:34:30,COFFEE_SHOP,DEBIT,FLORIDA,0
TXN07198,CUST027,669.59,2024-02-17 17:02:28,HOTEL,CREDIT,ARIZONA,1
TXN07199,CUST139,514.73,2024-02-25 10:32:52,ONLINE,DEBIT,TEXAS,0
TXN07200,CUST026,143.14,2024-01-26 20:28:58,GROCERY,CREDIT,COLORADO,0
TXN07201,CUST006,315.1,2024-03-17 20:15:57,ONLINE,CREDIT,UTAH,0
TXN07202,CUST031,403.84,2024-03-17 18:29:46,ATM,DEBIT,UTAH,0
TXN07203,CUST085,35.45,2024-03-05 22:02:25,PHARMACY,DEBIT,ARIZONA,0
TXN07204,CUST010,959.64,2024-02-12 22:24:29,ELECTRONICS,CREDIT,COLORADO,1
TXN07205,CUST077,35.55,2024-02-23 22:08:11,GAS_STATION,DEBIT,OREGON,0
TXN07206,CUST018,104.0,2024-01-13 22:51:06,GAS_STATION,DEBIT,TEXAS,0
TXN07207,CUST023,70.35,2024-03-02 22:10:45,GAS_STATION,CREDIT,HAWAII,0
TXN07208,CUST013,88.14,2024-02-10 16:48:49,PHARMACY,DEBIT,FLORIDA,0
TXN07209,CUST009,44.54,2024-03-15 21:26:53,COFFEE_SHOP,DEBIT,OREGON,0
TXN07210,CUST028,232.5,2024-02-04 17:57:05,CLOTHING,DEBIT,CALIFORNIA,0
TXN07211,CUST002,36.52,2024-03-15 10:54:15,RESTAURANT,DEBIT,CALIFORNIA,0
TXN07212,CUST043,31.68,2024-03-09 14:19:40,COFFEE_SHOP,DEBIT,UTAH,0
TXN07213,CUST046,570.4,2024-02-01 16:25:03,GAS_STATION,DEBIT,NEW_YORK,1
TXN07214,CUST041,757.63,2024-02-12 20:28:06,ELECTRONICS,DEBIT,WASHINGTON,0
TXN07215,CUST020,1052.06,2024-03-20 12:07:22,HOTEL,DEBIT,CALIFORNIA,1
TXN07216,CUST013,389.1,2024-02-01 09:11:47,ATM,DEBIT,ILLINOIS,0
TXN07217,CUST038,408.92,2024-03-24 21:59:12,ONLINE,DEBIT,OREGON,0
TXN07218,CUST026,195.78,2024-03-08 19:06:11,RESTAURANT,DEBIT,HAWAII,0
TXN07219,CUST067,265.7,2024-01-12 15:04:37,CLOTHING,DEBIT,MICHIGAN,0
TXN07220,CUST046,39.85,2024-01-08 19:59:58,CLOTHING,CREDIT,FLORIDA,0
TXN07221,CUST095,242.41,2024-03-05 16:54:09,ATM,CREDIT,UNKNOWN,0
TXN07222,CUST196,7422.74,2024-01-01 15:18:20,JEWELRY,DEBIT,NEVADA,1
TXN07223,CUST038,47.4,2024-01-06 20:47:22,PHARMACY,DEBIT,MONTANA,0
TXN07224,CUST023,228.21,2024-02-06 16:49:38,ATM,DEBIT,WASHINGTON,0
TXN07225,CUST033,80.11,2024-01-23 20:05:07,GROCERY,DEBIT,TEXAS,0
TXN07226,CUST009,449.17,2024-01-21 20:59:33,HOTEL,DEBIT,MONTANA,0
TXN07227,CUST026,34.04,2024-02-24 19:23:33,GAS_STATION,DEBIT,HAWAII,0
TXN07228,CUST031,158.35,2024-02-11 09:56:23,RESTAURANT,DEBIT,HAWAII,0
TXN07229,CUST076,278.64,2024-01-25 22:40:12,GROCERY,CREDIT,NEVADA,1
TXN07230,CUST035,12.2,2024-02-20 15:07:37,COFFEE_SHOP,DEBIT,NEVADA,0
TXN07231,CUST003,88.49,2024-02-14 22:37:47,GAS_STATION,DEBIT,ARIZONA,0
TXN07232,CUST124,290.68,2024-01-20 09:51:20,CLOTHING,DEBIT,NEW_YORK,0
TXN07233,CUST053,103.07,2024-01-01 17:14:57,CLOTHING,CREDIT,UNKNOWN,0
TXN07234,CUST004,37.4,2024-01-07 08:04:37,GAS_STATION,CREDIT,TEXAS,0
TXN07235,CUST033,961.59,2024-03-23 15:48:01,ELECTRONICS,CREDIT,FLORIDA,0
TXN07236,CUST012,26.02,2024-02-12 18:41:18,GAS_STATION,CREDIT,CALIFORNIA,0
TXN07237,CUST030,83.14,2024-02-03 13:53:02,GAS_STATION,DEBIT,UTAH,0
TXN07238,CUST008,13.78,2024-01-01 12:06:33,COFFEE_SHOP,DEBIT,FLORIDA,0
TXN07239,CUST028,45.5,2024-02-13 11:35:56,RESTAURANT,CREDIT,TEXAS,0
TXN07240,CUST034,355.6,2024-02-23 22:14:26,JEWELRY,DEBIT,OREGON,0
TXN07241,CUST101,968.63,2024-01-30 13:01:37,JEWELRY,DEBIT,MICHIGAN,0
TXN07242,CUST021,91.58,2024-03-24 08:31:39,GAS_STATION,DEBIT,NEW_YORK,0
TXN07243,CUST008,183.52,2024-01-22 15:52:00,HOTEL,DEBIT,OREGON,0
TXN07244,CUST012,17.36,2024-01-29 20:48:13,COFFEE_SHOP,DEBIT,CALIFORNIA,0
TXN07245,CUST011,334.96,2024-02-29 17:20:57,CLOTHING,DEBIT,NEVADA,0
TXN07246,CUST023,104.36,2024-01-25 19:46:37,GROCERY,DEBIT,NEVADA,0
TXN07247,CUST027,232.79,2024-03-07 09:44:54,GROCERY,CREDIT,FLORIDA,0
TXN07248,CUST001,41.88,2024-03-21 15:12:27,COFFEE_SHOP,DEBIT,MONTANA,0
TXN07249,CUST038,878.67,2024-03-28 19:55:39,GROCERY,CREDIT,UNKNOWN,1
TXN07250,CUST011,179.5,2024-02-03 08:23:56,ONLINE,DEBIT,NEVADA,0
TXN07251,CUST082,1642.93,2024-01-10 08:49:36,ELECTRONICS,DEBIT,NEVADA,1
TXN07252,CUST006,477.61,2024-02-01 21:29:07,ONLINE,DEBIT,NEW_YORK,0
TXN07253,CUST003,249.22,2024-03-05 21:15:52,GROCERY,DEBIT,OREGON,0
TXN07254,CUST002,93.92,2024-02-16 15:43:07,PHARMACY,DEBIT,WASHINGTON,0
TXN07255,CUST042,489.82,2024-02-05 19:29:29,ELECTRONICS,DEBIT,NEW_YORK,0
TXN07256,CUST029,764.95,2024-02-13 08:34:42,ELECTRONICS,DEBIT,ILLINOIS,0
TXN07257,CUST042,52.94,2024-03-10 12:27:41,GAS_STATION,CREDIT,WASHINGTON,0
TXN07258,CUST046,2771.29,2024-01-09 20:45:21,ONLINE,CREDIT,COLORADO,1
TXN07259,CUST022,25.12,2024-01-22 11:06:48,COFFEE_SHOP,DEBIT,WASHINGTON,0
TXN07260,CUST038,1189.85,2024-01-26 16:08:58,HOTEL,CREDIT,MONTANA,1
TXN07261,CUST018,79.93,2024-01-15 13:08:16,GAS_STATION,DEBIT,ILLINOIS,0
TXN07262,CUST014,1755.55,2024-02-13 14:48:59,JEWELRY,DEBIT,ILLINOIS,0
TXN07263,CUST007,364.02,2024-01-16 19:11:58,ELECTRONICS,DEBIT,ARIZONA,0
TXN07264,CUST036,66.86,2024-01-16 09:44:26,GROCERY,DEBIT,UNKNOWN,0
TXN07265,CUST007,314.28,2024-03-18 20:36:51,HOTEL,CREDIT,MICHIGAN,1
TXN07266,CUST024,449.07,2024-03-17 13:03:13,HOTEL,DEBIT,CALIFORNIA,0
TXN07267,CUST010,86.11,2024-01-29 14:10:47,CLOTHING,CREDIT,TEXAS,0
TXN07268,CUST020,65.67,2024-01-28 13:19:39,PHARMACY,DEBIT,NEVADA,0
TXN07269,CUST184,57.17,2024-02-14 08:02:17,GROCERY,CREDIT,MICHIGAN,0
TXN07270,CUST162,195.48,2024-02-17 21:07:07,ATM,DEBIT,NEW_YORK,0
TXN07271,CUST093,69.72,2024-02-19 09:52:27,PHARMACY,DEBIT,WASHINGTON,0
TXN07272,CUST017,49.82,2024-03-18 15:03:01,RESTAURANT,DEBIT,HAWAII,0
TXN07273,CUST037,111.04,2024-02-17 16:41:23,GAS_STATION,DEBIT,NEW_YORK,0
TXN07274,CUST032,1415.4,2024-02-03 17:21:51,JEWELRY,DEBIT,MONTANA,0
TXN07275,CUST051,64.69,2024-03-13 20:23:52,PHARMACY,CREDIT,UTAH,0
TXN07276,CUST021,28.36,2024-01-02 20:47:05,RESTAURANT,DEBIT,MONTANA,0
TXN07277,CUST001,239.53,2024-01-25 13:07:03,CLOTHING,DEBIT,UTAH,0
TXN07278,CUST020,121.09,2024-03-06 09:30:01,GROCERY,CREDIT,OREGON,0
TXN07279,CUST092,294.04,2024-03-02 11:40:01,ATM,DEBIT,TEXAS,0
TXN07280,CUST116,339.13,2024-03-07 15:30:20,CLOTHING,DEBIT,ARIZONA,0
TXN07281,CUST018,463.41,2024-01-11 15:46:38,JEWELRY,CREDIT,NEVADA,0
TXN07282,CUST044,250.0,2024-03-27 21:07:42,GROCERY,DEBIT,UNKNOWN,0
TXN07283,CUST017,22.68,2024-03-29 21:36:22,COFFEE_SHOP,CREDIT,ARIZONA,0
TXN07284,CUST029,260.54,2024-02-04 08:57:14,GROCERY,CREDIT,FLORIDA,0
TXN07285,CUST013,136.94,2024-03-09 12:20:11,RESTAURANT,DEBIT,HAWAII,0
TXN07286,CUST172,25.31,2024-01-04 17:39:08,PHARMACY,DEBIT,FLORIDA,0
TXN07287,CUST017,88.66,2024-01-16 20:33:18,PHARMACY,CREDIT,COLORADO,0
TXN07288,CUST046,230.0,2024-02-04 09:37:21,RESTAURANT,DEBIT,CALIFORNIA,1
TXN07289,CUST011,198.6,2024-01-07 18:46:23,RESTAURANT,DEBIT,UTAH,0
TXN07290,CUST016,31.67,2024-02-19 12:49:04,COFFEE_SHOP,CREDIT,TEXAS,0
TXN07291,CUST115,75.73,2024-01-27 14:57:54,GAS_STATION,CREDIT,HAWAII,0
TXN07292,CUST058,53.55,2024-01-15 16:16:03,GROCERY,DEBIT,OREGON,0
TXN07293,CUST003,333.83,2024-02-20 14:40:43,HOTEL,CREDIT,FLORIDA,0
TXN07294,CUST035,710.23,2024-03-23 16:54:32,ONLINE,DEBIT,NEVADA,0
TXN07295,CUST043,28.87,2024-01-30 10:33:57,ATM,CREDIT,WASHINGTON,0
TXN07296,CUST007,900.47,2024-03-19 08:45:56,ELECTRONICS,DEBIT,UTAH,0
TXN07297,CUST044,106.03,2024-03-11 12:59:33,GAS_STATION,DEBIT,ARIZONA,0
TXN07298,CUST047,3620.37,2024-03-17 08:24:27,ONLINE,CREDIT,NEW_YORK,1
TXN07299,CUST017,139.9,2024-01-26 22:16:16,RESTAURANT,CREDIT,OREGON,0
TXN07300,CUST049,925.55,2024-02-08 17:18:25,JEWELRY,DEBIT,NEVADA,0
TXN07301,CUST024,36.51,2024-02-18 15:55:12,COFFEE_SHOP,CREDIT,ARIZONA,0
TXN07302,CUST112,53.08,2024-01-08 18:11:18,GAS_STATION,DEBIT,NEW_YORK,0
TXN07303,CUST114,317.74,2024-01-04 21:56:06,ATM,CREDIT,ILLINOIS,0
TXN07304,CUST001,134.04,2024-03-07 13:05:34,GROCERY,DEBIT,HAWAII,0
TXN07305,CUST019,112.85,2024-03-05 13:12:19,ONLINE,DEBIT,UNKNOWN,0
TXN07306,CUST115,311.61,2024-01-09 19:33:30,CLOTHING,DEBIT,MICHIGAN,0
TXN07307,CUST016,1161.97,2024-02-11 12:41:58,ELECTRONICS,CREDIT,MONTANA,0
TXN07308,CUST024,122.43,2024-02-03 10:11:13,CLOTHING,CREDIT,ILLINOIS,0
TXN07309,CUST012,35.19,2024-03-22 20:14:02,COFFEE_SHOP,CREDIT,CALIFORNIA,0
TXN07310,CUST005,76.38,2024-01-24 10:13:45,PHARMACY,DEBIT,COLORADO,1
TXN07311,CUST016,26.47,2024-03-23 21:06:40,COFFEE_SHOP,DEBIT,NEW_YORK,0
TXN07312,CUST031,66.14,2024-01-08 10:58:33,GAS_STATION,DEBIT,UTAH,0
TXN07313,CUST114,1082.8,2024-02-21 11:46:57,ELECTRONICS,DEBIT,UNKNOWN,1
TXN07314,CUST044,505.25,2024-01-04 12:35:15,ONLINE,DEBIT,UTAH,0
TXN07315,CUST029,1097.96,2024-01-12 09:02:19,ELECTRONICS,CREDIT,HAWAII,0
TXN07316,CUST045,7.94,2024-02-09 16:03:21,COFFEE_SHOP,CREDIT,COLORADO,0
TXN07317,CUST050,138.47,2024-03-01 18:26:05,CLOTHING,DEBIT,COLORADO,0
TXN07318,CUST037,460.11,2024-02-19 15:21:12,HOTEL,CREDIT,CALIFORNIA,0
TXN07319,CUST004,479.12,2024-02-14 14:08:17,GAS_STATION,DEBIT,ILLINOIS,1
TXN07320,CUST097,1614.71,2024-01-02 18:42:26,JEWELRY,CREDIT,OREGON,0
TXN07321,CUST089,16.69,2024-01-20 16:32:48,PHARMACY,DEBIT,ILLINOIS,0
TXN07322,CUST002,379.79,2024-01-06 19:44:26,PHARMACY,DEBIT,HAWAII,1
TXN07323,CUST009,238.22,2024-03-11 15:20:17,CLOTHING,CREDIT,WASHINGTON,0
TXN07324,CUST049,326.2,2024-02-06 16:11:39,ATM,DEBIT,ARIZONA,0
TXN07325,CUST005,33.2,2024-03-10 12:56:17,COFFEE_SHOP,DEBIT,WASHINGTON,0
TXN07326,CUST036,1659.56,2024-01-15 13:29:30,JEWELRY,DEBIT,COLORADO,0
TXN07327,CUST026,266.38,2024-02-07 14:39:25,GROCERY,CREDIT,MICHIGAN,0
TXN07328,CUST023,262.32,2024-01-06 13:04:18,GROCERY,DEBIT,MONTANA,0
TXN07329,CUST012,26.27,2024-02-26 09:13:11,CLOTHING,DEBIT,FLORIDA,0
TXN07330,CUST048,534.16,2024-03-27 09:55:04,GAS_STATION,DEBIT,FLORIDA,1
TXN07331,CUST036,499.57,2024-03-15 15:07:26,ELECTRONICS,CREDIT,COLORADO,0
TXN07332,CUST001,101.22,2024-02-12 10:14:27,GAS_STATION,CREDIT,MONTANA,0
TXN07333,CUST018,10.2,2024-03-14 17:34:54,COFFEE_SHOP,CREDIT,ARIZONA,0
TXN07334,CUST036,165.72,2024-02-27 22:32:19,RESTAURANT,DEBIT,NEW_YORK,0
TXN07335,CUST020,365.65,2024-01-02 17:36:43,HOTEL,DEBIT,NEVADA,0
TXN07336,CUST036,367.61,2024-02-02 19:52:24,HOTEL,DEBIT,MICHIGAN,1
TXN07337,CUST031,539.28,2024-03-26 21:50:49,JEWELRY,DEBIT,ARIZONA,0
TXN07338,CUST032,43.73,2024-01-31 11:00:32,GAS_STATION,CREDIT,UTAH,0
TXN07339,CUST033,283.67,2024-01-19 10:01:55,GROCERY,CREDIT,WASHINGTON,0
TXN07340,CUST040,1058.92,2024-02-17 17:18:28,ELECTRONICS,DEBIT,OREGON,1
TXN07341,CUST033,318.89,2024-01-11 11:39:15,CLOTHING,DEBIT,OREGON,0
TXN07342,CUST041,576.11,2024-02-16 08:47:37,ELECTRONICS,DEBIT,NEW_YORK,0
TXN07343,CUST032,4993.51,2024-02-24 21:46:13,JEWELRY,DEBIT,ARIZONA,1
TXN07344,CUST022,56.63,2024-01-02 10:10:07,PHARMACY,CREDIT,ILLINOIS,0
TXN07345,CUST097,62.12,2024-02-15 11:36:11,RESTAURANT,DEBIT,ILLINOIS,0
TXN07346,CUST003,42.15,2024-02-22 17:29:11,RESTAURANT,DEBIT,TEXAS,0
TXN07347,CUST191,2307.28,2024-02-05 16:21:06,ELECTRONICS,DEBIT,HAWAII,1
TXN07348,CUST041,171.78,2024-03-03 10:45:17,GROCERY,CREDIT,TEXAS,0
TXN07349,CUST038,51.01,2024-02-11 12:03:54,ATM,CREDIT,FLORIDA,0
TXN07350,CUST024,297.04,2024-01-07 14:38:00,ELECTRONICS,CREDIT,FLORIDA,0
TXN07351,CUST032,1225.1,2024-01-10 08:38:13,JEWELRY,DEBIT,HAWAII,0
TXN07352,CUST018,398.49,2024-01-01 20:17:17,HOTEL,DEBIT,UTAH,0
TXN07353,CUST038,294.48,2024-01-25 18:39:00,ATM,DEBIT,NEW_YORK,0
TXN07354,CUST009,336.9,2024-02-21 21:06:08,HOTEL,CREDIT,UNKNOWN,0
TXN07355,CUST004,24.7,2024-02-10 10:22:03,GROCERY,DEBIT,MONTANA,0
TXN07356,CUST015,10.3,2024-02-05 17:54:14,COFFEE_SHOP,CREDIT,HAWAII,0
TXN07357,CUST196,65.49,2024-03-15 16:52:21,PHARMACY,CREDIT,ARIZONA,0
TXN07358,CUST015,24.32,2024-02-01 19:08:33,COFFEE_SHOP,CREDIT,UNKNOWN,0
TXN07359,CUST019,507.51,2024-03-11 09:08:58,ELECTRONICS,DEBIT,UTAH,0
TXN07360,CUST013,43.98,2024-03-13 21:05:34,PHARMACY,DEBIT,HAWAII,0
TXN07361,CUST020,159.47,2024-03-26 13:14:13,RESTAURANT,DEBIT,ILLINOIS,0
TXN07362,CUST044,3042.57,2024-01-31 16:04:11,ELECTRONICS,DEBIT,TEXAS,1
TXN07363,CUST023,2601.54,2024-03-01 21:02:54,ONLINE,CREDIT,HAWAII,1
TXN07364,CUST004,646.44,2024-01-24 20:00:00,ELECTRONICS,DEBIT,ARIZONA,0
TXN07365,CUST042,987.74,2024-01-07 09:21:51,HOTEL,DEBIT,NEW_YORK,1
TXN07366,CUST121,70.87,2024-01-10 08:34:42,GAS_STATION,DEBIT,HAWAII,0
TXN07367,CUST044,220.66,2024-03-15 18:48:01,HOTEL,CREDIT,OREGON,0
TXN07368,CUST037,31.37,2024-02-21 16:52:35,COFFEE_SHOP,CREDIT,MICHIGAN,0
TXN07369,CUST030,390.99,2024-02-18 08:12:51,ATM,CREDIT,CALIFORNIA,0
TXN07370,CUST056,405.21,2024-02-26 18:46:37,JEWELRY,DEBIT,WASHINGTON,0
TXN07371,CUST027,192.61,2024-02-06 19:53:18,GROCERY,CREDIT,ARIZONA,0
TXN07372,CUST036,132.16,2024-01-26 15:45:59,HOTEL,CREDIT,ILLINOIS,0
TXN07373,CUST050,337.82,2024-01-21 12:53:31,HOTEL,CREDIT,MICHIGAN,0
TXN07374,CUST043,1872.13,2024-01-25 22:10:08,JEWELRY,CREDIT,WASHINGTON,0
TXN07375,CUST032,336.2,2024-03-01 15:10:59,GROCERY,DEBIT,FLORIDA,0
TXN07376,CUST194,210.76,2024-02-05 13:24:07,GROCERY,CREDIT,UNKNOWN,0
TXN07377,CUST026,247.08,2024-03-23 19:33:02,ELECTRONICS,DEBIT,HAWAII,0
TXN07378,CUST049,708.11,2024-01-19 13:15:57,CLOTHING,CREDIT,FLORIDA,1
TXN07379,CUST017,253.15,2024-02-13 21:44:52,HOTEL,DEBIT,HAWAII,0
TXN07380,CUST045,27.09,2024-03-08 10:08:15,GROCERY,DEBIT,COLORADO,0
TXN07381,CUST025,1044.25,2024-03-10 19:04:08,HOTEL,CREDIT,MICHIGAN,1
TXN07382,CUST017,694.41,2024-03-17 20:01:43,JEWELRY,DEBIT,ARIZONA,0
TXN07383,CUST037,1727.33,2024-03-08 18:59:58,ONLINE,DEBIT,ARIZONA,1
TXN07384,CUST046,100.75,2024-02-24 15:28:15,GAS_STATION,DEBIT,UNKNOWN,0
TXN07385,CUST005,885.33,2024-03-06 09:48:20,ONLINE,DEBIT,ARIZONA,1
TXN07386,CUST001,415.65,2024-01-04 14:39:56,ELECTRONICS,DEBIT,NEW_YORK,0
TXN07387,CUST014,73.75,2024-03-20 10:25:58,PHARMACY,DEBIT,UTAH,0
TXN07388,CUST020,61.85,2024-02-18 16:53:34,GAS_STATION,DEBIT,WASHINGTON,0
TXN07389,CUST006,113.86,2024-03-25 18:49:40,RESTAURANT,CREDIT,TEXAS,0
TXN07390,CUST026,773.89,2024-01-21 16:34:58,ONLINE,DEBIT,TEXAS,0
TXN07391,CUST024,37.22,2024-03-17 17:47:28,COFFEE_SHOP,DEBIT,UNKNOWN,0
TXN07392,CUST044,2406.81,2024-01-02 15:12:40,ONLINE,DEBIT,CALIFORNIA,1
TXN07393,CUST182,308.87,2024-01-29 09:22:41,ELECTRONICS,DEBIT,MICHIGAN,0
TXN07394,CUST021,1138.94,2024-03-26 16:26:06,ELECTRONICS,DEBIT,TEXAS,0
TXN07395,CUST050,277.69,2024-03-05 17:04:46,CLOTHING,CREDIT,TEXAS,1
TXN07396,CUST010,27.06,2024-02-23 17:22:02,PHARMACY,CREDIT,MONTANA,0
TXN07397,CUST130,26.59,2024-03-19 22:40:40,COFFEE_SHOP,DEBIT,HAWAII,0
TXN07398,CUST153,145.92,2024-02-24 09:10:35,ATM,CREDIT,NEVADA,0
TXN07399,CUST046,258.74,2024-01-06 10:03:38,ATM,CREDIT,OREGON,0
TXN07400,CUST034,225.07,2024-03-29 21:22:23,CLOTHING,CREDIT,MONTANA,0
TXN07401,CUST034,495.36,2024-03-30 12:04:08,ATM,DEBIT,WASHINGTON,0
TXN07402,CUST015,1038.89,2024-01-20 12:56:26,HOTEL,DEBIT,ARIZONA,1
TXN07403,CUST022,80.83,2024-02-01 20:05:13,ATM,DEBIT,COLORADO,0
TXN07404,CUST118,89.39,2024-01-20 17:55:32,GAS_STATION,DEBIT,FLORIDA,0
TXN07405,CUST013,1739.78,2024-02-10 18:09:58,JEWELRY,CREDIT,HAWAII,0
TXN07406,CUST022,167.43,2024-01-25 15:23:21,ATM,DEBIT,WASHINGTON,0
TXN07407,CUST032,310.75,2024-02-25 20:39:15,HOTEL,DEBIT,ARIZONA,0
TXN07408,CUST026,51.42,2024-02-04 11:26:48,GAS_STATION,DEBIT,MONTANA,0
TXN07409,CUST027,16.84,2024-03-22 17:01:06,COFFEE_SHOP,DEBIT,ARIZONA,0
TXN07410,CUST040,181.02,2024-03-08 19:36:52,HOTEL,DEBIT,WASHINGTON,0
TXN07411,CUST002,742.23,2024-02-10 22:07:39,ONLINE,CREDIT,HAWAII,0
TXN07412,CUST031,4235.5,2024-03-06 13:18:10,ELECTRONICS,DEBIT,ARIZONA,1
TXN07413,CUST012,18.72,2024-02-28 20:14:40,GROCERY,DEBIT,UTAH,0
TXN07414,CUST039,769.76,2024-03-07 13:32:35,ONLINE,CREDIT,COLORADO,1
TXN07415,CUST033,15.97,2024-03-20 08:45:22,PHARMACY,DEBIT,ARIZONA,0
TXN07416,CUST072,3226.2,2024-03-21 15:14:16,ONLINE,DEBIT,WASHINGTON,1
TXN07417,CUST028,75.53,2024-03-16 08:55:34,PHARMACY,CREDIT,NEW_YORK,0
TXN07418,CUST047,231.4,2024-01-28 18:15:32,CLOTHING,CREDIT,NEW_YORK,0
TXN07419,CUST004,163.28,2024-01-28 18:17:11,CLOTHING,DEBIT,COLORADO,0
TXN07420,CUST040,25.35,2024-01-25 13:38:48,PHARMACY,CREDIT,OREGON,0
TXN07421,CUST016,1483.1,2024-02-17 17:27:23,ELECTRONICS,DEBIT,OREGON,0
TXN07422,CUST031,293.61,2024-03-09 19:24:54,GROCERY,DEBIT,OREGON,0
TXN07423,CUST034,68.16,2024-01-02 09:58:42,PHARMACY,CREDIT,MICHIGAN,0
TXN07424,CUST020,2872.78,2024-01-02 19:05:35,JEWELRY,DEBIT,ILLINOIS,1
TXN07425,CUST197,51.62,2024-01-30 22:42:23,PHARMACY,DEBIT,CALIFORNIA,0
TXN07426,CUST011,23.37,2024-03-11 14:05:55,COFFEE_SHOP,DEBIT,COLORADO,0
TXN07427,CUST015,331.49,2024-01-05 20:33:34,JEWELRY,CREDIT,CALIFORNIA,0
TXN07428,CUST027,170.76,2024-03-30 22:09:23,RESTAURANT,DEBIT,ILLINOIS,0
TXN07429,CUST034,208.6,2024-01-19 11:21:24,ATM,CREDIT,MONTANA,0
TXN07430,CUST039,39.49,2024-02-02 19:53:14,PHARMACY,CREDIT,MONTANA,0
TXN07431,CUST041,104.2,2024-03-24 18:24:42,ONLINE,DEBIT,ARIZONA,0
TXN07432,CUST027,2373.77,2024-02-23 10:50:19,JEWELRY,CREDIT,OREGON,1
TXN07433,CUST177,128.28,2024-02-09 15:52:06,RESTAURANT,DEBIT,FLORIDA,0
TXN07434,CUST008,2192.61,2024-02-14 08:24:27,ELECTRONICS,DEBIT,ILLINOIS,1
TXN07435,CUST030,309.9,2024-03-08 18:04:03,CLOTHING,DEBIT,UTAH,0
TXN07436,CUST103,42.52,2024-03-23 16:22:06,COFFEE_SHOP,CREDIT,WASHINGTON,0
TXN07437,CUST049,464.21,2024-03-07 08:06:37,HOTEL,CREDIT,WASHINGTON,0
TXN07438,CUST038,333.23,2024-02-02 16:53:17,RESTAURANT,DEBIT,CALIFORNIA,1
TXN07439,CUST018,833.47,2024-02-09 21:58:07,ELECTRONICS,CREDIT,NEW_YORK,0
TXN07440,CUST029,16.07,2024-02-07 15:57:50,PHARMACY,CREDIT,CALIFORNIA,0
TXN07441,CUST093,8.64,2024-02-04 10:13:54,COFFEE_SHOP,CREDIT,OREGON,0
TXN07442,CUST120,39.68,2024-03-28 18:49:26,RESTAURANT,CREDIT,WASHINGTON,0
TXN07443,CUST124,1990.61,2024-02-16 13:10:13,ONLINE,DEBIT,UNKNOWN,1
TXN07444,CUST048,21.4,2024-01-08 17:31:04,CLOTHING,DEBIT,NEW_YORK,0
TXN07445,CUST011,170.21,2024-03-01 16:31:53,RESTAURANT,DEBIT,MICHIGAN,0
TXN07446,CUST087,265.49,2024-03-26 20:14:54,GROCERY,CREDIT,ILLINOIS,0
TXN07447,CUST050,37.14,2024-02-23 11:39:16,ATM,DEBIT,NEVADA,0
TXN07448,CUST023,4406.34,2024-01-19 08:29:19,JEWELRY,DEBIT,MONTANA,1
TXN07449,CUST033,370.96,2024-01-05 22:00:31,HOTEL,DEBIT,COLORADO,1
TXN07450,CUST017,196.45,2024-03-29 21:58:01,ATM,DEBIT,WASHINGTON,0
TXN07451,CUST177,755.34,2024-02-02 21:12:43,CLOTHING,DEBIT,NEW_YORK,1
TXN07452,CUST095,4523.99,2024-01-14 18:24:07,ONLINE,CREDIT,UTAH,1
TXN07453,CUST012,613.94,2024-02-06 13:03:24,GROCERY,DEBIT,MONTANA,1
TXN07454,CUST021,329.25,2024-03-08 16:36:34,GROCERY,DEBIT,HAWAII,0
TXN07455,CUST048,1357.88,2024-02-19 15:17:00,JEWELRY,DEBIT,UNKNOWN,0
TXN07456,CUST024,312.19,2024-02-14 22:19:49,ATM,CREDIT,FLORIDA,0
TXN07457,CUST007,26.14,2024-01-27 21:53:53,COFFEE_SHOP,DEBIT,NEW_YORK,0
TXN07458,CUST039,691.91,2024-01-31 13:11:08,ELECTRONICS,DEBIT,UTAH,0
TXN07459,CUST045,36.07,2024-03-10 10:54:58,COFFEE_SHOP,DEBIT,FLORIDA,0
TXN07460,CUST029,32.52,2024-02-20 22:26:28,RESTAURANT,DEBIT,NEW_YORK,0
TXN07461,CUST029,43.52,2024-02-19 10:16:35,GAS_STATION,CREDIT,COLORADO,0
TXN07462,CUST014,238.81,2024-01-25 08:17:24,CLOTHING,DEBIT,MONTANA,0
TXN07463,CUST028,290.72,2024-03-29 13:06:05,GROCERY,DEBIT,MICHIGAN,0
TXN07464,CUST035,56.3,2024-03-14 12:47:37,CLOTHING,DEBIT,OREGON,0
TXN07465,CUST040,1886.13,2024-02-19 21:00:03,ONLINE,DEBIT,HAWAII,1
TXN07466,CUST028,1538.98,2024-03-24 08:17:12,JEWELRY,CREDIT,FLORIDA,0
TXN07467,CUST143,432.43,2024-01-31 14:58:54,ATM,DEBIT,HAWAII,0
TXN07468,CUST033,58.43,2024-02-26 11:12:38,RESTAURANT,CREDIT,NEW_YORK,0
TXN07469,CUST043,13.69,2024-01-18 17:49:23,COFFEE_SHOP,DEBIT,MICHIGAN,0
TXN07470,CUST025,774.08,2024-03-30 18:13:29,ONLINE,DEBIT,TEXAS,0
TXN07471,CUST044,91.6,2024-03-20 12:19:42,PHARMACY,CREDIT,NEVADA,0
TXN07472,CUST017,83.0,2024-01-22 11:42:10,CLOTHING,CREDIT,TEXAS,0
TXN07473,CUST025,387.22,2024-01-11 20:24:13,ONLINE,DEBIT,CALIFORNIA,0
TXN07474,CUST043,72.82,2024-03-05 09:28:56,GAS_STATION,DEBIT,UNKNOWN,0
TXN07475,CUST080,793.59,2024-02-21 21:13:52,ONLINE,CREDIT,UTAH,0
TXN07476,CUST011,192.05,2024-02-01 15:33:09,ONLINE,DEBIT,COLORADO,0
TXN07477,CUST091,24.79,2024-03-03 10:04:31,COFFEE_SHOP,DEBIT,CALIFORNIA,0
TXN07478,CUST035,299.6,2024-01-13 17:17:10,CLOTHING,DEBIT,OREGON,0
TXN07479,CUST093,171.01,2024-03-15 17:13:20,HOTEL,DEBIT,UNKNOWN,0
TXN07480,CUST044,313.66,2024-03-17 18:14:13,GROCERY,CREDIT,ILLINOIS,0
TXN07481,CUST035,438.65,2024-01-21 10:19:21,ATM,CREDIT,WASHINGTON,0
TXN07482,CUST043,3193.91,2024-03-13 20:58:33,JEWELRY,DEBIT,UNKNOWN,1
TXN07483,CUST142,480.74,2024-01-23 22:53:46,HOTEL,CREDIT,OREGON,0
TXN07484,CUST118,93.37,2024-03-16 11:41:17,GAS_STATION,CREDIT,ILLINOIS,0
TXN07485,CUST119,126.98,2024-02-29 20:57:45,RESTAURANT,CREDIT,NEW_YORK,0
TXN07486,CUST089,31.06,2024-01-22 16:57:06,GAS_STATION,DEBIT,ARIZONA,0
TXN07487,CUST029,2010.4,2024-03-19 14:45:24,ONLINE,CREDIT,UTAH,1
TXN07488,CUST047,231.47,2024-01-09 11:34:46,HOTEL,DEBIT,UNKNOWN,0
TXN07489,CUST113,88.09,2024-02-29 13:36:03,GROCERY,DEBIT,NEW_YORK,0
TXN07490,CUST018,149.39,2024-01-05 22:08:39,ONLINE,DEBIT,HAWAII,0
TXN07491,CUST039,359.48,2024-02-02 18:51:23,ATM,DEBIT,WASHINGTON,0
TXN07492,CUST043,472.2,2024-03-25 18:53:21,HOTEL,DEBIT,NEVADA,0
TXN07493,CUST011,484.44,2024-03-15 08:07:59,HOTEL,DEBIT,ILLINOIS,0
TXN07494,CUST059,549.92,2024-02-08 20:52:23,ELECTRONICS,DEBIT,TEXAS,0
TXN07495,CUST139,180.51,2024-01-04 10:45:59,RESTAURANT,DEBIT,FLORIDA,0
TXN07496,CUST023,2046.12,2024-02-26 18:36:36,ONLINE,DEBIT,WASHINGTON,1
TXN07497,CUST024,71.03,2024-02-11 13:50:55,PHARMACY,DEBIT,TEXAS,0
TXN07498,CUST010,62.51,2024-01-12 18:39:48,ATM,DEBIT,TEXAS,0
TXN07499,CUST022,149.16,2024-02-18 13:16:30,HOTEL,DEBIT,OREGON,0
TXN07500,CUST035,766.92,2024-03-27 14:54:08,JEWELRY,DEBIT,CALIFORNIA,0
TXN07501,CUST037,46.27,2024-01-12 11:18:26,GAS_STATION,DEBIT,COLORADO,0
TXN07502,CUST043,55.05,2024-03-23 13:29:31,PHARMACY,DEBIT,NEVADA,0
TXN07503,CUST200,203.86,2024-01-04 20:52:51,GROCERY,CREDIT,MONTANA,0
TXN07504,CUST038,1183.86,2024-03-16 12:22:37,ELECTRONICS,DEBIT,MONTANA,0
TXN07505,CUST012,68.9,2024-03-23 20:24:37,GROCERY,DEBIT,OREGON,0
TXN07506,CUST007,165.87,2024-03-12 18:35:42,HOTEL,DEBIT,ARIZONA,0
TXN07507,CUST022,83.99,2024-02-01 21:32:35,ATM,DEBIT,CALIFORNIA,0
TXN07508,CUST014,67.53,2024-03-19 14:48:58,CLOTHING,DEBIT,CALIFORNIA,0
TXN07509,CUST005,286.98,2024-01-05 09:28:01,GROCERY,DEBIT,UTAH,0
TXN07510,CUST016,241.49,2024-01-04 14:11:44,GROCERY,DEBIT,WASHINGTON,0
TXN07511,CUST009,2370.55,2024-01-19 11:26:11,JEWELRY,DEBIT,OREGON,1
TXN07512,CUST038,510.09,2024-01-09 22:13:55,HOTEL,DEBIT,COLORADO,1
TXN07513,CUST049,54.78,2024-02-29 19:42:38,GAS_STATION,CREDIT,WASHINGTON,0
TXN07514,CUST124,413.08,2024-03-05 17:05:52,ONLINE,CREDIT,UNKNOWN,0
TXN07515,CUST003,1417.02,2024-01-24 13:15:56,HOTEL,CREDIT,ILLINOIS,1
TXN07516,CUST003,64.77,2024-01-03 21:01:23,PHARMACY,CREDIT,OREGON,0
TXN07517,CUST028,737.26,2024-02-18 08:22:30,CLOTHING,CREDIT,CALIFORNIA,1
TXN07518,CUST124,30.55,2024-02-11 22:36:20,COFFEE_SHOP,DEBIT,COLORADO,0
TXN07519,CUST087,59.04,2024-02-29 13:24:58,PHARMACY,CREDIT,CALIFORNIA,0
TXN07520,CUST027,727.75,2024-01-28 14:03:24,CLOTHING,DEBIT,MONTANA,1
TXN07521,CUST035,70.07,2024-01-11 22:45:16,GAS_STATION,CREDIT,WASHINGTON,0
TXN07522,CUST020,77.64,2024-02-16 14:05:26,RESTAURANT,DEBIT,ARIZONA,0
TXN07523,CUST006,414.1,2024-03-25 08:40:36,HOTEL,CREDIT,WASHINGTON,0
TXN07524,CUST040,1925.78,2024-03-10 21:38:40,JEWELRY,DEBIT,COLORADO,0
TXN07525,CUST195,326.13,2024-02-05 17:29:50,ATM,DEBIT,MICHIGAN,0
TXN07526,CUST045,87.05,2024-02-21 22:10:01,CLOTHING,DEBIT,FLORIDA,0
TXN07527,CUST055,43.3,2024-03-24 18:54:56,COFFEE_SHOP,CREDIT,TEXAS,0
TXN07528,CUST060,71.96,2024-03-05 18:13:58,PHARMACY,CREDIT,MONTANA,0
TXN07529,CUST040,1294.13,2024-03-02 09:47:07,ELECTRONICS,CREDIT,UTAH,0
TXN07530,CUST031,37.13,2024-02-27 13:09:36,COFFEE_SHOP,DEBIT,FLORIDA,0
TXN07531,CUST036,70.76,2024-02-27 15:38:14,RESTAURANT,DEBIT,ILLINOIS,0
TXN07532,CUST047,88.84,2024-03-04 16:22:57,GAS_STATION,CREDIT,ILLINOIS,0
TXN07533,CUST016,431.24,2024-03-10 09:28:33,HOTEL,DEBIT,OREGON,0
TXN07534,CUST178,303.73,2024-01-24 11:27:21,GROCERY,CREDIT,CALIFORNIA,0
TXN07535,CUST017,111.03,2024-03-17 14:00:44,GAS_STATION,DEBIT,UNKNOWN,0
TXN07536,CUST030,191.37,2024-02-28 14:51:54,RESTAURANT,DEBIT,ILLINOIS,0
TXN07537,CUST026,21.66,2024-01-20 19:26:41,COFFEE_SHOP,DEBIT,ILLINOIS,0
TXN07538,CUST017,50.02,2024-02-13 22:20:48,GAS_STATION,DEBIT,OREGON,0
TXN07539,CUST016,510.36,2024-01-04 21:28:55,GAS_STATION,DEBIT,NEW_YORK,1
TXN07540,CUST006,40.63,2024-02-17 14:42:44,RESTAURANT,DEBIT,CALIFORNIA,0
TXN07541,CUST012,230.88,2024-03-11 09:40:54,ONLINE,DEBIT,TEXAS,0
TXN07542,CUST071,35.82,2024-02-27 18:26:06,RESTAURANT,DEBIT,UTAH,0
TXN07543,CUST028,24.86,2024-03-22 19:33:41,PHARMACY,CREDIT,WASHINGTON,0
TXN07544,CUST190,500.28,2024-01-02 11:19:18,ONLINE,DEBIT,WASHINGTON,0
TXN07545,CUST008,492.37,2024-02-28 21:01:38,ATM,CREDIT,ARIZONA,0
TXN07546,CUST027,59.95,2024-01-13 11:08:42,ONLINE,CREDIT,OREGON,0
TXN07547,CUST036,267.24,2024-03-25 16:58:54,ELECTRONICS,DEBIT,COLORADO,0
TXN07548,CUST003,3126.94,2024-02-07 21:22:42,ONLINE,DEBIT,NEVADA,1
TXN07549,CUST174,252.29,2024-01-03 20:39:06,HOTEL,DEBIT,CALIFORNIA,0
TXN07550,CUST019,109.47,2024-01-17 20:05:37,RESTAURANT,DEBIT,HAWAII,0
TXN07551,CUST025,113.24,2024-02-17 14:56:33,RESTAURANT,DEBIT,OREGON,0
TXN07552,CUST035,1575.62,2024-01-07 12:46:00,ONLINE,DEBIT,FLORIDA,1
TXN07553,CUST001,32.95,2024-03-28 12:26:29,GROCERY,DEBIT,NEW_YORK,0
TXN07554,CUST003,93.84,2024-01-20 09:01:54,RESTAURANT,DEBIT,HAWAII,0
TXN07555,CUST045,37.14,2024-01-06 15:45:37,GROCERY,DEBIT,MONTANA,0
TXN07556,CUST036,290.56,2024-01-10 18:14:31,CLOTHING,CREDIT,COLORADO,0
TXN07557,CUST050,57.37,2024-01-27 18:31:58,PHARMACY,DEBIT,COLORADO,0
TXN07558,CUST044,1951.48,2024-03-29 12:00:33,ONLINE,DEBIT,UTAH,1
TXN07559,CUST030,192.17,2024-03-13 21:42:37,GROCERY,DEBIT,TEXAS,0
TXN07560,CUST015,20.2,2024-03-28 18:55:52,COFFEE_SHOP,DEBIT,MICHIGAN,0
TXN07561,CUST001,49.67,2024-02-13 19:05:27,PHARMACY,CREDIT,UNKNOWN,0
TXN07562,CUST029,151.19,2024-01-14 18:54:00,RESTAURANT,DEBIT,CALIFORNIA,0
TXN07563,CUST038,133.45,2024-03-25 14:02:49,GAS_STATION,DEBIT,UTAH,0
TXN07564,CUST164,581.94,2024-02-26 18:34:02,ONLINE,CREDIT,MONTANA,0
TXN07565,CUST022,73.73,2024-01-26 19:52:33,PHARMACY,DEBIT,MICHIGAN,0
TXN07566,CUST099,945.82,2024-02-16 20:31:44,CLOTHING,DEBIT,CALIFORNIA,1
TXN07567,CUST018,449.92,2024-01-22 22:40:30,HOTEL,DEBIT,UTAH,0
TXN07568,CUST049,159.23,2024-02-05 12:23:10,ATM,DEBIT,FLORIDA,0
TXN07569,CUST018,940.28,2024-03-12 09:36:41,CLOTHING,DEBIT,MICHIGAN,1
TXN07570,CUST022,4060.95,2024-02-11 13:18:03,ONLINE,DEBIT,MICHIGAN,1
TXN07571,CUST006,35.18,2024-02-23 17:32:35,GAS_STATION,DEBIT,HAWAII,0
TXN07572,CUST027,1311.18,2024-03-29 08:37:30,ELECTRONICS,CREDIT,MONTANA,0
TXN07573,CUST017,121.19,2024-03-16 17:24:36,GAS_STATION,CREDIT,TEXAS,0
TXN07574,CUST039,322.19,2024-02-27 15:14:15,CLOTHING,DEBIT,HAWAII,0
TXN07575,CUST112,481.37,2024-03-27 17:14:06,ONLINE,DEBIT,TEXAS,0
TXN07576,CUST134,331.18,2024-03-28 12:55:09,JEWELRY,DEBIT,FLORIDA,0
TXN07577,CUST095,28.61,2024-02-09 20:04:09,COFFEE_SHOP,DEBIT,CALIFORNIA,0
TXN07578,CUST036,221.85,2024-03-07 09:17:22,HOTEL,DEBIT,HAWAII,0
TXN07579,CUST164,754.22,2024-02-28 10:53:55,ONLINE,CREDIT,OREGON,0
TXN07580,CUST050,27.38,2024-01-21 19:07:46,RESTAURANT,DEBIT,WASHINGTON,0
TXN07581,CUST040,737.58,2024-01-15 14:39:32,JEWELRY,DEBIT,UNKNOWN,0
TXN07582,CUST044,147.45,2024-01-17 14:09:34,RESTAURANT,DEBIT,ARIZONA,0
TXN07583,CUST013,289.02,2024-01-05 20:56:57,GROCERY,DEBIT,NEW_YORK,0
TXN07584,CUST043,150.76,2024-03-25 15:59:29,GROCERY,DEBIT,CALIFORNIA,0
TXN07585,CUST033,405.31,2024-03-02 19:13:59,ONLINE,DEBIT,CALIFORNIA,0
TXN07586,CUST017,27.65,2024-01-08 15:52:22,COFFEE_SHOP,DEBIT,OREGON,0
TXN07587,CUST058,18.5,2024-03-03 19:39:24,COFFEE_SHOP,DEBIT,ILLINOIS,0
TXN07588,CUST017,231.37,2024-01-26 11:01:27,CLOTHING,CREDIT,FLORIDA,0
TXN07589,CUST097,45.36,2024-01-20 12:08:13,COFFEE_SHOP,DEBIT,UTAH,0
TXN07590,CUST041,19.06,2024-01-29 11:52:06,COFFEE_SHOP,DEBIT,UTAH,0
TXN07591,CUST023,99.06,2024-02-22 20:10:17,PHARMACY,DEBIT,COLORADO,0
TXN07592,CUST004,180.89,2024-01-09 20:04:41,CLOTHING,CREDIT,TEXAS,0
TXN07593,CUST026,2374.2,2024-02-04 18:30:30,ONLINE,CREDIT,ILLINOIS,1
TXN07594,CUST117,74.65,2024-01-31 12:48:33,PHARMACY,DEBIT,COLORADO,0
TXN07595,CUST050,219.86,2024-02-07 12:28:35,JEWELRY,DEBIT,NEW_YORK,0
TXN07596,CUST034,202.44,2024-01-26 15:33:10,CLOTHING,DEBIT,ARIZONA,0
TXN07597,CUST011,5035.36,2024-02-12 12:59:52,JEWELRY,DEBIT,ARIZONA,1
TXN07598,CUST022,303.22,2024-02-29 21:20:38,HOTEL,DEBIT,UTAH,0
TXN07599,CUST047,41.41,2024-01-23 20:27:19,COFFEE_SHOP,DEBIT,FLORIDA,0
TXN07600,CUST017,312.91,2024-01-17 22:43:18,GROCERY,DEBIT,UNKNOWN,0
TXN07601,CUST022,195.99,2024-03-07 22:38:50,RESTAURANT,DEBIT,FLORIDA,0
TXN07602,CUST040,57.27,2024-01-04 17:52:27,GAS_STATION,DEBIT,FLORIDA,0
TXN07603,CUST029,116.92,2024-02-11 15:12:22,RESTAURANT,DEBIT,UTAH,0
TXN07604,CUST045,569.72,2024-02-04 09:33:05,GAS_STATION,CREDIT,CALIFORNIA,1
TXN07605,CUST144,104.68,2024-02-15 18:19:20,RESTAURANT,CREDIT,NEVADA,0
TXN07606,CUST012,283.06,2024-02-26 17:01:52,ATM,DEBIT,FLORIDA,0
TXN07607,CUST003,25.52,2024-01-13 16:57:23,GAS_STATION,DEBIT,UNKNOWN,0
TXN07608,CUST020,297.31,2024-02-16 16:36:59,GROCERY,DEBIT,COLORADO,0
TXN07609,CUST155,2281.93,2024-02-27 10:02:06,JEWELRY,DEBIT,COLORADO,1
TXN07610,CUST014,30.73,2024-02-11 13:08:04,PHARMACY,CREDIT,CALIFORNIA,0
TXN07611,CUST006,388.62,2024-03-07 10:57:49,HOTEL,DEBIT,OREGON,0
TXN07612,CUST005,92.65,2024-03-05 13:31:58,ONLINE,CREDIT,WASHINGTON,0
TXN07613,CUST039,220.11,2024-02-29 16:48:47,CLOTHING,DEBIT,HAWAII,0
TXN07614,CUST041,25.5,2024-01-15 20:09:06,COFFEE_SHOP,CREDIT,ILLINOIS,0
TXN07615,CUST100,123.47,2024-03-30 13:10:02,CLOTHING,DEBIT,HAWAII,0
TXN07616,CUST017,6547.9,2024-03-11 20:54:23,JEWELRY,DEBIT,HAWAII,1
TXN07617,CUST037,163.64,2024-02-26 12:08:01,RESTAURANT,CREDIT,NEVADA,0
TXN07618,CUST022,656.48,2024-03-11 14:07:35,ONLINE,DEBIT,NEW_YORK,0
TXN07619,CUST197,951.1,2024-01-25 16:35:28,ONLINE,CREDIT,UNKNOWN,1
TXN07620,CUST073,317.56,2024-01-16 18:44:10,CLOTHING,DEBIT,NEW_YORK,0
TXN07621,CUST008,248.0,2024-02-17 11:24:00,GAS_STATION,CREDIT,UTAH,1
TXN07622,CUST020,260.69,2024-03-10 16:30:41,HOTEL,CREDIT,WASHINGTON,0
TXN07623,CUST001,2588.02,2024-01-08 19:38:35,JEWELRY,DEBIT,UTAH,1
TXN07624,CUST008,20.9,2024-03-03 08:44:40,PHARMACY,DEBIT,TEXAS,0
TXN07625,CUST151,4335.65,2024-03-15 09:21:24,ONLINE,DEBIT,UTAH,1
TXN07626,CUST041,90.99,2024-03-05 15:10:43,PHARMACY,DEBIT,MONTANA,0
TXN07627,CUST036,105.17,2024-03-11 21:53:54,CLOTHING,DEBIT,UNKNOWN,0
TXN07628,CUST034,393.13,2024-02-10 20:20:35,CLOTHING,CREDIT,UTAH,0
TXN07629,CUST003,112.1,2024-02-08 12:26:07,GAS_STATION,DEBIT,FLORIDA,0
TXN07630,CUST049,65.14,2024-01-22 10:59:14,RESTAURANT,CREDIT,NEW_YORK,0
TXN07631,CUST007,394.34,2024-03-03 13:10:57,HOTEL,CREDIT,OREGON,0
TXN07632,CUST014,203.62,2024-02-18 16:23:20,JEWELRY,CREDIT,MONTANA,0
TXN07633,CUST024,88.96,2024-03-02 18:48:20,RESTAURANT,CREDIT,COLORADO,0
TXN07634,CUST041,1144.67,2024-03-14 21:37:05,ELECTRONICS,DEBIT,HAWAII,0
TXN07635,CUST172,271.76,2024-02-03 19:23:56,HOTEL,CREDIT,ARIZONA,0
TXN07636,CUST072,120.63,2024-03-16 14:35:27,GAS_STATION,DEBIT,FLORIDA,0
TXN07637,CUST009,121.92,2024-03-30 17:26:27,CLOTHING,DEBIT,WASHINGTON,0
TXN07638,CUST015,222.48,2024-02-18 16:32:59,HOTEL,DEBIT,ARIZONA,0
TXN07639,CUST188,47.5,2024-02-16 18:44:17,COFFEE_SHOP,DEBIT,MICHIGAN,0
TXN07640,CUST014,82.83,2024-01-05 09:54:07,ATM,CREDIT,UNKNOWN,0
TXN07641,CUST035,1263.17,2024-02-29 08:35:05,JEWELRY,CREDIT,MONTANA,0
TXN07642,CUST037,56.25,2024-01-30 21:53:47,GROCERY,DEBIT,UTAH,0
TXN07643,CUST161,1124.18,2024-02-17 08:03:17,CLOTHING,DEBIT,OREGON,1
TXN07644,CUST028,101.94,2024-03-21 17:20:49,ATM,CREDIT,MICHIGAN,0
TXN07645,CUST087,252.03,2024-02-13 13:11:22,GROCERY,CREDIT,CALIFORNIA,0
TXN07646,CUST034,34.42,2024-03-30 14:18:37,COFFEE_SHOP,DEBIT,MICHIGAN,0
TXN07647,CUST036,14.16,2024-02-27 19:51:21,PHARMACY,DEBIT,FLORIDA,0
TXN07648,CUST011,18.8,2024-02-05 15:55:39,COFFEE_SHOP,DEBIT,ARIZONA,0
TXN07649,CUST002,300.98,2024-01-19 20:33:58,CLOTHING,DEBIT,WASHINGTON,0
TXN07650,CUST036,39.43,2024-03-21 21:48:08,GAS_STATION,DEBIT,COLORADO,0
TXN07651,CUST033,695.39,2024-03-10 08:00:43,ONLINE,CREDIT,CALIFORNIA,0
TXN07652,CUST001,422.3,2024-03-05 20:57:56,ATM,CREDIT,OREGON,0
TXN07653,CUST049,266.34,2024-03-01 11:11:24,ATM,DEBIT,CALIFORNIA,0
TXN07654,CUST007,70.03,2024-02-27 20:51:46,RESTAURANT,DEBIT,COLORADO,0
TXN07655,CUST021,87.87,2024-03-15 16:31:36,RESTAURANT,CREDIT,TEXAS,0
TXN07656,CUST039,1847.67,2024-03-04 17:45:36,JEWELRY,CREDIT,NEVADA,0
TXN07657,CUST008,497.82,2024-01-23 14:06:48,ATM,DEBIT,MICHIGAN,0
TXN07658,CUST023,349.92,2024-01-02 17:16:34,HOTEL,CREDIT,ILLINOIS,0
TXN07659,CUST030,399.35,2024-03-01 17:46:36,HOTEL,DEBIT,CALIFORNIA,0
TXN07660,CUST008,4762.56,2024-02-24 09:47:30,JEWELRY,DEBIT,ILLINOIS,1
TXN07661,CUST026,49.7,2024-02-25 20:21:33,COFFEE_SHOP,DEBIT,HAWAII,0
TXN07662,CUST200,57.35,2024-03-30 18:48:26,GAS_STATION,DEBIT,ILLINOIS,0
TXN07663,CUST040,48.96,2024-03-14 10:18:06,COFFEE_SHOP,CREDIT,TEXAS,0
TXN07664,CUST020,1594.99,2024-03-04 22:33:53,ELECTRONICS,CREDIT,WASHINGTON,1
TXN07665,CUST046,88.24,2024-02-10 16:27:45,GROCERY,DEBIT,MONTANA,0
TXN07666,CUST048,270.62,2024-02-07 08:02:57,GROCERY,DEBIT,CALIFORNIA,0
TXN07667,CUST090,580.43,2024-02-08 21:49:38,ONLINE,CREDIT,ARIZONA,0
TXN07668,CUST039,217.5,2024-01-27 14:20:24,CLOTHING,CREDIT,CALIFORNIA,0
TXN07669,CUST032,84.36,2024-03-11 15:23:07,GAS_STATION,DEBIT,UNKNOWN,0
TXN07670,CUST047,26.22,2024-02-29 17:07:12,PHARMACY,CREDIT,FLORIDA,0
TXN07671,CUST039,205.27,2024-01-24 20:24:56,ONLINE,DEBIT,FLORIDA,0
TXN07672,CUST038,62.73,2024-01-22 21:24:30,RESTAURANT,CREDIT,HAWAII,0
TXN07673,CUST048,1927.55,2024-03-07 11:42:14,JEWELRY,CREDIT,UTAH,1
TXN07674,CUST014,402.12,2024-03-09 17:13:34,HOTEL,CREDIT,NEW_YORK,0
TXN07675,CUST013,69.17,2024-03-24 15:59:15,ATM,CREDIT,HAWAII,0
TXN07676,CUST010,704.13,2024-01-13 14:47:57,ELECTRONICS,DEBIT,CALIFORNIA,0
TXN07677,CUST034,477.78,2024-03-29 19:55:44,ATM,DEBIT,MICHIGAN,0
TXN07678,CUST007,728.14,2024-02-04 16:51:07,ONLINE,DEBIT,UNKNOWN,0
TXN07679,CUST002,35.75,2024-01-31 10:25:43,ATM,DEBIT,WASHINGTON,0
TXN07680,CUST066,132.1,2024-02-11 22:16:17,RESTAURANT,DEBIT,UTAH,0
TXN07681,CUST003,15.92,2024-02-18 13:33:28,COFFEE_SHOP,DEBIT,MICHIGAN,0
TXN07682,CUST116,320.73,2024-01-01 08:29:09,GROCERY,DEBIT,UNKNOWN,0
TXN07683,CUST015,51.05,2024-03-27 21:23:14,PHARMACY,CREDIT,ARIZONA,0
TXN07684,CUST025,85.54,2024-03-08 14:50:36,HOTEL,DEBIT,NEW_YORK,0
TXN07685,CUST029,7956.54,2024-01-08 21:31:37,JEWELRY,DEBIT,NEW_YORK,1
TXN07686,CUST001,305.36,2024-01-23 22:34:52,GROCERY,DEBIT,MICHIGAN,0
TXN07687,CUST013,102.68,2024-03-23 18:20:47,HOTEL,DEBIT,COLORADO,0
TXN07688,CUST039,272.19,2024-01-05 14:30:48,ATM,CREDIT,TEXAS,0
TXN07689,CUST121,286.7,2024-02-05 10:46:55,CLOTHING,DEBIT,UTAH,0
TXN07690,CUST040,427.41,2024-02-18 16:08:48,HOTEL,DEBIT,FLORIDA,1
TXN07691,CUST046,156.1,2024-02-18 14:50:45,GROCERY,CREDIT,NEVADA,0
TXN07692,CUST100,1053.93,2024-01-26 20:41:58,JEWELRY,DEBIT,TEXAS,0
TXN07693,CUST023,85.33,2024-03-06 15:10:52,PHARMACY,DEBIT,OREGON,0
TXN07694,CUST057,366.15,2024-03-19 09:26:08,CLOTHING,CREDIT,ARIZONA,0
TXN07695,CUST025,10.39,2024-01-31 10:04:49,COFFEE_SHOP,CREDIT,WASHINGTON,0
TXN07696,CUST039,34.6,2024-01-24 20:28:07,COFFEE_SHOP,CREDIT,MICHIGAN,0
TXN07697,CUST045,413.38,2024-02-17 22:46:43,ONLINE,DEBIT,MICHIGAN,0
TXN07698,CUST105,44.17,2024-02-09 22:25:01,PHARMACY,DEBIT,COLORADO,0
TXN07699,CUST019,63.18,2024-02-01 21:15:23,PHARMACY,DEBIT,TEXAS,0
TXN07700,CUST013,42.63,2024-02-05 12:56:20,COFFEE_SHOP,CREDIT,NEVADA,0
TXN07701,CUST019,4681.76,2024-01-04 18:40:30,JEWELRY,DEBIT,ARIZONA,1
TXN07702,CUST040,1749.47,2024-01-08 11:17:17,JEWELRY,DEBIT,UNKNOWN,0
TXN07703,CUST002,264.21,2024-03-01 09:42:11,JEWELRY,CREDIT,HAWAII,0
TXN07704,CUST184,368.03,2024-01-14 17:46:37,ATM,CREDIT,COLORADO,0
TXN07705,CUST013,1278.55,2024-02-29 21:39:03,ELECTRONICS,CREDIT,CALIFORNIA,0
TXN07706,CUST029,280.85,2024-02-12 21:36:54,GROCERY,DEBIT,CALIFORNIA,0
TXN07707,CUST140,100.99,2024-03-25 17:28:58,HOTEL,DEBIT,FLORIDA,0
TXN07708,CUST004,1478.55,2024-02-15 08:58:23,HOTEL,CREDIT,NEVADA,1
TXN07709,CUST150,100.02,2024-01-07 17:17:27,PHARMACY,DEBIT,MONTANA,1
TXN07710,CUST002,3587.87,2024-01-19 14:49:30,ONLINE,CREDIT,ARIZONA,1
TXN07711,CUST032,154.06,2024-03-04 11:26:43,RESTAURANT,CREDIT,WASHINGTON,0
TXN07712,CUST059,664.08,2024-02-22 12:39:10,ONLINE,CREDIT,MICHIGAN,1
TXN07713,CUST003,39.96,2024-02-18 15:54:13,COFFEE_SHOP,CREDIT,CALIFORNIA,0
TXN07714,CUST072,63.18,2024-01-23 16:29:30,RESTAURANT,DEBIT,NEVADA,0
TXN07715,CUST019,406.77,2024-03-10 17:24:00,ATM,DEBIT,TEXAS,0
TXN07716,CUST039,424.83,2024-02-03 18:34:20,HOTEL,DEBIT,CALIFORNIA,0
TXN07717,CUST036,2025.24,2024-02-11 21:58:12,ONLINE,DEBIT,MONTANA,1
TXN07718,CUST035,416.13,2024-03-09 16:14:22,HOTEL,DEBIT,UNKNOWN,0
TXN07719,CUST013,3296.63,2024-03-25 21:19:46,ELECTRONICS,DEBIT,ARIZONA,1
TXN07720,CUST036,304.17,2024-01-17 18:51:20,ATM,CREDIT,UNKNOWN,0
TXN07721,CUST046,320.78,2024-01-02 14:29:23,ATM,CREDIT,UTAH,0
TXN07722,CUST011,990.16,2024-03-05 11:55:17,HOTEL,CREDIT,UNKNOWN,1
TXN07723,CUST071,95.26,2024-01-26 19:05:07,PHARMACY,CREDIT,OREGON,0
TXN07724,CUST002,271.43,2024-03-08 13:39:34,HOTEL,DEBIT,MONTANA,0
TXN07725,CUST049,30.8,2024-01-03 14:36:23,RESTAURANT,DEBIT,HAWAII,0
TXN07726,CUST039,82.36,2024-01-05 20:36:49,GROCERY,CREDIT,ILLINOIS,0
TXN07727,CUST014,30.07,2024-01-20 19:15:48,COFFEE_SHOP,CREDIT,TEXAS,0
TXN07728,CUST049,133.35,2024-02-16 20:33:10,RESTAURANT,DEBIT,MONTANA,0
TXN07729,CUST008,4490.19,2024-02-12 09:07:23,ELECTRONICS,DEBIT,ARIZONA,1
TXN07730,CUST007,290.63,2024-01-12 13:51:34,ATM,CREDIT,UNKNOWN,0
TXN07731,CUST026,45.95,2024-03-18 16:33:29,COFFEE_SHOP,DEBIT,UTAH,0
TXN07732,CUST011,480.82,2024-03-19 20:15:59,ONLINE,DEBIT,ILLINOIS,0
TXN07733,CUST008,54.79,2024-01-28 14:48:46,PHARMACY,DEBIT,UNKNOWN,0
TXN07734,CUST029,169.16,2024-03-01 20:30:16,HOTEL,DEBIT,UNKNOWN,0
TXN07735,CUST036,4288.4,2024-02-08 10:04:23,ONLINE,DEBIT,ILLINOIS,1
TXN07736,CUST043,457.78,2024-03-29 17:20:08,ELECTRONICS,CREDIT,NEVADA,0
TXN07737,CUST025,119.83,2024-01-28 20:50:58,GAS_STATION,DEBIT,NEW_YORK,0
TXN07738,CUST025,108.58,2024-02-15 11:58:23,GAS_STATION,DEBIT,HAWAII,0
TXN07739,CUST028,59.75,2024-03-07 16:09:18,GAS_STATION,CREDIT,ILLINOIS,0
TXN07740,CUST017,497.4,2024-02-27 16:28:55,HOTEL,CREDIT,ILLINOIS,0
TXN07741,CUST064,115.03,2024-03-12 16:27:29,GAS_STATION,DEBIT,CALIFORNIA,0
TXN07742,CUST049,1416.62,2024-02-01 17:54:57,ATM,CREDIT,OREGON,1
TXN07743,CUST195,196.55,2024-01-05 12:39:35,CLOTHING,CREDIT,UTAH,0
TXN07744,CUST019,122.61,2024-02-22 18:23:01,GROCERY,DEBIT,NEW_YORK,0
TXN07745,CUST013,193.55,2024-02-02 20:33:26,RESTAURANT,DEBIT,UNKNOWN,0
TXN07746,CUST008,498.72,2024-03-07 09:30:07,ATM,CREDIT,TEXAS,0
TXN07747,CUST018,15.74,2024-02-15 08:08:36,COFFEE_SHOP,DEBIT,UTAH,0
TXN07748,CUST048,290.81,2024-03-22 19:17:52,ATM,DEBIT,HAWAII,0
TXN07749,CUST006,86.36,2024-02-25 11:20:07,RESTAURANT,DEBIT,FLORIDA,0
TXN07750,CUST041,348.99,2024-02-10 15:21:50,HOTEL,CREDIT,COLORADO,0
TXN07751,CUST046,1238.56,2024-03-20 10:29:40,ELECTRONICS,DEBIT,ARIZONA,0
TXN07752,CUST025,44.68,2024-01-09 14:53:31,COFFEE_SHOP,DEBIT,NEVADA,0
TXN07753,CUST036,156.35,2024-01-20 20:54:45,RESTAURANT,DEBIT,UNKNOWN,0
TXN07754,CUST085,3351.74,2024-03-03 16:22:38,ONLINE,DEBIT,UNKNOWN,1
TXN07755,CUST075,46.85,2024-03-02 09:54:18,RESTAURANT,DEBIT,NEW_YORK,0
TXN07756,CUST026,1211.39,2024-02-01 22:37:35,ELECTRONICS,CREDIT,MICHIGAN,0
TXN07757,CUST179,146.7,2024-02-03 18:55:53,CLOTHING,CREDIT,MICHIGAN,0
TXN07758,CUST044,103.6,2024-02-26 21:34:12,CLOTHING,CREDIT,OREGON,0
TXN07759,CUST020,405.71,2024-02-12 12:05:39,ATM,DEBIT,CALIFORNIA,0
TXN07760,CUST027,549.34,2024-01-23 17:38:52,JEWELRY,DEBIT,FLORIDA,0
TXN07761,CUST035,128.6,2024-03-07 18:23:49,ATM,CREDIT,MONTANA,0
TXN07762,CUST070,757.35,2024-01-05 14:53:15,ONLINE,DEBIT,UTAH,0
TXN07763,CUST039,1292.43,2024-02-01 12:55:17,JEWELRY,CREDIT,CALIFORNIA,0
TXN07764,CUST137,132.5,2024-01-08 18:52:01,RESTAURANT,CREDIT,ARIZONA,0
TXN07765,CUST008,153.68,2024-01-04 13:01:45,ATM,DEBIT,COLORADO,0
TXN07766,CUST166,2609.37,2024-02-03 20:42:56,ONLINE,CREDIT,CALIFORNIA,1
TXN07767,CUST008,14.08,2024-03-17 21:35:18,COFFEE_SHOP,DEBIT,WASHINGTON,0
TXN07768,CUST033,37.74,2024-02-23 15:56:11,GROCERY,DEBIT,OREGON,0
TXN07769,CUST035,2453.59,2024-02-28 08:24:09,JEWELRY,CREDIT,NEVADA,1
TXN07770,CUST049,102.71,2024-03-16 21:45:26,GAS_STATION,CREDIT,COLORADO,0
TXN07771,CUST039,141.34,2024-01-23 19:53:05,ATM,DEBIT,MICHIGAN,0
TXN07772,CUST044,285.5,2024-02-07 09:45:17,ONLINE,DEBIT,CALIFORNIA,0
TXN07773,CUST054,129.35,2024-01-25 12:31:08,RESTAURANT,DEBIT,UTAH,0
TXN07774,CUST009,44.21,2024-01-03 15:02:28,COFFEE_SHOP,DEBIT,MICHIGAN,0
TXN07775,CUST030,78.31,2024-03-15 18:02:53,RESTAURANT,DEBIT,FLORIDA,0
TXN07776,CUST036,43.87,2024-03-03 14:51:44,GROCERY,CREDIT,MICHIGAN,0
TXN07777,CUST034,160.56,2024-01-11 11:31:17,ELECTRONICS,DEBIT,MICHIGAN,0
TXN07778,CUST020,77.99,2024-03-08 13:24:30,GAS_STATION,CREDIT,OREGON,0
TXN07779,CUST004,415.22,2024-03-14 12:02:42,ATM,DEBIT,HAWAII,0
TXN07780,CUST008,266.45,2024-02-07 16:23:04,CLOTHING,DEBIT,CALIFORNIA,0
TXN07781,CUST045,1448.69,2024-01-19 11:16:25,ELECTRONICS,DEBIT,TEXAS,0
TXN07782,CUST027,58.22,2024-01-07 11:18:09,PHARMACY,CREDIT,CALIFORNIA,0
TXN07783,CUST018,279.28,2024-03-24 19:52:30,ONLINE,DEBIT,CALIFORNIA,0
TXN07784,CUST017,114.08,2024-01-07 22:19:00,RESTAURANT,DEBIT,CALIFORNIA,0
TXN07785,CUST050,94.66,2024-01-08 13:45:42,RESTAURANT,DEBIT,MONTANA,0
TXN07786,CUST037,280.39,2024-02-29 20:25:48,CLOTHING,DEBIT,NEVADA,0
TXN07787,CUST104,413.34,2024-01-09 17:53:15,ONLINE,CREDIT,OREGON,0
TXN07788,CUST091,40.53,2024-03-24 10:38:36,ATM,DEBIT,NEW_YORK,0
TXN07789,CUST006,6417.09,2024-02-27 12:17:58,JEWELRY,CREDIT,MICHIGAN,1
TXN07790,CUST008,20.96,2024-03-22 14:07:49,COFFEE_SHOP,DEBIT,MONTANA,0
TXN07791,CUST116,255.18,2024-02-19 21:11:37,GAS_STATION,DEBIT,ILLINOIS,1
TXN07792,CUST156,307.57,2024-02-13 22:21:31,GROCERY,DEBIT,CALIFORNIA,0
TXN07793,CUST049,70.55,2024-01-19 20:11:00,ONLINE,CREDIT,TEXAS,0
TXN07794,CUST024,29.98,2024-01-20 11:37:35,COFFEE_SHOP,CREDIT,ARIZONA,0
TXN07795,CUST113,16.57,2024-01-24 15:43:03,COFFEE_SHOP,DEBIT,UNKNOWN,0
TXN07796,CUST035,1375.4,2024-02-13 12:00:26,JEWELRY,DEBIT,HAWAII,0
TXN07797,CUST023,249.0,2024-01-08 10:51:08,CLOTHING,DEBIT,NEVADA,0
TXN07798,CUST008,201.74,2024-02-08 15:35:52,RESTAURANT,CREDIT,UTAH,1
TXN07799,CUST126,157.31,2024-02-04 19:30:47,GROCERY,DEBIT,UNKNOWN,0
TXN07800,CUST033,46.38,2024-03-24 20:58:36,COFFEE_SHOP,DEBIT,MONTANA,0
TXN07801,CUST046,21.11,2024-03-18 14:16:49,PHARMACY,CREDIT,MICHIGAN,0
TXN07802,CUST006,75.84,2024-03-05 18:41:29,PHARMACY,DEBIT,MONTANA,0
TXN07803,CUST036,446.5,2024-03-19 11:15:20,HOTEL,DEBIT,COLORADO,0
TXN07804,CUST012,105.55,2024-03-01 19:07:33,GAS_STATION,DEBIT,UTAH,0
TXN07805,CUST180,16.58,2024-02-13 13:16:19,COFFEE_SHOP,DEBIT,WASHINGTON,0
TXN07806,CUST020,92.89,2024-02-10 16:09:08,PHARMACY,DEBIT,HAWAII,0
TXN07807,CUST028,624.61,2024-01-13 13:30:09,ONLINE,DEBIT,FLORIDA,0
TXN07808,CUST037,259.05,2024-03-13 12:00:54,CLOTHING,DEBIT,COLORADO,0
TXN07809,CUST001,193.98,2024-02-29 16:36:59,CLOTHING,DEBIT,UNKNOWN,0
TXN07810,CUST047,20.7,2024-02-18 08:53:35,PHARMACY,CREDIT,MONTANA,0
TXN07811,CUST026,25.67,2024-02-06 13:15:20,PHARMACY,DEBIT,UNKNOWN,0
TXN07812,CUST198,22.79,2024-01-03 22:47:23,COFFEE_SHOP,DEBIT,UNKNOWN,0
TXN07813,CUST138,1617.14,2024-02-16 21:58:01,ONLINE,CREDIT,WASHINGTON,1
TXN07814,CUST042,100.87,2024-01-03 14:56:44,ONLINE,DEBIT,MONTANA,0
TXN07815,CUST006,497.47,2024-03-14 09:11:27,ATM,DEBIT,TEXAS,0
TXN07816,CUST053,128.26,2024-03-26 18:24:45,GAS_STATION,CREDIT,MICHIGAN,0
TXN07817,CUST142,125.14,2024-02-20 18:36:54,ATM,DEBIT,HAWAII,0
TXN07818,CUST046,39.21,2024-02-25 14:06:24,PHARMACY,DEBIT,OREGON,0
TXN07819,CUST038,1341.8,2024-02-08 13:38:36,ELECTRONICS,CREDIT,ARIZONA,0
TXN07820,CUST039,332.4,2024-02-22 16:05:59,RESTAURANT,DEBIT,CALIFORNIA,1
TXN07821,CUST046,59.75,2024-03-20 15:28:14,GAS_STATION,DEBIT,UTAH,0
TXN07822,CUST036,26.38,2024-03-10 20:09:01,PHARMACY,DEBIT,OREGON,0
TXN07823,CUST049,153.08,2024-03-27 09:46:19,GROCERY,DEBIT,UNKNOWN,0
TXN07824,CUST006,474.54,2024-01-18 21:58:39,ELECTRONICS,DEBIT,CALIFORNIA,0
TXN07825,CUST007,21.01,2024-03-27 12:00:02,PHARMACY,CREDIT,FLORIDA,0
TXN07826,CUST048,191.83,2024-01-30 12:36:22,ATM,DEBIT,WASHINGTON,0
TXN07827,CUST065,409.83,2024-01-12 19:43:58,HOTEL,DEBIT,WASHINGTON,0
TXN07828,CUST015,800.72,2024-01-27 09:11:47,ELECTRONICS,DEBIT,UTAH,0
TXN07829,CUST090,2348.13,2024-01-13 11:40:30,JEWELRY,DEBIT,OREGON,1
TXN07830,CUST041,404.68,2024-01-06 11:58:15,ONLINE,DEBIT,OREGON,0
TXN07831,CUST126,263.56,2024-01-11 14:23:01,CLOTHING,DEBIT,TEXAS,0
TXN07832,CUST041,67.28,2024-01-16 12:43:10,GAS_STATION,DEBIT,COLORADO,0
TXN07833,CUST018,4038.87,2024-01-10 13:56:29,ONLINE,DEBIT,CALIFORNIA,1
TXN07834,CUST037,284.83,2024-01-23 08:21:07,GROCERY,DEBIT,WASHINGTON,0
TXN07835,CUST022,78.41,2024-02-11 11:40:39,PHARMACY,CREDIT,COLORADO,1
TXN07836,CUST008,1186.5,2024-01-03 17:58:31,ELECTRONICS,DEBIT,ARIZONA,0
TXN07837,CUST050,4731.6,2024-03-06 10:32:01,ONLINE,DEBIT,MONTANA,1
TXN07838,CUST045,4653.91,2024-02-01 08:36:04,ONLINE,CREDIT,UNKNOWN,1
TXN07839,CUST021,186.96,2024-03-27 09:02:10,JEWELRY,CREDIT,UNKNOWN,0
TXN07840,CUST045,268.22,2024-03-22 21:04:57,CLOTHING,DEBIT,MICHIGAN,1
TXN07841,CUST181,1722.55,2024-02-07 18:38:56,JEWELRY,CREDIT,CALIFORNIA,0
TXN07842,CUST109,143.4,2024-03-23 13:43:19,GAS_STATION,DEBIT,ILLINOIS,0
TXN07843,CUST014,45.49,2024-02-28 20:00:33,PHARMACY,DEBIT,MICHIGAN,0
TXN07844,CUST006,34.16,2024-01-02 09:43:45,GAS_STATION,CREDIT,WASHINGTON,0
TXN07845,CUST183,604.32,2024-02-29 11:25:29,ONLINE,DEBIT,ILLINOIS,0
TXN07846,CUST005,91.57,2024-03-13 19:28:31,CLOTHING,CREDIT,UTAH,0
TXN07847,CUST011,2081.65,2024-01-04 14:18:20,JEWELRY,CREDIT,ARIZONA,1
TXN07848,CUST048,13.69,2024-01-04 19:27:08,COFFEE_SHOP,CREDIT,FLORIDA,0
TXN07849,CUST010,253.41,2024-02-22 09:59:35,GROCERY,CREDIT,FLORIDA,0
TXN07850,CUST014,145.81,2024-01-18 15:19:29,GAS_STATION,CREDIT,UNKNOWN,0
TXN07851,CUST019,586.92,2024-03-23 12:03:29,ONLINE,DEBIT,NEVADA,0
TXN07852,CUST069,88.15,2024-03-26 19:13:51,HOTEL,DEBIT,UNKNOWN,0
TXN07853,CUST013,887.66,2024-02-20 08:42:00,ELECTRONICS,DEBIT,FLORIDA,0
TXN07854,CUST019,335.12,2024-01-21 22:54:02,ATM,DEBIT,UTAH,0
TXN07855,CUST004,43.62,2024-02-28 20:04:44,GAS_STATION,CREDIT,NEW_YORK,0
TXN07856,CUST035,377.37,2024-03-14 21:39:56,PHARMACY,DEBIT,UTAH,1
TXN07857,CUST036,36.58,2024-01-20 20:00:37,COFFEE_SHOP,DEBIT,TEXAS,0
TXN07858,CUST185,714.79,2024-01-13 20:45:07,CLOTHING,DEBIT,NEW_YORK,1
TXN07859,CUST033,266.86,2024-01-04 12:29:17,ATM,DEBIT,CALIFORNIA,0
TXN07860,CUST036,150.26,2024-03-01 20:22:13,ONLINE,DEBIT,OREGON,0
TXN07861,CUST042,111.53,2024-02-02 08:44:51,HOTEL,CREDIT,MONTANA,0
TXN07862,CUST078,783.24,2024-01-29 21:00:20,ATM,CREDIT,UTAH,1
TXN07863,CUST023,433.27,2024-03-10 08:11:35,CLOTHING,CREDIT,ILLINOIS,1
TXN07864,CUST021,186.09,2024-01-15 17:21:01,CLOTHING,DEBIT,HAWAII,0
TXN07865,CUST039,161.6,2024-02-18 13:13:59,RESTAURANT,DEBIT,NEVADA,0
TXN07866,CUST046,9.61,2024-01-18 19:12:47,COFFEE_SHOP,DEBIT,TEXAS,0
TXN07867,CUST041,108.56,2024-03-07 15:43:41,ELECTRONICS,DEBIT,HAWAII,0
TXN07868,CUST012,1059.21,2024-01-17 22:53:10,JEWELRY,DEBIT,MICHIGAN,1
TXN07869,CUST035,2422.03,2024-01-08 08:59:31,ONLINE,DEBIT,MICHIGAN,1
TXN07870,CUST023,584.9,2024-03-17 12:23:43,ELECTRONICS,DEBIT,MONTANA,0
TXN07871,CUST024,1830.37,2024-03-27 09:18:26,JEWELRY,DEBIT,NEVADA,0
TXN07872,CUST024,470.75,2024-03-24 11:30:14,ATM,DEBIT,ILLINOIS,0
TXN07873,CUST008,841.28,2024-03-12 15:12:10,ELECTRONICS,DEBIT,ARIZONA,0
TXN07874,CUST107,104.94,2024-01-19 22:53:34,GAS_STATION,DEBIT,MICHIGAN,0
TXN07875,CUST033,238.03,2024-02-29 09:31:38,ATM,DEBIT,NEW_YORK,0
TXN07876,CUST080,236.95,2024-01-15 21:02:42,ATM,DEBIT,ARIZONA,0
TXN07877,CUST145,326.03,2024-01-04 17:38:14,ONLINE,DEBIT,UTAH,0
TXN07878,CUST007,1358.49,2024-03-20 12:24:42,ELECTRONICS,DEBIT,ILLINOIS,0
TXN07879,CUST016,295.12,2024-02-09 21:19:09,GROCERY,DEBIT,MICHIGAN,0
TXN07880,CUST009,110.32,2024-03-13 21:20:55,ATM,DEBIT,OREGON,0
TXN07881,CUST033,61.51,2024-01-18 22:15:31,ELECTRONICS,CREDIT,WASHINGTON,0
TXN07882,CUST082,117.88,2024-03-14 08:16:12,RESTAURANT,DEBIT,TEXAS,0
TXN07883,CUST022,147.85,2024-02-02 08:19:48,HOTEL,DEBIT,HAWAII,0
TXN07884,CUST046,235.69,2024-02-11 11:25:09,CLOTHING,DEBIT,NEW_YORK,0
TXN07885,CUST149,195.05,2024-02-03 09:26:27,ATM,DEBIT,NEVADA,0
TXN07886,CUST034,257.14,2024-03-02 15:54:04,ELECTRONICS,CREDIT,CALIFORNIA,0
TXN07887,CUST002,666.95,2024-01-21 14:35:43,ELECTRONICS,CREDIT,CALIFORNIA,0
TXN07888,CUST191,184.9,2024-01-30 16:26:41,ATM,DEBIT,ARIZONA,0
TXN07889,CUST012,256.43,2024-01-23 08:02:23,HOTEL,DEBIT,CALIFORNIA,0
TXN07890,CUST030,125.68,2024-03-08 15:56:44,GAS_STATION,CREDIT,HAWAII,0
TXN07891,CUST007,36.8,2024-01-21 08:04:37,COFFEE_SHOP,DEBIT,HAWAII,0
TXN07892,CUST015,342.5,2024-01-13 22:25:56,CLOTHING,DEBIT,MONTANA,1
TXN07893,CUST124,126.76,2024-02-08 19:09:58,RESTAURANT,DEBIT,HAWAII,0
TXN07894,CUST005,22.4,2024-02-11 14:45:15,COFFEE_SHOP,DEBIT,FLORIDA,0
TXN07895,CUST044,35.42,2024-01-08 10:11:38,RESTAURANT,CREDIT,HAWAII,0
TXN07896,CUST017,164.1,2024-03-19 13:15:57,CLOTHING,DEBIT,UTAH,0
TXN07897,CUST013,4048.73,2024-03-16 08:41:51,ELECTRONICS,DEBIT,WASHINGTON,1
TXN07898,CUST040,93.17,2024-01-29 21:33:38,RESTAURANT,DEBIT,UTAH,0
TXN07899,CUST067,115.23,2024-03-15 22:52:33,GAS_STATION,CREDIT,MICHIGAN,0
TXN07900,CUST029,112.45,2024-01-29 09:12:12,GAS_STATION,DEBIT,CALIFORNIA,0
TXN07901,CUST009,3618.06,2024-01-16 20:55:29,ONLINE,DEBIT,FLORIDA,1
TXN07902,CUST010,419.24,2024-02-09 08:37:09,ELECTRONICS,DEBIT,COLORADO,0
TXN07903,CUST059,5097.62,2024-01-11 19:39:32,JEWELRY,CREDIT,FLORIDA,1
TXN07904,CUST035,479.84,2024-01-07 16:37:20,ONLINE,DEBIT,WASHINGTON,0
TXN07905,CUST016,35.23,2024-03-16 12:12:54,COFFEE_SHOP,DEBIT,FLORIDA,0
TXN07906,CUST116,24.97,2024-01-26 15:15:45,COFFEE_SHOP,DEBIT,NEW_YORK,0
TXN07907,CUST030,176.65,2024-03-22 16:49:33,RESTAURANT,DEBIT,ARIZONA,0
TXN07908,CUST059,316.61,2024-01-22 22:09:37,ONLINE,DEBIT,TEXAS,0
TXN07909,CUST200,140.51,2024-01-29 11:54:16,ONLINE,DEBIT,OREGON,0
TXN07910,CUST099,25.9,2024-03-14 16:28:28,RESTAURANT,CREDIT,HAWAII,0
TXN07911,CUST003,408.42,2024-01-17 08:34:59,ATM,CREDIT,TEXAS,0
TXN07912,CUST057,4420.54,2024-03-10 15:05:27,ONLINE,DEBIT,UTAH,1
TXN07913,CUST041,36.13,2024-03-27 14:23:12,COFFEE_SHOP,CREDIT,UTAH,0
TXN07914,CUST033,108.21,2024-01-28 16:21:10,GAS_STATION,CREDIT,FLORIDA,0
TXN07915,CUST111,148.39,2024-02-15 22:12:32,RESTAURANT,DEBIT,HAWAII,0
TXN07916,CUST124,208.6,2024-03-02 13:36:09,CLOTHING,DEBIT,TEXAS,0
TXN07917,CUST021,85.21,2024-01-02 14:57:42,PHARMACY,CREDIT,ARIZONA,0
TXN07918,CUST082,43.4,2024-03-23 18:07:30,PHARMACY,DEBIT,NEW_YORK,0
TXN07919,CUST025,448.08,2024-01-21 22:17:45,ONLINE,DEBIT,WASHINGTON,0
TXN07920,CUST032,36.06,2024-02-09 17:28:37,COFFEE_SHOP,DEBIT,OREGON,0
TXN07921,CUST002,298.12,2024-03-03 15:34:39,CLOTHING,CREDIT,OREGON,0
TXN07922,CUST047,72.56,2024-03-18 20:08:22,GAS_STATION,DEBIT,OREGON,0
TXN07923,CUST021,137.87,2024-01-20 22:33:29,RESTAURANT,CREDIT,UTAH,0
TXN07924,CUST016,315.0,2024-03-10 18:20:27,GROCERY,CREDIT,ILLINOIS,0
TXN07925,CUST006,260.17,2024-01-19 20:46:27,GROCERY,DEBIT,OREGON,0
TXN07926,CUST025,254.89,2024-01-07 13:17:44,HOTEL,DEBIT,NEW_YORK,0
TXN07927,CUST026,183.83,2024-01-13 09:07:27,HOTEL,DEBIT,TEXAS,0
TXN07928,CUST034,358.41,2024-03-14 08:23:39,ONLINE,CREDIT,MICHIGAN,0
TXN07929,CUST143,141.65,2024-03-22 22:28:26,GROCERY,CREDIT,NEW_YORK,0
TXN07930,CUST048,227.0,2024-01-03 17:22:53,ONLINE,DEBIT,MICHIGAN,0
TXN07931,CUST180,146.23,2024-02-17 15:15:10,GAS_STATION,CREDIT,NEW_YORK,0
TXN07932,CUST018,27.14,2024-03-09 22:21:42,ONLINE,DEBIT,TEXAS,0
TXN07933,CUST028,102.48,2024-01-07 15:04:11,ONLINE,DEBIT,ARIZONA,0
TXN07934,CUST001,351.7,2024-02-07 17:14:00,HOTEL,DEBIT,MONTANA,0
TXN07935,CUST012,42.82,2024-02-15 20:51:41,COFFEE_SHOP,CREDIT,NEVADA,0
TXN07936,CUST050,270.64,2024-03-01 16:04:30,HOTEL,DEBIT,ARIZONA,0
TXN07937,CUST022,748.24,2024-01-23 10:33:59,ONLINE,DEBIT,UTAH,0
TXN07938,CUST065,143.51,2024-01-16 14:06:58,ATM,DEBIT,NEVADA,0
TXN07939,CUST025,378.97,2024-02-26 11:27:24,ONLINE,CREDIT,MONTANA,0
TXN07940,CUST193,185.78,2024-03-11 14:16:07,RESTAURANT,DEBIT,OREGON,0
TXN07941,CUST043,86.5,2024-02-07 17:24:26,PHARMACY,DEBIT,TEXAS,0
TXN07942,CUST128,135.93,2024-03-29 12:23:30,GAS_STATION,DEBIT,NEW_YORK,0
TXN07943,CUST040,505.19,2024-01-22 20:29:00,ELECTRONICS,CREDIT,HAWAII,0
TXN07944,CUST004,112.03,2024-03-16 11:11:00,GROCERY,CREDIT,MICHIGAN,0
TXN07945,CUST008,12.66,2024-02-07 15:24:23,PHARMACY,DEBIT,MICHIGAN,0
TXN07946,CUST018,323.89,2024-01-06 15:45:14,GROCERY,CREDIT,COLORADO,0
TXN07947,CUST022,1034.85,2024-01-09 13:45:14,JEWELRY,DEBIT,WASHINGTON,1
TXN07948,CUST045,46.0,2024-02-07 18:23:09,COFFEE_SHOP,DEBIT,NEVADA,0
TXN07949,CUST033,277.75,2024-02-27 10:17:07,GROCERY,CREDIT,ILLINOIS,0
TXN07950,CUST013,118.28,2024-01-23 12:06:25,RESTAURANT,DEBIT,HAWAII,0
TXN07951,CUST001,52.46,2024-03-26 13:36:32,CLOTHING,DEBIT,MICHIGAN,0
TXN07952,CUST191,78.86,2024-03-10 12:28:20,CLOTHING,CREDIT,UTAH,0
TXN07953,CUST038,2814.99,2024-02-02 14:38:41,JEWELRY,DEBIT,NEVADA,1
TXN07954,CUST040,279.99,2024-03-04 16:24:01,GROCERY,DEBIT,ILLINOIS,0
TXN07955,CUST005,392.72,2024-03-25 19:57:15,CLOTHING,CREDIT,COLORADO,0
TXN07956,CUST017,317.36,2024-02-07 16:39:39,CLOTHING,DEBIT,NEW_YORK,0
TXN07957,CUST027,1344.82,2024-01-27 16:01:11,ELECTRONICS,DEBIT,ARIZONA,0
TXN07958,CUST016,5989.95,2024-02-23 21:46:17,JEWELRY,DEBIT,ARIZONA,1
TXN07959,CUST029,305.46,2024-01-03 15:49:58,ONLINE,DEBIT,ILLINOIS,0
TXN07960,CUST097,5115.93,2024-01-31 10:21:12,ELECTRONICS,DEBIT,FLORIDA,1
TXN07961,CUST144,1462.26,2024-01-15 11:44:14,HOTEL,DEBIT,COLORADO,1
TXN07962,CUST042,96.48,2024-03-10 12:06:15,GAS_STATION,DEBIT,ARIZONA,0
TXN07963,CUST016,92.1,2024-02-29 10:30:17,GAS_STATION,CREDIT,OREGON,0
TXN07964,CUST110,74.28,2024-01-25 08:04:44,ATM,CREDIT,TEXAS,0
TXN07965,CUST015,96.67,2024-02-10 08:58:27,HOTEL,DEBIT,NEVADA,0
TXN07966,CUST115,26.93,2024-01-27 10:42:30,COFFEE_SHOP,DEBIT,COLORADO,0
TXN07967,CUST016,1678.05,2024-02-22 17:18:59,JEWELRY,DEBIT,MONTANA,1
TXN07968,CUST149,70.44,2024-02-27 10:55:35,PHARMACY,DEBIT,NEW_YORK,0
TXN07969,CUST048,1326.29,2024-02-20 12:33:53,JEWELRY,DEBIT,HAWAII,0
TXN07970,CUST030,146.51,2024-02-23 17:40:49,RESTAURANT,CREDIT,UNKNOWN,0
TXN07971,CUST020,128.39,2024-01-05 16:57:02,HOTEL,CREDIT,CALIFORNIA,0
TXN07972,CUST122,74.92,2024-03-18 13:35:48,GROCERY,CREDIT,NEW_YORK,0
TXN07973,CUST170,215.79,2024-02-17 13:02:58,GROCERY,DEBIT,MICHIGAN,0
TXN07974,CUST011,47.03,2024-01-10 10:40:39,COFFEE_SHOP,CREDIT,ARIZONA,0
TXN07975,CUST021,1864.12,2024-03-20 11:46:05,ELECTRONICS,CREDIT,COLORADO,1
TXN07976,CUST005,187.34,2024-03-14 14:23:26,RESTAURANT,DEBIT,MICHIGAN,0
TXN07977,CUST004,123.73,2024-03-19 11:30:33,RESTAURANT,DEBIT,NEVADA,0
TXN07978,CUST006,312.21,2024-01-06 19:14:46,GROCERY,DEBIT,COLORADO,1
TXN07979,CUST017,759.54,2024-03-26 20:38:17,ONLINE,CREDIT,FLORIDA,0
TXN07980,CUST187,29.27,2024-02-03 12:36:21,COFFEE_SHOP,DEBIT,TEXAS,0
TXN07981,CUST003,3876.48,2024-02-08 11:14:08,ELECTRONICS,DEBIT,COLORADO,1
TXN07982,CUST065,780.01,2024-02-09 14:26:50,ONLINE,DEBIT,UNKNOWN,0
TXN07983,CUST006,38.05,2024-02-05 12:52:19,ATM,DEBIT,HAWAII,0
TXN07984,CUST065,359.74,2024-02-19 20:12:48,HOTEL,CREDIT,CALIFORNIA,0
TXN07985,CUST004,21.79,2024-03-28 18:30:49,PHARMACY,DEBIT,HAWAII,0
TXN07986,CUST152,426.58,2024-02-07 21:58:09,ELECTRONICS,DEBIT,FLORIDA,0
TXN07987,CUST048,136.43,2024-03-12 20:48:05,GAS_STATION,DEBIT,COLORADO,0
TXN07988,CUST036,416.32,2024-03-03 19:09:18,JEWELRY,DEBIT,ARIZONA,0
TXN07989,CUST006,166.54,2024-03-12 19:51:53,COFFEE_SHOP,CREDIT,HAWAII,1
TXN07990,CUST033,4819.73,2024-03-19 16:45:55,ONLINE,DEBIT,ARIZONA,1
TXN07991,CUST011,559.93,2024-03-27 09:18:49,GAS_STATION,DEBIT,UTAH,1
TXN07992,CUST150,423.05,2024-01-05 17:24:09,ONLINE,CREDIT,ILLINOIS,0
TXN07993,CUST003,17.26,2024-01-08 12:02:11,PHARMACY,CREDIT,NEVADA,0
TXN07994,CUST016,789.45,2024-02-07 20:51:51,ONLINE,CREDIT,COLORADO,0
TXN07995,CUST049,17.4,2024-02-06 15:12:27,PHARMACY,CREDIT,MONTANA,0
TXN07996,CUST127,1174.04,2024-02-06 08:27:44,ELECTRONICS,CREDIT,NEW_YORK,0
TXN07997,CUST006,185.23,2024-01-29 08:05:05,CLOTHING,DEBIT,ILLINOIS,0
TXN07998,CUST036,28.47,2024-01-30 19:46:57,CLOTHING,CREDIT,UTAH,0
TXN07999,CUST001,3713.66,2024-01-12 09:30:23,ELECTRONICS,DEBIT,FLORIDA,1
TXN08000,CUST107,3926.93,2024-01-30 19:25:05,ONLINE,CREDIT,COLORADO,1
TXN08001,CUST070,708.51,2024-02-09 09:10:49,ONLINE,DEBIT,NEVADA,0
TXN08002,CUST024,807.63,2024-03-13 21:06:33,HOTEL,DEBIT,MICHIGAN,1
TXN08003,CUST074,10.57,2024-01-05 12:43:12,COFFEE_SHOP,DEBIT,FLORIDA,0
TXN08004,CUST007,139.71,2024-02-20 09:32:32,GAS_STATION,CREDIT,NEW_YORK,0
TXN08005,CUST021,216.78,2024-01-28 13:18:23,HOTEL,DEBIT,COLORADO,0
TXN08006,CUST047,97.49,2024-01-15 13:18:52,RESTAURANT,DEBIT,MONTANA,0
TXN08007,CUST038,132.28,2024-01-09 11:46:06,GROCERY,DEBIT,CALIFORNIA,0
TXN08008,CUST164,493.97,2024-01-11 17:06:55,ATM,DEBIT,NEVADA,0
TXN08009,CUST037,402.51,2024-01-11 17:44:02,ONLINE,DEBIT,ILLINOIS,0
TXN08010,CUST012,122.63,2024-01-30 14:46:03,GAS_STATION,DEBIT,WASHINGTON,0
TXN08011,CUST048,517.97,2024-02-04 12:00:36,JEWELRY,CREDIT,WASHINGTON,0
TXN08012,CUST152,26.46,2024-01-22 22:37:38,RESTAURANT,DEBIT,NEW_YORK,0
TXN08013,CUST151,266.75,2024-01-13 20:53:07,GROCERY,CREDIT,NEVADA,0
TXN08014,CUST029,1351.64,2024-03-03 21:38:02,ELECTRONICS,DEBIT,FLORIDA,0
TXN08015,CUST192,54.45,2024-03-23 21:31:19,ATM,DEBIT,HAWAII,0
TXN08016,CUST012,138.76,2024-03-21 17:31:02,CLOTHING,DEBIT,TEXAS,0
TXN08017,CUST024,57.72,2024-02-08 09:24:18,CLOTHING,DEBIT,UNKNOWN,0
TXN08018,CUST163,6801.88,2024-03-29 19:07:35,JEWELRY,CREDIT,TEXAS,1
TXN08019,CUST011,72.64,2024-02-23 17:12:42,GROCERY,DEBIT,COLORADO,0
TXN08020,CUST025,54.96,2024-01-09 21:05:06,PHARMACY,DEBIT,NEVADA,0
TXN08021,CUST010,28.68,2024-01-04 14:37:23,GAS_STATION,DEBIT,COLORADO,0
TXN08022,CUST031,1467.48,2024-01-07 08:15:17,ELECTRONICS,CREDIT,OREGON,0
TXN08023,CUST042,6.08,2024-03-14 10:04:11,COFFEE_SHOP,DEBIT,MICHIGAN,0
TXN08024,CUST009,260.22,2024-01-31 20:53:33,GROCERY,CREDIT,OREGON,0
TXN08025,CUST013,712.21,2024-01-27 08:16:58,CLOTHING,CREDIT,HAWAII,1
TXN08026,CUST196,909.95,2024-03-20 14:57:45,ONLINE,DEBIT,UTAH,1
TXN08027,CUST018,196.54,2024-02-22 08:14:04,HOTEL,CREDIT,NEW_YORK,0
TXN08028,CUST011,402.48,2024-02-12 09:30:45,HOTEL,DEBIT,MONTANA,0
TXN08029,CUST099,138.96,2024-01-22 22:39:22,CLOTHING,DEBIT,TEXAS,0
TXN08030,CUST010,142.74,2024-03-04 16:09:55,CLOTHING,CREDIT,HAWAII,0
TXN08031,CUST153,258.79,2024-02-26 15:52:08,ELECTRONICS,DEBIT,NEVADA,0
TXN08032,CUST068,269.34,2024-01-21 18:13:30,HOTEL,DEBIT,CALIFORNIA,0
TXN08033,CUST014,1145.3,2024-03-07 08:09:37,ELECTRONICS,DEBIT,HAWAII,0
TXN08034,CUST149,27.96,2024-03-19 10:25:58,COFFEE_SHOP,CREDIT,WASHINGTON,0
TXN08035,CUST017,285.13,2024-01-07 15:00:34,ELECTRONICS,DEBIT,NEW_YORK,0
TXN08036,CUST075,71.29,2024-03-19 12:13:44,ELECTRONICS,CREDIT,NEVADA,0
TXN08037,CUST018,99.14,2024-03-02 09:22:09,ATM,DEBIT,TEXAS,0
TXN08038,CUST043,330.88,2024-03-03 17:06:33,ATM,CREDIT,ARIZONA,0
TXN08039,CUST028,128.43,2024-02-11 14:37:55,RESTAURANT,DEBIT,OREGON,0
TXN08040,CUST004,21.29,2024-02-23 21:58:58,GROCERY,DEBIT,TEXAS,0
TXN08041,CUST055,98.74,2024-01-19 12:41:04,ONLINE,CREDIT,ILLINOIS,0
TXN08042,CUST050,488.49,2024-01-13 15:11:23,HOTEL,DEBIT,MICHIGAN,0
TXN08043,CUST019,308.19,2024-01-30 12:16:02,GROCERY,DEBIT,COLORADO,0
TXN08044,CUST029,96.44,2024-03-14 22:36:24,GAS_STATION,DEBIT,NEW_YORK,0
TXN08045,CUST159,93.39,2024-03-07 16:18:46,ATM,DEBIT,HAWAII,0
TXN08046,CUST005,351.67,2024-01-13 17:20:59,HOTEL,DEBIT,UNKNOWN,0
TXN08047,CUST013,331.11,2024-03-28 22:59:12,ATM,CREDIT,NEW_YORK,0
TXN08048,CUST008,35.03,2024-01-18 12:21:18,PHARMACY,DEBIT,NEVADA,0
TXN08049,CUST043,188.71,2024-01-13 10:51:55,HOTEL,DEBIT,ARIZONA,0
TXN08050,CUST158,1041.33,2024-01-02 13:54:11,ELECTRONICS,DEBIT,MICHIGAN,0
TXN08051,CUST049,251.94,2024-01-15 11:43:18,GROCERY,DEBIT,TEXAS,0
TXN08052,CUST006,145.47,2024-01-16 20:33:05,RESTAURANT,DEBIT,ILLINOIS,0
TXN08053,CUST005,240.69,2024-02-24 11:59:19,HOTEL,DEBIT,COLORADO,0
TXN08054,CUST058,189.61,2024-02-23 10:41:27,JEWELRY,DEBIT,COLORADO,0
TXN08055,CUST002,487.45,2024-02-02 15:40:48,HOTEL,DEBIT,MONTANA,0
TXN08056,CUST050,158.87,2024-03-24 15:29:34,ONLINE,DEBIT,UTAH,0
TXN08057,CUST013,42.16,2024-03-07 14:40:48,COFFEE_SHOP,CREDIT,CALIFORNIA,0
TXN08058,CUST096,471.9,2024-01-14 18:16:59,ELECTRONICS,DEBIT,FLORIDA,0
TXN08059,CUST027,579.51,2024-01-19 14:21:10,ONLINE,DEBIT,TEXAS,0
TXN08060,CUST049,388.5,2024-02-26 09:40:38,ATM,DEBIT,TEXAS,0
TXN08061,CUST023,857.04,2024-03-11 15:03:24,CLOTHING,DEBIT,HAWAII,1
TXN08062,CUST009,276.36,2024-03-30 21:01:00,ATM,DEBIT,ILLINOIS,0
TXN08063,CUST007,305.3,2024-02-29 09:31:26,ATM,DEBIT,UNKNOWN,0
TXN08064,CUST016,257.93,2024-03-18 09:34:23,ATM,DEBIT,UNKNOWN,0
TXN08065,CUST112,254.81,2024-02-28 17:30:35,GAS_STATION,DEBIT,MONTANA,1
TXN08066,CUST025,200.16,2024-02-28 12:56:24,HOTEL,CREDIT,CALIFORNIA,0
TXN08067,CUST140,65.39,2024-01-10 11:38:05,PHARMACY,DEBIT,UNKNOWN,0
TXN08068,CUST155,737.39,2024-01-16 09:06:14,ONLINE,DEBIT,UNKNOWN,0
TXN08069,CUST048,778.47,2024-03-19 17:52:22,JEWELRY,CREDIT,ILLINOIS,0
TXN08070,CUST021,12.84,2024-02-19 10:18:54,COFFEE_SHOP,DEBIT,MICHIGAN,0
TXN08071,CUST015,85.46,2024-01-05 19:40:23,RESTAURANT,CREDIT,MICHIGAN,0
TXN08072,CUST045,106.86,2024-03-26 10:14:32,ONLINE,CREDIT,COLORADO,0
TXN08073,CUST134,339.65,2024-03-01 19:38:37,ATM,DEBIT,OREGON,0
TXN08074,CUST024,385.59,2024-03-27 15:35:03,ELECTRONICS,DEBIT,OREGON,0
TXN08075,CUST016,197.95,2024-03-01 22:42:09,GROCERY,DEBIT,NEW_YORK,0
TXN08076,CUST017,28.88,2024-01-23 14:36:12,PHARMACY,DEBIT,COLORADO,0
TXN08077,CUST026,48.64,2024-02-23 18:22:57,PHARMACY,CREDIT,COLORADO,0
TXN08078,CUST036,19.23,2024-02-04 11:02:16,COFFEE_SHOP,DEBIT,FLORIDA,0
TXN08079,CUST046,109.57,2024-01-28 17:51:41,RESTAURANT,DEBIT,UTAH,0
TXN08080,CUST045,232.97,2024-03-04 21:57:11,CLOTHING,DEBIT,OREGON,0
TXN08081,CUST034,165.64,2024-01-03 08:47:31,GROCERY,DEBIT,MONTANA,0
TXN08082,CUST154,203.32,2024-01-19 19:10:35,ATM,DEBIT,COLORADO,0
TXN08083,CUST010,544.54,2024-03-06 10:14:08,ONLINE,DEBIT,TEXAS,0
TXN08084,CUST025,70.87,2024-01-14 18:21:43,ATM,DEBIT,COLORADO,0
TXN08085,CUST035,29.98,2024-02-19 20:08:14,RESTAURANT,DEBIT,MONTANA,0
TXN08086,CUST113,259.94,2024-03-12 15:04:01,GROCERY,DEBIT,ILLINOIS,0
TXN08087,CUST039,35.15,2024-02-26 22:39:19,PHARMACY,DEBIT,UNKNOWN,0
TXN08088,CUST119,196.69,2024-01-19 17:27:29,GROCERY,CREDIT,WASHINGTON,0
TXN08089,CUST006,200.65,2024-01-11 09:58:15,HOTEL,DEBIT,TEXAS,0
TXN08090,CUST046,47.97,2024-01-13 14:39:53,GAS_STATION,CREDIT,NEVADA,0
TXN08091,CUST085,52.06,2024-03-13 22:14:19,PHARMACY,DEBIT,COLORADO,0
TXN08092,CUST186,96.25,2024-03-11 09:09:03,PHARMACY,DEBIT,CALIFORNIA,0
TXN08093,CUST027,517.53,2024-02-11 21:25:56,ELECTRONICS,DEBIT,OREGON,0
TXN08094,CUST007,35.12,2024-01-29 08:02:29,COFFEE_SHOP,CREDIT,OREGON,0
TXN08095,CUST038,89.49,2024-02-21 20:18:58,RESTAURANT,CREDIT,UNKNOWN,0
TXN08096,CUST040,40.57,2024-03-03 10:48:47,PHARMACY,CREDIT,UNKNOWN,0
TXN08097,CUST020,847.83,2024-01-18 14:31:04,JEWELRY,DEBIT,WASHINGTON,0
TXN08098,CUST025,1180.82,2024-02-05 20:48:49,JEWELRY,DEBIT,NEVADA,0
TXN08099,CUST024,224.48,2024-03-30 08:02:05,ATM,DEBIT,ILLINOIS,0
TXN08100,CUST035,734.33,2024-02-29 13:57:53,ONLINE,DEBIT,UNKNOWN,0
TXN08101,CUST041,1064.26,2024-01-02 15:56:55,ELECTRONICS,DEBIT,TEXAS,0
TXN08102,CUST013,434.63,2024-03-15 14:39:10,ATM,DEBIT,MICHIGAN,0
TXN08103,CUST029,193.07,2024-01-23 17:44:29,ATM,DEBIT,WASHINGTON,0
TXN08104,CUST039,141.42,2024-01-06 19:37:42,HOTEL,CREDIT,WASHINGTON,0
TXN08105,CUST015,98.29,2024-03-11 22:06:57,PHARMACY,CREDIT,FLORIDA,0
TXN08106,CUST085,35.35,2024-02-25 18:56:17,COFFEE_SHOP,CREDIT,HAWAII,0
TXN08107,CUST041,40.94,2024-01-05 15:13:13,COFFEE_SHOP,DEBIT,CALIFORNIA,0
TXN08108,CUST046,380.68,2024-03-14 12:12:10,ELECTRONICS,DEBIT,MONTANA,0
TXN08109,CUST010,111.48,2024-03-13 08:43:23,HOTEL,DEBIT,TEXAS,0
TXN08110,CUST014,31.89,2024-02-21 17:01:49,ATM,DEBIT,ARIZONA,0
TXN08111,CUST018,63.01,2024-01-17 15:14:57,GAS_STATION,DEBIT,COLORADO,0
TXN08112,CUST046,43.45,2024-03-08 20:06:58,CLOTHING,DEBIT,HAWAII,0
TXN08113,CUST006,305.35,2024-02-25 13:45:40,CLOTHING,CREDIT,ILLINOIS,0
TXN08114,CUST003,105.57,2024-01-29 18:30:30,GAS_STATION,DEBIT,OREGON,0
TXN08115,CUST033,74.34,2024-03-27 15:35:29,GAS_STATION,DEBIT,COLORADO,0
TXN08116,CUST026,406.75,2024-03-20 19:13:12,ATM,DEBIT,CALIFORNIA,0
TXN08117,CUST122,397.31,2024-03-07 14:14:37,HOTEL,DEBIT,MONTANA,1
TXN08118,CUST009,266.39,2024-03-27 15:00:41,ATM,DEBIT,FLORIDA,0
TXN08119,CUST006,81.41,2024-03-27 20:50:21,PHARMACY,DEBIT,UNKNOWN,0
TXN08120,CUST050,350.76,2024-01-25 19:15:32,ATM,DEBIT,ILLINOIS,0
TXN08121,CUST011,421.79,2024-01-14 14:24:53,HOTEL,DEBIT,TEXAS,0
TXN08122,CUST027,354.14,2024-02-12 12:19:14,ELECTRONICS,CREDIT,ILLINOIS,0
TXN08123,CUST018,48.76,2024-02-29 18:12:02,RESTAURANT,DEBIT,MONTANA,0
TXN08124,CUST026,133.33,2024-02-14 14:21:05,GAS_STATION,DEBIT,NEW_YORK,0
TXN08125,CUST039,498.51,2024-02-29 21:06:49,ELECTRONICS,CREDIT,UTAH,0
TXN08126,CUST111,171.12,2024-02-10 12:26:30,GROCERY,DEBIT,WASHINGTON,0
TXN08127,CUST120,892.62,2024-01-22 16:15:14,HOTEL,DEBIT,COLORADO,1
TXN08128,CUST149,135.74,2024-01-25 20:41:42,GAS_STATION,CREDIT,FLORIDA,0
TXN08129,CUST039,480.05,2024-03-30 08:47:36,JEWELRY,DEBIT,NEW_YORK,0
TXN08130,CUST042,296.71,2024-01-30 11:46:22,GROCERY,CREDIT,ILLINOIS,0
TXN08131,CUST041,569.09,2024-01-16 09:26:53,HOTEL,DEBIT,TEXAS,1
TXN08132,CUST081,149.79,2024-01-18 21:03:29,ATM,CREDIT,HAWAII,0
TXN08133,CUST006,333.24,2024-01-31 12:07:19,HOTEL,DEBIT,NEW_YORK,0
TXN08134,CUST018,1455.4,2024-01-07 14:04:28,ELECTRONICS,DEBIT,WASHINGTON,0
TXN08135,CUST034,329.64,2024-03-21 08:21:20,ATM,DEBIT,ILLINOIS,0
TXN08136,CUST004,31.65,2024-01-22 13:01:46,PHARMACY,DEBIT,NEW_YORK,0
TXN08137,CUST035,294.22,2024-01-02 17:39:52,CLOTHING,CREDIT,UTAH,0
TXN08138,CUST033,7.96,2024-01-30 09:05:25,COFFEE_SHOP,DEBIT,WASHINGTON,0
TXN08139,CUST045,166.33,2024-02-03 21:19:40,RESTAURANT,DEBIT,UNKNOWN,0
TXN08140,CUST024,94.34,2024-01-31 09:28:01,GAS_STATION,DEBIT,TEXAS,0
TXN08141,CUST046,182.23,2024-03-04 19:05:47,GROCERY,DEBIT,NEVADA,0
TXN08142,CUST049,1030.48,2024-01-07 21:17:13,JEWELRY,CREDIT,WASHINGTON,0
TXN08143,CUST143,260.56,2024-03-23 22:32:01,CLOTHING,DEBIT,HAWAII,0
TXN08144,CUST048,972.96,2024-03-21 20:55:58,GROCERY,DEBIT,COLORADO,1
TXN08145,CUST025,48.51,2024-01-31 10:58:07,COFFEE_SHOP,DEBIT,MONTANA,0
TXN08146,CUST171,5843.35,2024-03-15 08:07:03,JEWELRY,CREDIT,UTAH,1
TXN08147,CUST033,341.71,2024-01-10 22:28:28,ONLINE,CREDIT,MONTANA,0
TXN08148,CUST015,4874.51,2024-01-31 11:59:56,JEWELRY,DEBIT,MONTANA,1
TXN08149,CUST028,2814.75,2024-01-25 11:37:31,ONLINE,DEBIT,FLORIDA,1
TXN08150,CUST007,268.7,2024-01-09 12:15:38,CLOTHING,DEBIT,FLORIDA,0
TXN08151,CUST029,10.17,2024-02-20 11:00:37,COFFEE_SHOP,DEBIT,MICHIGAN,0
TXN08152,CUST027,144.16,2024-01-02 08:39:25,GAS_STATION,CREDIT,WASHINGTON,0
TXN08153,CUST063,110.72,2024-03-26 14:00:36,CLOTHING,DEBIT,NEW_YORK,0
TXN08154,CUST030,162.76,2024-03-26 08:26:32,CLOTHING,CREDIT,ILLINOIS,0
TXN08155,CUST030,137.46,2024-03-24 10:45:39,RESTAURANT,DEBIT,UNKNOWN,0
TXN08156,CUST047,2307.26,2024-03-14 12:32:12,ONLINE,DEBIT,MONTANA,1
TXN08157,CUST045,451.02,2024-01-17 10:47:16,HOTEL,DEBIT,OREGON,0
TXN08158,CUST016,2358.89,2024-01-04 18:43:56,ONLINE,DEBIT,WASHINGTON,1
TXN08159,CUST018,448.32,2024-03-15 08:45:54,HOTEL,DEBIT,MICHIGAN,0
TXN08160,CUST021,98.64,2024-02-17 13:13:33,RESTAURANT,DEBIT,FLORIDA,0
TXN08161,CUST005,64.11,2024-03-29 09:09:43,PHARMACY,DEBIT,CALIFORNIA,0
TXN08162,CUST036,557.48,2024-01-30 20:42:13,CLOTHING,DEBIT,UNKNOWN,1
TXN08163,CUST025,29.31,2024-02-13 14:08:04,COFFEE_SHOP,DEBIT,COLORADO,0
TXN08164,CUST030,109.89,2024-01-06 19:12:06,CLOTHING,DEBIT,CALIFORNIA,0
TXN08165,CUST160,1018.32,2024-03-26 13:06:58,ELECTRONICS,DEBIT,WASHINGTON,1
TXN08166,CUST031,279.4,2024-01-31 13:17:11,GROCERY,DEBIT,NEW_YORK,0
TXN08167,CUST078,112.45,2024-02-13 17:00:10,GAS_STATION,DEBIT,TEXAS,0
TXN08168,CUST040,241.6,2024-02-29 11:12:29,CLOTHING,DEBIT,MONTANA,0
TXN08169,CUST034,151.03,2024-03-03 22:39:04,RESTAURANT,CREDIT,TEXAS,0
TXN08170,CUST013,92.41,2024-03-07 15:01:29,ATM,CREDIT,NEW_YORK,0
TXN08171,CUST009,381.47,2024-03-26 17:13:33,ONLINE,DEBIT,WASHINGTON,0
TXN08172,CUST123,193.95,2024-02-22 21:37:56,GROCERY,DEBIT,TEXAS,0
TXN08173,CUST002,322.59,2024-02-26 10:40:25,ONLINE,DEBIT,ARIZONA,0
TXN08174,CUST005,38.4,2024-01-11 08:15:17,COFFEE_SHOP,CREDIT,FLORIDA,0
TXN08175,CUST048,94.99,2024-02-14 09:42:34,RESTAURANT,CREDIT,UTAH,0
TXN08176,CUST041,113.87,2024-02-27 14:46:58,RESTAURANT,DEBIT,ILLINOIS,0
TXN08177,CUST018,750.63,2024-01-26 12:18:37,ONLINE,DEBIT,ARIZONA,0
TXN08178,CUST036,134.75,2024-02-09 14:08:39,RESTAURANT,DEBIT,WASHINGTON,0
TXN08179,CUST019,3046.17,2024-02-24 16:21:22,ELECTRONICS,CREDIT,COLORADO,1
TXN08180,CUST047,74.65,2024-03-17 18:35:26,ATM,DEBIT,TEXAS,0
TXN08181,CUST133,94.88,2024-01-25 13:38:53,PHARMACY,DEBIT,TEXAS,0
TXN08182,CUST028,459.64,2024-01-15 19:34:11,HOTEL,DEBIT,WASHINGTON,0
TXN08183,CUST031,84.51,2024-01-13 10:18:40,RESTAURANT,DEBIT,NEW_YORK,0
TXN08184,CUST029,21.46,2024-03-13 09:28:52,COFFEE_SHOP,DEBIT,FLORIDA,0
TXN08185,CUST120,170.33,2024-01-31 21:35:35,RESTAURANT,CREDIT,OREGON,0
TXN08186,CUST012,745.26,2024-01-23 08:44:48,HOTEL,CREDIT,MONTANA,1
TXN08187,CUST007,390.98,2024-02-03 20:01:54,ATM,DEBIT,TEXAS,0
TXN08188,CUST188,37.92,2024-02-25 21:45:41,CLOTHING,DEBIT,UNKNOWN,0
TXN08189,CUST004,398.79,2024-03-18 13:33:06,ATM,DEBIT,UNKNOWN,0
TXN08190,CUST047,169.27,2024-01-09 22:53:15,RESTAURANT,DEBIT,NEVADA,0
TXN08191,CUST014,274.88,2024-01-02 08:08:26,ATM,CREDIT,ILLINOIS,0
TXN08192,CUST015,5.81,2024-02-01 08:55:36,COFFEE_SHOP,DEBIT,TEXAS,0
TXN08193,CUST009,73.14,2024-02-18 08:23:54,ELECTRONICS,CREDIT,MONTANA,0
TXN08194,CUST008,215.29,2024-01-17 22:58:15,GROCERY,DEBIT,MONTANA,0
TXN08195,CUST041,134.77,2024-02-27 19:07:18,GAS_STATION,CREDIT,OREGON,0
TXN08196,CUST072,154.0,2024-02-12 10:31:26,GROCERY,DEBIT,WASHINGTON,0
TXN08197,CUST107,128.59,2024-03-06 19:16:13,PHARMACY,DEBIT,UTAH,1
TXN08198,CUST129,290.06,2024-01-09 08:34:26,HOTEL,DEBIT,TEXAS,0
TXN08199,CUST027,73.62,2024-03-28 08:29:02,PHARMACY,CREDIT,ILLINOIS,0
TXN08200,CUST044,448.41,2024-01-15 17:36:50,HOTEL,DEBIT,NEVADA,0
TXN08201,CUST007,75.02,2024-01-30 14:45:37,GAS_STATION,CREDIT,UNKNOWN,0
TXN08202,CUST039,1548.09,2024-01-14 14:09:42,JEWELRY,DEBIT,MICHIGAN,0
TXN08203,CUST043,6232.5,2024-03-02 11:55:43,JEWELRY,CREDIT,COLORADO,1
TXN08204,CUST038,66.27,2024-02-28 20:45:45,PHARMACY,DEBIT,FLORIDA,0
TXN08205,CUST014,323.73,2024-02-21 21:40:02,ONLINE,CREDIT,HAWAII,0
TXN08206,CUST028,108.31,2024-01-22 17:14:07,HOTEL,CREDIT,UTAH,0
TXN08207,CUST039,28.05,2024-01-11 17:37:04,COFFEE_SHOP,DEBIT,NEVADA,0
TXN08208,CUST084,1329.38,2024-03-01 11:10:25,JEWELRY,DEBIT,MICHIGAN,0
TXN08209,CUST161,5.37,2024-01-31 18:11:43,COFFEE_SHOP,DEBIT,ILLINOIS,0
TXN08210,CUST014,96.33,2024-02-03 18:58:01,PHARMACY,DEBIT,TEXAS,0
TXN08211,CUST018,877.01,2024-01-09 11:15:12,JEWELRY,DEBIT,FLORIDA,0
TXN08212,CUST047,4592.06,2024-01-10 15:28:19,ONLINE,CREDIT,ILLINOIS,1
TXN08213,CUST055,572.57,2024-01-31 10:24:01,HOTEL,CREDIT,MICHIGAN,1
TXN08214,CUST012,134.29,2024-03-21 22:18:09,CLOTHING,CREDIT,FLORIDA,0
TXN08215,CUST159,53.53,2024-01-18 11:37:16,ATM,CREDIT,UNKNOWN,0
TXN08216,CUST035,609.25,2024-01-16 12:48:33,ONLINE,DEBIT,MONTANA,0
TXN08217,CUST021,315.1,2024-02-25 17:41:21,HOTEL,DEBIT,HAWAII,0
TXN08218,CUST004,65.0,2024-02-06 21:18:58,PHARMACY,CREDIT,NEW_YORK,0
TXN08219,CUST022,82.12,2024-03-04 13:46:40,GAS_STATION,DEBIT,WASHINGTON,0
TXN08220,CUST010,1734.93,2024-02-29 19:22:20,JEWELRY,CREDIT,COLORADO,0
TXN08221,CUST034,119.46,2024-03-24 20:20:55,GROCERY,DEBIT,NEVADA,0
TXN08222,CUST040,522.7,2024-01-26 17:46:55,ONLINE,DEBIT,WASHINGTON,0
TXN08223,CUST010,332.07,2024-01-31 19:06:08,HOTEL,DEBIT,OREGON,0
TXN08224,CUST030,349.46,2024-02-17 16:40:50,ATM,CREDIT,UTAH,0
TXN08225,CUST013,1302.13,2024-03-06 21:23:13,JEWELRY,CREDIT,ILLINOIS,0
TXN08226,CUST041,385.18,2024-01-26 19:47:48,ATM,DEBIT,ILLINOIS,0
TXN08227,CUST153,330.31,2024-03-21 08:59:24,HOTEL,DEBIT,ARIZONA,1
TXN08228,CUST005,528.06,2024-03-23 20:42:14,JEWELRY,CREDIT,MICHIGAN,0
TXN08229,CUST104,189.38,2024-02-23 21:46:31,GROCERY,CREDIT,MONTANA,0
TXN08230,CUST048,32.29,2024-02-08 17:18:20,GAS_STATION,DEBIT,WASHINGTON,0
TXN08231,CUST071,980.76,2024-02-18 18:57:21,ELECTRONICS,DEBIT,NEVADA,0
TXN08232,CUST068,300.93,2024-01-18 17:12:27,GROCERY,DEBIT,HAWAII,0
TXN08233,CUST032,564.94,2024-03-02 15:13:03,ONLINE,CREDIT,ILLINOIS,0
TXN08234,CUST015,264.0,2024-01-15 08:15:11,HOTEL,DEBIT,OREGON,0
TXN08235,CUST183,365.54,2024-02-14 09:36:20,HOTEL,DEBIT,MONTANA,0
TXN08236,CUST030,491.64,2024-01-27 09:14:12,HOTEL,DEBIT,NEW_YORK,0
TXN08237,CUST077,1983.4,2024-02-02 08:47:54,JEWELRY,CREDIT,TEXAS,1
TXN08238,CUST007,97.3,2024-01-22 18:43:22,COFFEE_SHOP,DEBIT,MICHIGAN,1
TXN08239,CUST031,151.26,2024-01-24 22:24:08,ELECTRONICS,CREDIT,ARIZONA,0
TXN08240,CUST028,226.49,2024-01-20 15:13:19,ATM,DEBIT,ILLINOIS,0
TXN08241,CUST005,73.25,2024-01-18 14:02:43,PHARMACY,CREDIT,FLORIDA,0
TXN08242,CUST037,395.8,2024-02-17 11:39:23,ONLINE,DEBIT,NEVADA,0
TXN08243,CUST035,76.98,2024-01-04 11:14:08,GROCERY,DEBIT,COLORADO,0
TXN08244,CUST028,348.04,2024-01-13 15:56:18,ATM,DEBIT,ILLINOIS,0
TXN08245,CUST014,222.63,2024-02-18 16:07:37,GROCERY,CREDIT,MONTANA,0
TXN08246,CUST034,380.91,2024-02-19 12:50:40,ATM,DEBIT,OREGON,0
TXN08247,CUST033,133.22,2024-03-20 09:20:44,CLOTHING,DEBIT,UNKNOWN,0
TXN08248,CUST047,113.11,2024-02-09 12:07:08,ELECTRONICS,CREDIT,MICHIGAN,0
TXN08249,CUST046,972.27,2024-02-11 12:41:15,GROCERY,DEBIT,ILLINOIS,1
TXN08250,CUST167,5630.86,2024-02-04 10:46:51,JEWELRY,DEBIT,UTAH,1
TXN08251,CUST042,270.71,2024-01-17 17:53:53,JEWELRY,DEBIT,WASHINGTON,0
TXN08252,CUST141,477.51,2024-02-23 21:33:38,ATM,DEBIT,UTAH,0
TXN08253,CUST019,1323.42,2024-01-15 10:05:01,JEWELRY,DEBIT,FLORIDA,0
TXN08254,CUST029,238.82,2024-03-29 16:07:43,GROCERY,CREDIT,TEXAS,0
TXN08255,CUST027,928.54,2024-02-21 14:25:06,GROCERY,DEBIT,MONTANA,1
TXN08256,CUST161,420.98,2024-03-22 08:10:13,ONLINE,DEBIT,ARIZONA,0
TXN08257,CUST116,302.32,2024-01-17 19:07:02,GROCERY,DEBIT,UTAH,0
TXN08258,CUST040,495.45,2024-03-08 12:15:51,ATM,DEBIT,COLORADO,0
TXN08259,CUST050,568.99,2024-02-20 22:19:28,CLOTHING,DEBIT,NEVADA,1
TXN08260,CUST004,88.25,2024-02-21 08:30:20,GAS_STATION,DEBIT,UNKNOWN,0
TXN08261,CUST116,544.22,2024-02-01 08:04:58,HOTEL,DEBIT,ARIZONA,1
TXN08262,CUST047,10.1,2024-01-08 17:20:40,PHARMACY,CREDIT,ILLINOIS,0
TXN08263,CUST009,356.81,2024-03-07 19:15:12,HOTEL,DEBIT,MICHIGAN,1
TXN08264,CUST001,239.54,2024-03-30 20:09:46,GROCERY,CREDIT,FLORIDA,0
TXN08265,CUST041,672.72,2024-01-27 19:52:30,ONLINE,DEBIT,CALIFORNIA,0
TXN08266,CUST016,123.01,2024-01-04 09:17:59,ATM,DEBIT,CALIFORNIA,0
TXN08267,CUST002,182.41,2024-03-01 19:32:39,RESTAURANT,CREDIT,UNKNOWN,0
TXN08268,CUST029,263.72,2024-01-18 18:12:27,CLOTHING,DEBIT,MONTANA,0
TXN08269,CUST001,486.93,2024-03-14 17:54:41,JEWELRY,CREDIT,FLORIDA,0
TXN08270,CUST041,754.34,2024-01-03 08:47:39,ONLINE,DEBIT,UNKNOWN,0
TXN08271,CUST171,1250.18,2024-03-22 13:18:46,ELECTRONICS,DEBIT,CALIFORNIA,0
TXN08272,CUST009,401.03,2024-03-07 12:23:18,HOTEL,DEBIT,FLORIDA,0
TXN08273,CUST049,484.04,2024-03-24 19:32:54,HOTEL,CREDIT,MONTANA,1
TXN08274,CUST032,178.76,2024-03-26 09:19:19,GROCERY,DEBIT,MONTANA,0
TXN08275,CUST167,3552.57,2024-03-09 10:13:08,JEWELRY,CREDIT,UTAH,1
TXN08276,CUST158,1657.27,2024-01-02 18:53:36,JEWELRY,CREDIT,NEVADA,0
TXN08277,CUST024,1178.26,2024-03-19 11:44:15,CLOTHING,CREDIT,MICHIGAN,1
TXN08278,CUST126,714.07,2024-01-07 12:54:17,ONLINE,DEBIT,FLORIDA,0
TXN08279,CUST022,34.74,2024-02-22 20:37:41,PHARMACY,DEBIT,UNKNOWN,0
TXN08280,CUST008,40.0,2024-03-18 22:03:37,COFFEE_SHOP,DEBIT,MICHIGAN,0
TXN08281,CUST040,27.93,2024-03-28 18:54:42,COFFEE_SHOP,DEBIT,MICHIGAN,0
TXN08282,CUST021,137.47,2024-01-03 11:05:12,HOTEL,DEBIT,UTAH,0
TXN08283,CUST033,68.7,2024-02-18 19:46:14,GAS_STATION,CREDIT,ILLINOIS,0
TXN08284,CUST146,425.77,2024-01-25 17:11:20,HOTEL,DEBIT,FLORIDA,0
TXN08285,CUST049,1166.39,2024-02-24 17:28:09,ELECTRONICS,DEBIT,COLORADO,0
TXN08286,CUST021,17.81,2024-02-07 09:04:42,RESTAURANT,DEBIT,TEXAS,0
TXN08287,CUST009,126.21,2024-03-22 20:14:29,RESTAURANT,DEBIT,ILLINOIS,0
TXN08288,CUST013,148.69,2024-03-09 15:41:09,ELECTRONICS,DEBIT,UTAH,0
TXN08289,CUST021,32.27,2024-03-02 18:00:23,CLOTHING,DEBIT,WASHINGTON,0
TXN08290,CUST029,3705.13,2024-03-20 14:35:18,ONLINE,CREDIT,TEXAS,1
TXN08291,CUST007,483.22,2024-03-18 16:38:48,ELECTRONICS,DEBIT,UNKNOWN,0
TXN08292,CUST192,89.63,2024-03-24 20:43:51,PHARMACY,DEBIT,ARIZONA,0
TXN08293,CUST041,37.25,2024-03-07 13:35:10,COFFEE_SHOP,DEBIT,NEW_YORK,0
TXN08294,CUST044,69.7,2024-02-25 20:08:15,GAS_STATION,DEBIT,CALIFORNIA,0
TXN08295,CUST041,350.82,2024-03-10 14:45:14,CLOTHING,CREDIT,COLORADO,0
TXN08296,CUST045,47.12,2024-01-28 19:20:35,PHARMACY,CREDIT,MICHIGAN,0
TXN08297,CUST008,170.31,2024-01-22 17:40:07,GROCERY,DEBIT,ARIZONA,0
TXN08298,CUST061,130.47,2024-02-27 18:21:49,RESTAURANT,CREDIT,NEW_YORK,0
TXN08299,CUST013,100.97,2024-03-09 13:04:29,HOTEL,CREDIT,NEVADA,0
TXN08300,CUST015,771.79,2024-01-22 10:13:55,ONLINE,DEBIT,OREGON,0
TXN08301,CUST120,81.78,2024-02-20 20:39:15,ELECTRONICS,DEBIT,MONTANA,0
TXN08302,CUST007,90.88,2024-03-21 16:57:06,GROCERY,CREDIT,COLORADO,0
TXN08303,CUST012,316.93,2024-01-02 18:04:32,GROCERY,CREDIT,TEXAS,0
TXN08304,CUST038,8.98,2024-01-15 11:15:10,COFFEE_SHOP,CREDIT,MONTANA,0
TXN08305,CUST023,178.27,2024-01-08 16:38:46,HOTEL,DEBIT,FLORIDA,0
TXN08306,CUST032,148.69,2024-02-18 08:33:07,CLOTHING,CREDIT,MICHIGAN,0
TXN08307,CUST120,178.45,2024-03-09 09:12:31,RESTAURANT,CREDIT,NEW_YORK,0
TXN08308,CUST017,85.49,2024-01-24 18:32:57,PHARMACY,DEBIT,WASHINGTON,0
TXN08309,CUST048,315.87,2024-01-02 11:35:09,ELECTRONICS,DEBIT,MICHIGAN,0
TXN08310,CUST038,172.03,2024-02-15 13:45:48,CLOTHING,CREDIT,UTAH,0
TXN08311,CUST014,557.23,2024-03-17 14:50:57,CLOTHING,CREDIT,OREGON,1
TXN08312,CUST197,676.68,2024-01-25 17:04:58,ONLINE,DEBIT,HAWAII,0
TXN08313,CUST145,164.86,2024-01-30 16:45:02,CLOTHING,DEBIT,ARIZONA,0
TXN08314,CUST034,1268.95,2024-03-08 13:26:28,ELECTRONICS,CREDIT,OREGON,0
TXN08315,CUST025,1225.78,2024-02-15 11:00:05,JEWELRY,DEBIT,FLORIDA,0
TXN08316,CUST010,529.73,2024-03-09 12:08:57,CLOTHING,CREDIT,ARIZONA,1
TXN08317,CUST039,9.92,2024-01-27 11:36:27,COFFEE_SHOP,CREDIT,HAWAII,0
TXN08318,CUST009,1024.42,2024-03-19 22:59:43,CLOTHING,DEBIT,WASHINGTON,1
TXN08319,CUST191,30.13,2024-03-23 14:13:08,GAS_STATION,CREDIT,MONTANA,0
TXN08320,CUST010,124.75,2024-01-09 16:06:22,ATM,DEBIT,COLORADO,0
TXN08321,CUST011,41.75,2024-02-23 19:29:23,COFFEE_SHOP,DEBIT,OREGON,0
TXN08322,CUST021,37.36,2024-02-07 15:01:43,PHARMACY,CREDIT,ARIZONA,0
TXN08323,CUST015,427.4,2024-02-19 15:11:09,HOTEL,DEBIT,HAWAII,0
TXN08324,CUST007,237.25,2024-03-02 11:30:44,ONLINE,DEBIT,UNKNOWN,0
TXN08325,CUST046,346.76,2024-02-25 08:02:18,ATM,DEBIT,MICHIGAN,0
TXN08326,CUST018,113.29,2024-01-27 22:39:36,GROCERY,DEBIT,HAWAII,0
TXN08327,CUST038,64.53,2024-03-23 19:05:25,RESTAURANT,DEBIT,MONTANA,0
TXN08328,CUST111,5852.68,2024-03-30 18:01:35,JEWELRY,DEBIT,COLORADO,1
TXN08329,CUST106,185.2,2024-03-11 09:41:49,RESTAURANT,CREDIT,MICHIGAN,0
TXN08330,CUST041,55.31,2024-02-06 19:52:51,GROCERY,DEBIT,COLORADO,0
TXN08331,CUST100,1255.2,2024-01-10 08:23:03,ONLINE,CREDIT,UTAH,1
TXN08332,CUST047,151.03,2024-01-20 08:10:31,GROCERY,CREDIT,CALIFORNIA,0
TXN08333,CUST009,255.65,2024-02-28 19:04:06,HOTEL,CREDIT,TEXAS,0
TXN08334,CUST136,226.92,2024-03-02 19:54:04,ONLINE,DEBIT,NEW_YORK,0
TXN08335,CUST003,857.27,2024-02-09 09:17:22,HOTEL,CREDIT,COLORADO,1
TXN08336,CUST017,4308.99,2024-01-13 17:48:10,ONLINE,CREDIT,ILLINOIS,1
TXN08337,CUST025,89.9,2024-01-25 12:58:13,ATM,DEBIT,CALIFORNIA,0
TXN08338,CUST032,7512.52,2024-02-28 09:29:57,JEWELRY,DEBIT,WASHINGTON,1
TXN08339,CUST036,92.32,2024-01-16 19:50:04,GAS_STATION,DEBIT,NEW_YORK,0
TXN08340,CUST012,58.16,2024-03-28 16:06:28,RESTAURANT,CREDIT,ILLINOIS,0
TXN08341,CUST053,98.47,2024-03-01 16:17:01,PHARMACY,DEBIT,ILLINOIS,0
TXN08342,CUST028,9.62,2024-02-03 17:55:07,COFFEE_SHOP,DEBIT,CALIFORNIA,0
TXN08343,CUST148,326.81,2024-03-25 14:18:26,ONLINE,DEBIT,NEVADA,0
TXN08344,CUST015,1123.27,2024-01-25 11:18:36,ELECTRONICS,CREDIT,UNKNOWN,0
TXN08345,CUST007,112.63,2024-01-22 15:44:00,ELECTRONICS,DEBIT,COLORADO,0
TXN08346,CUST036,46.97,2024-01-15 19:20:33,COFFEE_SHOP,DEBIT,COLORADO,0
TXN08347,CUST028,217.82,2024-03-04 09:13:23,CLOTHING,DEBIT,NEW_YORK,0
TXN08348,CUST040,1222.36,2024-01-14 08:39:18,ELECTRONICS,DEBIT,NEW_YORK,0
TXN08349,CUST022,23.8,2024-02-16 14:12:47,COFFEE_SHOP,CREDIT,FLORIDA,0
TXN08350,CUST020,259.53,2024-01-23 16:01:35,HOTEL,DEBIT,MONTANA,0
TXN08351,CUST005,102.04,2024-03-15 09:16:01,HOTEL,DEBIT,ARIZONA,0
TXN08352,CUST031,143.78,2024-02-21 13:52:24,HOTEL,CREDIT,UTAH,0
TXN08353,CUST028,54.31,2024-02-28 12:48:48,GAS_STATION,CREDIT,MICHIGAN,0
TXN08354,CUST039,60.48,2024-01-06 18:03:45,PHARMACY,DEBIT,TEXAS,0
TXN08355,CUST039,205.51,2024-03-15 15:41:43,GROCERY,CREDIT,TEXAS,0
TXN08356,CUST020,37.03,2024-02-15 11:06:08,PHARMACY,DEBIT,FLORIDA,0
TXN08357,CUST046,37.03,2024-02-12 17:18:12,COFFEE_SHOP,DEBIT,FLORIDA,0
TXN08358,CUST038,337.34,2024-02-26 08:26:16,ATM,DEBIT,NEW_YORK,0
TXN08359,CUST066,39.98,2024-03-14 12:53:05,GAS_STATION,DEBIT,CALIFORNIA,0
TXN08360,CUST017,926.27,2024-02-04 19:08:09,ELECTRONICS,DEBIT,MICHIGAN,0
TXN08361,CUST043,53.9,2024-01-04 09:24:52,CLOTHING,CREDIT,MICHIGAN,0
TXN08362,CUST004,31.21,2024-03-20 17:48:42,CLOTHING,CREDIT,MICHIGAN,0
TXN08363,CUST006,283.83,2024-01-27 14:24:01,ATM,DEBIT,ILLINOIS,0
TXN08364,CUST024,298.08,2024-03-29 08:46:17,HOTEL,DEBIT,NEVADA,0
TXN08365,CUST191,26.76,2024-03-11 20:31:12,PHARMACY,DEBIT,NEVADA,0
TXN08366,CUST036,3386.04,2024-03-08 20:51:42,ONLINE,DEBIT,MICHIGAN,1
TXN08367,CUST003,83.57,2024-01-31 21:53:43,GAS_STATION,DEBIT,NEVADA,0
TXN08368,CUST024,142.61,2024-01-06 18:16:08,CLOTHING,DEBIT,ILLINOIS,0
TXN08369,CUST045,9.91,2024-02-09 21:30:25,COFFEE_SHOP,DEBIT,HAWAII,0
TXN08370,CUST012,319.38,2024-03-06 16:18:58,HOTEL,DEBIT,MONTANA,0
TXN08371,CUST042,266.18,2024-01-25 08:30:32,RESTAURANT,CREDIT,FLORIDA,1
TXN08372,CUST045,1937.59,2024-03-15 13:19:46,JEWELRY,CREDIT,NEW_YORK,0
TXN08373,CUST035,251.13,2024-03-15 08:42:09,GROCERY,DEBIT,OREGON,0
TXN08374,CUST002,42.51,2024-01-28 20:05:40,PHARMACY,CREDIT,ILLINOIS,0
TXN08375,CUST045,83.27,2024-03-12 13:30:35,PHARMACY,DEBIT,UTAH,0
TXN08376,CUST035,117.89,2024-02-21 09:49:54,GAS_STATION,DEBIT,MICHIGAN,0
TXN08377,CUST097,296.7,2024-03-28 17:28:04,CLOTHING,DEBIT,HAWAII,0
TXN08378,CUST012,79.53,2024-02-06 20:50:19,GROCERY,DEBIT,OREGON,0
TXN08379,CUST140,2960.14,2024-02-08 08:52:32,JEWELRY,CREDIT,NEVADA,1
TXN08380,CUST006,23.89,2024-03-15 13:57:12,ATM,DEBIT,HAWAII,0
TXN08381,CUST104,380.77,2024-01-26 08:59:44,PHARMACY,DEBIT,ARIZONA,1
TXN08382,CUST042,1002.0,2024-02-11 14:44:33,ELECTRONICS,DEBIT,ILLINOIS,0
TXN08383,CUST007,113.85,2024-02-10 14:47:23,GAS_STATION,CREDIT,HAWAII,0
TXN08384,CUST186,2267.66,2024-01-10 17:27:15,ONLINE,DEBIT,ILLINOIS,1
TXN08385,CUST031,504.37,2024-01-16 08:06:14,ONLINE,CREDIT,CALIFORNIA,1
TXN08386,CUST069,193.4,2024-02-21 11:55:45,RESTAURANT,DEBIT,MICHIGAN,0
TXN08387,CUST057,58.63,2024-01-18 08:17:35,GAS_STATION,DEBIT,FLORIDA,0
TXN08388,CUST136,3969.77,2024-03-02 08:21:24,ELECTRONICS,DEBIT,TEXAS,1
TXN08389,CUST016,151.24,2024-01-27 20:57:23,ATM,DEBIT,UTAH,0
TXN08390,CUST030,1301.31,2024-01-25 21:31:30,ELECTRONICS,CREDIT,ARIZONA,1
TXN08391,CUST026,266.73,2024-03-13 13:23:57,ONLINE,CREDIT,UTAH,0
TXN08392,CUST031,1456.94,2024-01-28 08:48:30,JEWELRY,DEBIT,MICHIGAN,0
TXN08393,CUST032,74.87,2024-01-26 15:51:30,PHARMACY,DEBIT,OREGON,0
TXN08394,CUST018,38.55,2024-02-14 21:44:52,GAS_STATION,DEBIT,ARIZONA,0
TXN08395,CUST028,91.33,2024-03-02 18:28:34,GAS_STATION,CREDIT,FLORIDA,0
TXN08396,CUST141,1413.29,2024-02-06 12:14:27,ELECTRONICS,DEBIT,ILLINOIS,0
TXN08397,CUST133,40.79,2024-02-27 17:52:46,GROCERY,DEBIT,ILLINOIS,0
TXN08398,CUST039,23.1,2024-03-17 12:52:56,PHARMACY,DEBIT,MONTANA,0
TXN08399,CUST094,197.46,2024-03-08 12:08:01,GROCERY,CREDIT,MICHIGAN,0
TXN08400,CUST012,55.44,2024-02-06 15:28:40,RESTAURANT,DEBIT,NEVADA,0
TXN08401,CUST049,249.57,2024-03-10 18:21:42,HOTEL,CREDIT,UTAH,0
TXN08402,CUST162,1447.11,2024-02-21 22:37:03,ELECTRONICS,DEBIT,ILLINOIS,0
TXN08403,CUST019,397.28,2024-01-21 21:01:11,ONLINE,CREDIT,MICHIGAN,0
TXN08404,CUST043,101.44,2024-03-26 08:03:23,RESTAURANT,DEBIT,TEXAS,0
TXN08405,CUST152,45.61,2024-02-16 13:26:50,PHARMACY,DEBIT,WASHINGTON,0
TXN08406,CUST023,27.81,2024-01-10 10:44:31,COFFEE_SHOP,DEBIT,NEW_YORK,0
TXN08407,CUST033,243.63,2024-03-17 20:10:44,GROCERY,DEBIT,COLORADO,0
TXN08408,CUST014,722.5,2024-02-18 10:35:04,RESTAURANT,CREDIT,HAWAII,1
TXN08409,CUST048,155.0,2024-01-08 14:21:56,GROCERY,CREDIT,FLORIDA,0
TXN08410,CUST014,1420.9,2024-01-13 09:44:11,ELECTRONICS,DEBIT,CALIFORNIA,0
TXN08411,CUST180,176.88,2024-01-07 16:40:42,GROCERY,DEBIT,CALIFORNIA,0
TXN08412,CUST028,164.11,2024-01-30 18:20:23,RESTAURANT,DEBIT,ARIZONA,0
TXN08413,CUST039,318.42,2024-03-16 09:14:34,ONLINE,CREDIT,HAWAII,0
TXN08414,CUST023,26.9,2024-01-03 11:50:38,COFFEE_SHOP,CREDIT,UNKNOWN,0
TXN08415,CUST015,85.84,2024-02-17 10:07:52,GAS_STATION,DEBIT,CALIFORNIA,0
TXN08416,CUST044,41.39,2024-01-14 12:23:55,COFFEE_SHOP,DEBIT,UNKNOWN,0
TXN08417,CUST062,36.98,2024-01-31 19:31:18,CLOTHING,DEBIT,COLORADO,0
TXN08418,CUST058,10.51,2024-01-21 17:48:19,PHARMACY,DEBIT,FLORIDA,0
TXN08419,CUST044,511.41,2024-02-10 22:30:59,ONLINE,DEBIT,TEXAS,0
TXN08420,CUST030,14.79,2024-01-24 13:12:05,PHARMACY,DEBIT,TEXAS,0
TXN08421,CUST039,1138.8,2024-03-16 13:53:06,ELECTRONICS,DEBIT,MONTANA,0
TXN08422,CUST026,357.47,2024-03-03 21:37:48,ONLINE,DEBIT,MONTANA,0
TXN08423,CUST025,46.63,2024-02-27 17:13:48,COFFEE_SHOP,DEBIT,HAWAII,0
TXN08424,CUST016,265.2,2024-03-27 17:22:39,GROCERY,DEBIT,UTAH,0
TXN08425,CUST023,1584.27,2024-01-07 09:53:50,JEWELRY,CREDIT,OREGON,0
TXN08426,CUST052,391.24,2024-01-28 10:34:38,HOTEL,DEBIT,MONTANA,0
TXN08427,CUST026,402.94,2024-03-22 15:19:12,HOTEL,DEBIT,NEVADA,0
TXN08428,CUST007,174.65,2024-03-12 21:31:35,RESTAURANT,DEBIT,OREGON,0
TXN08429,CUST010,1788.7,2024-01-23 16:41:58,JEWELRY,CREDIT,NEVADA,0
TXN08430,CUST175,228.69,2024-01-05 11:41:43,ATM,DEBIT,ILLINOIS,0
TXN08431,CUST039,117.18,2024-01-20 15:51:35,RESTAURANT,DEBIT,NEVADA,0
TXN08432,CUST192,17.29,2024-01-12 21:50:27,COFFEE_SHOP,CREDIT,ARIZONA,0
TXN08433,CUST003,2083.44,2024-01-27 15:02:58,JEWELRY,DEBIT,WASHINGTON,1
TXN08434,CUST042,1239.08,2024-01-04 12:56:34,HOTEL,CREDIT,FLORIDA,1
TXN08435,CUST049,94.55,2024-02-11 13:31:40,PHARMACY,DEBIT,TEXAS,0
TXN08436,CUST026,101.67,2024-03-04 14:00:59,PHARMACY,CREDIT,NEVADA,1
TXN08437,CUST029,78.79,2024-02-23 09:25:18,GAS_STATION,DEBIT,HAWAII,0
TXN08438,CUST001,413.57,2024-02-25 16:46:59,HOTEL,DEBIT,TEXAS,0
TXN08439,CUST193,1279.87,2024-02-23 10:14:10,JEWELRY,DEBIT,COLORADO,0
TXN08440,CUST022,42.73,2024-01-13 11:23:41,COFFEE_SHOP,DEBIT,ARIZONA,0
TXN08441,CUST049,225.1,2024-01-29 20:15:13,ATM,DEBIT,TEXAS,0
TXN08442,CUST018,575.14,2024-01-17 08:49:37,JEWELRY,DEBIT,WASHINGTON,0
TXN08443,CUST045,236.99,2024-01-08 08:43:57,HOTEL,DEBIT,CALIFORNIA,0
TXN08444,CUST003,26.51,2024-02-25 21:07:02,COFFEE_SHOP,CREDIT,COLORADO,0
TXN08445,CUST084,248.97,2024-02-23 09:24:47,ATM,DEBIT,ILLINOIS,0
TXN08446,CUST003,467.5,2024-02-16 17:30:09,ELECTRONICS,CREDIT,UTAH,0
TXN08447,CUST018,212.92,2024-01-05 15:44:48,CLOTHING,DEBIT,FLORIDA,0
TXN08448,CUST002,1150.71,2024-01-17 17:13:55,HOTEL,CREDIT,FLORIDA,1
TXN08449,CUST014,346.62,2024-01-19 11:58:40,CLOTHING,DEBIT,NEVADA,0
TXN08450,CUST044,17.91,2024-03-04 14:12:55,COFFEE_SHOP,DEBIT,ARIZONA,0
TXN08451,CUST115,459.92,2024-01-08 20:24:13,ATM,CREDIT,OREGON,0
TXN08452,CUST036,101.17,2024-02-23 14:05:42,ATM,DEBIT,MICHIGAN,0
TXN08453,CUST007,250.74,2024-02-10 15:03:56,COFFEE_SHOP,DEBIT,ILLINOIS,1
TXN08454,CUST005,194.48,2024-03-02 20:17:51,RESTAURANT,CREDIT,NEVADA,0
TXN08455,CUST004,28.15,2024-02-21 20:47:14,COFFEE_SHOP,CREDIT,MICHIGAN,0
TXN08456,CUST049,42.93,2024-02-09 22:11:09,CLOTHING,DEBIT,ARIZONA,0
TXN08457,CUST132,68.97,2024-01-29 15:11:15,PHARMACY,DEBIT,COLORADO,0
TXN08458,CUST118,428.09,2024-02-14 16:46:44,HOTEL,CREDIT,ILLINOIS,0
TXN08459,CUST027,1009.15,2024-01-22 11:04:01,HOTEL,DEBIT,UTAH,1
TXN08460,CUST007,352.54,2024-02-08 21:47:46,ATM,DEBIT,UNKNOWN,0
TXN08461,CUST015,19.53,2024-03-06 08:45:50,COFFEE_SHOP,CREDIT,WASHINGTON,0
TXN08462,CUST044,65.09,2024-03-05 18:57:22,GAS_STATION,DEBIT,OREGON,0
TXN08463,CUST037,282.68,2024-02-17 11:47:49,GROCERY,CREDIT,WASHINGTON,0
TXN08464,CUST044,1425.35,2024-03-13 19:30:04,JEWELRY,DEBIT,UTAH,0
TXN08465,CUST125,93.5,2024-01-08 12:09:41,PHARMACY,DEBIT,UNKNOWN,0
TXN08466,CUST028,25.71,2024-02-28 20:08:49,PHARMACY,DEBIT,WASHINGTON,0
TXN08467,CUST011,139.62,2024-02-02 17:36:24,CLOTHING,CREDIT,COLORADO,0
TXN08468,CUST037,7381.78,2024-03-10 22:15:33,JEWELRY,DEBIT,FLORIDA,1
TXN08469,CUST167,78.59,2024-03-13 09:18:05,GAS_STATION,DEBIT,FLORIDA,0
TXN08470,CUST029,257.95,2024-03-28 21:04:47,ELECTRONICS,CREDIT,ARIZONA,0
TXN08471,CUST016,23.2,2024-01-08 17:00:02,COFFEE_SHOP,DEBIT,ILLINOIS,0
TXN08472,CUST049,24.28,2024-02-26 18:37:26,RESTAURANT,CREDIT,UNKNOWN,0
TXN08473,CUST035,1274.98,2024-03-26 14:29:36,ELECTRONICS,DEBIT,UNKNOWN,0
TXN08474,CUST021,85.17,2024-02-16 10:22:52,GAS_STATION,CREDIT,NEW_YORK,0
TXN08475,CUST050,106.84,2024-02-13 13:09:35,CLOTHING,DEBIT,UNKNOWN,0
TXN08476,CUST021,736.94,2024-03-26 19:49:37,RESTAURANT,CREDIT,NEW_YORK,1
TXN08477,CUST035,127.03,2024-01-28 16:43:56,CLOTHING,DEBIT,MICHIGAN,0
TXN08478,CUST020,131.73,2024-01-01 14:08:29,GAS_STATION,DEBIT,HAWAII,0
TXN08479,CUST041,12.46,2024-03-27 16:56:08,COFFEE_SHOP,CREDIT,COLORADO,0
TXN08480,CUST011,51.95,2024-02-17 18:33:41,RESTAURANT,CREDIT,NEVADA,0
TXN08481,CUST020,64.94,2024-03-03 22:01:00,PHARMACY,DEBIT,OREGON,0
TXN08482,CUST022,639.25,2024-01-26 16:56:28,JEWELRY,DEBIT,WASHINGTON,0
TXN08483,CUST010,879.8,2024-01-01 19:54:01,JEWELRY,DEBIT,TEXAS,0
TXN08484,CUST002,490.29,2024-03-18 19:27:55,ATM,CREDIT,OREGON,0
TXN08485,CUST042,816.99,2024-01-19 21:56:28,HOTEL,DEBIT,HAWAII,1
TXN08486,CUST194,698.53,2024-03-13 15:53:29,ELECTRONICS,DEBIT,ILLINOIS,0
TXN08487,CUST012,117.65,2024-03-07 11:44:45,JEWELRY,DEBIT,ILLINOIS,0
TXN08488,CUST022,102.3,2024-02-16 20:13:57,GAS_STATION,DEBIT,NEVADA,0
TXN08489,CUST184,132.69,2024-03-14 11:45:28,ONLINE,DEBIT,CALIFORNIA,0
TXN08490,CUST020,5313.82,2024-01-03 22:12:07,JEWELRY,DEBIT,NEW_YORK,1
TXN08491,CUST018,5418.2,2024-01-16 14:03:57,ELECTRONICS,DEBIT,MICHIGAN,1
TXN08492,CUST085,73.14,2024-01-03 16:32:38,GROCERY,DEBIT,MONTANA,0
TXN08493,CUST023,21.93,2024-03-27 12:22:43,COFFEE_SHOP,DEBIT,NEW_YORK,0
TXN08494,CUST026,97.39,2024-02-22 17:30:05,RESTAURANT,CREDIT,MONTANA,0
TXN08495,CUST042,94.94,2024-01-15 16:20:20,GROCERY,DEBIT,TEXAS,0
TXN08496,CUST014,175.62,2024-01-18 20:36:40,RESTAURANT,DEBIT,NEW_YORK,0
TXN08497,CUST045,350.2,2024-01-22 20:09:50,ONLINE,DEBIT,ILLINOIS,0
TXN08498,CUST012,116.52,2024-01-19 13:52:43,CLOTHING,CREDIT,ILLINOIS,0
TXN08499,CUST043,518.52,2024-03-17 17:50:36,CLOTHING,DEBIT,TEXAS,1
TXN08500,CUST039,10.2,2024-01-01 15:50:52,COFFEE_SHOP,DEBIT,COLORADO,0
TXN08501,CUST038,51.27,2024-02-02 15:27:10,GROCERY,CREDIT,MICHIGAN,0
TXN08502,CUST025,352.52,2024-01-21 11:03:14,ATM,DEBIT,MONTANA,0
TXN08503,CUST113,447.39,2024-02-23 08:54:25,ATM,DEBIT,MICHIGAN,0
TXN08504,CUST118,20.99,2024-01-22 16:52:53,ATM,DEBIT,CALIFORNIA,0
TXN08505,CUST037,57.53,2024-03-18 13:45:28,ATM,DEBIT,UTAH,0
TXN08506,CUST029,74.13,2024-01-11 09:06:50,ATM,CREDIT,UNKNOWN,0
TXN08507,CUST021,5475.38,2024-01-22 18:30:37,JEWELRY,CREDIT,ARIZONA,1
TXN08508,CUST043,28.86,2024-01-19 09:13:54,COFFEE_SHOP,DEBIT,MICHIGAN,0
TXN08509,CUST038,234.8,2024-02-28 11:40:14,GROCERY,CREDIT,TEXAS,0
TXN08510,CUST045,209.0,2024-02-16 09:09:30,CLOTHING,DEBIT,ILLINOIS,0
TXN08511,CUST053,121.16,2024-03-12 21:40:38,GAS_STATION,DEBIT,ARIZONA,0
TXN08512,CUST196,418.07,2024-03-05 14:26:50,JEWELRY,DEBIT,COLORADO,0
TXN08513,CUST019,443.63,2024-02-27 15:06:38,ATM,DEBIT,COLORADO,0
TXN08514,CUST033,490.56,2024-02-24 09:31:48,ONLINE,DEBIT,ARIZONA,0
TXN08515,CUST030,498.74,2024-03-17 12:23:48,JEWELRY,DEBIT,NEVADA,0
TXN08516,CUST034,26.08,2024-02-08 11:41:21,COFFEE_SHOP,DEBIT,HAWAII,0
TXN08517,CUST048,62.64,2024-01-04 14:39:07,ONLINE,DEBIT,ILLINOIS,0
TXN08518,CUST026,52.59,2024-01-08 16:51:25,RESTAURANT,DEBIT,ARIZONA,0
TXN08519,CUST012,70.37,2024-02-03 09:07:50,CLOTHING,DEBIT,NEVADA,0
TXN08520,CUST025,46.0,2024-01-12 14:54:06,ONLINE,CREDIT,FLORIDA,0
TXN08521,CUST018,53.2,2024-01-05 19:00:51,GAS_STATION,DEBIT,COLORADO,0
TXN08522,CUST109,5680.67,2024-03-17 10:22:35,JEWELRY,DEBIT,TEXAS,1
TXN08523,CUST040,91.64,2024-01-25 22:45:06,PHARMACY,DEBIT,OREGON,0
TXN08524,CUST020,166.24,2024-02-12 12:43:43,RESTAURANT,DEBIT,CALIFORNIA,0
TXN08525,CUST019,42.58,2024-03-21 22:18:42,COFFEE_SHOP,DEBIT,MICHIGAN,0
TXN08526,CUST022,650.82,2024-02-08 19:52:55,ELECTRONICS,DEBIT,NEVADA,0
TXN08527,CUST017,1252.11,2024-01-02 14:09:19,JEWELRY,CREDIT,FLORIDA,0
TXN08528,CUST189,529.08,2024-03-09 19:52:42,CLOTHING,CREDIT,MONTANA,1
TXN08529,CUST008,135.15,2024-03-27 16:30:37,ATM,DEBIT,MICHIGAN,0
TXN08530,CUST017,63.58,2024-02-23 21:35:32,PHARMACY,CREDIT,MONTANA,0
TXN08531,CUST041,249.81,2024-02-01 11:25:08,ATM,DEBIT,UNKNOWN,0
TXN08532,CUST088,46.14,2024-03-07 16:15:07,PHARMACY,DEBIT,UTAH,0
TXN08533,CUST025,316.23,2024-03-30 08:18:15,ELECTRONICS,DEBIT,OREGON,0
TXN08534,CUST009,5597.35,2024-03-03 15:52:52,JEWELRY,CREDIT,COLORADO,1
TXN08535,CUST003,768.45,2024-03-29 19:27:24,ELECTRONICS,CREDIT,MICHIGAN,0
TXN08536,CUST003,165.59,2024-01-18 12:05:18,HOTEL,DEBIT,ARIZONA,0
TXN08537,CUST007,20.06,2024-02-16 16:25:49,PHARMACY,CREDIT,COLORADO,0
TXN08538,CUST052,829.73,2024-03-09 12:17:24,HOTEL,DEBIT,CALIFORNIA,1
TXN08539,CUST024,265.26,2024-02-28 17:53:22,HOTEL,CREDIT,FLORIDA,0
TXN08540,CUST024,5442.92,2024-03-28 19:15:00,JEWELRY,DEBIT,NEW_YORK,1
TXN08541,CUST023,127.18,2024-02-20 15:15:24,ONLINE,CREDIT,WASHINGTON,0
TXN08542,CUST023,269.93,2024-02-13 17:51:30,CLOTHING,DEBIT,COLORADO,0
TXN08543,CUST144,35.58,2024-01-29 14:11:32,COFFEE_SHOP,DEBIT,ILLINOIS,0
TXN08544,CUST013,308.08,2024-01-21 15:29:15,HOTEL,DEBIT,MICHIGAN,0
TXN08545,CUST030,761.84,2024-02-20 17:05:51,GROCERY,DEBIT,MICHIGAN,1
TXN08546,CUST048,160.34,2024-03-09 15:04:57,RESTAURANT,DEBIT,HAWAII,0
TXN08547,CUST047,212.53,2024-02-09 18:08:33,ATM,DEBIT,ILLINOIS,0
TXN08548,CUST013,35.95,2024-02-20 12:26:29,PHARMACY,DEBIT,UNKNOWN,0
TXN08549,CUST015,227.01,2024-01-15 14:45:10,ELECTRONICS,DEBIT,ILLINOIS,0
TXN08550,CUST062,151.41,2024-01-30 15:14:27,JEWELRY,DEBIT,ARIZONA,0
TXN08551,CUST065,159.53,2024-02-22 13:04:05,GROCERY,DEBIT,TEXAS,0
TXN08552,CUST104,128.29,2024-01-28 11:40:57,GAS_STATION,DEBIT,NEVADA,0
TXN08553,CUST035,46.64,2024-01-17 10:05:02,CLOTHING,DEBIT,NEVADA,0
TXN08554,CUST106,791.06,2024-02-24 08:52:58,HOTEL,CREDIT,NEVADA,1
TXN08555,CUST031,274.94,2024-03-29 14:36:47,GROCERY,DEBIT,TEXAS,0
TXN08556,CUST007,23.43,2024-02-24 17:06:31,PHARMACY,DEBIT,TEXAS,0
TXN08557,CUST026,61.65,2024-03-10 15:18:47,PHARMACY,DEBIT,UNKNOWN,0
TXN08558,CUST050,72.24,2024-02-05 17:14:28,RESTAURANT,DEBIT,NEVADA,0
TXN08559,CUST006,16.89,2024-03-24 21:36:52,COFFEE_SHOP,CREDIT,MONTANA,0
TXN08560,CUST018,3926.09,2024-02-27 08:06:14,ONLINE,DEBIT,HAWAII,1
TXN08561,CUST048,2686.83,2024-03-05 10:50:50,ONLINE,CREDIT,ARIZONA,1
TXN08562,CUST027,76.92,2024-03-01 11:27:13,GAS_STATION,DEBIT,NEW_YORK,0
TXN08563,CUST041,251.67,2024-01-23 18:57:57,ELECTRONICS,CREDIT,MONTANA,0
TXN08564,CUST036,159.23,2024-01-05 21:49:11,RESTAURANT,CREDIT,WASHINGTON,0
TXN08565,CUST043,905.08,2024-02-25 18:47:40,ELECTRONICS,DEBIT,CALIFORNIA,0
TXN08566,CUST018,3268.69,2024-03-22 22:42:33,JEWELRY,CREDIT,OREGON,1
TXN08567,CUST009,1343.61,2024-01-11 18:39:02,JEWELRY,DEBIT,MICHIGAN,0
TXN08568,CUST192,121.96,2024-01-14 15:06:35,HOTEL,CREDIT,MONTANA,0
TXN08569,CUST050,255.26,2024-02-02 09:43:31,ATM,DEBIT,FLORIDA,0
TXN08570,CUST015,3275.52,2024-03-26 11:07:54,ONLINE,CREDIT,UNKNOWN,1
TXN08571,CUST007,88.19,2024-02-08 19:53:11,PHARMACY,DEBIT,UNKNOWN,0
TXN08572,CUST032,5534.97,2024-01-21 17:30:43,JEWELRY,DEBIT,WASHINGTON,1
TXN08573,CUST188,40.59,2024-02-20 11:13:33,PHARMACY,DEBIT,NEVADA,0
TXN08574,CUST008,11.88,2024-01-14 18:42:47,COFFEE_SHOP,DEBIT,WASHINGTON,0
TXN08575,CUST036,18.8,2024-03-08 17:14:55,RESTAURANT,DEBIT,FLORIDA,0
TXN08576,CUST003,101.64,2024-03-02 09:03:04,RESTAURANT,DEBIT,NEW_YORK,0
TXN08577,CUST125,25.31,2024-01-17 18:44:14,COFFEE_SHOP,DEBIT,ARIZONA,0
TXN08578,CUST033,40.37,2024-02-11 10:08:05,COFFEE_SHOP,DEBIT,UNKNOWN,0
TXN08579,CUST019,279.25,2024-01-25 08:12:18,HOTEL,DEBIT,FLORIDA,0
TXN08580,CUST013,495.93,2024-01-18 13:07:13,RESTAURANT,CREDIT,COLORADO,1
TXN08581,CUST049,70.76,2024-03-28 20:42:29,GAS_STATION,DEBIT,ILLINOIS,0
TXN08582,CUST035,127.77,2024-01-02 19:02:26,GAS_STATION,CREDIT,CALIFORNIA,0
TXN08583,CUST125,101.21,2024-02-22 11:55:22,HOTEL,DEBIT,OREGON,0
TXN08584,CUST033,1402.91,2024-01-28 09:23:21,JEWELRY,DEBIT,MICHIGAN,0
TXN08585,CUST073,187.81,2024-01-22 14:14:10,ONLINE,DEBIT,ILLINOIS,0
TXN08586,CUST115,21.78,2024-03-19 20:02:05,COFFEE_SHOP,DEBIT,NEW_YORK,0
TXN08587,CUST108,4175.41,2024-02-10 15:22:23,JEWELRY,DEBIT,CALIFORNIA,1
TXN08588,CUST001,519.33,2024-02-23 14:37:54,ONLINE,CREDIT,WASHINGTON,0
TXN08589,CUST013,1088.73,2024-03-24 18:58:25,ELECTRONICS,DEBIT,UNKNOWN,0
TXN08590,CUST024,106.84,2024-03-16 15:23:58,GAS_STATION,CREDIT,NEVADA,0
TXN08591,CUST038,299.78,2024-03-02 09:39:25,CLOTHING,CREDIT,UTAH,0
TXN08592,CUST166,163.97,2024-02-10 21:36:39,CLOTHING,DEBIT,NEVADA,0
TXN08593,CUST024,442.75,2024-02-18 13:49:45,ATM,DEBIT,HAWAII,0
TXN08594,CUST029,29.48,2024-02-13 20:30:02,ATM,CREDIT,NEVADA,0
TXN08595,CUST027,103.96,2024-03-26 20:12:57,RESTAURANT,CREDIT,CALIFORNIA,0
TXN08596,CUST018,1475.57,2024-02-24 22:02:28,ELECTRONICS,CREDIT,UTAH,0
TXN08597,CUST045,161.83,2024-03-30 21:29:42,ONLINE,DEBIT,NEVADA,0
TXN08598,CUST033,32.64,2024-03-20 22:06:59,COFFEE_SHOP,DEBIT,UNKNOWN,0
TXN08599,CUST148,717.99,2024-02-22 19:39:15,JEWELRY,DEBIT,OREGON,0
TXN08600,CUST106,56.66,2024-02-09 14:27:17,PHARMACY,CREDIT,WASHINGTON,0
TXN08601,CUST176,312.3,2024-01-13 12:15:29,ONLINE,DEBIT,WASHINGTON,0
TXN08602,CUST006,253.29,2024-03-08 20:41:57,ATM,DEBIT,ARIZONA,0
TXN08603,CUST003,2674.2,2024-02-02 11:18:07,JEWELRY,CREDIT,WASHINGTON,1
TXN08604,CUST047,1828.14,2024-03-24 13:25:20,ONLINE,DEBIT,UTAH,1
TXN08605,CUST041,269.75,2024-01-21 12:44:38,ATM,DEBIT,WASHINGTON,0
TXN08606,CUST037,25.64,2024-01-06 21:20:07,COFFEE_SHOP,DEBIT,COLORADO,0
TXN08607,CUST015,116.35,2024-02-19 22:04:09,GROCERY,DEBIT,FLORIDA,0
TXN08608,CUST048,15.89,2024-03-28 18:14:26,PHARMACY,DEBIT,MONTANA,0
TXN08609,CUST047,64.84,2024-03-15 09:55:20,PHARMACY,DEBIT,ARIZONA,0
TXN08610,CUST018,390.07,2024-01-25 20:27:48,ELECTRONICS,CREDIT,HAWAII,0
TXN08611,CUST043,368.24,2024-03-09 10:13:46,CLOTHING,DEBIT,ARIZONA,0
TXN08612,CUST024,42.68,2024-03-11 16:10:20,COFFEE_SHOP,CREDIT,ARIZONA,0
TXN08613,CUST036,614.15,2024-03-04 09:06:16,ONLINE,DEBIT,ILLINOIS,0
TXN08614,CUST030,69.91,2024-01-08 15:52:19,GAS_STATION,CREDIT,UTAH,0
TXN08615,CUST019,87.7,2024-02-17 19:10:46,GROCERY,CREDIT,WASHINGTON,0
TXN08616,CUST023,1812.05,2024-03-20 18:48:11,JEWELRY,DEBIT,UNKNOWN,0
TXN08617,CUST006,3443.04,2024-02-07 16:50:15,ONLINE,DEBIT,WASHINGTON,1
TXN08618,CUST036,241.47,2024-02-20 18:30:38,CLOTHING,CREDIT,HAWAII,0
TXN08619,CUST008,33.9,2024-01-19 08:45:09,COFFEE_SHOP,DEBIT,NEW_YORK,0
TXN08620,CUST043,303.61,2024-01-29 14:41:25,ONLINE,DEBIT,ILLINOIS,0
TXN08621,CUST028,956.31,2024-02-14 18:11:45,ELECTRONICS,DEBIT,FLORIDA,0
TXN08622,CUST009,27.74,2024-01-03 13:58:18,PHARMACY,DEBIT,OREGON,0
TXN08623,CUST046,117.43,2024-02-06 08:46:54,CLOTHING,CREDIT,NEVADA,0
TXN08624,CUST109,394.5,2024-01-18 15:27:12,ONLINE,CREDIT,MICHIGAN,0
TXN08625,CUST022,337.76,2024-03-26 21:57:23,CLOTHING,DEBIT,CALIFORNIA,0
TXN08626,CUST005,110.47,2024-01-14 09:16:38,ONLINE,DEBIT,HAWAII,0
TXN08627,CUST048,808.18,2024-01-27 18:01:57,ONLINE,DEBIT,COLORADO,1
TXN08628,CUST028,25.62,2024-03-02 13:41:10,COFFEE_SHOP,DEBIT,UNKNOWN,0
TXN08629,CUST044,1478.04,2024-02-03 15:48:52,ELECTRONICS,DEBIT,COLORADO,0
TXN08630,CUST025,490.26,2024-02-25 11:24:19,ATM,DEBIT,HAWAII,0
TXN08631,CUST002,334.66,2024-03-10 09:23:32,ATM,CREDIT,MICHIGAN,0
TXN08632,CUST130,69.48,2024-01-13 08:56:38,RESTAURANT,CREDIT,UNKNOWN,0
TXN08633,CUST031,276.01,2024-03-20 13:44:57,RESTAURANT,DEBIT,MONTANA,1
TXN08634,CUST041,546.49,2024-02-10 10:42:23,ONLINE,CREDIT,WASHINGTON,0
TXN08635,CUST112,196.74,2024-02-05 10:29:06,ELECTRONICS,DEBIT,COLORADO,0
TXN08636,CUST035,412.9,2024-01-25 20:54:38,HOTEL,DEBIT,NEVADA,0
TXN08637,CUST014,146.23,2024-02-19 17:53:29,GAS_STATION,DEBIT,TEXAS,0
TXN08638,CUST122,4638.35,2024-03-14 11:51:27,JEWELRY,DEBIT,OREGON,1
TXN08639,CUST200,340.5,2024-01-31 22:15:30,JEWELRY,DEBIT,NEW_YORK,0
TXN08640,CUST002,156.12,2024-02-19 18:08:59,HOTEL,DEBIT,MONTANA,0
TXN08641,CUST052,416.65,2024-01-15 14:21:41,ELECTRONICS,DEBIT,COLORADO,0
TXN08642,CUST041,24.09,2024-01-01 20:00:00,RESTAURANT,DEBIT,CALIFORNIA,0
TXN08643,CUST021,66.75,2024-01-12 19:09:05,GAS_STATION,DEBIT,WASHINGTON,0
TXN08644,CUST012,25.16,2024-01-13 21:40:31,PHARMACY,DEBIT,UTAH,0
TXN08645,CUST009,8.06,2024-03-25 18:42:47,COFFEE_SHOP,CREDIT,UTAH,0
TXN08646,CUST027,105.06,2024-02-10 16:30:57,CLOTHING,DEBIT,UNKNOWN,0
TXN08647,CUST029,4599.52,2024-01-20 21:34:11,ONLINE,DEBIT,NEW_YORK,1
TXN08648,CUST027,87.37,2024-03-15 13:32:04,CLOTHING,CREDIT,WASHINGTON,0
TXN08649,CUST044,134.53,2024-03-19 21:28:57,RESTAURANT,CREDIT,OREGON,0
TXN08650,CUST006,1127.9,2024-02-03 14:55:16,ELECTRONICS,DEBIT,ILLINOIS,0
TXN08651,CUST007,62.38,2024-02-10 14:25:00,PHARMACY,CREDIT,UTAH,0
TXN08652,CUST017,28.0,2024-03-21 11:28:38,COFFEE_SHOP,DEBIT,MICHIGAN,0
TXN08653,CUST123,378.8,2024-01-14 22:04:56,ATM,DEBIT,CALIFORNIA,0
TXN08654,CUST027,305.27,2024-02-05 17:11:03,HOTEL,DEBIT,MONTANA,0
TXN08655,CUST042,3308.66,2024-02-03 18:31:14,ONLINE,CREDIT,NEW_YORK,1
TXN08656,CUST049,5.43,2024-01-08 19:40:06,COFFEE_SHOP,DEBIT,UTAH,0
TXN08657,CUST187,66.1,2024-01-16 22:56:19,GAS_STATION,DEBIT,TEXAS,0
TXN08658,CUST004,66.29,2024-02-18 09:10:20,GAS_STATION,DEBIT,MICHIGAN,0
TXN08659,CUST037,1096.67,2024-01-07 15:16:26,ELECTRONICS,DEBIT,CALIFORNIA,0
TXN08660,CUST007,110.71,2024-02-27 12:56:47,GROCERY,DEBIT,NEVADA,0
TXN08661,CUST030,223.11,2024-03-23 13:16:13,HOTEL,CREDIT,COLORADO,0
TXN08662,CUST015,29.72,2024-01-23 22:19:42,GAS_STATION,DEBIT,TEXAS,0
TXN08663,CUST035,37.51,2024-01-23 16:23:30,RESTAURANT,DEBIT,OREGON,0
TXN08664,CUST016,308.33,2024-03-11 12:19:39,GROCERY,DEBIT,COLORADO,0
TXN08665,CUST020,268.65,2024-01-31 20:48:47,ATM,DEBIT,NEW_YORK,0
TXN08666,CUST009,53.69,2024-03-11 17:15:44,PHARMACY,DEBIT,ARIZONA,0
TXN08667,CUST192,186.52,2024-01-25 09:18:04,GROCERY,CREDIT,WASHINGTON,0
TXN08668,CUST028,96.77,2024-02-02 22:14:28,GAS_STATION,CREDIT,FLORIDA,0
TXN08669,CUST046,361.51,2024-02-27 10:31:32,HOTEL,CREDIT,COLORADO,0
TXN08670,CUST020,249.08,2024-03-22 22:34:33,HOTEL,CREDIT,FLORIDA,0
TXN08671,CUST013,3098.43,2024-01-18 19:34:07,JEWELRY,DEBIT,ARIZONA,1
TXN08672,CUST003,267.66,2024-02-23 17:25:32,HOTEL,DEBIT,MONTANA,0
TXN08673,CUST040,41.45,2024-02-18 18:07:39,PHARMACY,DEBIT,OREGON,0
TXN08674,CUST028,458.22,2024-03-24 12:49:25,JEWELRY,DEBIT,NEW_YORK,0
TXN08675,CUST015,255.51,2024-02-21 10:58:57,HOTEL,DEBIT,HAWAII,0
TXN08676,CUST016,35.8,2024-02-20 15:32:38,COFFEE_SHOP,DEBIT,ARIZONA,0
TXN08677,CUST019,37.65,2024-03-07 22:17:51,GAS_STATION,CREDIT,NEVADA,0
TXN08678,CUST147,7.34,2024-01-06 15:00:48,COFFEE_SHOP,CREDIT,FLORIDA,0
TXN08679,CUST007,188.07,2024-03-06 10:01:17,ATM,DEBIT,HAWAII,0
TXN08680,CUST093,35.06,2024-01-26 22:32:22,RESTAURANT,DEBIT,UNKNOWN,0
TXN08681,CUST044,7089.02,2024-03-27 20:09:51,JEWELRY,DEBIT,UNKNOWN,1
TXN08682,CUST073,51.34,2024-02-18 16:23:11,GAS_STATION,DEBIT,COLORADO,0
TXN08683,CUST048,92.87,2024-02-10 14:08:00,RESTAURANT,CREDIT,UTAH,0
TXN08684,CUST027,648.8,2024-03-02 22:49:36,ONLINE,DEBIT,NEVADA,0
TXN08685,CUST043,192.86,2024-03-13 22:46:47,JEWELRY,DEBIT,ARIZONA,0
TXN08686,CUST020,143.64,2024-03-12 21:48:23,CLOTHING,CREDIT,TEXAS,0
TXN08687,CUST055,38.19,2024-01-15 15:09:07,PHARMACY,DEBIT,MONTANA,0
TXN08688,CUST039,41.16,2024-02-17 19:12:34,PHARMACY,CREDIT,COLORADO,0
TXN08689,CUST033,229.49,2024-02-21 16:28:06,COFFEE_SHOP,CREDIT,COLORADO,1
TXN08690,CUST023,387.16,2024-01-22 09:09:26,HOTEL,DEBIT,NEW_YORK,0
TXN08691,CUST098,400.1,2024-01-11 09:15:47,ATM,CREDIT,CALIFORNIA,0
TXN08692,CUST047,40.63,2024-03-12 16:47:01,COFFEE_SHOP,DEBIT,FLORIDA,0
TXN08693,CUST133,383.71,2024-02-16 08:14:49,HOTEL,DEBIT,MICHIGAN,1
TXN08694,CUST031,509.95,2024-01-09 11:35:09,ELECTRONICS,CREDIT,TEXAS,0
TXN08695,CUST008,25.84,2024-03-20 22:16:22,ATM,CREDIT,UNKNOWN,0
TXN08696,CUST034,95.68,2024-03-04 20:40:54,GAS_STATION,DEBIT,ARIZONA,0
TXN08697,CUST031,300.07,2024-03-24 10:28:11,GROCERY,CREDIT,CALIFORNIA,0
TXN08698,CUST016,1937.52,2024-02-20 11:19:04,JEWELRY,DEBIT,UNKNOWN,1
TXN08699,CUST045,45.91,2024-03-27 16:48:51,COFFEE_SHOP,DEBIT,CALIFORNIA,0
TXN08700,CUST013,620.46,2024-02-14 14:59:41,ONLINE,DEBIT,MICHIGAN,0
TXN08701,CUST025,118.48,2024-01-29 13:57:15,JEWELRY,CREDIT,MICHIGAN,0
TXN08702,CUST008,511.58,2024-02-19 08:30:25,ATM,DEBIT,TEXAS,1
TXN08703,CUST032,12.31,2024-01-01 11:15:20,PHARMACY,DEBIT,UNKNOWN,0
TXN08704,CUST001,11.17,2024-01-07 22:03:38,COFFEE_SHOP,DEBIT,TEXAS,0
TXN08705,CUST021,370.32,2024-01-07 17:53:04,ONLINE,CREDIT,MICHIGAN,0
TXN08706,CUST014,12.48,2024-01-27 10:26:56,COFFEE_SHOP,DEBIT,WASHINGTON,0
TXN08707,CUST023,24.38,2024-01-27 19:50:59,COFFEE_SHOP,CREDIT,CALIFORNIA,0
TXN08708,CUST037,47.5,2024-02-19 15:26:48,GAS_STATION,CREDIT,TEXAS,0
TXN08709,CUST089,1446.89,2024-01-30 13:54:48,ELECTRONICS,DEBIT,OREGON,0
TXN08710,CUST021,26.44,2024-02-05 16:24:19,COFFEE_SHOP,CREDIT,ILLINOIS,0
TXN08711,CUST007,124.38,2024-03-05 19:23:47,GAS_STATION,DEBIT,TEXAS,0
TXN08712,CUST046,837.98,2024-03-16 18:22:48,ELECTRONICS,CREDIT,MONTANA,0
TXN08713,CUST005,532.4,2024-02-24 22:42:57,GAS_STATION,DEBIT,ARIZONA,1
TXN08714,CUST059,1173.86,2024-03-16 09:21:35,ELECTRONICS,CREDIT,MICHIGAN,0
TXN08715,CUST048,1697.85,2024-01-27 11:52:17,ELECTRONICS,DEBIT,ILLINOIS,1
TXN08716,CUST176,14.55,2024-02-05 18:11:53,PHARMACY,DEBIT,UNKNOWN,0
TXN08717,CUST015,33.6,2024-01-09 18:08:39,CLOTHING,DEBIT,COLORADO,0
TXN08718,CUST007,45.21,2024-01-04 20:02:50,RESTAURANT,CREDIT,UTAH,0
TXN08719,CUST050,82.94,2024-03-15 16:42:00,PHARMACY,DEBIT,MICHIGAN,0
TXN08720,CUST182,1178.84,2024-02-07 21:30:43,ONLINE,CREDIT,COLORADO,1
TXN08721,CUST013,176.75,2024-01-11 08:51:27,GROCERY,DEBIT,TEXAS,0
TXN08722,CUST091,702.59,2024-02-10 13:32:46,JEWELRY,DEBIT,MONTANA,0
TXN08723,CUST019,5993.2,2024-02-23 09:42:46,JEWELRY,DEBIT,FLORIDA,1
TXN08724,CUST121,333.71,2024-01-14 14:00:21,CLOTHING,CREDIT,OREGON,0
TXN08725,CUST092,974.36,2024-01-28 14:52:54,ELECTRONICS,CREDIT,NEVADA,0
TXN08726,CUST026,121.52,2024-02-05 09:15:33,RESTAURANT,CREDIT,ARIZONA,0
TXN08727,CUST022,533.97,2024-02-12 11:35:04,ELECTRONICS,DEBIT,MICHIGAN,0
TXN08728,CUST042,84.06,2024-03-19 14:51:37,PHARMACY,CREDIT,UTAH,0
TXN08729,CUST004,149.77,2024-03-09 18:05:29,RESTAURANT,CREDIT,NEVADA,0
TXN08730,CUST013,34.54,2024-01-18 11:35:04,PHARMACY,DEBIT,COLORADO,0
TXN08731,CUST112,140.37,2024-01-26 16:45:35,CLOTHING,DEBIT,FLORIDA,0
TXN08732,CUST179,89.52,2024-01-18 10:26:31,GROCERY,CREDIT,NEVADA,0
TXN08733,CUST032,5275.89,2024-03-07 16:31:08,ELECTRONICS,DEBIT,CALIFORNIA,1
TXN08734,CUST019,621.28,2024-03-30 22:31:33,ONLINE,DEBIT,NEW_YORK,0
TXN08735,CUST044,171.56,2024-01-14 21:32:41,RESTAURANT,DEBIT,UTAH,0
TXN08736,CUST017,275.53,2024-02-01 21:08:54,HOTEL,DEBIT,OREGON,0
TXN08737,CUST027,120.72,2024-02-12 19:16:38,GROCERY,DEBIT,CALIFORNIA,0
TXN08738,CUST040,137.56,2024-01-19 12:08:27,GROCERY,DEBIT,UTAH,0
TXN08739,CUST033,74.17,2024-02-05 20:05:09,PHARMACY,DEBIT,CALIFORNIA,0
TXN08740,CUST022,111.08,2024-01-06 09:41:02,GAS_STATION,DEBIT,HAWAII,0
TXN08741,CUST157,17.3,2024-02-03 09:31:20,COFFEE_SHOP,CREDIT,COLORADO,0
TXN08742,CUST014,182.82,2024-03-27 18:40:10,HOTEL,CREDIT,FLORIDA,0
TXN08743,CUST011,59.74,2024-01-15 09:52:00,GAS_STATION,DEBIT,WASHINGTON,0
TXN08744,CUST168,779.46,2024-01-04 20:17:04,ELECTRONICS,DEBIT,CALIFORNIA,0
TXN08745,CUST025,111.8,2024-03-27 08:38:42,GROCERY,DEBIT,NEW_YORK,0
TXN08746,CUST038,140.69,2024-03-18 10:59:01,GAS_STATION,DEBIT,ARIZONA,0
TXN08747,CUST020,151.08,2024-01-08 15:50:56,JEWELRY,CREDIT,WASHINGTON,0
TXN08748,CUST033,87.91,2024-03-28 18:40:52,PHARMACY,CREDIT,COLORADO,0
TXN08749,CUST029,236.49,2024-01-10 20:37:00,ATM,CREDIT,NEW_YORK,0
TXN08750,CUST017,235.08,2024-02-19 10:46:57,RESTAURANT,DEBIT,COLORADO,1
TXN08751,CUST145,95.75,2024-03-30 21:11:34,PHARMACY,DEBIT,FLORIDA,0
TXN08752,CUST038,7587.52,2024-03-28 16:40:56,JEWELRY,DEBIT,OREGON,1
TXN08753,CUST102,238.04,2024-01-25 17:21:05,CLOTHING,CREDIT,UTAH,0
TXN08754,CUST016,40.4,2024-01-16 12:07:48,COFFEE_SHOP,CREDIT,CALIFORNIA,0
TXN08755,CUST015,1918.65,2024-03-04 15:44:04,ELECTRONICS,DEBIT,MONTANA,1
TXN08756,CUST031,286.71,2024-02-22 12:48:47,GROCERY,DEBIT,ILLINOIS,0
TXN08757,CUST041,138.72,2024-03-06 13:54:25,RESTAURANT,DEBIT,MICHIGAN,0
TXN08758,CUST048,493.91,2024-01-28 21:31:37,ATM,DEBIT,NEVADA,0
TXN08759,CUST010,5706.45,2024-01-31 20:07:27,JEWELRY,CREDIT,MICHIGAN,1
TXN08760,CUST020,52.8,2024-02-20 16:38:47,RESTAURANT,DEBIT,OREGON,0
TXN08761,CUST018,31.78,2024-03-01 12:27:49,PHARMACY,DEBIT,NEVADA,0
TXN08762,CUST011,269.23,2024-03-01 16:47:59,HOTEL,DEBIT,OREGON,0
TXN08763,CUST002,319.35,2024-01-20 13:33:31,GROCERY,DEBIT,NEW_YORK,0
TXN08764,CUST041,483.72,2024-01-03 17:59:57,ONLINE,CREDIT,UTAH,0
TXN08765,CUST017,36.5,2024-02-02 14:49:36,RESTAURANT,DEBIT,NEVADA,0
TXN08766,CUST025,269.04,2024-01-12 14:37:40,HOTEL,DEBIT,WASHINGTON,0
TXN08767,CUST036,1206.58,2024-01-28 17:07:36,ELECTRONICS,CREDIT,TEXAS,0
TXN08768,CUST140,574.07,2024-03-10 22:33:10,JEWELRY,DEBIT,UNKNOWN,0
TXN08769,CUST010,23.7,2024-03-18 09:54:45,COFFEE_SHOP,DEBIT,ARIZONA,0
TXN08770,CUST027,1188.81,2024-01-27 15:37:47,ELECTRONICS,DEBIT,WASHINGTON,0
TXN08771,CUST198,190.34,2024-03-14 17:08:08,RESTAURANT,CREDIT,NEVADA,0
TXN08772,CUST002,349.96,2024-02-26 15:25:45,CLOTHING,DEBIT,UNKNOWN,0
TXN08773,CUST021,360.29,2024-01-14 09:23:01,ATM,DEBIT,MONTANA,0
TXN08774,CUST141,173.13,2024-01-30 16:04:00,RESTAURANT,DEBIT,COLORADO,0
TXN08775,CUST033,332.37,2024-02-23 16:03:32,GROCERY,DEBIT,FLORIDA,0
TXN08776,CUST007,64.87,2024-03-23 19:31:31,PHARMACY,DEBIT,TEXAS,0
TXN08777,CUST023,92.83,2024-02-13 16:02:22,GROCERY,CREDIT,CALIFORNIA,0
TXN08778,CUST068,26.53,2024-02-17 13:21:37,PHARMACY,DEBIT,MICHIGAN,0
TXN08779,CUST126,290.22,2024-03-03 15:04:09,CLOTHING,CREDIT,FLORIDA,0
TXN08780,CUST049,338.07,2024-03-21 13:15:03,GROCERY,DEBIT,OREGON,0
TXN08781,CUST006,385.22,2024-01-05 17:40:42,ATM,DEBIT,HAWAII,0
TXN08782,CUST034,39.7,2024-03-10 17:24:59,GAS_STATION,CREDIT,MICHIGAN,0
TXN08783,CUST042,141.42,2024-02-14 11:21:44,GAS_STATION,CREDIT,OREGON,0
TXN08784,CUST036,110.24,2024-02-01 16:50:07,JEWELRY,DEBIT,MONTANA,0
TXN08785,CUST012,259.64,2024-03-20 18:34:36,GROCERY,CREDIT,COLORADO,0
TXN08786,CUST028,59.32,2024-03-24 13:29:33,PHARMACY,DEBIT,NEW_YORK,0
TXN08787,CUST035,958.09,2024-02-21 11:41:17,ELECTRONICS,CREDIT,MICHIGAN,0
TXN08788,CUST029,1357.82,2024-02-02 16:19:11,ELECTRONICS,DEBIT,ILLINOIS,0
TXN08789,CUST031,1498.28,2024-01-17 16:31:54,ELECTRONICS,CREDIT,UNKNOWN,0
TXN08790,CUST040,54.1,2024-02-10 12:01:43,GROCERY,DEBIT,ILLINOIS,0
TXN08791,CUST144,301.29,2024-01-15 21:50:39,GROCERY,DEBIT,COLORADO,0
TXN08792,CUST033,51.09,2024-03-30 11:21:56,GAS_STATION,CREDIT,CALIFORNIA,0
TXN08793,CUST009,408.84,2024-01-19 11:22:55,ONLINE,CREDIT,NEW_YORK,0
TXN08794,CUST003,26.76,2024-02-22 13:43:06,PHARMACY,CREDIT,FLORIDA,0
TXN08795,CUST048,61.11,2024-03-04 20:00:08,PHARMACY,DEBIT,ILLINOIS,0
TXN08796,CUST118,4769.45,2024-02-04 21:27:26,JEWELRY,DEBIT,FLORIDA,1
TXN08797,CUST184,43.75,2024-02-18 10:36:38,PHARMACY,DEBIT,ILLINOIS,0
TXN08798,CUST048,133.53,2024-02-07 11:07:25,GAS_STATION,DEBIT,NEW_YORK,0
TXN08799,CUST040,120.17,2024-03-17 19:08:53,HOTEL,DEBIT,COLORADO,0
TXN08800,CUST027,323.62,2024-03-12 08:16:35,GROCERY,DEBIT,FLORIDA,0
TXN08801,CUST178,378.45,2024-02-06 16:16:57,CLOTHING,DEBIT,NEVADA,0
TXN08802,CUST015,984.81,2024-01-11 17:58:20,ELECTRONICS,DEBIT,UNKNOWN,0
TXN08803,CUST037,1654.38,2024-01-20 22:37:54,JEWELRY,DEBIT,MONTANA,0
TXN08804,CUST044,293.9,2024-03-11 21:53:51,CLOTHING,DEBIT,ILLINOIS,0
TXN08805,CUST021,1491.64,2024-01-18 19:48:25,ELECTRONICS,DEBIT,MICHIGAN,0
TXN08806,CUST034,46.46,2024-02-16 09:31:38,COFFEE_SHOP,DEBIT,ARIZONA,0
TXN08807,CUST027,469.41,2024-03-02 14:46:27,JEWELRY,DEBIT,TEXAS,0
TXN08808,CUST036,59.81,2024-03-08 19:18:20,PHARMACY,DEBIT,UTAH,0
TXN08809,CUST018,7906.6,2024-01-30 11:50:07,JEWELRY,DEBIT,NEVADA,1
TXN08810,CUST022,59.99,2024-01-28 14:02:24,RESTAURANT,DEBIT,WASHINGTON,0
TXN08811,CUST004,135.87,2024-02-08 15:03:31,ELECTRONICS,DEBIT,CALIFORNIA,0
TXN08812,CUST131,1569.27,2024-03-22 15:12:42,JEWELRY,DEBIT,CALIFORNIA,0
TXN08813,CUST003,743.16,2024-02-11 12:55:27,RESTAURANT,DEBIT,UNKNOWN,1
TXN08814,CUST033,1687.41,2024-03-08 11:51:08,ELECTRONICS,CREDIT,NEW_YORK,1
TXN08815,CUST075,31.05,2024-03-14 19:00:55,COFFEE_SHOP,DEBIT,UTAH,0
TXN08816,CUST050,121.95,2024-01-01 08:55:08,GAS_STATION,DEBIT,COLORADO,0
TXN08817,CUST003,7376.14,2024-03-06 15:57:02,JEWELRY,CREDIT,MONTANA,1
TXN08818,CUST021,119.15,2024-01-29 21:37:01,CLOTHING,DEBIT,HAWAII,0
TXN08819,CUST060,105.85,2024-02-14 22:01:42,RESTAURANT,DEBIT,MONTANA,0
TXN08820,CUST029,314.64,2024-03-13 15:52:16,ELECTRONICS,DEBIT,NEW_YORK,0
TXN08821,CUST075,644.26,2024-02-18 18:29:54,ONLINE,DEBIT,OREGON,0
TXN08822,CUST047,768.85,2024-01-29 13:10:31,ONLINE,DEBIT,MONTANA,0
TXN08823,CUST184,45.55,2024-03-10 12:19:19,COFFEE_SHOP,DEBIT,NEW_YORK,0
TXN08824,CUST041,442.23,2024-02-28 12:48:38,HOTEL,DEBIT,UNKNOWN,0
TXN08825,CUST039,1021.84,2024-01-08 09:58:11,JEWELRY,CREDIT,UNKNOWN,0
TXN08826,CUST031,1175.87,2024-02-20 16:54:24,ELECTRONICS,DEBIT,NEVADA,0
TXN08827,CUST040,127.18,2024-02-02 13:58:09,GAS_STATION,DEBIT,CALIFORNIA,0
TXN08828,CUST039,54.77,2024-03-01 21:12:45,RESTAURANT,DEBIT,CALIFORNIA,0
TXN08829,CUST041,68.65,2024-01-05 15:26:16,GAS_STATION,CREDIT,FLORIDA,0
TXN08830,CUST003,797.55,2024-01-20 10:54:36,ONLINE,CREDIT,NEVADA,0
TXN08831,CUST006,308.96,2024-02-25 16:13:43,GROCERY,DEBIT,MICHIGAN,0
TXN08832,CUST092,3091.22,2024-02-24 10:06:09,ONLINE,CREDIT,MONTANA,1
TXN08833,CUST038,191.42,2024-01-07 22:37:57,ONLINE,DEBIT,UTAH,0
TXN08834,CUST179,242.56,2024-01-13 21:09:39,ATM,DEBIT,MICHIGAN,0
TXN08835,CUST033,878.8,2024-02-08 13:31:17,ELECTRONICS,DEBIT,NEW_YORK,0
TXN08836,CUST186,829.99,2024-03-09 09:10:15,ELECTRONICS,DEBIT,HAWAII,0
TXN08837,CUST028,694.89,2024-01-17 12:42:45,ELECTRONICS,DEBIT,ARIZONA,0
TXN08838,CUST076,232.84,2024-02-25 10:40:45,CLOTHING,DEBIT,CALIFORNIA,0
TXN08839,CUST009,15.32,2024-01-13 08:05:16,GROCERY,DEBIT,WASHINGTON,0
TXN08840,CUST012,460.93,2024-01-29 11:04:06,HOTEL,DEBIT,OREGON,0
TXN08841,CUST016,93.31,2024-03-19 21:31:28,GAS_STATION,DEBIT,MICHIGAN,0
TXN08842,CUST028,457.9,2024-01-03 14:27:23,ATM,CREDIT,WASHINGTON,0
TXN08843,CUST010,13.67,2024-01-03 18:04:15,COFFEE_SHOP,DEBIT,TEXAS,0
TXN08844,CUST009,749.25,2024-02-18 14:36:30,JEWELRY,DEBIT,WASHINGTON,0
TXN08845,CUST008,280.31,2024-01-07 13:45:50,GROCERY,DEBIT,HAWAII,0
TXN08846,CUST021,423.01,2024-03-16 21:23:07,HOTEL,DEBIT,UNKNOWN,0
TXN08847,CUST009,118.6,2024-03-11 09:59:40,CLOTHING,DEBIT,ARIZONA,0
TXN08848,CUST019,278.16,2024-02-12 13:46:19,PHARMACY,DEBIT,MONTANA,1
TXN08849,CUST011,75.97,2024-01-10 13:26:14,GAS_STATION,DEBIT,ARIZONA,0
TXN08850,CUST050,35.07,2024-03-10 10:33:41,PHARMACY,CREDIT,ARIZONA,0
TXN08851,CUST012,31.97,2024-01-23 18:47:08,PHARMACY,CREDIT,FLORIDA,0
TXN08852,CUST031,277.91,2024-03-19 21:30:03,HOTEL,DEBIT,COLORADO,0
TXN08853,CUST047,221.16,2024-03-05 09:44:54,CLOTHING,DEBIT,HAWAII,0
TXN08854,CUST009,406.67,2024-03-01 20:14:18,ATM,CREDIT,MONTANA,0
TXN08855,CUST035,841.89,2024-02-26 15:22:20,JEWELRY,DEBIT,ILLINOIS,0
TXN08856,CUST050,88.49,2024-03-24 16:36:48,GAS_STATION,DEBIT,HAWAII,0
TXN08857,CUST138,523.76,2024-01-15 10:06:56,RESTAURANT,CREDIT,ILLINOIS,1
TXN08858,CUST020,36.48,2024-01-14 15:41:03,COFFEE_SHOP,DEBIT,HAWAII,0
TXN08859,CUST185,264.07,2024-01-15 13:23:06,GROCERY,DEBIT,HAWAII,0
TXN08860,CUST003,116.22,2024-01-05 17:00:51,RESTAURANT,DEBIT,UNKNOWN,0
TXN08861,CUST015,327.91,2024-01-02 14:22:08,CLOTHING,CREDIT,WASHINGTON,0
TXN08862,CUST016,474.09,2024-02-10 11:01:29,ATM,DEBIT,UTAH,0
TXN08863,CUST085,49.05,2024-01-26 10:44:28,PHARMACY,DEBIT,COLORADO,0
TXN08864,CUST008,129.51,2024-03-18 10:28:53,GAS_STATION,DEBIT,NEVADA,0
TXN08865,CUST145,31.9,2024-03-08 08:36:25,COFFEE_SHOP,DEBIT,WASHINGTON,0
TXN08866,CUST044,373.84,2024-01-26 11:29:15,JEWELRY,DEBIT,COLORADO,0
TXN08867,CUST047,1358.35,2024-02-28 14:39:54,ELECTRONICS,CREDIT,FLORIDA,0
TXN08868,CUST022,378.94,2024-03-28 14:15:36,CLOTHING,CREDIT,UTAH,0
TXN08869,CUST020,128.27,2024-01-10 22:05:54,CLOTHING,DEBIT,UNKNOWN,0
TXN08870,CUST194,1439.63,2024-01-05 19:50:42,JEWELRY,DEBIT,NEW_YORK,0
TXN08871,CUST100,733.59,2024-01-01 19:04:37,CLOTHING,DEBIT,UTAH,1
TXN08872,CUST028,110.96,2024-02-01 19:16:04,GAS_STATION,DEBIT,COLORADO,0
TXN08873,CUST050,2971.07,2024-03-14 20:27:19,ONLINE,DEBIT,MICHIGAN,1
TXN08874,CUST033,164.92,2024-03-24 22:26:11,RESTAURANT,DEBIT,TEXAS,0
TXN08875,CUST041,1775.63,2024-02-21 22:44:09,JEWELRY,DEBIT,MONTANA,0
TXN08876,CUST060,18.72,2024-02-10 21:56:59,COFFEE_SHOP,DEBIT,ILLINOIS,0
TXN08877,CUST045,68.55,2024-03-19 19:48:34,CLOTHING,DEBIT,COLORADO,0
TXN08878,CUST037,96.98,2024-03-05 22:56:43,GROCERY,DEBIT,FLORIDA,0
TXN08879,CUST015,244.81,2024-03-21 09:21:56,JEWELRY,DEBIT,UTAH,0
TXN08880,CUST031,126.05,2024-02-04 21:02:19,ONLINE,DEBIT,FLORIDA,0
TXN08881,CUST037,102.55,2024-02-08 20:29:46,GROCERY,DEBIT,MONTANA,0
TXN08882,CUST002,58.59,2024-03-25 20:56:37,RESTAURANT,DEBIT,NEVADA,0
TXN08883,CUST147,193.1,2024-03-20 19:13:51,JEWELRY,CREDIT,OREGON,0
TXN08884,CUST033,223.73,2024-03-01 13:48:00,CLOTHING,CREDIT,UNKNOWN,0
TXN08885,CUST037,369.19,2024-03-27 18:16:55,ATM,DEBIT,FLORIDA,0
TXN08886,CUST018,5029.85,2024-03-16 22:54:14,JEWELRY,DEBIT,COLORADO,1
TXN08887,CUST035,148.61,2024-01-04 18:47:47,ONLINE,CREDIT,UNKNOWN,0
TXN08888,CUST079,73.56,2024-03-02 21:26:10,GAS_STATION,DEBIT,HAWAII,0
TXN08889,CUST041,348.08,2024-02-11 15:37:21,CLOTHING,CREDIT,OREGON,0
TXN08890,CUST039,263.07,2024-02-25 15:56:54,CLOTHING,CREDIT,HAWAII,0
TXN08891,CUST122,73.53,2024-03-05 21:43:48,CLOTHING,DEBIT,ARIZONA,0
TXN08892,CUST018,302.81,2024-01-09 11:06:35,CLOTHING,DEBIT,NEW_YORK,0
TXN08893,CUST015,360.75,2024-02-05 13:45:56,CLOTHING,DEBIT,OREGON,0
TXN08894,CUST039,634.67,2024-01-06 14:16:49,ONLINE,DEBIT,WASHINGTON,0
TXN08895,CUST043,181.55,2024-02-24 21:40:20,RESTAURANT,CREDIT,TEXAS,0
TXN08896,CUST013,6489.66,2024-02-03 10:57:58,JEWELRY,CREDIT,WASHINGTON,1
TXN08897,CUST020,151.3,2024-03-15 20:15:43,RESTAURANT,CREDIT,ARIZONA,1
TXN08898,CUST012,31.08,2024-01-24 20:53:15,GAS_STATION,DEBIT,HAWAII,0
TXN08899,CUST045,7850.08,2024-03-06 09:39:17,JEWELRY,DEBIT,UTAH,1
TXN08900,CUST136,205.23,2024-02-26 15:15:13,CLOTHING,DEBIT,COLORADO,0
TXN08901,CUST045,146.66,2024-03-16 11:07:53,GAS_STATION,DEBIT,NEVADA,0
TXN08902,CUST006,479.59,2024-02-03 18:53:11,ATM,DEBIT,OREGON,0
TXN08903,CUST035,1431.96,2024-02-22 22:43:09,JEWELRY,CREDIT,MONTANA,0
TXN08904,CUST119,300.68,2024-02-21 12:40:00,ATM,DEBIT,CALIFORNIA,0
TXN08905,CUST032,420.52,2024-01-01 15:14:17,HOTEL,DEBIT,ARIZONA,0
TXN08906,CUST084,64.25,2024-03-13 20:07:31,GAS_STATION,DEBIT,TEXAS,0
TXN08907,CUST131,70.65,2024-01-20 22:40:56,GAS_STATION,DEBIT,CALIFORNIA,0
TXN08908,CUST045,501.9,2024-01-21 22:59:07,JEWELRY,DEBIT,FLORIDA,0
TXN08909,CUST022,658.63,2024-02-09 16:49:01,ONLINE,DEBIT,ILLINOIS,0
TXN08910,CUST043,1653.46,2024-03-03 08:00:58,JEWELRY,CREDIT,ILLINOIS,0
TXN08911,CUST012,42.21,2024-01-18 20:47:54,RESTAURANT,DEBIT,NEVADA,0
TXN08912,CUST032,685.49,2024-03-23 16:26:34,JEWELRY,DEBIT,TEXAS,0
TXN08913,CUST004,777.02,2024-01-13 20:15:03,CLOTHING,CREDIT,UTAH,1
TXN08914,CUST046,1528.83,2024-02-08 18:06:59,ONLINE,DEBIT,NEW_YORK,1
TXN08915,CUST008,259.95,2024-03-18 08:45:35,ATM,DEBIT,UTAH,0
TXN08916,CUST030,327.27,2024-02-04 12:37:13,GROCERY,DEBIT,FLORIDA,0
TXN08917,CUST036,264.74,2024-03-11 13:08:06,GROCERY,CREDIT,OREGON,0
TXN08918,CUST156,127.7,2024-01-15 19:18:45,GAS_STATION,DEBIT,MICHIGAN,0
TXN08919,CUST028,174.78,2024-02-11 20:24:09,HOTEL,CREDIT,FLORIDA,0
TXN08920,CUST002,84.75,2024-03-30 21:57:40,ATM,CREDIT,UNKNOWN,0
TXN08921,CUST005,189.83,2024-02-08 18:36:53,HOTEL,DEBIT,ILLINOIS,0
TXN08922,CUST002,442.09,2024-03-08 11:54:52,ATM,CREDIT,FLORIDA,0
TXN08923,CUST020,1362.26,2024-02-16 11:53:25,JEWELRY,DEBIT,OREGON,0
TXN08924,CUST185,848.07,2024-03-11 17:56:45,ELECTRONICS,CREDIT,MICHIGAN,0
TXN08925,CUST010,740.4,2024-01-28 19:38:13,ONLINE,DEBIT,UNKNOWN,0
TXN08926,CUST078,157.47,2024-02-10 20:49:35,RESTAURANT,CREDIT,UNKNOWN,0
TXN08927,CUST049,382.65,2024-03-08 22:50:11,ATM,DEBIT,HAWAII,0
TXN08928,CUST155,213.37,2024-02-29 16:52:18,HOTEL,DEBIT,ILLINOIS,0
TXN08929,CUST015,271.89,2024-02-29 09:49:07,HOTEL,DEBIT,OREGON,0
TXN08930,CUST050,124.99,2024-01-24 14:16:54,RESTAURANT,DEBIT,MICHIGAN,0
TXN08931,CUST030,498.4,2024-03-18 20:52:39,ATM,DEBIT,UTAH,0
TXN08932,CUST146,326.21,2024-03-05 17:34:52,ATM,DEBIT,UTAH,0
TXN08933,CUST008,210.26,2024-02-29 22:40:47,ATM,DEBIT,HAWAII,0
TXN08934,CUST029,62.67,2024-03-24 22:54:24,GAS_STATION,DEBIT,OREGON,0
TXN08935,CUST019,1579.84,2024-03-16 11:52:11,JEWELRY,DEBIT,ILLINOIS,0
TXN08936,CUST060,34.73,2024-03-02 17:10:50,RESTAURANT,DEBIT,ARIZONA,0
TXN08937,CUST026,847.62,2024-02-12 15:54:14,JEWELRY,CREDIT,MONTANA,0
TXN08938,CUST032,156.43,2024-01-08 16:05:56,ATM,DEBIT,HAWAII,0
TXN08939,CUST134,605.28,2024-03-29 09:46:41,ONLINE,CREDIT,UTAH,0
TXN08940,CUST014,2677.35,2024-02-27 17:24:57,JEWELRY,DEBIT,WASHINGTON,1
TXN08941,CUST019,151.1,2024-03-24 11:54:23,GROCERY,DEBIT,COLORADO,0
TXN08942,CUST049,99.57,2024-02-04 19:09:27,GAS_STATION,DEBIT,NEW_YORK,0
TXN08943,CUST041,393.36,2024-02-23 10:40:39,CLOTHING,DEBIT,WASHINGTON,0
TXN08944,CUST126,370.61,2024-03-29 20:59:12,HOTEL,DEBIT,MICHIGAN,0
TXN08945,CUST008,373.1,2024-01-30 14:57:59,ATM,CREDIT,NEW_YORK,0
TXN08946,CUST032,1874.39,2024-03-29 17:58:03,ONLINE,CREDIT,HAWAII,1
TXN08947,CUST122,1421.2,2024-02-05 22:48:57,ELECTRONICS,DEBIT,CALIFORNIA,0
TXN08948,CUST043,62.03,2024-02-11 12:21:43,GAS_STATION,DEBIT,UNKNOWN,0
TXN08949,CUST033,349.64,2024-02-23 21:29:59,CLOTHING,DEBIT,NEVADA,0
TXN08950,CUST021,210.33,2024-01-14 17:05:37,GROCERY,DEBIT,FLORIDA,0
TXN08951,CUST034,347.18,2024-02-05 12:42:41,HOTEL,DEBIT,NEVADA,0
TXN08952,CUST047,36.79,2024-02-21 09:12:37,COFFEE_SHOP,DEBIT,ILLINOIS,0
TXN08953,CUST041,39.13,2024-03-29 08:38:22,COFFEE_SHOP,DEBIT,OREGON,0
TXN08954,CUST011,29.02,2024-03-13 20:30:02,CLOTHING,DEBIT,NEW_YORK,0
TXN08955,CUST048,259.42,2024-01-15 19:45:52,GROCERY,CREDIT,OREGON,0
TXN08956,CUST006,200.19,2024-02-13 08:55:15,ATM,DEBIT,UTAH,0
TXN08957,CUST186,118.47,2024-01-20 19:39:53,RESTAURANT,DEBIT,UNKNOWN,0
TXN08958,CUST041,48.04,2024-02-17 20:41:27,PHARMACY,DEBIT,MONTANA,0
TXN08959,CUST044,195.34,2024-02-05 08:57:55,GROCERY,CREDIT,WASHINGTON,0
TXN08960,CUST046,1079.75,2024-03-19 17:05:39,ELECTRONICS,DEBIT,ARIZONA,1
TXN08961,CUST028,160.5,2024-02-06 22:39:00,CLOTHING,DEBIT,WASHINGTON,0
TXN08962,CUST029,8.95,2024-01-12 08:07:02,COFFEE_SHOP,DEBIT,NEW_YORK,0
TXN08963,CUST043,299.08,2024-01-19 18:05:04,CLOTHING,CREDIT,MICHIGAN,0
TXN08964,CUST187,495.09,2024-01-15 13:40:07,ATM,CREDIT,NEVADA,0
TXN08965,CUST008,488.54,2024-02-21 19:49:46,ATM,CREDIT,WASHINGTON,0
TXN08966,CUST040,113.41,2024-03-08 22:49:23,GAS_STATION,DEBIT,ILLINOIS,0
TXN08967,CUST150,109.99,2024-01-22 13:50:37,ATM,DEBIT,FLORIDA,0
TXN08968,CUST042,197.45,2024-03-23 09:04:25,ATM,DEBIT,TEXAS,0
TXN08969,CUST012,70.2,2024-01-09 10:40:52,RESTAURANT,CREDIT,CALIFORNIA,0
TXN08970,CUST024,70.6,2024-02-16 13:39:32,GAS_STATION,CREDIT,ARIZONA,0
TXN08971,CUST116,24.75,2024-02-17 13:46:36,COFFEE_SHOP,DEBIT,TEXAS,0
TXN08972,CUST011,49.78,2024-03-29 14:40:47,PHARMACY,CREDIT,NEVADA,0
TXN08973,CUST185,42.93,2024-03-20 18:53:55,PHARMACY,DEBIT,MICHIGAN,0
TXN08974,CUST011,407.93,2024-03-26 13:28:53,ONLINE,DEBIT,WASHINGTON,0
TXN08975,CUST025,19.27,2024-01-18 15:24:35,COFFEE_SHOP,DEBIT,ILLINOIS,0
TXN08976,CUST020,47.13,2024-03-26 13:57:15,COFFEE_SHOP,CREDIT,WASHINGTON,0
TXN08977,CUST013,44.75,2024-02-07 21:41:50,COFFEE_SHOP,DEBIT,ILLINOIS,0
TXN08978,CUST130,39.04,2024-02-14 15:44:39,COFFEE_SHOP,DEBIT,UTAH,0
TXN08979,CUST037,788.75,2024-03-23 10:31:44,ELECTRONICS,DEBIT,FLORIDA,0
TXN08980,CUST184,133.37,2024-01-15 13:28:13,GAS_STATION,DEBIT,NEVADA,0
TXN08981,CUST010,33.64,2024-03-08 14:10:46,COFFEE_SHOP,CREDIT,NEW_YORK,0
TXN08982,CUST039,63.5,2024-01-09 15:35:29,RESTAURANT,DEBIT,COLORADO,0
TXN08983,CUST056,387.35,2024-01-27 15:43:52,CLOTHING,DEBIT,NEW_YORK,0
TXN08984,CUST006,33.79,2024-03-03 08:02:14,COFFEE_SHOP,DEBIT,ARIZONA,0
TXN08985,CUST031,97.42,2024-01-23 16:28:13,GAS_STATION,CREDIT,UTAH,0
TXN08986,CUST102,99.86,2024-03-29 17:29:40,GAS_STATION,DEBIT,UNKNOWN,0
TXN08987,CUST022,289.05,2024-01-29 11:50:45,GROCERY,DEBIT,NEW_YORK,0
TXN08988,CUST008,20.75,2024-03-10 15:34:11,COFFEE_SHOP,DEBIT,ILLINOIS,0
TXN08989,CUST010,443.06,2024-01-17 10:18:34,ATM,DEBIT,CALIFORNIA,0
TXN08990,CUST031,76.05,2024-03-20 09:14:01,GAS_STATION,CREDIT,CALIFORNIA,0
TXN08991,CUST012,383.4,2024-03-07 22:15:45,HOTEL,DEBIT,HAWAII,0
TXN08992,CUST126,4436.31,2024-01-02 11:01:40,JEWELRY,DEBIT,WASHINGTON,1
TXN08993,CUST006,1171.31,2024-02-20 21:52:33,ELECTRONICS,DEBIT,ARIZONA,0
TXN08994,CUST041,10.13,2024-03-01 13:46:57,PHARMACY,CREDIT,HAWAII,0
TXN08995,CUST004,136.45,2024-02-21 10:52:55,RESTAURANT,CREDIT,MONTANA,0
TXN08996,CUST013,3030.71,2024-01-04 09:25:43,ELECTRONICS,DEBIT,TEXAS,1
TXN08997,CUST038,290.62,2024-01-28 16:10:19,CLOTHING,CREDIT,OREGON,0
TXN08998,CUST046,69.59,2024-03-20 08:09:47,PHARMACY,DEBIT,NEVADA,0
TXN08999,CUST003,129.35,2024-02-23 12:02:31,GAS_STATION,DEBIT,MONTANA,0
TXN09000,CUST018,69.01,2024-03-13 20:10:34,GROCERY,DEBIT,ILLINOIS,0
TXN09001,CUST040,208.0,2024-01-22 12:41:15,ATM,CREDIT,NEVADA,0
TXN09002,CUST025,625.95,2024-01-18 22:01:57,JEWELRY,DEBIT,UNKNOWN,0
TXN09003,CUST033,62.54,2024-01-14 19:04:25,RESTAURANT,CREDIT,ARIZONA,0
TXN09004,CUST001,36.98,2024-01-23 19:49:01,COFFEE_SHOP,DEBIT,HAWAII,0
TXN09005,CUST048,44.33,2024-03-29 22:21:07,COFFEE_SHOP,DEBIT,NEW_YORK,0
TXN09006,CUST032,53.31,2024-03-18 15:26:02,GAS_STATION,DEBIT,MONTANA,0
TXN09007,CUST193,82.47,2024-02-29 08:57:44,ATM,DEBIT,UNKNOWN,0
TXN09008,CUST001,53.04,2024-02-18 08:28:29,GAS_STATION,DEBIT,WASHINGTON,0
TXN09009,CUST015,47.59,2024-02-13 12:14:34,COFFEE_SHOP,CREDIT,WASHINGTON,0
TXN09010,CUST164,466.39,2024-01-22 08:58:54,HOTEL,DEBIT,NEVADA,0
TXN09011,CUST009,244.08,2024-03-30 16:51:09,ATM,DEBIT,NEVADA,0
TXN09012,CUST040,109.22,2024-02-08 20:38:17,RESTAURANT,DEBIT,COLORADO,0
TXN09013,CUST045,36.34,2024-03-13 19:46:08,CLOTHING,DEBIT,CALIFORNIA,0
TXN09014,CUST043,378.39,2024-03-07 18:30:10,HOTEL,DEBIT,WASHINGTON,0
TXN09015,CUST082,207.71,2024-02-15 12:25:33,GROCERY,DEBIT,HAWAII,0
TXN09016,CUST003,194.82,2024-01-29 21:39:13,HOTEL,DEBIT,COLORADO,0
TXN09017,CUST032,93.06,2024-02-02 15:35:45,PHARMACY,DEBIT,UNKNOWN,0
TXN09018,CUST013,78.13,2024-03-15 12:16:28,RESTAURANT,DEBIT,HAWAII,0
TXN09019,CUST016,235.99,2024-03-16 12:29:25,ONLINE,DEBIT,UTAH,0
TXN09020,CUST025,826.73,2024-01-03 18:32:04,JEWELRY,CREDIT,UNKNOWN,0
TXN09021,CUST037,88.75,2024-01-16 22:05:50,GAS_STATION,DEBIT,MONTANA,0
TXN09022,CUST040,3910.25,2024-02-12 14:59:14,JEWELRY,CREDIT,UTAH,1
TXN09023,CUST026,170.6,2024-02-08 20:31:47,PHARMACY,DEBIT,HAWAII,1
TXN09024,CUST132,42.47,2024-03-02 19:09:00,COFFEE_SHOP,DEBIT,CALIFORNIA,0
TXN09025,CUST005,297.81,2024-01-23 12:08:02,HOTEL,DEBIT,TEXAS,0
TXN09026,CUST011,388.92,2024-02-09 17:01:26,CLOTHING,CREDIT,ARIZONA,0
TXN09027,CUST036,138.72,2024-02-27 16:27:58,GROCERY,CREDIT,NEW_YORK,0
TXN09028,CUST035,29.61,2024-03-28 11:26:34,ONLINE,DEBIT,CALIFORNIA,0
TXN09029,CUST029,1110.37,2024-02-26 13:07:35,CLOTHING,CREDIT,MONTANA,1
TXN09030,CUST001,324.19,2024-03-26 21:32:32,HOTEL,DEBIT,NEW_YORK,0
TXN09031,CUST007,777.6,2024-03-12 20:48:48,ONLINE,CREDIT,UNKNOWN,0
TXN09032,CUST018,444.51,2024-02-23 14:44:16,ATM,DEBIT,COLORADO,0
TXN09033,CUST009,857.6,2024-01-22 19:56:24,ELECTRONICS,CREDIT,UNKNOWN,0
TXN09034,CUST039,327.29,2024-02-16 13:08:33,HOTEL,CREDIT,MONTANA,0
TXN09035,CUST036,321.61,2024-03-26 15:32:21,CLOTHING,CREDIT,TEXAS,0
TXN09036,CUST010,112.55,2024-03-16 13:05:11,RESTAURANT,DEBIT,ARIZONA,0
TXN09037,CUST002,408.63,2024-03-29 15:18:05,ATM,DEBIT,UTAH,0
TXN09038,CUST012,54.68,2024-01-08 08:29:28,PHARMACY,DEBIT,ILLINOIS,0
TXN09039,CUST009,342.83,2024-02-11 17:17:51,CLOTHING,DEBIT,CALIFORNIA,0
TXN09040,CUST030,691.98,2024-01-17 15:45:37,ELECTRONICS,DEBIT,NEW_YORK,0
TXN09041,CUST038,95.28,2024-02-29 13:26:42,PHARMACY,CREDIT,MICHIGAN,0
TXN09042,CUST003,118.45,2024-01-31 08:13:58,GAS_STATION,DEBIT,ILLINOIS,0
TXN09043,CUST024,53.57,2024-02-24 13:01:10,GAS_STATION,DEBIT,HAWAII,0
TXN09044,CUST049,838.84,2024-02-02 10:37:57,ONLINE,DEBIT,WASHINGTON,1
TXN09045,CUST003,318.25,2024-02-29 14:46:00,ATM,DEBIT,UTAH,0
TXN09046,CUST038,442.52,2024-02-04 14:58:21,RESTAURANT,CREDIT,HAWAII,1
TXN09047,CUST022,48.01,2024-02-22 11:07:28,COFFEE_SHOP,DEBIT,ILLINOIS,0
TXN09048,CUST007,413.27,2024-01-17 14:08:17,HOTEL,DEBIT,TEXAS,0
TXN09049,CUST015,333.56,2024-01-10 17:51:34,HOTEL,CREDIT,ILLINOIS,0
TXN09050,CUST037,86.97,2024-02-17 19:15:44,RESTAURANT,DEBIT,MONTANA,0
TXN09051,CUST023,738.68,2024-01-30 10:28:01,CLOTHING,DEBIT,HAWAII,1
TXN09052,CUST016,244.76,2024-01-07 20:51:28,ATM,DEBIT,TEXAS,0
TXN09053,CUST017,209.39,2024-01-09 09:11:02,GROCERY,DEBIT,NEW_YORK,0
TXN09054,CUST036,156.32,2024-03-07 21:43:30,HOTEL,DEBIT,ARIZONA,0
TXN09055,CUST040,58.4,2024-02-20 11:22:00,ELECTRONICS,CREDIT,ILLINOIS,0
TXN09056,CUST044,1269.98,2024-03-20 09:26:04,ELECTRONICS,DEBIT,UTAH,0
TXN09057,CUST025,28.94,2024-02-22 20:07:41,COFFEE_SHOP,CREDIT,ILLINOIS,0
TXN09058,CUST106,1100.38,2024-01-26 08:11:36,JEWELRY,CREDIT,HAWAII,0
TXN09059,CUST005,314.94,2024-03-28 20:16:57,HOTEL,CREDIT,NEW_YORK,0
TXN09060,CUST165,103.75,2024-01-21 21:26:18,RESTAURANT,CREDIT,COLORADO,0
TXN09061,CUST007,141.19,2024-02-12 09:17:48,GAS_STATION,CREDIT,OREGON,0
TXN09062,CUST039,81.39,2024-02-11 19:58:21,GROCERY,DEBIT,TEXAS,0
TXN09063,CUST027,94.09,2024-01-21 17:07:16,GAS_STATION,CREDIT,NEVADA,0
TXN09064,CUST001,68.86,2024-01-21 18:40:04,PHARMACY,CREDIT,UNKNOWN,0
TXN09065,CUST010,37.09,2024-02-15 14:34:21,GAS_STATION,DEBIT,NEW_YORK,0
TXN09066,CUST045,130.69,2024-01-05 08:05:20,ATM,CREDIT,WASHINGTON,0
TXN09067,CUST048,74.99,2024-02-16 15:07:57,ATM,DEBIT,FLORIDA,0
TXN09068,CUST042,7778.28,2024-03-28 20:34:43,JEWELRY,DEBIT,ILLINOIS,1
TXN09069,CUST004,125.89,2024-03-10 21:22:00,RESTAURANT,DEBIT,UNKNOWN,0
TXN09070,CUST046,35.71,2024-02-06 17:37:53,COFFEE_SHOP,DEBIT,WASHINGTON,0
TXN09071,CUST040,26.21,2024-02-19 11:22:51,COFFEE_SHOP,DEBIT,UNKNOWN,0
TXN09072,CUST187,464.02,2024-03-21 18:34:38,HOTEL,DEBIT,COLORADO,0
TXN09073,CUST171,15.73,2024-02-11 21:58:53,COFFEE_SHOP,DEBIT,UTAH,0
TXN09074,CUST028,26.74,2024-01-16 13:09:53,COFFEE_SHOP,CREDIT,TEXAS,0
TXN09075,CUST048,410.78,2024-01-01 13:00:19,ATM,DEBIT,MICHIGAN,0
TXN09076,CUST010,772.65,2024-03-16 18:56:56,ONLINE,CREDIT,OREGON,0
TXN09077,CUST020,81.09,2024-01-24 12:43:15,GROCERY,DEBIT,MICHIGAN,0
TXN09078,CUST128,372.48,2024-02-22 10:01:49,JEWELRY,DEBIT,UNKNOWN,0
TXN09079,CUST010,51.25,2024-01-01 13:50:32,ONLINE,DEBIT,CALIFORNIA,0
TXN09080,CUST044,49.95,2024-02-02 17:31:35,PHARMACY,DEBIT,CALIFORNIA,0
TXN09081,CUST041,1813.3,2024-01-10 08:15:56,JEWELRY,CREDIT,OREGON,0
TXN09082,CUST124,60.74,2024-03-09 11:55:24,PHARMACY,DEBIT,MICHIGAN,0
TXN09083,CUST078,6.49,2024-01-13 14:27:45,COFFEE_SHOP,DEBIT,ARIZONA,0
TXN09084,CUST048,1001.16,2024-01-17 08:56:35,HOTEL,DEBIT,NEVADA,1
TXN09085,CUST027,817.8,2024-03-28 19:28:14,GROCERY,DEBIT,MONTANA,1
TXN09086,CUST049,1420.41,2024-03-26 16:34:36,ONLINE,DEBIT,ILLINOIS,1
TXN09087,CUST049,12.82,2024-02-06 13:46:42,COFFEE_SHOP,CREDIT,COLORADO,0
TXN09088,CUST038,43.24,2024-01-20 21:02:17,COFFEE_SHOP,DEBIT,COLORADO,0
TXN09089,CUST041,25.63,2024-02-21 08:32:36,PHARMACY,CREDIT,UNKNOWN,0
TXN09090,CUST035,3262.72,2024-03-26 13:33:43,ELECTRONICS,DEBIT,ILLINOIS,1
TXN09091,CUST004,34.4,2024-03-15 12:28:09,CLOTHING,CREDIT,COLORADO,0
TXN09092,CUST009,1442.03,2024-01-17 22:18:44,ELECTRONICS,DEBIT,COLORADO,0
TXN09093,CUST014,961.61,2024-02-28 18:02:32,CLOTHING,CREDIT,MICHIGAN,1
TXN09094,CUST031,1574.86,2024-01-14 14:10:52,ONLINE,CREDIT,WASHINGTON,1
TXN09095,CUST044,191.34,2024-01-12 20:34:22,HOTEL,DEBIT,WASHINGTON,0
TXN09096,CUST018,283.01,2024-01-11 08:14:57,ATM,DEBIT,FLORIDA,0
TXN09097,CUST096,148.55,2024-02-03 15:30:57,ONLINE,CREDIT,HAWAII,0
TXN09098,CUST086,33.05,2024-02-26 18:22:11,PHARMACY,CREDIT,TEXAS,0
TXN09099,CUST005,77.16,2024-03-15 15:55:05,RESTAURANT,DEBIT,CALIFORNIA,0
TXN09100,CUST129,132.21,2024-01-01 16:39:44,GAS_STATION,DEBIT,COLORADO,0
TXN09101,CUST041,4340.09,2024-03-01 15:58:17,JEWELRY,DEBIT,ARIZONA,1
TXN09102,CUST014,1024.16,2024-01-31 09:52:24,ONLINE,CREDIT,HAWAII,1
TXN09103,CUST026,442.75,2024-01-31 22:46:28,ATM,DEBIT,CALIFORNIA,0
TXN09104,CUST009,1292.43,2024-03-13 19:19:03,JEWELRY,DEBIT,ILLINOIS,0
TXN09105,CUST190,27.0,2024-02-09 13:42:46,COFFEE_SHOP,CREDIT,UNKNOWN,0
TXN09106,CUST050,311.34,2024-02-12 15:11:58,ELECTRONICS,DEBIT,NEVADA,0
TXN09107,CUST006,130.63,2024-02-11 08:50:11,RESTAURANT,DEBIT,FLORIDA,0
TXN09108,CUST043,1281.21,2024-03-01 17:14:30,ELECTRONICS,CREDIT,NEVADA,1
TXN09109,CUST166,48.55,2024-02-27 10:08:27,RESTAURANT,DEBIT,UNKNOWN,0
TXN09110,CUST087,38.38,2024-02-06 13:54:53,COFFEE_SHOP,DEBIT,MICHIGAN,0
TXN09111,CUST049,352.97,2024-02-20 21:57:55,ATM,DEBIT,UNKNOWN,0
TXN09112,CUST147,60.41,2024-02-16 22:55:19,GAS_STATION,DEBIT,ILLINOIS,0
TXN09113,CUST069,186.91,2024-01-10 08:16:53,CLOTHING,DEBIT,ILLINOIS,0
TXN09114,CUST031,32.61,2024-01-03 18:33:37,GROCERY,DEBIT,NEW_YORK,0
TXN09115,CUST005,907.63,2024-02-08 16:49:54,ELECTRONICS,CREDIT,ILLINOIS,0
TXN09116,CUST096,273.17,2024-03-18 14:40:44,ONLINE,CREDIT,HAWAII,0
TXN09117,CUST104,221.04,2024-01-25 21:05:20,ATM,DEBIT,MICHIGAN,0
TXN09118,CUST008,93.78,2024-01-28 18:55:08,PHARMACY,DEBIT,TEXAS,0
TXN09119,CUST048,133.28,2024-02-14 11:10:47,GAS_STATION,DEBIT,HAWAII,0
TXN09120,CUST008,36.06,2024-03-28 20:55:23,COFFEE_SHOP,DEBIT,CALIFORNIA,0
TXN09121,CUST033,1460.01,2024-01-19 21:42:14,ELECTRONICS,DEBIT,CALIFORNIA,0
TXN09122,CUST104,84.84,2024-02-06 19:08:46,CLOTHING,DEBIT,FLORIDA,0
TXN09123,CUST107,81.53,2024-03-05 19:32:43,RESTAURANT,DEBIT,HAWAII,0
TXN09124,CUST047,894.69,2024-01-18 22:42:16,ELECTRONICS,DEBIT,CALIFORNIA,0
TXN09125,CUST037,119.57,2024-02-22 10:57:21,RESTAURANT,DEBIT,WASHINGTON,0
TXN09126,CUST049,45.27,2024-03-23 14:08:13,CLOTHING,CREDIT,WASHINGTON,0
TXN09127,CUST040,33.01,2024-01-26 22:03:49,COFFEE_SHOP,DEBIT,ARIZONA,0
TXN09128,CUST077,4910.21,2024-03-02 21:44:53,ONLINE,DEBIT,HAWAII,1
TXN09129,CUST018,394.0,2024-01-23 12:24:09,ATM,DEBIT,NEW_YORK,0
TXN09130,CUST150,86.19,2024-02-06 22:29:24,RESTAURANT,DEBIT,ILLINOIS,0
TXN09131,CUST082,387.12,2024-03-15 09:30:38,HOTEL,DEBIT,TEXAS,0
TXN09132,CUST141,89.58,2024-01-06 15:40:58,RESTAURANT,CREDIT,CALIFORNIA,0
TXN09133,CUST077,198.29,2024-02-07 08:41:20,ONLINE,DEBIT,TEXAS,0
TXN09134,CUST023,34.69,2024-03-15 20:47:35,COFFEE_SHOP,DEBIT,MICHIGAN,0
TXN09135,CUST006,102.22,2024-03-06 08:55:36,GAS_STATION,CREDIT,WASHINGTON,0
TXN09136,CUST039,30.5,2024-01-21 20:40:36,PHARMACY,DEBIT,HAWAII,0
TXN09137,CUST046,455.28,2024-03-22 18:31:12,ATM,DEBIT,TEXAS,0
TXN09138,CUST005,50.23,2024-01-21 12:43:51,GAS_STATION,DEBIT,MICHIGAN,0
TXN09139,CUST003,37.14,2024-02-12 09:32:18,GAS_STATION,DEBIT,ARIZONA,0
TXN09140,CUST004,846.75,2024-02-15 16:16:14,ONLINE,DEBIT,UNKNOWN,1
TXN09141,CUST118,82.59,2024-02-04 08:24:19,ATM,CREDIT,UNKNOWN,0
TXN09142,CUST019,4480.16,2024-03-27 10:33:14,JEWELRY,DEBIT,COLORADO,1
TXN09143,CUST141,1135.31,2024-02-15 13:44:53,ONLINE,DEBIT,MONTANA,1
TXN09144,CUST021,33.9,2024-01-26 10:34:11,COFFEE_SHOP,DEBIT,COLORADO,0
TXN09145,CUST008,791.07,2024-03-23 13:37:11,ONLINE,CREDIT,OREGON,0
TXN09146,CUST029,35.63,2024-02-27 13:27:08,GAS_STATION,DEBIT,ARIZONA,0
TXN09147,CUST027,189.28,2024-03-10 19:32:54,ELECTRONICS,DEBIT,MICHIGAN,0
TXN09148,CUST011,487.58,2024-02-25 13:19:46,HOTEL,DEBIT,MONTANA,0
TXN09149,CUST049,418.85,2024-01-16 14:25:37,ATM,DEBIT,COLORADO,0
TXN09150,CUST042,141.54,2024-01-08 16:37:55,PHARMACY,CREDIT,TEXAS,1
TXN09151,CUST023,32.94,2024-01-13 18:01:59,COFFEE_SHOP,CREDIT,NEVADA,0
TXN09152,CUST015,1112.6,2024-02-10 18:38:57,JEWELRY,DEBIT,CALIFORNIA,0
TXN09153,CUST030,281.31,2024-03-13 08:08:49,GROCERY,DEBIT,COLORADO,0
TXN09154,CUST034,196.8,2024-01-01 13:51:49,ATM,DEBIT,ILLINOIS,0
TXN09155,CUST043,3759.25,2024-03-11 09:30:52,ONLINE,CREDIT,FLORIDA,1
TXN09156,CUST048,273.43,2024-01-21 21:05:10,CLOTHING,DEBIT,FLORIDA,0
TXN09157,CUST198,1181.72,2024-03-03 18:08:12,ELECTRONICS,CREDIT,MONTANA,0
TXN09158,CUST195,1102.26,2024-02-18 12:39:07,JEWELRY,CREDIT,COLORADO,0
TXN09159,CUST175,94.01,2024-02-17 19:58:52,RESTAURANT,DEBIT,ILLINOIS,0
TXN09160,CUST003,232.94,2024-01-09 13:24:37,HOTEL,CREDIT,ARIZONA,0
TXN09161,CUST002,470.91,2024-01-04 13:16:20,ATM,CREDIT,NEW_YORK,0
TXN09162,CUST005,128.75,2024-02-02 10:06:26,ATM,DEBIT,WASHINGTON,0
TXN09163,CUST073,4358.91,2024-01-25 11:37:52,ONLINE,DEBIT,UNKNOWN,1
TXN09164,CUST171,323.21,2024-01-20 13:44:20,HOTEL,CREDIT,WASHINGTON,0
TXN09165,CUST044,10.92,2024-02-28 18:34:36,COFFEE_SHOP,DEBIT,MONTANA,0
TXN09166,CUST037,63.09,2024-01-27 22:54:25,PHARMACY,DEBIT,MONTANA,0
TXN09167,CUST030,63.61,2024-03-13 09:10:45,PHARMACY,DEBIT,WASHINGTON,0
TXN09168,CUST043,174.36,2024-01-11 10:55:26,GAS_STATION,DEBIT,NEW_YORK,1
TXN09169,CUST002,76.48,2024-01-03 17:05:46,PHARMACY,DEBIT,WASHINGTON,0
TXN09170,CUST012,694.87,2024-02-13 14:16:22,ONLINE,DEBIT,NEVADA,0
TXN09171,CUST043,32.16,2024-03-05 15:41:02,PHARMACY,CREDIT,HAWAII,0
TXN09172,CUST002,74.27,2024-03-06 16:17:08,GAS_STATION,DEBIT,CALIFORNIA,0
TXN09173,CUST025,16.77,2024-03-25 18:46:35,PHARMACY,CREDIT,NEVADA,0
TXN09174,CUST002,325.04,2024-03-27 20:31:15,CLOTHING,CREDIT,MONTANA,0
TXN09175,CUST071,227.64,2024-01-28 17:09:52,CLOTHING,DEBIT,CALIFORNIA,0
TXN09176,CUST001,79.26,2024-02-28 12:51:57,GAS_STATION,DEBIT,TEXAS,0
TXN09177,CUST020,325.51,2024-02-16 13:26:50,GROCERY,DEBIT,TEXAS,0
TXN09178,CUST016,319.69,2024-01-27 09:52:16,GROCERY,DEBIT,OREGON,0
TXN09179,CUST003,556.14,2024-03-28 20:06:50,ONLINE,DEBIT,MICHIGAN,0
TXN09180,CUST163,373.04,2024-02-13 09:41:30,ONLINE,DEBIT,CALIFORNIA,0
TXN09181,CUST005,101.21,2024-01-07 08:38:35,RESTAURANT,DEBIT,WASHINGTON,0
TXN09182,CUST044,328.26,2024-02-12 18:23:02,ATM,DEBIT,CALIFORNIA,0
TXN09183,CUST003,425.67,2024-03-26 18:34:03,HOTEL,DEBIT,UTAH,0
TXN09184,CUST048,96.85,2024-01-25 10:02:52,GAS_STATION,DEBIT,NEVADA,0
TXN09185,CUST017,226.35,2024-01-24 10:44:17,GROCERY,DEBIT,FLORIDA,0
TXN09186,CUST028,108.82,2024-03-24 15:56:29,RESTAURANT,DEBIT,UNKNOWN,0
TXN09187,CUST017,1659.95,2024-02-17 18:35:41,ONLINE,CREDIT,MICHIGAN,1
TXN09188,CUST034,34.54,2024-02-10 08:02:43,PHARMACY,CREDIT,UNKNOWN,0
TXN09189,CUST024,49.61,2024-02-26 09:50:45,COFFEE_SHOP,DEBIT,TEXAS,0
TXN09190,CUST015,168.24,2024-02-06 19:02:27,ATM,DEBIT,COLORADO,0
TXN09191,CUST016,95.1,2024-01-19 09:57:32,RESTAURANT,CREDIT,OREGON,0
TXN09192,CUST007,138.22,2024-01-08 11:30:17,GAS_STATION,DEBIT,UTAH,0
TXN09193,CUST005,1430.66,2024-03-01 14:53:36,ELECTRONICS,DEBIT,HAWAII,0
TXN09194,CUST034,7441.05,2024-03-15 19:47:58,JEWELRY,DEBIT,COLORADO,1
TXN09195,CUST109,26.94,2024-03-03 19:33:39,COFFEE_SHOP,DEBIT,NEW_YORK,0
TXN09196,CUST013,254.97,2024-03-25 08:20:10,GROCERY,CREDIT,WASHINGTON,0
TXN09197,CUST173,1307.7,2024-03-04 14:10:44,ELECTRONICS,CREDIT,OREGON,0
TXN09198,CUST036,449.2,2024-03-28 17:50:42,ONLINE,DEBIT,NEVADA,0
TXN09199,CUST055,454.81,2024-02-03 20:34:59,HOTEL,DEBIT,OREGON,0
TXN09200,CUST018,84.85,2024-01-02 18:59:24,PHARMACY,DEBIT,UNKNOWN,0
TXN09201,CUST079,397.17,2024-03-17 11:04:51,ATM,DEBIT,NEW_YORK,0
TXN09202,CUST007,67.89,2024-03-28 17:42:48,PHARMACY,DEBIT,UTAH,0
TXN09203,CUST030,43.89,2024-02-12 12:48:13,COFFEE_SHOP,CREDIT,OREGON,0
TXN09204,CUST001,248.97,2024-02-18 13:16:48,HOTEL,CREDIT,NEVADA,0
TXN09205,CUST048,174.61,2024-01-22 20:35:26,ATM,DEBIT,NEVADA,0
TXN09206,CUST015,447.43,2024-02-15 13:04:21,RESTAURANT,CREDIT,COLORADO,1
TXN09207,CUST179,17.07,2024-03-19 19:19:41,PHARMACY,DEBIT,UNKNOWN,0
TXN09208,CUST115,60.95,2024-03-29 19:52:12,CLOTHING,CREDIT,ARIZONA,0
TXN09209,CUST032,44.59,2024-01-23 15:29:34,PHARMACY,DEBIT,FLORIDA,0
TXN09210,CUST010,155.54,2024-01-30 17:17:16,HOTEL,CREDIT,MICHIGAN,0
TXN09211,CUST007,32.33,2024-02-27 15:37:23,COFFEE_SHOP,DEBIT,OREGON,0
TXN09212,CUST034,1069.56,2024-03-18 13:42:40,JEWELRY,DEBIT,UTAH,0
TXN09213,CUST116,4373.35,2024-02-29 19:46:02,ELECTRONICS,CREDIT,ILLINOIS,1
TXN09214,CUST047,22.74,2024-02-24 08:30:54,COFFEE_SHOP,CREDIT,FLORIDA,0
TXN09215,CUST003,564.76,2024-02-13 11:42:23,ELECTRONICS,CREDIT,ARIZONA,0
TXN09216,CUST013,196.19,2024-02-05 11:01:56,CLOTHING,CREDIT,UTAH,0
TXN09217,CUST022,1458.43,2024-02-21 21:32:18,HOTEL,DEBIT,MONTANA,1
TXN09218,CUST004,284.82,2024-03-22 19:46:20,PHARMACY,DEBIT,NEW_YORK,1
TXN09219,CUST003,1004.9,2024-01-07 12:21:49,ELECTRONICS,DEBIT,HAWAII,0
TXN09220,CUST122,602.76,2024-02-02 09:53:39,ELECTRONICS,CREDIT,MONTANA,0
TXN09221,CUST023,3855.88,2024-03-22 17:04:09,JEWELRY,DEBIT,TEXAS,1
TXN09222,CUST030,165.2,2024-02-24 15:00:52,RESTAURANT,DEBIT,NEVADA,0
TXN09223,CUST030,1829.32,2024-01-04 17:48:01,JEWELRY,CREDIT,MONTANA,1
TXN09224,CUST199,264.06,2024-02-08 08:37:19,ONLINE,DEBIT,MONTANA,0
TXN09225,CUST049,592.2,2024-02-20 15:48:58,ELECTRONICS,DEBIT,UNKNOWN,0
TXN09226,CUST050,109.36,2024-01-01 08:13:51,GROCERY,DEBIT,ILLINOIS,0
TXN09227,CUST078,145.91,2024-02-25 18:04:20,GAS_STATION,DEBIT,MONTANA,0
TXN09228,CUST044,345.85,2024-01-08 21:27:31,CLOTHING,DEBIT,WASHINGTON,0
TXN09229,CUST047,487.73,2024-03-24 15:16:46,ATM,CREDIT,FLORIDA,0
TXN09230,CUST115,391.04,2024-02-17 14:41:42,ATM,DEBIT,HAWAII,0
TXN09231,CUST046,102.74,2024-02-23 15:34:32,GAS_STATION,DEBIT,COLORADO,0
TXN09232,CUST029,438.0,2024-02-28 20:26:45,ATM,CREDIT,CALIFORNIA,0
TXN09233,CUST012,67.86,2024-01-27 17:03:26,PHARMACY,DEBIT,HAWAII,0
TXN09234,CUST023,389.17,2024-02-11 09:59:19,ATM,DEBIT,UTAH,0
TXN09235,CUST118,842.2,2024-02-26 19:51:38,ELECTRONICS,DEBIT,ARIZONA,0
TXN09236,CUST047,470.56,2024-01-20 18:10:24,ONLINE,DEBIT,UTAH,0
TXN09237,CUST001,225.5,2024-01-10 22:00:57,CLOTHING,DEBIT,ILLINOIS,0
TXN09238,CUST040,1225.76,2024-01-22 20:27:22,HOTEL,CREDIT,UTAH,1
TXN09239,CUST048,125.86,2024-02-21 19:52:33,GROCERY,DEBIT,HAWAII,0
TXN09240,CUST028,35.76,2024-01-05 14:36:32,CLOTHING,DEBIT,ARIZONA,0
TXN09241,CUST125,1168.63,2024-01-31 20:01:32,JEWELRY,DEBIT,NEVADA,0
TXN09242,CUST020,374.59,2024-02-25 16:03:03,CLOTHING,CREDIT,FLORIDA,0
TXN09243,CUST017,751.35,2024-02-21 17:35:35,ONLINE,DEBIT,HAWAII,0
TXN09244,CUST034,354.61,2024-01-27 13:06:09,HOTEL,CREDIT,WASHINGTON,0
TXN09245,CUST050,269.64,2024-03-22 22:50:32,HOTEL,DEBIT,NEW_YORK,0
TXN09246,CUST017,95.88,2024-03-16 17:37:48,ONLINE,CREDIT,NEW_YORK,0
TXN09247,CUST041,100.41,2024-01-20 15:13:37,GAS_STATION,DEBIT,ILLINOIS,0
TXN09248,CUST043,479.59,2024-02-27 20:41:02,HOTEL,DEBIT,NEW_YORK,0
TXN09249,CUST049,1016.84,2024-03-11 15:09:36,ELECTRONICS,DEBIT,MICHIGAN,0
TXN09250,CUST012,988.79,2024-01-23 13:04:16,ELECTRONICS,CREDIT,UTAH,0
TXN09251,CUST004,157.12,2024-02-12 21:27:42,RESTAURANT,DEBIT,ILLINOIS,0
TXN09252,CUST184,87.66,2024-03-07 21:26:38,HOTEL,CREDIT,NEVADA,0
TXN09253,CUST002,85.87,2024-01-23 19:53:41,GAS_STATION,DEBIT,OREGON,0
TXN09254,CUST009,320.68,2024-02-29 19:17:26,CLOTHING,DEBIT,UTAH,0
TXN09255,CUST068,4665.26,2024-01-07 22:43:02,JEWELRY,DEBIT,HAWAII,1
TXN09256,CUST042,31.51,2024-02-28 13:00:57,COFFEE_SHOP,DEBIT,ILLINOIS,0
TXN09257,CUST034,20.57,2024-03-20 09:15:36,COFFEE_SHOP,CREDIT,HAWAII,0
TXN09258,CUST040,43.75,2024-01-20 09:20:06,ATM,DEBIT,ILLINOIS,0
TXN09259,CUST015,918.15,2024-02-01 10:05:05,ELECTRONICS,DEBIT,NEVADA,0
TXN09260,CUST045,64.23,2024-03-19 12:04:28,GAS_STATION,DEBIT,COLORADO,0
TXN09261,CUST049,915.73,2024-02-01 20:45:05,ELECTRONICS,DEBIT,COLORADO,0
TXN09262,CUST035,126.23,2024-01-29 11:45:13,COFFEE_SHOP,DEBIT,OREGON,1
TXN09263,CUST013,279.73,2024-02-11 14:47:54,GROCERY,DEBIT,NEVADA,0
TXN09264,CUST021,114.2,2024-02-06 17:41:00,ELECTRONICS,DEBIT,ILLINOIS,0
TXN09265,CUST018,10.41,2024-02-29 18:39:13,PHARMACY,DEBIT,FLORIDA,0
TXN09266,CUST020,161.79,2024-03-03 18:27:46,HOTEL,CREDIT,CALIFORNIA,0
TXN09267,CUST014,314.41,2024-01-21 10:32:43,CLOTHING,DEBIT,WASHINGTON,0
TXN09268,CUST050,67.72,2024-02-11 15:50:20,PHARMACY,CREDIT,NEVADA,0
TXN09269,CUST025,1024.68,2024-01-22 11:44:28,HOTEL,DEBIT,MONTANA,1
TXN09270,CUST043,389.0,2024-01-27 21:36:45,ONLINE,DEBIT,NEVADA,0
TXN09271,CUST008,275.3,2024-01-18 11:27:57,ELECTRONICS,DEBIT,UNKNOWN,0
TXN09272,CUST008,493.06,2024-01-23 16:09:14,ATM,DEBIT,MICHIGAN,0
TXN09273,CUST016,332.05,2024-02-07 22:49:30,GROCERY,DEBIT,UTAH,0
TXN09274,CUST003,2203.45,2024-03-11 10:28:47,ONLINE,DEBIT,TEXAS,1
TXN09275,CUST003,88.99,2024-01-07 10:43:33,GROCERY,DEBIT,COLORADO,0
TXN09276,CUST050,35.39,2024-01-13 13:18:10,COFFEE_SHOP,CREDIT,ILLINOIS,0
TXN09277,CUST007,386.65,2024-02-22 21:04:45,ATM,DEBIT,ILLINOIS,0
TXN09278,CUST049,35.38,2024-03-11 16:56:11,ATM,DEBIT,NEVADA,0
TXN09279,CUST039,276.69,2024-02-05 21:18:59,HOTEL,DEBIT,WASHINGTON,0
TXN09280,CUST002,35.09,2024-01-19 18:45:50,PHARMACY,DEBIT,MONTANA,0
TXN09281,CUST048,120.78,2024-03-28 16:33:22,ONLINE,DEBIT,FLORIDA,0
TXN09282,CUST050,110.31,2024-03-23 15:12:06,GROCERY,CREDIT,MICHIGAN,0
TXN09283,CUST006,32.43,2024-03-12 13:48:38,RESTAURANT,CREDIT,UTAH,0
TXN09284,CUST151,206.16,2024-02-25 17:10:24,CLOTHING,DEBIT,ILLINOIS,0
TXN09285,CUST018,40.05,2024-02-03 18:11:29,GAS_STATION,DEBIT,UNKNOWN,0
TXN09286,CUST066,3458.03,2024-01-12 15:13:53,JEWELRY,DEBIT,COLORADO,1
TXN09287,CUST068,170.21,2024-02-22 18:31:21,RESTAURANT,CREDIT,MICHIGAN,0
TXN09288,CUST039,388.43,2024-02-04 13:12:18,ELECTRONICS,DEBIT,UNKNOWN,0
TXN09289,CUST025,35.31,2024-01-14 12:24:04,COFFEE_SHOP,CREDIT,WASHINGTON,0
TXN09290,CUST032,5.08,2024-03-27 13:20:35,COFFEE_SHOP,CREDIT,FLORIDA,0
TXN09291,CUST035,1209.94,2024-01-31 21:34:37,ONLINE,DEBIT,UTAH,1
TXN09292,CUST031,209.04,2024-03-14 10:37:22,HOTEL,DEBIT,CALIFORNIA,0
TXN09293,CUST042,91.31,2024-02-10 18:52:42,RESTAURANT,DEBIT,UNKNOWN,0
TXN09294,CUST019,3280.67,2024-02-01 12:58:48,ONLINE,DEBIT,MICHIGAN,1
TXN09295,CUST004,38.62,2024-02-10 11:02:10,COFFEE_SHOP,DEBIT,MONTANA,0
TXN09296,CUST024,43.8,2024-03-30 17:17:37,RESTAURANT,DEBIT,UTAH,0
TXN09297,CUST011,573.64,2024-03-27 11:48:07,ELECTRONICS,DEBIT,COLORADO,0
TXN09298,CUST162,68.94,2024-03-19 22:42:41,ATM,DEBIT,UTAH,0
TXN09299,CUST027,69.16,2024-03-06 19:15:39,RESTAURANT,CREDIT,NEW_YORK,0
TXN09300,CUST031,82.62,2024-01-23 18:04:56,PHARMACY,DEBIT,WASHINGTON,0
TXN09301,CUST048,350.01,2024-01-06 21:05:38,HOTEL,DEBIT,CALIFORNIA,0
TXN09302,CUST050,781.64,2024-02-25 16:33:58,ONLINE,DEBIT,CALIFORNIA,0
TXN09303,CUST041,285.63,2024-03-30 08:46:47,ATM,CREDIT,MONTANA,0
TXN09304,CUST002,724.24,2024-01-20 20:53:05,ONLINE,DEBIT,HAWAII,0
TXN09305,CUST128,36.96,2024-03-05 15:22:58,CLOTHING,DEBIT,HAWAII,0
TXN09306,CUST027,838.63,2024-02-22 13:01:20,JEWELRY,DEBIT,COLORADO,0
TXN09307,CUST031,204.66,2024-01-11 12:43:42,GROCERY,CREDIT,MONTANA,0
TXN09308,CUST050,209.97,2024-02-09 16:57:25,GROCERY,DEBIT,WASHINGTON,0
TXN09309,CUST027,872.84,2024-01-15 14:36:55,ONLINE,DEBIT,MICHIGAN,1
TXN09310,CUST040,86.47,2024-02-11 09:20:41,GAS_STATION,DEBIT,UNKNOWN,0
TXN09311,CUST015,9.22,2024-02-10 13:21:08,COFFEE_SHOP,CREDIT,HAWAII,0
TXN09312,CUST016,102.25,2024-02-02 18:24:43,ONLINE,DEBIT,TEXAS,0
TXN09313,CUST101,1295.66,2024-01-31 14:16:35,JEWELRY,DEBIT,FLORIDA,0
TXN09314,CUST006,387.55,2024-03-28 08:12:53,HOTEL,DEBIT,CALIFORNIA,0
TXN09315,CUST027,258.32,2024-01-08 16:00:47,ATM,DEBIT,HAWAII,0
TXN09316,CUST006,470.75,2024-01-17 21:08:31,RESTAURANT,DEBIT,COLORADO,1
TXN09317,CUST020,203.28,2024-01-16 16:45:10,CLOTHING,DEBIT,MICHIGAN,0
TXN09318,CUST050,368.58,2024-03-29 10:57:31,GAS_STATION,DEBIT,TEXAS,1
TXN09319,CUST018,102.61,2024-01-16 20:44:29,GROCERY,DEBIT,OREGON,0
TXN09320,CUST038,42.6,2024-01-08 14:49:03,GAS_STATION,DEBIT,MONTANA,0
TXN09321,CUST003,165.98,2024-03-01 11:25:20,RESTAURANT,DEBIT,MONTANA,0
TXN09322,CUST010,80.35,2024-03-07 16:26:15,HOTEL,CREDIT,MICHIGAN,0
TXN09323,CUST043,197.38,2024-03-19 17:14:09,JEWELRY,CREDIT,MONTANA,0
TXN09324,CUST002,1823.45,2024-02-16 11:41:12,JEWELRY,DEBIT,MONTANA,0
TXN09325,CUST031,38.23,2024-01-11 13:52:48,CLOTHING,CREDIT,ILLINOIS,0
TXN09326,CUST159,650.83,2024-03-22 14:44:12,ONLINE,CREDIT,COLORADO,0
TXN09327,CUST007,448.51,2024-01-28 16:53:16,ELECTRONICS,DEBIT,WASHINGTON,0
TXN09328,CUST044,179.1,2024-03-08 10:09:26,GROCERY,DEBIT,CALIFORNIA,0
TXN09329,CUST122,282.78,2024-01-26 14:31:48,ATM,DEBIT,WASHINGTON,0
TXN09330,CUST019,463.95,2024-03-28 15:06:06,HOTEL,CREDIT,MICHIGAN,0
TXN09331,CUST048,2871.87,2024-01-15 20:34:54,ONLINE,CREDIT,ARIZONA,1
TXN09332,CUST041,342.21,2024-02-24 19:45:15,ONLINE,DEBIT,NEW_YORK,0
TXN09333,CUST017,134.83,2024-03-01 14:01:31,GAS_STATION,DEBIT,HAWAII,0
TXN09334,CUST018,432.49,2024-03-30 18:12:06,HOTEL,DEBIT,HAWAII,0
TXN09335,CUST062,44.72,2024-01-21 17:06:57,GAS_STATION,CREDIT,CALIFORNIA,0
TXN09336,CUST003,146.92,2024-03-17 22:52:07,ATM,CREDIT,COLORADO,0
TXN09337,CUST021,3925.83,2024-02-09 08:08:24,ELECTRONICS,CREDIT,UTAH,1
TXN09338,CUST025,104.56,2024-02-22 15:36:39,GROCERY,CREDIT,TEXAS,0
TXN09339,CUST011,395.49,2024-03-07 14:43:32,ATM,DEBIT,NEVADA,0
TXN09340,CUST010,17.14,2024-02-01 16:39:54,COFFEE_SHOP,DEBIT,UTAH,0
TXN09341,CUST200,40.24,2024-03-05 17:03:39,RESTAURANT,CREDIT,MONTANA,0
TXN09342,CUST091,153.24,2024-03-26 22:34:06,RESTAURANT,DEBIT,MONTANA,0
TXN09343,CUST025,38.05,2024-01-18 15:49:05,GAS_STATION,CREDIT,UTAH,0
TXN09344,CUST026,19.41,2024-03-17 08:13:51,COFFEE_SHOP,DEBIT,OREGON,0
TXN09345,CUST183,79.88,2024-02-22 22:11:43,GAS_STATION,DEBIT,UTAH,0
TXN09346,CUST014,308.32,2024-03-22 10:08:42,CLOTHING,DEBIT,TEXAS,0
TXN09347,CUST035,34.19,2024-01-09 22:39:53,COFFEE_SHOP,DEBIT,CALIFORNIA,0
TXN09348,CUST185,29.31,2024-03-07 09:07:28,COFFEE_SHOP,DEBIT,WASHINGTON,0
TXN09349,CUST028,2827.24,2024-02-28 11:54:21,JEWELRY,DEBIT,ARIZONA,1
TXN09350,CUST029,527.32,2024-01-23 20:07:30,JEWELRY,CREDIT,TEXAS,0
TXN09351,CUST047,25.01,2024-02-15 17:12:07,PHARMACY,DEBIT,MICHIGAN,0
TXN09352,CUST068,17.8,2024-01-06 15:25:03,PHARMACY,CREDIT,WASHINGTON,0
TXN09353,CUST035,72.35,2024-03-28 12:59:07,CLOTHING,DEBIT,WASHINGTON,0
TXN09354,CUST116,79.91,2024-02-01 14:24:05,GAS_STATION,DEBIT,UTAH,0
TXN09355,CUST098,266.3,2024-03-10 10:23:38,GROCERY,DEBIT,WASHINGTON,0
TXN09356,CUST031,4369.15,2024-01-22 14:04:01,JEWELRY,CREDIT,OREGON,1
TXN09357,CUST010,42.21,2024-01-21 15:44:34,PHARMACY,DEBIT,NEVADA,0
TXN09358,CUST035,37.05,2024-01-28 10:20:02,GAS_STATION,DEBIT,WASHINGTON,0
TXN09359,CUST001,4458.97,2024-03-18 17:20:42,ONLINE,DEBIT,NEVADA,1
TXN09360,CUST065,677.19,2024-02-17 09:45:11,ONLINE,DEBIT,MICHIGAN,0
TXN09361,CUST095,268.96,2024-03-09 17:07:51,PHARMACY,DEBIT,FLORIDA,1
TXN09362,CUST008,183.2,2024-02-08 11:30:05,HOTEL,CREDIT,ILLINOIS,0
TXN09363,CUST049,48.07,2024-01-11 18:11:26,PHARMACY,DEBIT,ILLINOIS,0
TXN09364,CUST025,26.1,2024-02-03 16:35:50,COFFEE_SHOP,CREDIT,OREGON,0
TXN09365,CUST034,456.68,2024-01-01 20:08:11,JEWELRY,CREDIT,FLORIDA,0
TXN09366,CUST109,262.44,2024-02-12 13:35:46,CLOTHING,DEBIT,HAWAII,0
TXN09367,CUST018,173.49,2024-01-20 22:58:22,ATM,DEBIT,MICHIGAN,0
TXN09368,CUST017,1466.85,2024-01-12 18:35:49,ELECTRONICS,DEBIT,OREGON,0
TXN09369,CUST199,375.84,2024-03-10 15:35:35,ATM,DEBIT,WASHINGTON,0
TXN09370,CUST184,146.06,2024-02-09 09:35:17,RESTAURANT,DEBIT,FLORIDA,0
TXN09371,CUST004,225.99,2024-03-02 09:31:50,GROCERY,DEBIT,CALIFORNIA,0
TXN09372,CUST028,554.96,2024-02-03 09:58:33,GROCERY,CREDIT,UNKNOWN,1
TXN09373,CUST022,1683.12,2024-01-25 11:29:46,JEWELRY,CREDIT,MICHIGAN,0
TXN09374,CUST011,68.35,2024-03-04 08:22:00,ATM,DEBIT,MICHIGAN,0
TXN09375,CUST022,88.37,2024-01-11 15:00:18,CLOTHING,CREDIT,TEXAS,0
TXN09376,CUST018,145.27,2024-01-08 20:53:04,GROCERY,DEBIT,TEXAS,0
TXN09377,CUST021,441.73,2024-01-04 11:28:17,ONLINE,DEBIT,CALIFORNIA,0
TXN09378,CUST040,480.98,2024-01-31 19:48:59,ATM,CREDIT,FLORIDA,0
TXN09379,CUST041,152.3,2024-03-23 21:09:49,HOTEL,CREDIT,TEXAS,0
TXN09380,CUST011,169.83,2024-03-11 15:54:42,ATM,DEBIT,FLORIDA,0
TXN09381,CUST018,49.47,2024-02-06 12:19:14,ATM,DEBIT,HAWAII,0
TXN09382,CUST019,97.33,2024-01-05 18:36:19,GAS_STATION,CREDIT,NEW_YORK,0
TXN09383,CUST054,83.03,2024-02-27 14:28:42,PHARMACY,DEBIT,HAWAII,0
TXN09384,CUST016,133.13,2024-01-15 17:13:31,ONLINE,DEBIT,HAWAII,0
TXN09385,CUST029,50.03,2024-03-17 20:09:14,GROCERY,DEBIT,WASHINGTON,0
TXN09386,CUST024,51.85,2024-02-14 21:33:19,PHARMACY,DEBIT,OREGON,0
TXN09387,CUST015,1479.28,2024-01-14 14:52:46,HOTEL,DEBIT,MONTANA,1
TXN09388,CUST003,243.48,2024-03-11 18:00:27,GROCERY,DEBIT,FLORIDA,0
TXN09389,CUST040,90.05,2024-03-13 17:15:49,PHARMACY,DEBIT,OREGON,0
TXN09390,CUST050,531.5,2024-01-01 12:28:45,ONLINE,CREDIT,COLORADO,1
TXN09391,CUST026,223.01,2024-02-19 16:02:31,ATM,CREDIT,CALIFORNIA,0
TXN09392,CUST029,292.61,2024-01-02 22:52:08,ATM,CREDIT,FLORIDA,0
TXN09393,CUST057,275.88,2024-03-07 22:27:09,GROCERY,CREDIT,UTAH,0
TXN09394,CUST011,148.37,2024-01-09 10:11:16,GAS_STATION,DEBIT,UNKNOWN,0
TXN09395,CUST008,1791.95,2024-01-29 15:22:00,JEWELRY,DEBIT,FLORIDA,1
TXN09396,CUST039,429.91,2024-03-01 09:21:37,ONLINE,CREDIT,NEVADA,0
TXN09397,CUST039,20.58,2024-03-16 10:45:20,COFFEE_SHOP,DEBIT,ARIZONA,0
TXN09398,CUST115,116.29,2024-02-15 20:01:34,GAS_STATION,DEBIT,UNKNOWN,0
TXN09399,CUST040,122.48,2024-02-29 08:29:11,GAS_STATION,CREDIT,TEXAS,0
TXN09400,CUST016,19.75,2024-03-03 17:11:48,PHARMACY,DEBIT,HAWAII,0
TXN09401,CUST021,4250.38,2024-01-21 18:31:06,ONLINE,DEBIT,ARIZONA,1
TXN09402,CUST036,3666.53,2024-02-15 18:07:32,ONLINE,DEBIT,OREGON,1
TXN09403,CUST028,39.53,2024-01-13 21:17:37,COFFEE_SHOP,CREDIT,TEXAS,0
TXN09404,CUST041,345.43,2024-02-27 09:59:16,CLOTHING,CREDIT,NEW_YORK,0
TXN09405,CUST040,5951.98,2024-02-04 09:04:57,JEWELRY,DEBIT,MONTANA,1
TXN09406,CUST009,214.01,2024-02-18 14:41:17,CLOTHING,DEBIT,HAWAII,0
TXN09407,CUST090,63.15,2024-02-18 17:57:10,PHARMACY,DEBIT,MONTANA,0
TXN09408,CUST175,355.55,2024-03-16 19:24:34,ATM,CREDIT,HAWAII,0
TXN09409,CUST044,82.63,2024-01-10 14:41:28,GAS_STATION,DEBIT,TEXAS,0
TXN09410,CUST078,969.34,2024-02-10 11:01:01,JEWELRY,CREDIT,MICHIGAN,0
TXN09411,CUST015,23.18,2024-03-09 15:51:50,CLOTHING,DEBIT,NEW_YORK,0
TXN09412,CUST037,19.84,2024-02-24 11:36:51,COFFEE_SHOP,DEBIT,ARIZONA,0
TXN09413,CUST001,253.73,2024-03-26 20:32:08,ATM,CREDIT,HAWAII,0
TXN09414,CUST187,70.73,2024-02-25 21:33:04,PHARMACY,DEBIT,CALIFORNIA,0
TXN09415,CUST145,1339.4,2024-03-07 20:46:16,JEWELRY,DEBIT,NEW_YORK,0
TXN09416,CUST037,468.77,2024-02-06 12:55:48,ONLINE,DEBIT,CALIFORNIA,0
TXN09417,CUST012,633.51,2024-01-01 16:16:01,ONLINE,DEBIT,NEW_YORK,0
TXN09418,CUST012,66.99,2024-03-01 16:27:59,GAS_STATION,DEBIT,MONTANA,0
TXN09419,CUST010,121.59,2024-02-20 15:04:13,GAS_STATION,CREDIT,MONTANA,0
TXN09420,CUST031,521.54,2024-01-11 18:38:02,ONLINE,DEBIT,ILLINOIS,0
TXN09421,CUST028,470.02,2024-02-23 08:47:42,ONLINE,DEBIT,MICHIGAN,0
TXN09422,CUST016,797.64,2024-03-13 19:33:24,ONLINE,DEBIT,MONTANA,0
TXN09423,CUST042,78.67,2024-02-07 08:48:45,PHARMACY,DEBIT,MONTANA,0
TXN09424,CUST036,231.62,2024-01-27 19:01:00,ATM,DEBIT,ARIZONA,0
TXN09425,CUST023,285.24,2024-01-11 16:45:18,ELECTRONICS,CREDIT,ILLINOIS,0
TXN09426,CUST019,16.1,2024-02-28 20:18:26,GROCERY,CREDIT,HAWAII,0
TXN09427,CUST030,374.27,2024-03-30 12:18:09,ELECTRONICS,DEBIT,UNKNOWN,0
TXN09428,CUST032,104.34,2024-02-22 11:40:27,RESTAURANT,DEBIT,WASHINGTON,0
TXN09429,CUST036,265.88,2024-01-28 13:58:23,HOTEL,DEBIT,CALIFORNIA,0
TXN09430,CUST046,1086.5,2024-03-18 12:44:56,CLOTHING,DEBIT,MICHIGAN,1
TXN09431,CUST011,180.91,2024-01-08 10:29:26,RESTAURANT,DEBIT,UTAH,0
TXN09432,CUST049,38.76,2024-01-31 17:15:25,PHARMACY,DEBIT,ILLINOIS,0
TXN09433,CUST035,103.0,2024-03-26 15:06:02,GAS_STATION,DEBIT,ILLINOIS,0
TXN09434,CUST018,33.6,2024-02-10 17:49:23,ONLINE,DEBIT,TEXAS,0
TXN09435,CUST039,88.09,2024-03-14 08:45:21,ONLINE,DEBIT,TEXAS,0
TXN09436,CUST004,165.19,2024-02-01 08:09:10,GROCERY,CREDIT,HAWAII,0
TXN09437,CUST020,200.48,2024-01-30 13:53:03,GROCERY,DEBIT,MONTANA,0
TXN09438,CUST008,42.22,2024-01-09 14:55:39,COFFEE_SHOP,DEBIT,NEVADA,0
TXN09439,CUST005,367.72,2024-03-16 15:24:36,HOTEL,DEBIT,NEVADA,0
TXN09440,CUST005,70.46,2024-01-05 17:08:39,GAS_STATION,DEBIT,COLORADO,0
TXN09441,CUST030,338.76,2024-03-04 20:24:42,HOTEL,CREDIT,ARIZONA,0
TXN09442,CUST008,647.82,2024-01-20 18:08:25,HOTEL,CREDIT,NEW_YORK,1
TXN09443,CUST031,1059.85,2024-02-25 18:12:19,CLOTHING,DEBIT,CALIFORNIA,1
TXN09444,CUST034,72.48,2024-03-22 14:07:38,RESTAURANT,CREDIT,NEW_YORK,0
TXN09445,CUST025,277.23,2024-03-11 14:02:39,JEWELRY,DEBIT,HAWAII,0
TXN09446,CUST190,1984.72,2024-01-29 15:09:06,JEWELRY,DEBIT,CALIFORNIA,0
TXN09447,CUST015,472.31,2024-02-11 12:48:12,ATM,CREDIT,UNKNOWN,0
TXN09448,CUST025,76.98,2024-01-19 08:10:16,PHARMACY,CREDIT,CALIFORNIA,0
TXN09449,CUST018,711.84,2024-03-02 13:29:10,ELECTRONICS,CREDIT,COLORADO,0
TXN09450,CUST001,428.38,2024-03-29 11:22:59,ONLINE,DEBIT,UTAH,0
TXN09451,CUST049,355.17,2024-03-25 20:13:52,CLOTHING,DEBIT,NEVADA,0
TXN09452,CUST016,143.38,2024-01-30 19:04:29,ATM,CREDIT,UTAH,0
TXN09453,CUST024,1925.15,2024-03-06 22:24:06,JEWELRY,CREDIT,NEW_YORK,0
TXN09454,CUST042,844.71,2024-02-17 14:10:27,ONLINE,DEBIT,ILLINOIS,1
TXN09455,CUST047,166.72,2024-01-22 11:02:23,CLOTHING,CREDIT,MICHIGAN,0
TXN09456,CUST018,1121.57,2024-03-11 22:56:36,ELECTRONICS,DEBIT,UNKNOWN,0
TXN09457,CUST010,632.98,2024-01-15 19:45:35,RESTAURANT,CREDIT,TEXAS,1
TXN09458,CUST002,262.2,2024-02-05 12:52:52,HOTEL,DEBIT,UNKNOWN,0
TXN09459,CUST093,104.07,2024-02-15 10:08:09,HOTEL,CREDIT,NEW_YORK,0
TXN09460,CUST019,380.69,2024-01-19 10:42:02,CLOTHING,DEBIT,UNKNOWN,0
TXN09461,CUST071,1043.78,2024-03-15 21:55:31,HOTEL,DEBIT,OREGON,1
TXN09462,CUST007,63.09,2024-01-27 14:23:13,RESTAURANT,DEBIT,WASHINGTON,0
TXN09463,CUST005,261.91,2024-01-26 10:40:19,ATM,DEBIT,MICHIGAN,0
TXN09464,CUST004,302.76,2024-01-02 08:17:28,JEWELRY,CREDIT,MICHIGAN,0
TXN09465,CUST005,23.56,2024-01-10 12:57:51,PHARMACY,CREDIT,NEW_YORK,0
TXN09466,CUST015,918.19,2024-01-21 20:00:30,ELECTRONICS,DEBIT,ILLINOIS,1
TXN09467,CUST031,98.0,2024-03-14 14:04:44,GAS_STATION,DEBIT,OREGON,0
TXN09468,CUST007,63.78,2024-02-17 08:10:46,GAS_STATION,CREDIT,UTAH,0
TXN09469,CUST049,193.16,2024-03-13 12:10:29,RESTAURANT,DEBIT,TEXAS,0
TXN09470,CUST048,126.88,2024-01-10 17:10:07,GAS_STATION,CREDIT,COLORADO,0
TXN09471,CUST030,381.48,2024-01-18 20:42:13,ONLINE,DEBIT,NEVADA,0
TXN09472,CUST028,32.32,2024-01-02 15:16:07,RESTAURANT,CREDIT,OREGON,0
TXN09473,CUST019,312.33,2024-02-14 20:39:55,ATM,DEBIT,FLORIDA,0
TXN09474,CUST017,3331.9,2024-01-05 08:09:51,JEWELRY,DEBIT,ILLINOIS,1
TXN09475,CUST021,208.69,2024-03-03 09:54:14,GROCERY,DEBIT,OREGON,0
TXN09476,CUST005,49.9,2024-02-27 21:43:02,ATM,DEBIT,UTAH,0
TXN09477,CUST025,57.66,2024-01-11 21:30:47,PHARMACY,DEBIT,COLORADO,0
TXN09478,CUST034,420.03,2024-02-10 08:09:07,HOTEL,DEBIT,CALIFORNIA,0
TXN09479,CUST003,132.96,2024-02-25 21:27:49,CLOTHING,CREDIT,MICHIGAN,0
TXN09480,CUST036,326.6,2024-03-16 17:34:20,HOTEL,DEBIT,COLORADO,0
TXN09481,CUST198,678.06,2024-02-26 18:20:03,ATM,DEBIT,MICHIGAN,1
TXN09482,CUST005,164.6,2024-02-27 13:08:22,ATM,DEBIT,OREGON,0
TXN09483,CUST023,43.41,2024-03-20 21:29:01,COFFEE_SHOP,DEBIT,OREGON,0
TXN09484,CUST002,262.43,2024-03-02 17:17:21,GROCERY,DEBIT,HAWAII,0
TXN09485,CUST020,73.97,2024-01-14 21:34:28,PHARMACY,DEBIT,CALIFORNIA,0
TXN09486,CUST083,774.39,2024-03-22 13:12:07,RESTAURANT,CREDIT,OREGON,1
TXN09487,CUST036,197.03,2024-03-18 22:12:01,CLOTHING,DEBIT,OREGON,0
TXN09488,CUST037,33.89,2024-01-07 14:55:30,RESTAURANT,DEBIT,WASHINGTON,0
TXN09489,CUST001,103.1,2024-02-23 14:12:42,ATM,DEBIT,NEW_YORK,0
TXN09490,CUST041,42.64,2024-01-08 14:59:57,COFFEE_SHOP,CREDIT,HAWAII,0
TXN09491,CUST034,51.34,2024-03-11 19:04:55,PHARMACY,DEBIT,NEVADA,0
TXN09492,CUST001,74.35,2024-01-08 10:44:15,PHARMACY,DEBIT,CALIFORNIA,0
TXN09493,CUST006,747.65,2024-02-02 19:36:41,ONLINE,DEBIT,NEVADA,0
TXN09494,CUST013,11.05,2024-01-18 16:40:59,COFFEE_SHOP,DEBIT,NEVADA,0
TXN09495,CUST112,258.02,2024-01-14 21:10:35,GROCERY,CREDIT,NEW_YORK,0
TXN09496,CUST004,257.75,2024-02-18 20:28:00,ATM,DEBIT,WASHINGTON,0
TXN09497,CUST041,371.27,2024-02-05 19:31:21,ATM,DEBIT,FLORIDA,0
TXN09498,CUST034,22.01,2024-01-04 19:47:47,RESTAURANT,DEBIT,OREGON,0
TXN09499,CUST070,66.57,2024-02-22 19:43:10,PHARMACY,DEBIT,WASHINGTON,0
TXN09500,CUST001,507.52,2024-01-26 09:10:45,ONLINE,DEBIT,HAWAII,0
TXN09501,CUST049,461.41,2024-02-27 22:41:14,ATM,DEBIT,CALIFORNIA,0
TXN09502,CUST017,92.62,2024-03-26 12:43:05,RESTAURANT,DEBIT,ILLINOIS,0
TXN09503,CUST029,38.06,2024-01-31 17:33:09,PHARMACY,DEBIT,CALIFORNIA,0
TXN09504,CUST046,30.58,2024-01-01 16:24:57,ONLINE,DEBIT,NEVADA,0
TXN09505,CUST027,391.58,2024-02-15 16:43:07,ONLINE,CREDIT,ILLINOIS,0
TXN09506,CUST036,2535.69,2024-02-01 21:44:42,ONLINE,CREDIT,UTAH,1
TXN09507,CUST014,40.35,2024-03-08 15:44:04,COFFEE_SHOP,DEBIT,TEXAS,0
TXN09508,CUST021,261.8,2024-01-30 13:14:36,ATM,CREDIT,NEVADA,0
TXN09509,CUST022,8.94,2024-03-13 15:58:42,COFFEE_SHOP,DEBIT,NEW_YORK,0
TXN09510,CUST040,386.81,2024-01-25 13:57:33,ATM,DEBIT,UTAH,0
TXN09511,CUST049,46.97,2024-02-28 09:14:43,COFFEE_SHOP,DEBIT,TEXAS,0
TXN09512,CUST053,1902.22,2024-02-22 08:03:54,JEWELRY,CREDIT,NEW_YORK,0
TXN09513,CUST072,107.0,2024-03-21 22:05:46,RESTAURANT,CREDIT,MONTANA,0
TXN09514,CUST003,147.82,2024-01-15 17:38:28,CLOTHING,CREDIT,MONTANA,0
TXN09515,CUST034,61.53,2024-01-02 21:54:27,ATM,DEBIT,ARIZONA,0
TXN09516,CUST045,184.06,2024-02-17 15:45:49,RESTAURANT,DEBIT,COLORADO,0
TXN09517,CUST040,2883.2,2024-02-03 16:46:27,ELECTRONICS,CREDIT,ILLINOIS,1
TXN09518,CUST004,8.33,2024-01-16 14:21:16,COFFEE_SHOP,DEBIT,FLORIDA,0
TXN09519,CUST043,240.28,2024-02-01 18:57:28,GROCERY,DEBIT,COLORADO,0
TXN09520,CUST037,378.63,2024-01-28 12:16:59,GROCERY,DEBIT,NEW_YORK,1
TXN09521,CUST154,76.49,2024-03-05 16:20:29,PHARMACY,CREDIT,NEW_YORK,0
TXN09522,CUST018,231.48,2024-03-22 12:47:09,ONLINE,DEBIT,HAWAII,0
TXN09523,CUST037,88.02,2024-02-06 22:52:19,PHARMACY,DEBIT,COLORADO,0
TXN09524,CUST058,437.23,2024-02-22 15:14:22,HOTEL,DEBIT,CALIFORNIA,0
TXN09525,CUST013,12.12,2024-01-07 15:19:58,COFFEE_SHOP,DEBIT,NEVADA,0
TXN09526,CUST025,78.13,2024-03-26 13:22:44,GAS_STATION,DEBIT,ARIZONA,0
TXN09527,CUST019,197.23,2024-03-09 15:07:09,RESTAURANT,CREDIT,TEXAS,0
TXN09528,CUST047,385.46,2024-03-11 12:39:41,ATM,DEBIT,FLORIDA,0
TXN09529,CUST016,109.98,2024-03-14 20:31:44,ATM,CREDIT,UTAH,0
TXN09530,CUST021,80.14,2024-03-09 18:41:38,RESTAURANT,DEBIT,COLORADO,0
TXN09531,CUST012,18.65,2024-03-25 14:22:30,COFFEE_SHOP,CREDIT,TEXAS,0
TXN09532,CUST018,428.46,2024-03-19 17:08:36,HOTEL,DEBIT,WASHINGTON,0
TXN09533,CUST039,123.85,2024-01-31 17:25:29,GAS_STATION,DEBIT,HAWAII,0
TXN09534,CUST109,271.74,2024-02-22 10:36:16,GROCERY,DEBIT,UNKNOWN,0
TXN09535,CUST005,649.27,2024-01-04 17:53:11,ONLINE,CREDIT,TEXAS,0
TXN09536,CUST042,182.86,2024-01-30 12:12:38,ATM,DEBIT,FLORIDA,0
TXN09537,CUST017,454.46,2024-03-24 14:46:55,HOTEL,DEBIT,CALIFORNIA,0
TXN09538,CUST012,177.59,2024-01-02 19:19:07,CLOTHING,CREDIT,NEW_YORK,0
TXN09539,CUST192,651.03,2024-03-18 21:53:42,RESTAURANT,DEBIT,MICHIGAN,1
TXN09540,CUST030,31.65,2024-01-17 11:51:14,PHARMACY,DEBIT,UNKNOWN,0
TXN09541,CUST090,45.36,2024-03-10 08:21:33,COFFEE_SHOP,DEBIT,CALIFORNIA,0
TXN09542,CUST015,72.65,2024-02-15 20:14:50,PHARMACY,DEBIT,NEVADA,0
TXN09543,CUST040,452.62,2024-01-07 12:22:01,ONLINE,DEBIT,UTAH,0
TXN09544,CUST134,81.62,2024-02-11 13:24:51,CLOTHING,CREDIT,NEW_YORK,0
TXN09545,CUST046,85.1,2024-03-12 15:04:58,RESTAURANT,CREDIT,TEXAS,0
TXN09546,CUST050,133.27,2024-01-18 13:37:44,GROCERY,DEBIT,CALIFORNIA,0
TXN09547,CUST134,74.44,2024-02-09 20:58:20,PHARMACY,DEBIT,OREGON,0
TXN09548,CUST046,141.3,2024-03-25 20:48:23,GAS_STATION,CREDIT,UTAH,0
TXN09549,CUST015,698.46,2024-01-10 11:14:34,RESTAURANT,CREDIT,OREGON,1
TXN09550,CUST009,67.95,2024-02-15 15:51:36,GAS_STATION,DEBIT,ILLINOIS,0
TXN09551,CUST023,28.14,2024-02-24 10:22:48,COFFEE_SHOP,DEBIT,COLORADO,0
TXN09552,CUST044,471.15,2024-02-21 18:47:43,ONLINE,DEBIT,UNKNOWN,0
TXN09553,CUST164,133.27,2024-02-06 20:27:43,ATM,DEBIT,WASHINGTON,0
TXN09554,CUST019,1721.42,2024-02-28 13:52:22,JEWELRY,DEBIT,UNKNOWN,0
TXN09555,CUST037,147.58,2024-02-05 13:21:32,GAS_STATION,DEBIT,WASHINGTON,0
TXN09556,CUST005,184.1,2024-02-29 17:41:49,RESTAURANT,DEBIT,CALIFORNIA,0
TXN09557,CUST013,317.88,2024-02-15 09:56:18,GROCERY,DEBIT,MONTANA,0
TXN09558,CUST060,25.91,2024-03-16 18:57:24,COFFEE_SHOP,CREDIT,ARIZONA,0
TXN09559,CUST004,1204.72,2024-03-15 10:07:45,JEWELRY,CREDIT,UTAH,0
TXN09560,CUST011,425.5,2024-02-21 19:54:10,HOTEL,DEBIT,HAWAII,0
TXN09561,CUST013,1029.17,2024-03-10 11:14:31,ONLINE,DEBIT,FLORIDA,1
TXN09562,CUST038,117.79,2024-02-21 21:11:11,RESTAURANT,CREDIT,ARIZONA,0
TXN09563,CUST013,415.75,2024-02-21 22:00:55,ATM,DEBIT,WASHINGTON,0
TXN09564,CUST079,537.78,2024-02-22 20:22:01,RESTAURANT,DEBIT,UTAH,1
TXN09565,CUST179,30.56,2024-02-21 22:57:59,COFFEE_SHOP,DEBIT,CALIFORNIA,0
TXN09566,CUST023,318.0,2024-02-29 21:51:51,HOTEL,DEBIT,OREGON,0
TXN09567,CUST040,366.63,2024-02-03 20:39:16,CLOTHING,CREDIT,COLORADO,0
TXN09568,CUST040,146.19,2024-01-06 22:22:02,RESTAURANT,DEBIT,UNKNOWN,0
TXN09569,CUST005,23.59,2024-02-24 21:53:45,COFFEE_SHOP,CREDIT,NEVADA,0
TXN09570,CUST005,36.38,2024-03-21 10:06:54,PHARMACY,DEBIT,NEVADA,0
TXN09571,CUST039,32.79,2024-01-15 08:05:17,RESTAURANT,DEBIT,UNKNOWN,0
TXN09572,CUST022,54.35,2024-03-16 16:58:40,PHARMACY,DEBIT,UNKNOWN,0
TXN09573,CUST012,135.43,2024-03-13 08:08:51,HOTEL,DEBIT,OREGON,0
TXN09574,CUST014,753.86,2024-03-18 17:58:25,ELECTRONICS,DEBIT,MONTANA,0
TXN09575,CUST034,69.48,2024-01-05 15:38:04,GAS_STATION,CREDIT,UTAH,0
TXN09576,CUST050,890.13,2024-01-27 19:50:45,ONLINE,CREDIT,UTAH,1
TXN09577,CUST135,298.96,2024-03-08 08:56:16,ATM,DEBIT,ILLINOIS,0
TXN09578,CUST048,659.01,2024-03-24 18:16:49,ONLINE,DEBIT,COLORADO,0
TXN09579,CUST046,189.64,2024-01-13 13:31:40,ATM,DEBIT,NEVADA,0
TXN09580,CUST017,38.35,2024-01-02 18:58:09,COFFEE_SHOP,DEBIT,COLORADO,0
TXN09581,CUST019,243.82,2024-02-20 21:54:56,CLOTHING,CREDIT,TEXAS,0
TXN09582,CUST037,279.49,2024-03-24 18:56:28,JEWELRY,DEBIT,NEW_YORK,0
TXN09583,CUST105,177.58,2024-03-18 19:59:01,RESTAURANT,DEBIT,COLORADO,0
TXN09584,CUST022,407.09,2024-01-19 19:56:05,JEWELRY,DEBIT,UTAH,0
TXN09585,CUST011,103.57,2024-03-05 20:15:00,RESTAURANT,DEBIT,NEVADA,0
TXN09586,CUST047,125.58,2024-03-10 09:48:46,JEWELRY,DEBIT,CALIFORNIA,0
TXN09587,CUST045,475.27,2024-03-06 15:10:41,HOTEL,DEBIT,ARIZONA,0
TXN09588,CUST175,70.99,2024-03-18 17:11:41,GROCERY,DEBIT,ILLINOIS,0
TXN09589,CUST030,446.99,2024-02-03 17:13:12,ATM,DEBIT,MONTANA,0
TXN09590,CUST049,156.78,2024-02-05 09:52:28,GROCERY,DEBIT,NEW_YORK,0
TXN09591,CUST022,1463.08,2024-01-29 21:12:23,ELECTRONICS,DEBIT,ARIZONA,1
TXN09592,CUST002,393.83,2024-03-29 17:50:17,HOTEL,CREDIT,UTAH,0
TXN09593,CUST153,33.49,2024-01-25 13:55:08,RESTAURANT,CREDIT,WASHINGTON,0
TXN09594,CUST036,111.65,2024-01-06 15:20:05,GAS_STATION,CREDIT,FLORIDA,0
TXN09595,CUST090,128.75,2024-02-14 21:57:08,ONLINE,DEBIT,OREGON,0
TXN09596,CUST021,229.51,2024-02-24 22:36:08,HOTEL,DEBIT,ILLINOIS,0
TXN09597,CUST003,58.9,2024-03-13 21:37:10,RESTAURANT,DEBIT,TEXAS,0
TXN09598,CUST016,298.49,2024-03-24 09:20:53,ONLINE,CREDIT,COLORADO,0
TXN09599,CUST037,340.51,2024-01-08 14:23:54,ONLINE,DEBIT,MONTANA,0
TXN09600,CUST035,196.87,2024-02-07 18:42:37,HOTEL,DEBIT,NEVADA,0
TXN09601,CUST047,2809.14,2024-01-27 19:18:46,ONLINE,DEBIT,CALIFORNIA,1
TXN09602,CUST016,93.05,2024-01-30 08:11:36,GAS_STATION,CREDIT,WASHINGTON,0
TXN09603,CUST007,223.05,2024-03-04 09:10:28,GROCERY,CREDIT,ARIZONA,0
TXN09604,CUST016,71.04,2024-02-11 16:11:51,GAS_STATION,CREDIT,ARIZONA,0
TXN09605,CUST122,168.05,2024-01-12 19:59:57,CLOTHING,DEBIT,UNKNOWN,0
TXN09606,CUST013,74.9,2024-03-14 12:35:34,GAS_STATION,CREDIT,OREGON,0
TXN09607,CUST005,1855.2,2024-02-18 14:40:31,ELECTRONICS,DEBIT,MICHIGAN,1
TXN09608,CUST016,2055.5,2024-03-07 08:23:04,ELECTRONICS,DEBIT,COLORADO,1
TXN09609,CUST010,171.35,2024-03-24 21:28:26,ONLINE,DEBIT,MICHIGAN,0
TXN09610,CUST028,119.91,2024-03-02 18:23:55,GAS_STATION,CREDIT,FLORIDA,0
TXN09611,CUST037,48.35,2024-01-09 12:42:36,GAS_STATION,CREDIT,WASHINGTON,0
TXN09612,CUST011,383.97,2024-03-26 08:13:01,ONLINE,CREDIT,FLORIDA,0
TXN09613,CUST186,461.2,2024-02-18 15:26:08,JEWELRY,DEBIT,CALIFORNIA,0
TXN09614,CUST031,380.71,2024-03-13 13:34:23,ONLINE,DEBIT,MONTANA,0
TXN09615,CUST098,498.84,2024-02-01 22:29:45,ATM,DEBIT,NEVADA,0
TXN09616,CUST009,434.79,2024-01-25 16:41:10,HOTEL,CREDIT,MICHIGAN,0
TXN09617,CUST008,163.44,2024-02-02 15:57:31,RESTAURANT,DEBIT,UTAH,0
TXN09618,CUST003,365.92,2024-03-03 15:09:35,ELECTRONICS,CREDIT,FLORIDA,0
TXN09619,CUST031,32.53,2024-03-08 21:24:51,COFFEE_SHOP,CREDIT,ILLINOIS,0
TXN09620,CUST036,31.16,2024-01-04 17:24:49,RESTAURANT,DEBIT,FLORIDA,0
TXN09621,CUST021,363.18,2024-01-22 13:13:20,ONLINE,CREDIT,FLORIDA,0
TXN09622,CUST042,303.73,2024-02-27 16:18:55,GROCERY,DEBIT,MONTANA,0
TXN09623,CUST046,19.14,2024-02-22 08:08:26,COFFEE_SHOP,DEBIT,TEXAS,0
TXN09624,CUST027,526.62,2024-02-14 15:08:09,RESTAURANT,DEBIT,COLORADO,1
TXN09625,CUST001,1940.2,2024-02-10 20:45:59,JEWELRY,CREDIT,MICHIGAN,0
TXN09626,CUST034,765.01,2024-03-13 20:37:27,ONLINE,DEBIT,MICHIGAN,0
TXN09627,CUST019,136.58,2024-03-25 20:05:20,ATM,DEBIT,NEVADA,0
TXN09628,CUST030,272.37,2024-01-17 20:35:40,COFFEE_SHOP,CREDIT,FLORIDA,1
TXN09629,CUST114,128.57,2024-01-24 16:35:27,RESTAURANT,DEBIT,FLORIDA,0
TXN09630,CUST043,1525.36,2024-03-07 18:40:24,JEWELRY,DEBIT,CALIFORNIA,0
TXN09631,CUST014,2369.68,2024-02-13 08:03:50,ELECTRONICS,DEBIT,UNKNOWN,1
TXN09632,CUST011,28.82,2024-03-30 09:22:33,GAS_STATION,DEBIT,MICHIGAN,0
TXN09633,CUST003,7.35,2024-03-22 22:02:53,COFFEE_SHOP,CREDIT,OREGON,0
TXN09634,CUST015,427.85,2024-02-21 17:02:06,ATM,DEBIT,ILLINOIS,0
TXN09635,CUST115,89.39,2024-02-24 08:31:45,PHARMACY,DEBIT,ARIZONA,1
TXN09636,CUST029,115.81,2024-01-11 15:54:00,ONLINE,CREDIT,FLORIDA,0
TXN09637,CUST049,108.89,2024-02-03 09:19:07,RESTAURANT,CREDIT,CALIFORNIA,0
TXN09638,CUST087,121.13,2024-02-29 21:29:13,RESTAURANT,DEBIT,CALIFORNIA,0
TXN09639,CUST037,160.61,2024-02-23 09:22:26,HOTEL,DEBIT,HAWAII,0
TXN09640,CUST111,33.32,2024-01-07 14:58:59,PHARMACY,DEBIT,UTAH,0
TXN09641,CUST050,128.28,2024-02-12 11:05:09,RESTAURANT,DEBIT,MONTANA,0
TXN09642,CUST029,135.57,2024-02-02 09:15:39,GAS_STATION,DEBIT,UTAH,0
TXN09643,CUST175,1735.24,2024-02-14 15:34:13,JEWELRY,CREDIT,MONTANA,0
TXN09644,CUST023,25.94,2024-01-04 22:09:54,COFFEE_SHOP,DEBIT,CALIFORNIA,0
TXN09645,CUST029,20.11,2024-03-24 09:42:21,PHARMACY,DEBIT,TEXAS,0
TXN09646,CUST035,407.86,2024-03-21 09:54:32,ATM,DEBIT,MONTANA,0
TXN09647,CUST186,310.5,2024-01-23 19:19:21,ELECTRONICS,DEBIT,NEVADA,0
TXN09648,CUST035,183.1,2024-01-09 10:15:45,RESTAURANT,DEBIT,NEVADA,0
TXN09649,CUST045,346.03,2024-01-26 22:15:18,JEWELRY,DEBIT,HAWAII,0
TXN09650,CUST034,18.51,2024-01-02 21:53:43,PHARMACY,DEBIT,UTAH,0
TXN09651,CUST045,254.92,2024-01-25 18:29:25,ELECTRONICS,CREDIT,MONTANA,0
TXN09652,CUST015,76.22,2024-03-27 11:00:17,RESTAURANT,DEBIT,WASHINGTON,0
TXN09653,CUST020,26.47,2024-03-27 11:12:45,COFFEE_SHOP,CREDIT,WASHINGTON,0
TXN09654,CUST009,1433.56,2024-03-06 18:12:56,ELECTRONICS,DEBIT,ILLINOIS,0
TXN09655,CUST191,20.99,2024-02-08 09:48:46,COFFEE_SHOP,DEBIT,OREGON,0
TXN09656,CUST028,328.02,2024-02-19 21:24:32,PHARMACY,DEBIT,TEXAS,1
TXN09657,CUST029,166.69,2024-01-02 19:54:31,ATM,CREDIT,ILLINOIS,0
TXN09658,CUST190,85.37,2024-01-01 11:31:13,PHARMACY,DEBIT,HAWAII,0
TXN09659,CUST043,25.33,2024-01-12 19:55:57,PHARMACY,DEBIT,HAWAII,0
TXN09660,CUST020,58.79,2024-02-09 16:57:18,PHARMACY,DEBIT,NEW_YORK,0
TXN09661,CUST120,25.05,2024-03-08 10:07:42,GAS_STATION,DEBIT,OREGON,0
TXN09662,CUST030,3879.3,2024-02-11 14:18:46,JEWELRY,DEBIT,NEW_YORK,1
TXN09663,CUST042,243.83,2024-03-05 09:59:31,PHARMACY,CREDIT,HAWAII,1
TXN09664,CUST006,6281.75,2024-03-26 20:10:59,JEWELRY,DEBIT,COLORADO,1
TXN09665,CUST041,1262.88,2024-03-20 14:50:38,JEWELRY,CREDIT,TEXAS,0
TXN09666,CUST044,379.9,2024-03-12 17:26:50,JEWELRY,CREDIT,HAWAII,0
TXN09667,CUST152,294.19,2024-01-31 14:33:22,ONLINE,DEBIT,COLORADO,0
TXN09668,CUST011,24.06,2024-03-16 13:56:24,RESTAURANT,DEBIT,MICHIGAN,0
TXN09669,CUST032,471.73,2024-02-17 08:02:17,CLOTHING,DEBIT,CALIFORNIA,1
TXN09670,CUST005,980.18,2024-02-11 14:39:09,HOTEL,DEBIT,NEVADA,1
TXN09671,CUST026,33.52,2024-02-21 10:04:12,RESTAURANT,CREDIT,COLORADO,0
TXN09672,CUST153,228.06,2024-03-22 11:40:56,ONLINE,CREDIT,NEVADA,0
TXN09673,CUST018,264.35,2024-02-22 10:08:38,GROCERY,DEBIT,NEW_YORK,0
TXN09674,CUST150,27.65,2024-03-01 08:37:12,COFFEE_SHOP,CREDIT,OREGON,0
TXN09675,CUST028,33.36,2024-01-18 15:41:34,COFFEE_SHOP,DEBIT,OREGON,0
TXN09676,CUST003,25.95,2024-01-23 14:29:16,RESTAURANT,DEBIT,NEW_YORK,0
TXN09677,CUST109,263.41,2024-01-12 11:46:31,HOTEL,CREDIT,WASHINGTON,0
TXN09678,CUST068,468.86,2024-02-01 11:15:32,HOTEL,CREDIT,HAWAII,0
TXN09679,CUST189,820.21,2024-02-09 22:11:11,JEWELRY,DEBIT,ARIZONA,0
TXN09680,CUST007,33.57,2024-01-06 09:17:27,COFFEE_SHOP,CREDIT,NEW_YORK,0
TXN09681,CUST021,270.07,2024-01-19 19:39:08,HOTEL,DEBIT,OREGON,0
TXN09682,CUST013,792.79,2024-02-22 13:52:59,ONLINE,DEBIT,CALIFORNIA,0
TXN09683,CUST145,979.41,2024-03-08 16:39:37,CLOTHING,CREDIT,ARIZONA,1
TXN09684,CUST031,575.28,2024-01-03 22:44:11,CLOTHING,DEBIT,COLORADO,1
TXN09685,CUST023,25.37,2024-03-25 11:34:04,RESTAURANT,DEBIT,MONTANA,0
TXN09686,CUST011,136.76,2024-03-04 08:53:50,RESTAURANT,DEBIT,UNKNOWN,0
TXN09687,CUST028,77.12,2024-03-30 08:30:34,PHARMACY,DEBIT,HAWAII,0
TXN09688,CUST136,137.82,2024-03-20 12:13:08,GROCERY,CREDIT,NEW_YORK,0
TXN09689,CUST014,141.3,2024-02-14 17:02:39,RESTAURANT,CREDIT,FLORIDA,0
TXN09690,CUST017,3546.91,2024-03-10 12:29:54,ONLINE,CREDIT,UTAH,1
TXN09691,CUST016,109.36,2024-01-31 16:18:47,GAS_STATION,DEBIT,UTAH,0
TXN09692,CUST010,214.89,2024-03-26 14:45:03,ATM,DEBIT,NEW_YORK,0
TXN09693,CUST039,14.62,2024-03-29 15:01:37,COFFEE_SHOP,DEBIT,COLORADO,0
TXN09694,CUST012,35.85,2024-03-06 21:13:49,COFFEE_SHOP,DEBIT,ARIZONA,0
TXN09695,CUST039,374.76,2024-02-13 09:42:46,ATM,CREDIT,MONTANA,0
TXN09696,CUST005,25.94,2024-03-23 16:42:15,COFFEE_SHOP,DEBIT,UNKNOWN,0
TXN09697,CUST012,655.07,2024-03-18 13:07:19,HOTEL,DEBIT,FLORIDA,1
TXN09698,CUST044,313.32,2024-01-02 15:52:54,CLOTHING,CREDIT,OREGON,0
TXN09699,CUST041,139.26,2024-02-12 15:30:45,GROCERY,CREDIT,WASHINGTON,0
TXN09700,CUST015,352.17,2024-02-14 14:16:00,CLOTHING,DEBIT,MICHIGAN,1
TXN09701,CUST044,32.67,2024-02-11 13:24:06,ATM,DEBIT,HAWAII,0
TXN09702,CUST029,947.27,2024-03-21 12:38:06,JEWELRY,DEBIT,FLORIDA,0
TXN09703,CUST044,735.49,2024-01-11 19:19:01,ONLINE,CREDIT,NEW_YORK,1
TXN09704,CUST049,49.8,2024-02-07 20:27:43,GAS_STATION,DEBIT,NEW_YORK,0
TXN09705,CUST019,210.9,2024-02-20 09:43:24,ONLINE,DEBIT,MONTANA,0
TXN09706,CUST005,49.25,2024-03-19 08:53:12,GAS_STATION,DEBIT,WASHINGTON,0
TXN09707,CUST004,434.71,2024-03-01 09:32:40,ATM,CREDIT,CALIFORNIA,0
TXN09708,CUST008,234.02,2024-03-25 09:34:41,GAS_STATION,DEBIT,ILLINOIS,1
TXN09709,CUST045,1159.03,2024-01-10 14:49:27,JEWELRY,DEBIT,ILLINOIS,0
TXN09710,CUST042,41.77,2024-03-29 21:03:41,ATM,CREDIT,TEXAS,0
TXN09711,CUST175,1287.05,2024-03-20 17:54:12,JEWELRY,DEBIT,OREGON,0
TXN09712,CUST193,244.43,2024-01-22 18:41:02,CLOTHING,CREDIT,HAWAII,0
TXN09713,CUST180,18.06,2024-01-23 20:54:50,PHARMACY,DEBIT,MICHIGAN,0
TXN09714,CUST029,272.79,2024-01-08 22:50:25,GROCERY,DEBIT,ILLINOIS,0
TXN09715,CUST025,252.08,2024-01-27 14:02:05,GROCERY,DEBIT,UTAH,0
TXN09716,CUST001,76.87,2024-01-05 22:38:23,GROCERY,DEBIT,COLORADO,0
TXN09717,CUST028,742.68,2024-03-12 09:25:53,RESTAURANT,CREDIT,NEVADA,1
TXN09718,CUST013,98.11,2024-01-16 20:23:47,ATM,DEBIT,HAWAII,0
TXN09719,CUST039,1035.97,2024-02-29 08:40:42,JEWELRY,CREDIT,ILLINOIS,0
TXN09720,CUST005,6458.08,2024-02-14 20:06:17,JEWELRY,CREDIT,MICHIGAN,1
TXN09721,CUST119,2451.99,2024-02-17 09:03:42,JEWELRY,DEBIT,NEVADA,1
TXN09722,CUST016,588.62,2024-01-29 18:26:53,JEWELRY,DEBIT,NEVADA,0
TXN09723,CUST013,149.33,2024-02-01 20:20:30,RESTAURANT,DEBIT,NEW_YORK,0
TXN09724,CUST007,458.87,2024-01-31 13:56:12,HOTEL,CREDIT,UNKNOWN,0
TXN09725,CUST013,188.69,2024-01-01 11:48:12,GROCERY,CREDIT,NEVADA,0
TXN09726,CUST033,657.52,2024-01-13 09:43:57,ONLINE,DEBIT,HAWAII,0
TXN09727,CUST006,71.87,2024-02-26 12:07:36,GAS_STATION,DEBIT,NEVADA,0
TXN09728,CUST029,926.68,2024-03-06 19:39:19,GROCERY,DEBIT,WASHINGTON,1
TXN09729,CUST019,190.92,2024-02-11 13:59:10,ONLINE,DEBIT,UNKNOWN,0
TXN09730,CUST042,511.97,2024-02-02 20:09:51,RESTAURANT,DEBIT,ARIZONA,1
TXN09731,CUST132,357.57,2024-01-19 15:04:08,HOTEL,DEBIT,OREGON,1
TXN09732,CUST035,836.49,2024-02-03 13:59:05,JEWELRY,DEBIT,OREGON,0
TXN09733,CUST043,197.64,2024-01-05 09:53:16,CLOTHING,DEBIT,NEW_YORK,0
TXN09734,CUST001,38.59,2024-03-24 21:11:14,CLOTHING,DEBIT,NEVADA,0
TXN09735,CUST038,1392.79,2024-01-23 13:25:30,ELECTRONICS,DEBIT,ILLINOIS,0
TXN09736,CUST042,779.55,2024-03-10 10:16:40,CLOTHING,CREDIT,MICHIGAN,1
TXN09737,CUST037,873.96,2024-03-16 20:17:44,ELECTRONICS,DEBIT,MONTANA,0
TXN09738,CUST026,351.3,2024-02-08 08:48:19,CLOTHING,DEBIT,HAWAII,0
TXN09739,CUST045,299.88,2024-01-23 10:32:48,CLOTHING,DEBIT,UNKNOWN,0
TXN09740,CUST041,52.97,2024-03-16 20:43:11,PHARMACY,DEBIT,WASHINGTON,0
TXN09741,CUST005,43.15,2024-02-01 12:46:03,PHARMACY,DEBIT,ARIZONA,0
TXN09742,CUST196,778.99,2024-01-13 11:32:40,ONLINE,DEBIT,ARIZONA,0
TXN09743,CUST025,1397.56,2024-01-22 10:24:36,JEWELRY,DEBIT,ARIZONA,0
TXN09744,CUST044,1318.63,2024-03-06 17:06:19,ELECTRONICS,DEBIT,MICHIGAN,0
TXN09745,CUST022,5226.13,2024-02-22 09:18:45,JEWELRY,DEBIT,NEVADA,1
TXN09746,CUST032,177.26,2024-03-22 18:24:18,GROCERY,DEBIT,TEXAS,0
TXN09747,CUST022,3527.2,2024-01-26 17:03:05,ELECTRONICS,DEBIT,MICHIGAN,1
TXN09748,CUST112,9.89,2024-01-31 15:09:32,COFFEE_SHOP,CREDIT,FLORIDA,0
TXN09749,CUST004,968.37,2024-02-10 22:38:01,JEWELRY,CREDIT,NEVADA,0
TXN09750,CUST038,78.2,2024-02-25 20:25:56,PHARMACY,DEBIT,ARIZONA,0
TXN09751,CUST004,344.08,2024-02-28 18:46:32,GAS_STATION,DEBIT,HAWAII,1
TXN09752,CUST045,198.03,2024-01-16 08:25:22,HOTEL,DEBIT,MICHIGAN,0
TXN09753,CUST043,400.49,2024-01-05 16:32:44,ATM,CREDIT,MONTANA,0
TXN09754,CUST043,46.77,2024-01-03 15:42:47,COFFEE_SHOP,DEBIT,OREGON,0
TXN09755,CUST008,21.31,2024-03-16 12:34:21,COFFEE_SHOP,CREDIT,FLORIDA,0
TXN09756,CUST029,155.48,2024-01-28 17:32:50,RESTAURANT,DEBIT,MICHIGAN,0
TXN09757,CUST044,604.03,2024-01-31 10:16:26,JEWELRY,DEBIT,COLORADO,0
TXN09758,CUST009,74.29,2024-02-04 15:42:03,PHARMACY,CREDIT,CALIFORNIA,0
TXN09759,CUST067,718.1,2024-02-08 18:13:35,ONLINE,CREDIT,ARIZONA,0
TXN09760,CUST108,182.23,2024-03-27 13:03:30,RESTAURANT,DEBIT,UNKNOWN,0
TXN09761,CUST125,257.11,2024-03-22 21:46:40,ATM,DEBIT,OREGON,0
TXN09762,CUST040,111.51,2024-01-24 18:07:47,GAS_STATION,CREDIT,OREGON,0
TXN09763,CUST105,4069.26,2024-03-29 14:25:30,ONLINE,DEBIT,CALIFORNIA,1
TXN09764,CUST037,32.98,2024-03-30 10:36:39,COFFEE_SHOP,DEBIT,HAWAII,0
TXN09765,CUST047,458.39,2024-02-18 19:50:39,ATM,CREDIT,ARIZONA,0
TXN09766,CUST041,112.15,2024-01-11 08:44:12,ATM,CREDIT,OREGON,0
TXN09767,CUST127,496.79,2024-03-02 12:47:45,HOTEL,CREDIT,OREGON,0
TXN09768,CUST037,79.07,2024-03-30 19:13:11,PHARMACY,DEBIT,MICHIGAN,0
TXN09769,CUST040,415.32,2024-02-04 09:26:44,HOTEL,DEBIT,TEXAS,0
TXN09770,CUST024,114.26,2024-03-28 19:05:36,ATM,DEBIT,MONTANA,0
TXN09771,CUST019,77.51,2024-02-28 12:01:03,GAS_STATION,DEBIT,WASHINGTON,0
TXN09772,CUST060,195.68,2024-03-30 20:50:50,RESTAURANT,DEBIT,WASHINGTON,0
TXN09773,CUST173,172.81,2024-03-20 09:01:06,ATM,DEBIT,HAWAII,0
TXN09774,CUST015,222.17,2024-03-11 22:12:34,ONLINE,DEBIT,CALIFORNIA,0
TXN09775,CUST057,40.91,2024-01-14 22:21:52,COFFEE_SHOP,DEBIT,HAWAII,0
TXN09776,CUST026,31.29,2024-02-20 18:46:12,COFFEE_SHOP,CREDIT,CALIFORNIA,0
TXN09777,CUST015,231.26,2024-02-27 09:48:17,HOTEL,DEBIT,NEW_YORK,0
TXN09778,CUST033,163.99,2024-03-22 19:55:46,RESTAURANT,DEBIT,NEW_YORK,0
TXN09779,CUST029,318.24,2024-02-03 09:39:17,ONLINE,DEBIT,MONTANA,0
TXN09780,CUST019,48.1,2024-03-25 16:30:33,COFFEE_SHOP,DEBIT,WASHINGTON,0
TXN09781,CUST079,304.86,2024-01-16 20:47:05,GROCERY,DEBIT,HAWAII,0
TXN09782,CUST064,90.1,2024-03-08 09:49:12,PHARMACY,DEBIT,MICHIGAN,0
TXN09783,CUST037,1695.92,2024-03-07 21:31:12,ATM,CREDIT,FLORIDA,1
TXN09784,CUST043,55.38,2024-01-24 20:30:57,GAS_STATION,DEBIT,MONTANA,0
TXN09785,CUST037,41.46,2024-03-05 11:14:27,CLOTHING,DEBIT,COLORADO,0
TXN09786,CUST009,33.63,2024-01-02 19:32:56,PHARMACY,CREDIT,ILLINOIS,0
TXN09787,CUST039,63.4,2024-03-28 12:56:08,GAS_STATION,CREDIT,TEXAS,0
TXN09788,CUST001,472.15,2024-02-25 19:47:45,ATM,DEBIT,COLORADO,0
TXN09789,CUST003,257.72,2024-02-25 20:19:35,GAS_STATION,DEBIT,HAWAII,1
TXN09790,CUST055,1267.69,2024-03-06 08:20:55,ONLINE,DEBIT,WASHINGTON,1
TXN09791,CUST016,980.32,2024-01-23 12:25:15,ELECTRONICS,CREDIT,CALIFORNIA,0
TXN09792,CUST012,20.58,2024-02-01 13:57:39,RESTAURANT,DEBIT,UNKNOWN,0
TXN09793,CUST024,44.13,2024-01-26 14:39:14,COFFEE_SHOP,CREDIT,UNKNOWN,0
TXN09794,CUST007,162.08,2024-02-12 11:43:43,HOTEL,DEBIT,NEVADA,0
TXN09795,CUST045,7.44,2024-02-19 16:42:31,COFFEE_SHOP,DEBIT,ARIZONA,0
TXN09796,CUST047,327.96,2024-01-19 11:06:48,GROCERY,CREDIT,UTAH,0
TXN09797,CUST011,50.42,2024-02-12 13:08:01,GAS_STATION,CREDIT,OREGON,0
TXN09798,CUST027,322.3,2024-03-03 13:39:27,ATM,DEBIT,OREGON,0
TXN09799,CUST001,2343.22,2024-01-20 16:00:54,ONLINE,DEBIT,ARIZONA,1
TXN09800,CUST054,1442.74,2024-03-18 16:46:51,JEWELRY,DEBIT,COLORADO,0
TXN09801,CUST048,83.35,2024-01-12 11:36:22,GAS_STATION,DEBIT,WASHINGTON,0
TXN09802,CUST021,77.74,2024-02-08 09:38:07,GAS_STATION,DEBIT,CALIFORNIA,0
TXN09803,CUST008,272.07,2024-02-09 10:25:29,CLOTHING,DEBIT,UNKNOWN,0
TXN09804,CUST031,172.46,2024-01-22 19:01:23,ELECTRONICS,DEBIT,NEW_YORK,0
TXN09805,CUST032,157.6,2024-02-03 21:16:54,CLOTHING,DEBIT,HAWAII,0
TXN09806,CUST081,65.01,2024-02-05 14:27:58,PHARMACY,DEBIT,MONTANA,0
TXN09807,CUST006,495.01,2024-02-25 18:53:12,ELECTRONICS,CREDIT,COLORADO,0
TXN09808,CUST038,387.14,2024-03-17 10:33:40,ELECTRONICS,DEBIT,WASHINGTON,0
TXN09809,CUST033,42.96,2024-03-03 15:20:06,CLOTHING,CREDIT,ILLINOIS,0
TXN09810,CUST097,157.23,2024-01-10 20:37:19,RESTAURANT,DEBIT,MONTANA,0
TXN09811,CUST027,4856.29,2024-02-03 10:51:12,ELECTRONICS,DEBIT,COLORADO,1
TXN09812,CUST031,19.09,2024-02-15 14:26:00,PHARMACY,DEBIT,TEXAS,0
TXN09813,CUST119,1715.57,2024-03-25 09:34:35,JEWELRY,DEBIT,OREGON,0
TXN09814,CUST027,95.77,2024-03-17 21:09:08,GAS_STATION,DEBIT,CALIFORNIA,0
TXN09815,CUST033,134.02,2024-03-09 10:47:49,JEWELRY,DEBIT,TEXAS,0
TXN09816,CUST023,83.9,2024-03-27 19:38:30,PHARMACY,DEBIT,FLORIDA,0
TXN09817,CUST195,39.26,2024-02-22 20:53:55,RESTAURANT,DEBIT,ILLINOIS,0
TXN09818,CUST040,64.6,2024-01-08 09:08:48,PHARMACY,CREDIT,COLORADO,0
TXN09819,CUST049,83.86,2024-03-06 11:07:26,GAS_STATION,DEBIT,OREGON,0
TXN09820,CUST128,51.12,2024-01-24 11:49:40,PHARMACY,DEBIT,OREGON,0
TXN09821,CUST190,5280.08,2024-02-23 10:06:17,JEWELRY,DEBIT,WASHINGTON,1
TXN09822,CUST041,21.69,2024-01-13 17:45:18,COFFEE_SHOP,DEBIT,TEXAS,0
TXN09823,CUST008,500.29,2024-02-02 11:04:47,ONLINE,DEBIT,FLORIDA,0
TXN09824,CUST003,2001.22,2024-02-27 08:32:55,ONLINE,DEBIT,WASHINGTON,1
TXN09825,CUST035,555.81,2024-01-18 09:02:54,RESTAURANT,CREDIT,UTAH,1
TXN09826,CUST144,21.23,2024-03-25 15:04:35,COFFEE_SHOP,DEBIT,CALIFORNIA,0
TXN09827,CUST016,402.97,2024-02-21 20:48:43,ATM,DEBIT,UNKNOWN,0
TXN09828,CUST035,44.61,2024-03-13 13:30:11,GAS_STATION,DEBIT,COLORADO,0
TXN09829,CUST049,25.8,2024-01-31 14:26:52,COFFEE_SHOP,DEBIT,WASHINGTON,0
TXN09830,CUST028,184.15,2024-01-03 22:45:45,ATM,DEBIT,MICHIGAN,0
TXN09831,CUST098,34.09,2024-02-28 22:05:52,COFFEE_SHOP,CREDIT,UTAH,0
TXN09832,CUST024,1318.04,2024-02-22 10:59:06,JEWELRY,DEBIT,UTAH,0
TXN09833,CUST034,350.11,2024-01-20 17:06:41,JEWELRY,DEBIT,MONTANA,0
TXN09834,CUST049,1226.67,2024-01-24 15:37:45,ELECTRONICS,CREDIT,TEXAS,0
TXN09835,CUST015,564.41,2024-01-03 22:15:14,ONLINE,CREDIT,ARIZONA,1
TXN09836,CUST023,22.93,2024-01-03 10:38:01,COFFEE_SHOP,DEBIT,MICHIGAN,0
TXN09837,CUST070,82.6,2024-03-14 11:32:33,RESTAURANT,DEBIT,MONTANA,0
TXN09838,CUST024,322.92,2024-02-12 10:32:09,HOTEL,DEBIT,UTAH,0
TXN09839,CUST046,81.42,2024-01-04 19:09:41,RESTAURANT,DEBIT,OREGON,0
TXN09840,CUST123,281.02,2024-03-10 15:39:54,CLOTHING,CREDIT,TEXAS,0
TXN09841,CUST010,963.17,2024-02-24 14:58:13,ELECTRONICS,DEBIT,HAWAII,0
TXN09842,CUST049,11.96,2024-01-19 21:39:21,COFFEE_SHOP,DEBIT,TEXAS,0
TXN09843,CUST044,387.3,2024-03-18 19:13:13,CLOTHING,DEBIT,WASHINGTON,0
TXN09844,CUST007,228.66,2024-02-29 17:28:57,GROCERY,DEBIT,TEXAS,0
TXN09845,CUST029,4072.83,2024-01-10 15:31:32,ELECTRONICS,DEBIT,CALIFORNIA,1
TXN09846,CUST008,576.11,2024-02-15 15:08:13,GAS_STATION,CREDIT,OREGON,1
TXN09847,CUST019,137.88,2024-01-04 10:02:23,COFFEE_SHOP,CREDIT,OREGON,1
TXN09848,CUST049,238.16,2024-02-04 12:10:10,PHARMACY,DEBIT,TEXAS,1
TXN09849,CUST004,96.6,2024-03-05 11:27:15,CLOTHING,DEBIT,MICHIGAN,0
TXN09850,CUST035,97.24,2024-01-09 16:32:55,ATM,CREDIT,WASHINGTON,0
TXN09851,CUST033,1372.81,2024-03-19 15:29:27,JEWELRY,DEBIT,ARIZONA,0
TXN09852,CUST033,139.21,2024-01-14 09:22:56,RESTAURANT,DEBIT,ILLINOIS,0
TXN09853,CUST043,35.87,2024-02-03 20:13:50,PHARMACY,DEBIT,MONTANA,0
TXN09854,CUST012,743.37,2024-01-04 10:26:22,ELECTRONICS,DEBIT,ARIZONA,0
TXN09855,CUST036,236.71,2024-01-08 17:34:40,GAS_STATION,DEBIT,FLORIDA,1
TXN09856,CUST035,140.46,2024-01-06 13:12:30,ATM,DEBIT,ARIZONA,0
TXN09857,CUST109,403.03,2024-01-15 15:11:02,ELECTRONICS,CREDIT,MICHIGAN,0
TXN09858,CUST048,24.59,2024-02-01 12:03:28,PHARMACY,CREDIT,OREGON,0
TXN09859,CUST011,368.93,2024-01-13 14:12:31,ONLINE,DEBIT,ARIZONA,0
TXN09860,CUST073,306.01,2024-03-03 19:34:30,ONLINE,CREDIT,CALIFORNIA,0
TXN09861,CUST017,102.07,2024-01-15 20:53:49,GAS_STATION,CREDIT,MONTANA,0
TXN09862,CUST046,337.49,2024-02-26 16:33:04,CLOTHING,DEBIT,FLORIDA,0
TXN09863,CUST047,466.63,2024-02-02 18:33:48,ONLINE,DEBIT,NEVADA,0
TXN09864,CUST050,91.87,2024-03-26 16:27:21,PHARMACY,DEBIT,MONTANA,0
TXN09865,CUST045,42.23,2024-01-17 22:40:42,GAS_STATION,DEBIT,NEVADA,0
TXN09866,CUST034,40.35,2024-03-05 19:04:25,COFFEE_SHOP,DEBIT,TEXAS,0
TXN09867,CUST003,23.18,2024-03-28 18:54:25,COFFEE_SHOP,CREDIT,UTAH,0
TXN09868,CUST047,48.86,2024-03-03 10:38:30,RESTAURANT,DEBIT,FLORIDA,0
TXN09869,CUST030,66.36,2024-01-03 11:10:04,CLOTHING,DEBIT,ARIZONA,0
TXN09870,CUST025,20.65,2024-01-17 08:09:12,ATM,DEBIT,UTAH,0
TXN09871,CUST036,562.18,2024-02-29 15:38:31,ELECTRONICS,CREDIT,WASHINGTON,0
TXN09872,CUST035,307.97,2024-03-06 13:39:30,CLOTHING,DEBIT,WASHINGTON,0
TXN09873,CUST029,54.83,2024-01-22 14:30:30,PHARMACY,DEBIT,MONTANA,0
TXN09874,CUST146,330.72,2024-02-24 13:14:33,HOTEL,DEBIT,HAWAII,0
TXN09875,CUST047,263.67,2024-02-07 21:32:20,ATM,DEBIT,HAWAII,0
TXN09876,CUST024,301.77,2024-01-04 15:27:59,GAS_STATION,DEBIT,ILLINOIS,1
TXN09877,CUST007,235.93,2024-01-26 08:26:17,ATM,CREDIT,MONTANA,0
TXN09878,CUST107,1366.34,2024-01-12 11:25:07,HOTEL,CREDIT,ILLINOIS,1
TXN09879,CUST016,461.96,2024-02-11 11:30:17,HOTEL,CREDIT,MICHIGAN,0
TXN09880,CUST024,163.97,2024-01-21 16:12:07,ONLINE,DEBIT,NEVADA,0
TXN09881,CUST034,1059.21,2024-01-17 12:36:55,CLOTHING,DEBIT,OREGON,1
TXN09882,CUST069,165.61,2024-03-20 17:23:19,RESTAURANT,DEBIT,WASHINGTON,0
TXN09883,CUST016,467.81,2024-02-22 15:42:46,ONLINE,DEBIT,FLORIDA,0
TXN09884,CUST050,122.64,2024-02-22 10:35:40,RESTAURANT,CREDIT,NEVADA,0
TXN09885,CUST168,252.25,2024-02-05 19:46:27,ATM,DEBIT,NEVADA,0
TXN09886,CUST017,40.82,2024-02-02 13:20:17,COFFEE_SHOP,CREDIT,UNKNOWN,0
TXN09887,CUST095,207.23,2024-02-19 17:26:47,GROCERY,DEBIT,COLORADO,0
TXN09888,CUST010,279.25,2024-02-28 11:07:10,HOTEL,CREDIT,WASHINGTON,0
TXN09889,CUST006,158.43,2024-01-04 12:40:31,RESTAURANT,DEBIT,ARIZONA,0
TXN09890,CUST048,1161.11,2024-02-01 13:40:05,ELECTRONICS,DEBIT,WASHINGTON,1
TXN09891,CUST008,267.56,2024-03-06 13:55:48,ONLINE,DEBIT,TEXAS,0
TXN09892,CUST032,245.25,2024-01-24 12:58:56,CLOTHING,DEBIT,NEVADA,0
TXN09893,CUST035,116.19,2024-01-10 20:34:15,GAS_STATION,CREDIT,NEW_YORK,0
TXN09894,CUST028,91.9,2024-01-09 08:05:30,GROCERY,CREDIT,FLORIDA,0
TXN09895,CUST004,4659.56,2024-03-25 12:11:14,ELECTRONICS,CREDIT,NEVADA,1
TXN09896,CUST073,94.86,2024-02-09 16:41:59,GAS_STATION,DEBIT,ILLINOIS,0
TXN09897,CUST192,597.67,2024-01-21 11:11:46,ELECTRONICS,DEBIT,HAWAII,0
TXN09898,CUST017,141.39,2024-02-06 20:28:02,CLOTHING,DEBIT,COLORADO,0
TXN09899,CUST011,195.95,2024-02-15 10:29:12,JEWELRY,CREDIT,MONTANA,0
TXN09900,CUST052,84.16,2024-03-14 21:06:34,GAS_STATION,CREDIT,WASHINGTON,0
TXN09901,CUST029,516.59,2024-01-14 11:41:24,CLOTHING,DEBIT,TEXAS,1
TXN09902,CUST161,685.01,2024-03-02 14:17:34,RESTAURANT,CREDIT,CALIFORNIA,1
TXN09903,CUST028,38.46,2024-03-21 18:34:01,PHARMACY,DEBIT,NEW_YORK,0
TXN09904,CUST010,44.18,2024-01-15 17:22:20,COFFEE_SHOP,DEBIT,NEW_YORK,0
TXN09905,CUST105,119.05,2024-02-21 11:51:15,CLOTHING,CREDIT,OREGON,0
TXN09906,CUST004,140.44,2024-02-02 17:12:26,RESTAURANT,DEBIT,FLORIDA,0
TXN09907,CUST042,144.85,2024-02-12 20:03:43,CLOTHING,DEBIT,FLORIDA,0
TXN09908,CUST040,5454.29,2024-02-27 13:20:36,JEWELRY,DEBIT,CALIFORNIA,1
TXN09909,CUST025,335.58,2024-02-15 11:09:37,HOTEL,DEBIT,ILLINOIS,0
TXN09910,CUST146,308.94,2024-03-09 09:23:19,JEWELRY,CREDIT,MONTANA,0
TXN09911,CUST040,127.57,2024-01-21 14:58:56,HOTEL,DEBIT,ILLINOIS,0
TXN09912,CUST006,125.46,2024-02-14 09:12:33,GROCERY,CREDIT,UTAH,0
TXN09913,CUST004,408.7,2024-01-05 14:21:36,ATM,CREDIT,OREGON,0
TXN09914,CUST048,205.36,2024-03-11 09:38:32,ONLINE,CREDIT,COLORADO,0
TXN09915,CUST016,349.28,2024-02-18 14:56:07,CLOTHING,CREDIT,FLORIDA,0
TXN09916,CUST199,156.56,2024-01-14 09:33:59,GAS_STATION,DEBIT,FLORIDA,1
TXN09917,CUST021,60.78,2024-03-02 12:18:18,PHARMACY,DEBIT,HAWAII,0
TXN09918,CUST012,48.73,2024-02-21 21:28:22,GAS_STATION,DEBIT,ARIZONA,0
TXN09919,CUST043,21.47,2024-01-15 20:15:17,PHARMACY,DEBIT,CALIFORNIA,0
TXN09920,CUST067,1447.33,2024-01-15 14:33:18,JEWELRY,DEBIT,TEXAS,0
TXN09921,CUST035,109.87,2024-01-11 13:07:57,ATM,DEBIT,UTAH,0
TXN09922,CUST030,25.44,2024-02-21 08:52:17,COFFEE_SHOP,DEBIT,OREGON,0
TXN09923,CUST001,21.58,2024-03-09 16:38:31,COFFEE_SHOP,CREDIT,CALIFORNIA,0
TXN09924,CUST034,1617.73,2024-01-13 14:09:55,ONLINE,DEBIT,OREGON,1
TXN09925,CUST045,1313.37,2024-01-07 15:15:37,HOTEL,DEBIT,FLORIDA,1
TXN09926,CUST049,2433.3,2024-03-25 15:57:19,ELECTRONICS,DEBIT,FLORIDA,1
TXN09927,CUST039,339.59,2024-01-27 17:54:07,HOTEL,DEBIT,NEVADA,0
TXN09928,CUST041,29.33,2024-03-25 14:08:03,COFFEE_SHOP,CREDIT,CALIFORNIA,0
TXN09929,CUST019,393.52,2024-01-29 22:15:45,CLOTHING,DEBIT,NEW_YORK,0
TXN09930,CUST023,105.53,2024-01-15 13:49:16,JEWELRY,CREDIT,ARIZONA,0
TXN09931,CUST045,280.26,2024-03-17 15:13:18,ATM,DEBIT,NEVADA,0
TXN09932,CUST016,186.24,2024-01-15 21:49:36,HOTEL,DEBIT,UTAH,0
TXN09933,CUST100,739.91,2024-02-08 13:36:27,CLOTHING,DEBIT,COLORADO,1
TXN09934,CUST018,45.32,2024-01-03 16:58:34,RESTAURANT,CREDIT,MICHIGAN,0
TXN09935,CUST023,81.3,2024-01-02 14:41:57,GAS_STATION,CREDIT,COLORADO,0
TXN09936,CUST007,745.66,2024-01-03 16:49:25,ELECTRONICS,DEBIT,UNKNOWN,0
TXN09937,CUST041,329.62,2024-03-23 20:00:16,ATM,CREDIT,ILLINOIS,0
TXN09938,CUST005,378.59,2024-01-13 22:25:04,ELECTRONICS,DEBIT,TEXAS,0
TXN09939,CUST025,61.08,2024-02-15 21:45:37,GAS_STATION,DEBIT,UNKNOWN,0
TXN09940,CUST043,110.7,2024-03-09 20:35:39,ONLINE,DEBIT,COLORADO,0
TXN09941,CUST019,497.27,2024-03-23 12:16:20,ELECTRONICS,DEBIT,NEW_YORK,0
TXN09942,CUST134,1013.8,2024-01-15 16:51:50,ELECTRONICS,DEBIT,OREGON,0
TXN09943,CUST040,370.02,2024-02-12 15:05:53,HOTEL,DEBIT,NEVADA,0
TXN09944,CUST010,15.02,2024-02-22 20:16:41,COFFEE_SHOP,DEBIT,UNKNOWN,0
TXN09945,CUST040,684.75,2024-03-10 22:14:21,JEWELRY,DEBIT,ILLINOIS,0
TXN09946,CUST027,175.78,2024-03-16 15:12:58,RESTAURANT,DEBIT,MONTANA,0
TXN09947,CUST125,139.04,2024-01-30 13:54:07,RESTAURANT,DEBIT,FLORIDA,0
TXN09948,CUST039,17.53,2024-02-29 20:52:32,PHARMACY,DEBIT,ARIZONA,0
TXN09949,CUST018,55.65,2024-01-21 22:43:16,PHARMACY,CREDIT,UTAH,0
TXN09950,CUST036,228.68,2024-03-28 12:35:00,CLOTHING,CREDIT,UNKNOWN,0
TXN09951,CUST050,1370.76,2024-02-27 20:40:37,JEWELRY,CREDIT,CALIFORNIA,0
TXN09952,CUST035,20.87,2024-02-26 20:51:42,COFFEE_SHOP,CREDIT,CALIFORNIA,0
TXN09953,CUST026,325.41,2024-03-26 15:56:17,ATM,DEBIT,UTAH,0
TXN09954,CUST023,4350.4,2024-02-18 12:52:07,ONLINE,DEBIT,ARIZONA,1
TXN09955,CUST009,97.73,2024-03-17 18:48:54,HOTEL,DEBIT,MICHIGAN,0
TXN09956,CUST050,1346.6,2024-01-31 13:14:50,ELECTRONICS,DEBIT,ARIZONA,1
TXN09957,CUST014,456.77,2024-02-19 17:30:51,ELECTRONICS,DEBIT,UTAH,0
TXN09958,CUST035,4454.87,2024-03-16 16:08:17,JEWELRY,DEBIT,ARIZONA,1
TXN09959,CUST044,380.89,2024-02-27 14:40:45,CLOTHING,DEBIT,NEW_YORK,0
TXN09960,CUST031,108.1,2024-02-17 14:25:10,RESTAURANT,DEBIT,HAWAII,0
TXN09961,CUST002,144.98,2024-02-14 21:29:23,GAS_STATION,DEBIT,UNKNOWN,0
TXN09962,CUST030,627.05,2024-01-23 21:58:57,ONLINE,CREDIT,CALIFORNIA,0
TXN09963,CUST008,4774.75,2024-01-23 15:00:40,JEWELRY,DEBIT,MONTANA,1
TXN09964,CUST043,111.29,2024-02-04 12:37:11,GROCERY,DEBIT,TEXAS,0
TXN09965,CUST043,3969.53,2024-02-04 12:08:12,ELECTRONICS,CREDIT,ARIZONA,1
TXN09966,CUST035,49.0,2024-02-14 16:13:14,RESTAURANT,DEBIT,MONTANA,0
TXN09967,CUST003,466.88,2024-02-29 14:36:27,HOTEL,CREDIT,ILLINOIS,0
TXN09968,CUST035,126.89,2024-02-20 15:53:42,GAS_STATION,DEBIT,ARIZONA,0
TXN09969,CUST030,91.77,2024-01-11 19:31:37,GAS_STATION,CREDIT,ILLINOIS,0
TXN09970,CUST167,45.32,2024-01-20 15:55:48,COFFEE_SHOP,DEBIT,WASHINGTON,0
TXN09971,CUST001,415.71,2024-02-03 12:36:43,ONLINE,DEBIT,NEW_YORK,0
TXN09972,CUST037,41.66,2024-03-19 16:40:12,GAS_STATION,DEBIT,ILLINOIS,0
TXN09973,CUST042,238.06,2024-01-11 08:52:32,HOTEL,DEBIT,FLORIDA,0
TXN09974,CUST001,1535.87,2024-02-28 11:49:37,JEWELRY,CREDIT,ARIZONA,0
TXN09975,CUST169,123.61,2024-02-25 17:12:57,CLOTHING,DEBIT,FLORIDA,0
TXN09976,CUST036,111.61,2024-02-11 19:52:41,RESTAURANT,DEBIT,COLORADO,0
TXN09977,CUST033,26.53,2024-01-08 14:18:21,COFFEE_SHOP,DEBIT,WASHINGTON,0
TXN09978,CUST014,584.12,2024-01-30 09:13:00,ONLINE,DEBIT,UTAH,0
TXN09979,CUST025,45.17,2024-02-26 14:49:55,PHARMACY,DEBIT,ILLINOIS,0
TXN09980,CUST042,55.85,2024-01-29 14:21:36,RESTAURANT,DEBIT,TEXAS,0
TXN09981,CUST027,548.96,2024-02-09 13:05:08,ONLINE,DEBIT,CALIFORNIA,0
TXN09982,CUST005,273.97,2024-01-08 08:23:24,CLOTHING,DEBIT,NEVADA,0
TXN09983,CUST040,102.72,2024-01-06 17:00:26,CLOTHING,CREDIT,FLORIDA,0
TXN09984,CUST003,116.07,2024-02-21 10:39:53,CLOTHING,DEBIT,TEXAS,0
TXN09985,CUST017,172.93,2024-01-21 18:41:09,RESTAURANT,CREDIT,HAWAII,0
TXN09986,CUST022,10.47,2024-02-18 10:01:41,COFFEE_SHOP,DEBIT,FLORIDA,0
TXN09987,CUST037,207.9,2024-01-17 22:29:20,CLOTHING,DEBIT,NEVADA,0
TXN09988,CUST036,315.28,2024-01-26 11:17:44,ONLINE,CREDIT,MONTANA,0
TXN09989,CUST043,765.48,2024-01-14 13:38:56,ELECTRONICS,DEBIT,HAWAII,0
TXN09990,CUST016,3324.53,2024-01-20 15:02:03,ELECTRONICS,DEBIT,COLORADO,1
TXN09991,CUST124,1408.19,2024-03-03 11:33:46,JEWELRY,CREDIT,NEVADA,0
TXN09992,CUST007,1456.44,2024-01-06 11:56:23,ELECTRONICS,DEBIT,CALIFORNIA,0
TXN09993,CUST020,259.0,2024-02-15 22:16:22,CLOTHING,CREDIT,ILLINOIS,0
TXN09994,CUST021,148.41,2024-03-23 22:37:37,GAS_STATION,DEBIT,ARIZONA,0
TXN09995,CUST031,258.51,2024-03-24 15:03:08,ATM,DEBIT,ILLINOIS,0
TXN09996,CUST010,359.26,2024-01-28 14:12:32,ATM,DEBIT,UNKNOWN,0
TXN09997,CUST016,103.64,2024-03-16 20:08:57,CLOTHING,DEBIT,HAWAII,0
TXN09998,CUST043,70.67,2024-01-02 20:40:08,PHARMACY,DEBIT,COLORADO,0
TXN09999,CUST014,231.25,2024-01-02 12:37:42,ATM,DEBIT,NEW_YORK,0
TXN10000,CUST004,74.27,2024-01-26 09:05:53,PHARMACY,DEBIT,NEVADA,0
