customer_id,customer_name,customer_tier,registration_date,status,email
1,Customer_000001,Standard,2024-08-02,Inactive,customer1@email.com
2,Customer_000002,Basic,2022-05-17,Active,customer2@email.com
3,Customer_000003,Standard,2024-10-17,Active,customer3@email.com
4,Customer_000004,Premium,2024-04-24,Inactive,customer4@email.com
5,Customer_000005,Basic,2022-03-24,Inactive,customer5@email.com
6,Customer_000006,Premium,2024-02-24,Inactive,customer6@email.com
7,Customer_000007,Basic,2024-01-22,Active,customer7@email.com
8,Customer_000008,,2022-07-24,Active,customer8@email.com
9,Customer_000009,Standard,2021-11-23,Active,customer9@email.com
10,Customer_000010,Standard,2021-11-15,Active,customer10@email.com
11,Customer_000011,Basic,2021-07-29,Active,customer11@email.com
12,Customer_000012,Standard,2022-12-06,Active,customer12@email.com
13,Customer_000013,Standard,2023-07-30,Inactive,customer13@email.com
14,Customer_000014,Standard,2023-02-15,Active,customer14@email.com
15,Customer_000015,Basic,2024-07-11,Active,customer15@email.com
16,Customer_000016,Basic,2024-03-28,Active,customer16@email.com
17,Customer_000017,Premium,2024-09-16,Inactive,customer17@email.com
18,Customer_000018,Basic,2021-06-13,Inactive,customer18@email.com
19,Customer_000019,Standard,2023-02-18,Active,customer19@email.com
20,Customer_000020,Basic,2023-01-18,Active,customer20@email.com
21,Customer_000021,Premium,2024-10-04,Active,customer21@email.com
22,Customer_000022,Premium,2024-08-20,Inactive,customer22@email.com
23,Customer_000023,Standard,2023-12-30,Active,customer23@email.com
24,Customer_000024,Standard,2023-02-17,Active,customer24@email.com
25,Customer_000025,Basic,2024-11-10,Active,customer25@email.com
26,Customer_000026,Basic,2021-04-25,Inactive,customer26@email.com
27,Customer_000027,Basic,2022-10-09,Inactive,customer27@email.com
28,Customer_000028,Basic,2024-03-07,Inactive,customer28@email.com
29,Customer_000029,Premium,2024-09-04,Active,customer29@email.com
30,Customer_000030,Premium,2024-08-09,Active,customer30@email.com
31,Customer_000031,Standard,2022-05-21,Active,customer31@email.com
32,Customer_000032,Basic,2024-04-12,Active,customer32@email.com
33,Customer_000033,Standard,2023-01-12,Active,customer33@email.com
34,Customer_000034,Premium,2023-11-10,Active,customer34@email.com
35,Customer_000035,Premium,2021-08-13,Inactive,customer35@email.com
36,Customer_000036,Basic,2024-10-25,Active,customer36@email.com
37,Customer_000037,Premium,2023-02-21,Active,customer37@email.com
38,Customer_000038,Basic,2022-05-30,Inactive,customer38@email.com
39,Customer_000039,Basic,2021-01-24,Active,customer39@email.com
40,Customer_000040,Standard,2024-01-05,Active,customer40@email.com
41,Customer_000041,Basic,2022-11-28,Active,customer41@email.com
42,,Standard,2023-07-19,Active,
43,Customer_000043,Standard,2022-06-24,Active,customer43@email.com
44,Customer_000044,Basic,2023-11-06,Active,customer44@email.com
45,Customer_000045,Basic,2022-09-04,Active,customer45@email.com
46,Customer_000046,Premium,2022-02-12,Active,customer46@email.com
47,Customer_000047,Basic,2024-01-10,Active,customer47@email.com
48,Customer_000048,Basic,2021-01-02,Active,customer48@email.com
49,Customer_000049,Basic,2021-08-18,Active,customer49@email.com
50,Customer_000050,Premium,2022-09-22,Active,customer50@email.com
51,Customer_000051,Premium,2024-03-07,Active,customer51@email.com
52,Customer_000052,Standard,2023-09-23,Active,customer52@email.com
53,Customer_000053,Basic,2023-12-27,Active,customer53@email.com
54,Customer_000054,Standard,2023-09-01,Inactive,customer54@email.com
55,Customer_000055,Standard,2023-12-17,Active,customer55@email.com
56,Customer_000056,Standard,2022-03-10,Active,customer56@email.com
57,Customer_000057,Basic,2024-11-13,Inactive,customer57@email.com
58,Customer_000058,Basic,2024-10-07,Inactive,customer58@email.com
59,Customer_000059,Basic,2023-11-26,Active,customer59@email.com
60,Customer_000060,Basic,2021-05-12,Active,customer60@email.com
61,Customer_000061,,2022-04-17,Inactive,customer61@email.com
62,Customer_000062,Standard,2024-12-20,Active,customer62@email.com
63,Customer_000063,Standard,2021-03-06,Active,customer63@email.com
64,Customer_000064,Basic,2022-05-03,Inactive,customer64@email.com
65,Customer_000065,Premium,2024-01-10,Active,customer65@email.com
66,Customer_000066,Standard,2024-03-15,Active,customer66@email.com
67,Customer_000067,Premium,2023-08-27,Active,customer67@email.com
68,Customer_000068,Basic,2021-07-18,Active,customer68@email.com
69,Customer_000069,Basic,2023-04-22,Inactive,customer69@email.com
70,Customer_000070,Standard,2024-10-11,Inactive,customer70@email.com
71,Customer_000071,Basic,2021-05-05,Active,customer71@email.com
72,Customer_000072,Standard,2021-08-12,Active,customer72@email.com
73,Customer_000073,Standard,2023-07-08,Active,customer73@email.com
74,Customer_000074,Basic,2023-08-06,Active,customer74@email.com
75,Customer_000075,Premium,2023-06-27,Active,customer75@email.com
76,Customer_000076,Basic,2021-07-20,Active,customer76@email.com
77,Customer_000077,Premium,2021-01-31,Active,customer77@email.com
78,Customer_000078,Basic,2022-04-30,Active,customer78@email.com
79,Customer_000079,Basic,2022-03-14,Inactive,customer79@email.com
80,Customer_000080,Standard,2021-12-04,Active,customer80@email.com
81,Customer_000081,Standard,2022-06-28,Active,customer81@email.com
82,Customer_000082,Basic,2022-08-08,Active,customer82@email.com
83,Customer_000083,Premium,2024-02-13,Active,customer83@email.com
84,Customer_000084,Standard,2022-01-24,Active,customer84@email.com
85,Customer_000085,Premium,2024-04-01,Active,customer85@email.com
86,Customer_000086,Basic,2022-10-05,Active,customer86@email.com
87,Customer_000087,Basic,2023-10-27,Active,customer87@email.com
88,Customer_000088,Basic,2021-04-27,Active,customer88@email.com
89,Customer_000089,Basic,2022-01-16,Active,customer89@email.com
90,Customer_000090,Basic,2022-04-27,Active,customer90@email.com
91,Customer_000091,Standard,2024-03-12,Active,customer91@email.com
92,Customer_000092,Basic,2024-06-22,Inactive,customer92@email.com
93,Customer_000093,Standard,2024-03-03,Active,customer93@email.com
94,Customer_000094,Basic,2022-02-23,Active,customer94@email.com
95,Customer_000095,Basic,2022-06-28,Active,customer95@email.com
96,Customer_000096,Premium,2022-09-07,Inactive,customer96@email.com
97,,Basic,2021-05-29,Active,
98,Customer_000098,Standard,2024-02-28,Active,customer98@email.com
99,Customer_000099,Basic,2022-03-13,Inactive,customer99@email.com
100,Customer_000100,Basic,2022-12-16,Inactive,customer100@email.com
101,Customer_000101,Basic,2023-01-27,Active,customer101@email.com
102,Customer_000102,Standard,2024-01-18,Inactive,customer102@email.com
103,Customer_000103,Basic,2024-09-01,Active,customer103@email.com
104,Customer_000104,Premium,2024-02-10,Active,customer104@email.com
105,Customer_000105,Premium,2021-10-03,Active,customer105@email.com
106,Customer_000106,Basic,2024-02-08,Inactive,customer106@email.com
107,Customer_000107,Basic,2022-03-08,Active,customer107@email.com
108,Customer_000108,Basic,2024-07-22,Active,customer108@email.com
109,Customer_000109,Standard,2022-05-30,Active,customer109@email.com
110,Customer_000110,Basic,2021-07-09,Inactive,customer110@email.com
111,,Basic,2021-04-01,Active,
112,Customer_000112,Premium,2024-07-28,Active,customer112@email.com
113,Customer_000113,Standard,2023-06-24,Active,customer113@email.com
114,Customer_000114,Basic,2021-01-20,Active,customer114@email.com
115,Customer_000115,Basic,2024-11-16,Active,customer115@email.com
116,Customer_000116,Basic,2023-01-27,Active,customer116@email.com
117,Customer_000117,Basic,2021-09-19,Active,customer117@email.com
118,Customer_000118,Standard,2021-03-23,Active,customer118@email.com
119,Customer_000119,Standard,2022-05-27,Active,customer119@email.com
120,Customer_000120,Basic,2024-02-21,Active,customer120@email.com
121,Customer_000121,Basic,2024-06-25,Inactive,customer121@email.com
122,Customer_000122,Basic,2022-04-30,Active,customer122@email.com
123,Customer_000123,Premium,2021-12-29,Inactive,customer123@email.com
124,Customer_000124,Standard,2022-11-12,Inactive,customer124@email.com
125,Customer_000125,Basic,2024-10-03,Inactive,customer125@email.com
126,Customer_000126,Standard,2022-07-01,Active,customer126@email.com
127,Customer_000127,Basic,2023-02-23,Active,customer127@email.com
128,Customer_000128,Standard,2022-04-01,Active,customer128@email.com
129,Customer_000129,Basic,2022-12-18,Inactive,customer129@email.com
130,Customer_000130,Basic,2022-04-12,Active,customer130@email.com
131,Customer_000131,Basic,2023-03-28,Inactive,customer131@email.com
132,Customer_000132,Premium,2022-07-26,Active,customer132@email.com
133,Customer_000133,Basic,2024-10-23,Inactive,customer133@email.com
134,Customer_000134,Basic,2021-02-26,Inactive,customer134@email.com
135,Customer_000135,Standard,2022-01-01,Active,customer135@email.com
136,Customer_000136,Basic,2021-03-20,Inactive,customer136@email.com
137,Customer_000137,Basic,2022-10-05,Inactive,customer137@email.com
138,Customer_000138,Basic,2021-08-25,Active,customer138@email.com
139,Customer_000139,Basic,2022-06-06,Active,customer139@email.com
140,Customer_000140,Basic,2023-12-01,Inactive,customer140@email.com
141,Customer_000141,Basic,2024-10-05,Active,customer141@email.com
142,Customer_000142,Standard,2024-09-22,Active,customer142@email.com
143,Customer_000143,Basic,2024-09-20,Active,customer143@email.com
144,Customer_000144,Standard,2022-09-08,Active,customer144@email.com
145,Customer_000145,Standard,2022-10-31,Active,customer145@email.com
146,Customer_000146,Premium,2021-09-18,Active,customer146@email.com
147,Customer_000147,Basic,2023-02-16,Active,customer147@email.com
148,Customer_000148,Premium,2024-06-14,Active,customer148@email.com
149,Customer_000149,Basic,2021-01-01,Active,customer149@email.com
150,Customer_000150,Basic,2024-04-02,Active,customer150@email.com
151,Customer_000151,Premium,2023-06-24,Active,customer151@email.com
152,Customer_000152,Basic,2023-08-28,Active,customer152@email.com
153,Customer_000153,Basic,2021-12-14,Inactive,customer153@email.com
154,Customer_000154,Basic,2024-09-21,Active,customer154@email.com
155,Customer_000155,Basic,2022-04-27,Active,customer155@email.com
156,Customer_000156,Standard,2022-02-12,Active,customer156@email.com
157,Customer_000157,Premium,2023-09-01,Inactive,customer157@email.com
158,Customer_000158,Basic,2023-07-22,Inactive,customer158@email.com
159,Customer_000159,Standard,2022-02-03,Active,customer159@email.com
160,Customer_000160,Standard,2023-03-30,Active,customer160@email.com
161,Customer_000161,Basic,2021-01-12,Inactive,customer161@email.com
162,Customer_000162,Basic,2021-08-07,Active,customer162@email.com
163,Customer_000163,Basic,2024-11-26,Inactive,customer163@email.com
164,Customer_000164,Basic,2022-05-26,Active,customer164@email.com
165,Customer_000165,Standard,2021-10-01,Active,customer165@email.com
166,Customer_000166,Standard,2024-02-19,Inactive,customer166@email.com
167,Customer_000167,Premium,2023-06-26,Active,customer167@email.com
168,Customer_000168,Premium,2023-10-31,Active,customer168@email.com
169,Customer_000169,Basic,2023-07-03,Inactive,customer169@email.com
170,Customer_000170,Standard,2023-08-31,Active,customer170@email.com
171,Customer_000171,Standard,2024-07-29,Active,customer171@email.com
172,Customer_000172,Standard,2023-09-20,Active,customer172@email.com
173,Customer_000173,Standard,2021-06-08,Active,customer173@email.com
174,Customer_000174,Basic,2022-11-19,Active,customer174@email.com
175,Customer_000175,Standard,2021-10-11,Active,customer175@email.com
176,Customer_000176,Basic,2021-11-09,Inactive,customer176@email.com
177,Customer_000177,Basic,2023-04-15,Active,customer177@email.com
178,Customer_000178,Premium,2021-05-08,Active,customer178@email.com
179,Customer_000179,Premium,2024-04-11,Active,customer179@email.com
180,Customer_000180,,2024-03-25,Active,customer180@email.com
181,Customer_000181,Standard,2022-12-22,Active,customer181@email.com
182,Customer_000182,Standard,2023-05-09,Active,customer182@email.com
183,Customer_000183,Basic,2024-05-20,Active,customer183@email.com
184,Customer_000184,Basic,2022-07-13,Inactive,customer184@email.com
185,Customer_000185,Standard,2022-11-20,Active,customer185@email.com
186,Customer_000186,Premium,2021-12-05,Active,customer186@email.com
187,Customer_000187,Premium,2024-06-28,Active,customer187@email.com
188,Customer_000188,Premium,2024-04-27,Active,customer188@email.com
189,Customer_000189,Basic,2024-08-09,Active,customer189@email.com
190,Customer_000190,Basic,2022-01-08,Active,customer190@email.com
191,Customer_000191,Premium,2022-03-10,Active,customer191@email.com
192,Customer_000192,Basic,2023-02-16,Inactive,customer192@email.com
193,Customer_000193,Basic,2023-05-14,Inactive,customer193@email.com
194,Customer_000194,Standard,2021-02-09,Active,customer194@email.com
195,Customer_000195,Basic,2022-12-18,Inactive,customer195@email.com
196,Customer_000196,Basic,2024-08-27,Active,customer196@email.com
197,Customer_000197,Standard,2022-05-22,Inactive,customer197@email.com
198,Customer_000198,Standard,2021-11-09,Inactive,customer198@email.com
199,Customer_000199,Basic,2021-08-23,Active,customer199@email.com
200,Customer_000200,Basic,2024-12-03,Inactive,customer200@email.com
201,Customer_000201,Premium,2024-05-25,Inactive,customer201@email.com
202,Customer_000202,Basic,2021-08-23,Inactive,customer202@email.com
203,Customer_000203,Standard,2022-09-30,Inactive,customer203@email.com
204,Customer_000204,Standard,2022-10-01,Active,customer204@email.com
205,Customer_000205,Basic,2023-02-08,Active,customer205@email.com
206,Customer_000206,Standard,2021-06-05,Inactive,customer206@email.com
207,Customer_000207,Basic,2022-05-13,Active,customer207@email.com
208,Customer_000208,Basic,2024-11-02,Active,customer208@email.com
209,Customer_000209,Standard,2024-03-05,Active,customer209@email.com
210,Customer_000210,Basic,2023-05-28,Inactive,customer210@email.com
211,Customer_000211,Basic,2024-08-19,Inactive,customer211@email.com
212,Customer_000212,Premium,2023-10-01,Active,customer212@email.com
213,Customer_000213,Premium,2024-07-25,Active,customer213@email.com
214,Customer_000214,Standard,2021-11-10,Inactive,customer214@email.com
215,Customer_000215,Standard,2024-08-25,Active,customer215@email.com
216,Customer_000216,Premium,2024-01-08,Active,customer216@email.com
217,Customer_000217,Basic,2024-04-28,Active,customer217@email.com
218,Customer_000218,Premium,2021-06-27,Active,customer218@email.com
219,Customer_000219,Premium,2023-08-10,Active,customer219@email.com
220,Customer_000220,Basic,2022-11-20,Active,customer220@email.com
221,Customer_000221,Premium,2022-01-08,Inactive,customer221@email.com
222,Customer_000222,Standard,2022-06-14,Active,customer222@email.com
223,Customer_000223,Basic,2024-12-07,Inactive,customer223@email.com
224,Customer_000224,Basic,2023-11-25,Inactive,customer224@email.com
225,Customer_000225,Standard,2023-04-13,Active,customer225@email.com
226,Customer_000226,Basic,2024-11-15,Active,customer226@email.com
227,Customer_000227,Standard,2023-07-07,Inactive,customer227@email.com
228,Customer_000228,Premium,2022-03-30,Active,customer228@email.com
229,Customer_000229,Premium,2024-09-21,Active,customer229@email.com
230,Customer_000230,Premium,2023-12-24,Active,customer230@email.com
231,Customer_000231,Premium,2024-02-02,Active,customer231@email.com
232,Customer_000232,Basic,2022-07-09,Active,customer232@email.com
233,Customer_000233,Basic,2022-01-30,Active,customer233@email.com
234,Customer_000234,Standard,2024-11-14,Inactive,customer234@email.com
235,Customer_000235,Standard,2023-09-19,Inactive,customer235@email.com
236,Customer_000236,Premium,2023-12-11,Inactive,customer236@email.com
237,Customer_000237,Premium,2022-02-02,Inactive,customer237@email.com
238,,Basic,2022-09-12,Inactive,
239,Customer_000239,Premium,2022-07-16,Active,customer239@email.com
240,Customer_000240,Basic,2022-08-22,Active,customer240@email.com
241,Customer_000241,Basic,2023-10-03,Inactive,customer241@email.com
242,Customer_000242,Standard,2022-08-06,Active,customer242@email.com
243,Customer_000243,Basic,2022-01-13,Inactive,customer243@email.com
244,Customer_000244,Premium,2023-09-06,Active,customer244@email.com
245,Customer_000245,Basic,2023-10-05,Inactive,customer245@email.com
246,Customer_000246,Standard,2021-04-20,Active,customer246@email.com
247,Customer_000247,Standard,2022-09-15,Active,customer247@email.com
248,Customer_000248,Standard,2024-02-17,Active,customer248@email.com
249,Customer_000249,Basic,2024-06-20,Active,customer249@email.com
250,Customer_000250,Basic,2023-07-12,Inactive,customer250@email.com
251,Customer_000251,Basic,2024-04-20,Active,customer251@email.com
252,Customer_000252,Standard,2024-06-25,Inactive,customer252@email.com
253,Customer_000253,Basic,2021-07-23,Active,customer253@email.com
254,Customer_000254,Basic,2022-03-09,Inactive,customer254@email.com
255,Customer_000255,Basic,2022-05-07,Inactive,customer255@email.com
256,Customer_000256,Basic,2021-01-06,Active,customer256@email.com
257,Customer_000257,Basic,2023-08-21,Inactive,customer257@email.com
258,Customer_000258,Premium,2024-12-18,Active,customer258@email.com
259,Customer_000259,Standard,2021-05-26,Inactive,customer259@email.com
260,Customer_000260,Basic,2024-07-04,Active,customer260@email.com
261,Customer_000261,Basic,2022-02-10,Active,customer261@email.com
262,Customer_000262,Basic,2024-08-19,Inactive,customer262@email.com
263,Customer_000263,Basic,2021-10-19,Active,customer263@email.com
264,Customer_000264,Standard,2022-09-22,Active,customer264@email.com
265,Customer_000265,Premium,2022-08-15,Inactive,customer265@email.com
266,Customer_000266,Basic,2022-09-15,Inactive,customer266@email.com
267,Customer_000267,Basic,2023-10-22,Active,customer267@email.com
268,Customer_000268,Basic,2024-05-09,Inactive,customer268@email.com
269,Customer_000269,Basic,2022-10-23,Active,customer269@email.com
270,Customer_000270,Standard,2022-04-14,Active,customer270@email.com
271,Customer_000271,Basic,2024-03-24,Active,customer271@email.com
272,Customer_000272,Standard,2024-10-08,Active,customer272@email.com
273,Customer_000273,Basic,2021-12-25,Active,customer273@email.com
274,Customer_000274,Premium,2022-07-24,Active,customer274@email.com
275,Customer_000275,Basic,2024-07-24,Inactive,customer275@email.com
276,Customer_000276,Basic,2023-08-21,Inactive,customer276@email.com
277,Customer_000277,Basic,2024-10-04,Active,customer277@email.com
278,Customer_000278,Basic,2023-04-24,Active,customer278@email.com
279,Customer_000279,Premium,2023-04-01,Active,customer279@email.com
280,Customer_000280,Basic,2023-07-21,Active,customer280@email.com
281,Customer_000281,Basic,2021-08-26,Active,customer281@email.com
282,Customer_000282,,2023-11-20,Active,customer282@email.com
283,Customer_000283,Standard,2024-01-17,Active,customer283@email.com
284,Customer_000284,Standard,2023-11-28,Active,customer284@email.com
285,Customer_000285,Basic,2024-07-04,Active,customer285@email.com
286,Customer_000286,Basic,2022-07-01,Inactive,customer286@email.com
287,Customer_000287,Standard,2023-06-17,Active,customer287@email.com
288,Customer_000288,Basic,2021-03-01,Inactive,customer288@email.com
289,Customer_000289,Premium,2022-05-06,Inactive,customer289@email.com
290,Customer_000290,Standard,2021-01-29,Active,customer290@email.com
291,Customer_000291,Standard,2021-08-21,Inactive,customer291@email.com
292,Customer_000292,Standard,2021-11-12,Active,customer292@email.com
293,Customer_000293,Basic,2023-11-09,Active,customer293@email.com
294,Customer_000294,Premium,2023-09-16,Active,customer294@email.com
295,Customer_000295,Premium,2024-02-03,Active,customer295@email.com
296,Customer_000296,Premium,2024-05-12,Active,customer296@email.com
297,Customer_000297,Standard,2021-05-23,Active,customer297@email.com
298,Customer_000298,Basic,2023-04-30,Active,customer298@email.com
299,Customer_000299,Basic,2022-07-02,Active,customer299@email.com
300,Customer_000300,Standard,2022-09-04,Active,customer300@email.com
301,Customer_000301,Standard,2024-09-13,Active,customer301@email.com
302,Customer_000302,Standard,2024-01-09,Active,customer302@email.com
303,Customer_000303,Premium,2024-01-18,Active,customer303@email.com
304,Customer_000304,Standard,2022-01-22,Active,customer304@email.com
305,Customer_000305,Basic,2023-02-24,Inactive,customer305@email.com
306,Customer_000306,Premium,2021-03-31,Active,customer306@email.com
307,Customer_000307,Basic,2023-02-20,Active,customer307@email.com
308,Customer_000308,Basic,2024-08-28,Inactive,customer308@email.com
309,Customer_000309,Premium,2021-03-17,Active,customer309@email.com
310,Customer_000310,Basic,2022-11-11,Inactive,customer310@email.com
311,Customer_000311,Standard,2023-06-21,Active,customer311@email.com
312,Customer_000312,Standard,2021-02-01,Active,customer312@email.com
313,Customer_000313,Basic,2024-09-02,Active,customer313@email.com
314,Customer_000314,Standard,2022-06-27,Active,customer314@email.com
315,Customer_000315,Premium,2024-08-23,Active,customer315@email.com
316,Customer_000316,Basic,2024-10-13,Inactive,customer316@email.com
317,Customer_000317,Basic,2022-10-11,Active,customer317@email.com
318,Customer_000318,Premium,2023-09-27,Active,customer318@email.com
319,Customer_000319,Basic,2021-05-21,Active,customer319@email.com
320,Customer_000320,Standard,2022-08-12,Active,customer320@email.com
321,Customer_000321,Premium,2023-06-08,Active,customer321@email.com
322,Customer_000322,Standard,2024-12-12,Active,customer322@email.com
323,Customer_000323,Premium,2024-11-22,Inactive,customer323@email.com
324,Customer_000324,Basic,2022-10-27,Inactive,customer324@email.com
325,Customer_000325,Basic,2023-02-07,Active,customer325@email.com
326,Customer_000326,Premium,2023-04-24,Active,customer326@email.com
327,Customer_000327,Basic,2021-12-15,Inactive,customer327@email.com
328,Customer_000328,Standard,2023-02-23,Active,customer328@email.com
329,Customer_000329,Standard,2024-04-09,Active,customer329@email.com
330,Customer_000330,Basic,2022-06-05,Active,customer330@email.com
331,Customer_000331,Standard,2023-08-11,Inactive,customer331@email.com
332,Customer_000332,Basic,2021-11-20,Active,customer332@email.com
333,Customer_000333,Premium,2024-04-18,Active,customer333@email.com
334,Customer_000334,Standard,2024-11-14,Active,customer334@email.com
335,Customer_000335,Standard,2022-02-12,Active,customer335@email.com
336,Customer_000336,Standard,2021-08-07,Inactive,customer336@email.com
337,Customer_000337,Premium,2024-03-23,Active,customer337@email.com
338,Customer_000338,Standard,2021-02-14,Inactive,customer338@email.com
339,,Premium,2022-07-17,Active,
340,Customer_000340,Basic,2021-04-11,Inactive,customer340@email.com
341,Customer_000341,Basic,2022-08-10,Active,customer341@email.com
342,Customer_000342,Standard,2022-12-23,Active,customer342@email.com
343,Customer_000343,Basic,2022-05-29,Active,customer343@email.com
344,Customer_000344,Basic,2024-09-12,Active,customer344@email.com
345,Customer_000345,Basic,2021-07-18,Active,customer345@email.com
346,Customer_000346,Standard,2022-09-25,Active,customer346@email.com
347,Customer_000347,Basic,2023-01-18,Active,customer347@email.com
348,Customer_000348,Premium,2022-08-28,Active,customer348@email.com
349,Customer_000349,Standard,2022-02-16,Active,customer349@email.com
350,Customer_000350,Standard,2023-01-20,Active,customer350@email.com
351,Customer_000351,Basic,2021-12-03,Active,customer351@email.com
352,Customer_000352,Standard,2023-09-14,Active,customer352@email.com
353,Customer_000353,Premium,2022-11-25,Inactive,customer353@email.com
354,Customer_000354,Standard,2021-06-04,Inactive,customer354@email.com
355,Customer_000355,Standard,2024-10-17,Active,customer355@email.com
356,Customer_000356,Basic,2024-02-16,Active,customer356@email.com
357,Customer_000357,Standard,2021-01-29,Active,customer357@email.com
358,Customer_000358,Standard,2023-01-25,Inactive,customer358@email.com
359,Customer_000359,Basic,2024-04-12,Inactive,customer359@email.com
360,Customer_000360,Premium,2023-01-31,Active,customer360@email.com
361,Customer_000361,Basic,2021-02-21,Active,customer361@email.com
362,Customer_000362,Premium,2022-11-03,Active,customer362@email.com
363,Customer_000363,Basic,2021-05-10,Inactive,customer363@email.com
364,Customer_000364,Premium,2024-12-06,Active,customer364@email.com
365,Customer_000365,Standard,2021-10-14,Active,customer365@email.com
366,Customer_000366,Standard,2023-10-06,Inactive,customer366@email.com
367,Customer_000367,Basic,2024-01-06,Active,customer367@email.com
368,Customer_000368,Standard,2024-10-05,Inactive,customer368@email.com
369,Customer_000369,Standard,2024-01-12,Inactive,customer369@email.com
370,Customer_000370,Standard,2021-11-13,Active,customer370@email.com
371,Customer_000371,Standard,2023-09-30,Active,customer371@email.com
372,Customer_000372,Basic,2022-07-27,Active,customer372@email.com
373,Customer_000373,Standard,2023-06-28,Inactive,customer373@email.com
374,Customer_000374,Standard,2023-01-13,Active,customer374@email.com
375,Customer_000375,Basic,2024-01-21,Active,customer375@email.com
376,Customer_000376,Premium,2021-05-05,Inactive,customer376@email.com
377,Customer_000377,Basic,2021-09-08,Active,customer377@email.com
378,Customer_000378,Premium,2021-07-07,Active,customer378@email.com
379,Customer_000379,Basic,2024-05-07,Active,customer379@email.com
380,Customer_000380,Basic,2022-11-15,Inactive,customer380@email.com
381,Customer_000381,Standard,2024-03-02,Active,customer381@email.com
382,Customer_000382,Standard,2024-02-10,Active,customer382@email.com
383,Customer_000383,Premium,2022-04-23,Active,customer383@email.com
384,,Basic,2024-05-05,Inactive,
385,Customer_000385,Standard,2021-10-24,Inactive,customer385@email.com
386,Customer_000386,Premium,2021-12-24,Active,customer386@email.com
387,,Premium,2021-09-27,Active,
388,Customer_000388,Basic,2022-05-03,Active,customer388@email.com
389,Customer_000389,Standard,2022-06-28,Active,customer389@email.com
390,Customer_000390,Basic,2023-12-14,Active,customer390@email.com
391,Customer_000391,Basic,2023-07-08,Active,customer391@email.com
392,Customer_000392,Standard,2021-08-12,Active,customer392@email.com
393,Customer_000393,Standard,2024-06-13,Inactive,customer393@email.com
394,Customer_000394,Basic,2024-09-11,Active,customer394@email.com
395,Customer_000395,Standard,2021-03-05,Inactive,customer395@email.com
396,Customer_000396,Standard,2023-04-03,Active,customer396@email.com
397,Customer_000397,Basic,2024-12-29,Active,customer397@email.com
398,Customer_000398,Premium,2021-06-15,Inactive,customer398@email.com
399,Customer_000399,Basic,2021-09-16,Active,customer399@email.com
400,Customer_000400,Basic,2024-01-29,Inactive,customer400@email.com
401,Customer_000401,Basic,2024-05-08,Active,customer401@email.com
402,Customer_000402,Basic,2024-05-24,Active,customer402@email.com
403,Customer_000403,Standard,2021-08-23,Active,customer403@email.com
404,Customer_000404,Basic,2024-02-04,Inactive,customer404@email.com
405,Customer_000405,Standard,2023-07-14,Active,customer405@email.com
406,Customer_000406,Basic,2023-07-18,Inactive,customer406@email.com
407,Customer_000407,Premium,2022-10-03,Inactive,customer407@email.com
408,Customer_000408,Basic,2023-02-06,Active,customer408@email.com
409,Customer_000409,Basic,2023-08-30,Active,customer409@email.com
410,Customer_000410,Premium,2021-07-10,Active,customer410@email.com
411,Customer_000411,Basic,2023-02-03,Active,customer411@email.com
412,Customer_000412,Standard,2024-04-16,Active,customer412@email.com
413,Customer_000413,Basic,2024-10-04,Inactive,customer413@email.com
414,Customer_000414,Standard,2024-09-24,Active,customer414@email.com
415,Customer_000415,Basic,2021-04-16,Active,customer415@email.com
416,Customer_000416,Standard,2022-12-22,Active,customer416@email.com
417,Customer_000417,Premium,2021-11-13,Active,customer417@email.com
418,Customer_000418,Standard,2021-08-10,Active,customer418@email.com
419,Customer_000419,Basic,2021-08-24,Active,customer419@email.com
420,Customer_000420,Basic,2023-05-29,Active,customer420@email.com
421,Customer_000421,Premium,2024-06-27,Active,customer421@email.com
422,Customer_000422,Standard,2021-02-23,Inactive,customer422@email.com
423,Customer_000423,Premium,2024-11-21,Active,customer423@email.com
424,Customer_000424,Premium,2024-12-10,Inactive,customer424@email.com
425,,Basic,2022-12-20,Active,
426,Customer_000426,Premium,2024-03-05,Active,customer426@email.com
427,Customer_000427,Standard,2024-07-20,Inactive,customer427@email.com
428,Customer_000428,Standard,2023-12-23,Active,customer428@email.com
429,Customer_000429,Premium,2022-11-30,Active,customer429@email.com
430,Customer_000430,Basic,2022-10-27,Active,customer430@email.com
431,Customer_000431,Basic,2021-06-23,Active,customer431@email.com
432,Customer_000432,Basic,2024-06-19,Active,customer432@email.com
433,Customer_000433,Standard,2023-06-27,Active,customer433@email.com
434,Customer_000434,Standard,2023-06-25,Active,customer434@email.com
435,Customer_000435,Basic,2023-11-16,Inactive,customer435@email.com
436,Customer_000436,Standard,2022-08-04,Active,customer436@email.com
437,Customer_000437,Basic,2023-12-16,Active,customer437@email.com
438,Customer_000438,Premium,2023-03-21,Active,customer438@email.com
439,Customer_000439,Basic,2022-02-23,Inactive,customer439@email.com
440,Customer_000440,Premium,2021-10-09,Active,customer440@email.com
441,,Standard,2021-09-03,Active,
442,Customer_000442,Premium,2021-12-26,Active,customer442@email.com
443,Customer_000443,Basic,2022-04-17,Active,customer443@email.com
444,Customer_000444,Basic,2022-12-27,Active,customer444@email.com
445,Customer_000445,Premium,2021-03-28,Active,customer445@email.com
446,Customer_000446,Basic,2021-06-09,Inactive,customer446@email.com
447,Customer_000447,Basic,2024-03-20,Active,customer447@email.com
448,Customer_000448,Basic,2022-08-16,Active,customer448@email.com
449,Customer_000449,Standard,2022-10-28,Inactive,customer449@email.com
450,Customer_000450,Premium,2023-08-01,Active,customer450@email.com
451,Customer_000451,Standard,2021-06-30,Active,customer451@email.com
452,Customer_000452,Standard,2023-06-12,Active,customer452@email.com
453,Customer_000453,Standard,2023-03-22,Inactive,customer453@email.com
454,Customer_000454,Basic,2022-03-30,Active,customer454@email.com
455,Customer_000455,Standard,2023-11-12,Active,customer455@email.com
456,Customer_000456,Basic,2022-02-02,Active,customer456@email.com
457,Customer_000457,Basic,2024-08-14,Active,customer457@email.com
458,Customer_000458,Basic,2021-10-27,Active,customer458@email.com
459,Customer_000459,Standard,2021-11-10,Inactive,customer459@email.com
460,Customer_000460,Basic,2021-12-29,Active,customer460@email.com
461,Customer_000461,Basic,2023-08-09,Active,customer461@email.com
462,Customer_000462,Basic,2023-07-09,Inactive,customer462@email.com
463,Customer_000463,Standard,2024-08-09,Active,customer463@email.com
464,Customer_000464,Standard,2024-07-08,Active,customer464@email.com
465,Customer_000465,Basic,2023-08-19,Active,customer465@email.com
466,Customer_000466,Premium,2022-07-17,Active,customer466@email.com
467,Customer_000467,Basic,2021-06-01,Active,customer467@email.com
468,Customer_000468,Standard,2021-04-27,Active,customer468@email.com
469,Customer_000469,Premium,2024-08-13,Inactive,customer469@email.com
470,Customer_000470,Premium,2024-06-13,Active,customer470@email.com
471,Customer_000471,Standard,2024-04-03,Active,customer471@email.com
472,Customer_000472,Basic,2021-03-26,Inactive,customer472@email.com
473,Customer_000473,Standard,2024-08-27,Active,customer473@email.com
474,Customer_000474,Premium,2023-10-24,Inactive,customer474@email.com
475,Customer_000475,Basic,2021-07-31,Active,customer475@email.com
476,Customer_000476,Basic,2021-06-22,Inactive,customer476@email.com
477,Customer_000477,Standard,2022-05-23,Inactive,customer477@email.com
478,Customer_000478,Standard,2023-12-10,Active,customer478@email.com
479,Customer_000479,Basic,2023-02-03,Active,customer479@email.com
480,Customer_000480,Standard,2022-11-24,Active,customer480@email.com
481,Customer_000481,Premium,2024-07-16,Active,customer481@email.com
482,Customer_000482,Standard,2021-07-13,Active,customer482@email.com
483,Customer_000483,Standard,2022-06-01,Active,customer483@email.com
484,Customer_000484,Basic,2024-05-19,Active,customer484@email.com
485,Customer_000485,Basic,2024-04-08,Active,customer485@email.com
486,Customer_000486,Basic,2022-09-28,Inactive,customer486@email.com
487,Customer_000487,Basic,2023-03-14,Active,customer487@email.com
488,Customer_000488,Premium,2021-06-23,Active,customer488@email.com
489,Customer_000489,Basic,2022-11-04,Active,customer489@email.com
490,Customer_000490,Standard,2024-11-04,Active,customer490@email.com
491,Customer_000491,Standard,2024-10-05,Inactive,customer491@email.com
492,Customer_000492,Premium,2023-01-13,Active,customer492@email.com
493,Customer_000493,Basic,2022-12-01,Active,customer493@email.com
494,Customer_000494,Basic,2022-04-09,Active,customer494@email.com
495,Customer_000495,Standard,2022-08-29,Inactive,customer495@email.com
496,Customer_000496,Basic,2024-01-11,Inactive,customer496@email.com
497,Customer_000497,Standard,2021-03-19,Active,customer497@email.com
498,Customer_000498,Standard,2024-06-19,Active,customer498@email.com
499,Customer_000499,Basic,2021-11-29,Active,customer499@email.com
500,Customer_000500,Basic,2024-07-03,Active,customer500@email.com
501,Customer_000501,Standard,2023-06-16,Active,customer501@email.com
502,Customer_000502,Basic,2022-05-02,Inactive,customer502@email.com
503,Customer_000503,Basic,2023-07-09,Inactive,customer503@email.com
504,Customer_000504,Basic,2023-08-19,Inactive,customer504@email.com
505,Customer_000505,Standard,2024-10-21,Active,customer505@email.com
506,Customer_000506,Standard,2023-08-04,Inactive,customer506@email.com
507,Customer_000507,Basic,2023-10-27,Active,customer507@email.com
508,Customer_000508,Basic,2022-02-13,Inactive,customer508@email.com
509,Customer_000509,Standard,2022-05-28,Active,customer509@email.com
510,Customer_000510,Basic,2023-01-31,Active,customer510@email.com
511,Customer_000511,Basic,2023-11-23,Active,customer511@email.com
512,Customer_000512,Basic,2021-11-25,Inactive,customer512@email.com
513,Customer_000513,Basic,2021-10-29,Active,customer513@email.com
514,Customer_000514,Basic,2022-03-31,Inactive,customer514@email.com
515,Customer_000515,Standard,2021-02-24,Inactive,customer515@email.com
516,Customer_000516,Premium,2023-02-05,Active,customer516@email.com
517,Customer_000517,Standard,2023-02-07,Active,customer517@email.com
518,Customer_000518,Premium,2021-07-22,Active,customer518@email.com
519,Customer_000519,Standard,2021-10-27,Active,customer519@email.com
520,Customer_000520,Premium,2023-08-26,Active,customer520@email.com
521,Customer_000521,Basic,2024-12-15,Inactive,customer521@email.com
522,,Standard,2021-06-12,Active,
523,Customer_000523,Basic,2021-11-03,Active,customer523@email.com
524,Customer_000524,Standard,2023-12-17,Active,customer524@email.com
525,Customer_000525,Basic,2022-05-02,Active,customer525@email.com
526,Customer_000526,Basic,2023-05-10,Active,customer526@email.com
527,Customer_000527,Basic,2021-05-09,Inactive,customer527@email.com
528,Customer_000528,Basic,2024-05-07,Active,customer528@email.com
529,Customer_000529,Basic,2024-03-23,Active,customer529@email.com
530,,Standard,2023-05-30,Active,
531,Customer_000531,Basic,2024-03-14,Inactive,customer531@email.com
532,Customer_000532,Basic,2021-06-25,Active,customer532@email.com
533,Customer_000533,Standard,2023-12-14,Active,customer533@email.com
534,Customer_000534,Standard,2023-11-06,Active,customer534@email.com
535,Customer_000535,Standard,2023-08-21,Active,customer535@email.com
536,Customer_000536,Standard,2023-02-04,Active,customer536@email.com
537,Customer_000537,Premium,2021-05-19,Active,customer537@email.com
538,Customer_000538,Basic,2024-07-10,Active,customer538@email.com
539,Customer_000539,Standard,2022-11-12,Active,customer539@email.com
540,Customer_000540,Standard,2022-11-25,Inactive,customer540@email.com
541,Customer_000541,Basic,2024-11-03,Active,customer541@email.com
542,Customer_000542,Standard,2024-07-17,Inactive,customer542@email.com
543,Customer_000543,Basic,2023-07-27,Active,customer543@email.com
544,Customer_000544,Basic,2022-02-13,Active,customer544@email.com
545,Customer_000545,Basic,2022-09-28,Active,customer545@email.com
546,Customer_000546,Basic,2024-01-18,Active,customer546@email.com
547,Customer_000547,Basic,2024-08-17,Active,customer547@email.com
548,Customer_000548,Standard,2021-04-08,Active,customer548@email.com
549,Customer_000549,Standard,2021-09-12,Active,customer549@email.com
550,Customer_000550,Basic,2023-03-31,Active,customer550@email.com
551,Customer_000551,Premium,2023-03-03,Inactive,customer551@email.com
552,Customer_000552,Basic,2024-11-18,Inactive,customer552@email.com
553,Customer_000553,Basic,2023-11-30,Active,customer553@email.com
554,Customer_000554,Standard,2023-05-20,Inactive,customer554@email.com
555,Customer_000555,Basic,2022-01-05,Active,customer555@email.com
556,Customer_000556,Basic,2021-06-13,Active,customer556@email.com
557,Customer_000557,Standard,2023-07-03,Active,customer557@email.com
558,Customer_000558,Basic,2024-11-13,Active,customer558@email.com
559,Customer_000559,Premium,2022-12-24,Inactive,customer559@email.com
560,Customer_000560,Standard,2024-08-02,Active,customer560@email.com
561,Customer_000561,Basic,2021-06-03,Inactive,customer561@email.com
562,Customer_000562,Basic,2023-11-17,Inactive,customer562@email.com
563,Customer_000563,Basic,2021-03-05,Active,customer563@email.com
564,Customer_000564,Premium,2023-06-17,Active,customer564@email.com
565,Customer_000565,Standard,2024-08-14,Active,customer565@email.com
566,Customer_000566,Basic,2024-03-07,Active,customer566@email.com
567,Customer_000567,Premium,2023-07-11,Active,customer567@email.com
568,Customer_000568,Basic,2021-06-07,Active,customer568@email.com
569,Customer_000569,Basic,2023-03-27,Active,customer569@email.com
570,Customer_000570,Standard,2021-08-21,Active,customer570@email.com
571,Customer_000571,Basic,2023-11-27,Active,customer571@email.com
572,Customer_000572,Basic,2022-06-21,Active,customer572@email.com
573,Customer_000573,Standard,2022-03-16,Inactive,customer573@email.com
574,Customer_000574,Basic,2023-10-03,Inactive,customer574@email.com
575,Customer_000575,Basic,2021-06-01,Inactive,customer575@email.com
576,Customer_000576,Basic,2023-07-01,Inactive,customer576@email.com
577,Customer_000577,Basic,2022-10-17,Inactive,customer577@email.com
578,Customer_000578,Basic,2024-02-01,Inactive,customer578@email.com
579,Customer_000579,Standard,2021-11-19,Inactive,customer579@email.com
580,Customer_000580,Basic,2024-07-30,Active,customer580@email.com
581,Customer_000581,Basic,2022-04-05,Active,customer581@email.com
582,Customer_000582,Standard,2021-10-12,Active,customer582@email.com
583,Customer_000583,Standard,2023-01-10,Inactive,customer583@email.com
584,Customer_000584,Basic,2024-02-04,Active,customer584@email.com
585,Customer_000585,Premium,2021-05-15,Active,customer585@email.com
586,Customer_000586,Basic,2023-09-08,Inactive,customer586@email.com
587,Customer_000587,Basic,2024-03-23,Active,customer587@email.com
588,Customer_000588,Basic,2024-08-08,Active,customer588@email.com
589,Customer_000589,Basic,2023-11-26,Active,customer589@email.com
590,Customer_000590,Basic,2024-02-04,Active,customer590@email.com
591,Customer_000591,Basic,2021-09-22,Active,customer591@email.com
592,Customer_000592,Basic,2021-04-24,Inactive,customer592@email.com
593,Customer_000593,Premium,2022-09-15,Inactive,customer593@email.com
594,Customer_000594,Basic,2024-12-23,Active,customer594@email.com
595,Customer_000595,Standard,2023-11-29,Active,customer595@email.com
596,Customer_000596,Premium,2022-05-29,Active,customer596@email.com
597,Customer_000597,Standard,2022-07-17,Active,customer597@email.com
598,Customer_000598,Premium,2023-12-29,Inactive,customer598@email.com
599,Customer_000599,Basic,2024-04-27,Inactive,customer599@email.com
600,Customer_000600,Basic,2024-09-11,Active,customer600@email.com
601,Customer_000601,Basic,2022-11-23,Active,customer601@email.com
602,Customer_000602,Premium,2021-02-28,Active,customer602@email.com
603,Customer_000603,Standard,2024-03-27,Inactive,customer603@email.com
604,Customer_000604,Basic,2024-03-17,Active,customer604@email.com
605,Customer_000605,Standard,2023-10-17,Inactive,customer605@email.com
606,Customer_000606,Standard,2024-08-07,Active,customer606@email.com
607,Customer_000607,Standard,2024-11-03,Inactive,customer607@email.com
608,Customer_000608,Basic,2024-11-11,Active,customer608@email.com
609,Customer_000609,Premium,2023-09-19,Active,customer609@email.com
610,Customer_000610,Basic,2021-10-22,Active,customer610@email.com
611,Customer_000611,Basic,2022-12-09,Active,customer611@email.com
612,Customer_000612,Standard,2023-01-29,Inactive,customer612@email.com
613,Customer_000613,Standard,2022-05-11,Active,customer613@email.com
614,Customer_000614,Standard,2022-05-23,Active,customer614@email.com
615,Customer_000615,Basic,2023-02-26,Active,customer615@email.com
616,Customer_000616,Basic,2021-11-24,Active,customer616@email.com
617,Customer_000617,Standard,2022-10-03,Active,customer617@email.com
618,Customer_000618,Basic,2023-11-21,Active,customer618@email.com
619,Customer_000619,Basic,2023-10-16,Active,customer619@email.com
620,Customer_000620,Basic,2023-11-02,Active,customer620@email.com
621,Customer_000621,Basic,2024-04-09,Inactive,customer621@email.com
622,Customer_000622,Basic,2023-10-11,Inactive,customer622@email.com
623,Customer_000623,Basic,2024-10-09,Active,customer623@email.com
624,Customer_000624,Premium,2021-08-09,Active,customer624@email.com
625,Customer_000625,Basic,2023-01-20,Active,customer625@email.com
626,Customer_000626,Basic,2023-04-01,Active,customer626@email.com
627,Customer_000627,Premium,2023-01-13,Active,customer627@email.com
628,Customer_000628,Basic,2023-10-30,Active,customer628@email.com
629,Customer_000629,Standard,2024-06-30,Active,customer629@email.com
630,Customer_000630,Premium,2021-07-18,Active,customer630@email.com
631,Customer_000631,Standard,2022-11-26,Inactive,customer631@email.com
632,Customer_000632,Standard,2021-10-23,Active,customer632@email.com
633,Customer_000633,Premium,2023-10-22,Active,customer633@email.com
634,Customer_000634,Standard,2022-11-14,Active,customer634@email.com
635,Customer_000635,Basic,2021-11-02,Active,customer635@email.com
636,Customer_000636,Basic,2022-11-03,Inactive,customer636@email.com
637,Customer_000637,Basic,2023-03-16,Active,customer637@email.com
638,Customer_000638,Standard,2022-09-05,Active,customer638@email.com
639,Customer_000639,Standard,2023-11-10,Inactive,customer639@email.com
640,Customer_000640,Premium,2022-09-06,Active,customer640@email.com
641,Customer_000641,Basic,2022-11-10,Inactive,customer641@email.com
642,Customer_000642,Basic,2024-04-10,Active,customer642@email.com
643,Customer_000643,Standard,2024-11-10,Active,customer643@email.com
644,Customer_000644,Premium,2022-06-28,Active,customer644@email.com
645,Customer_000645,Premium,2024-03-30,Active,customer645@email.com
646,Customer_000646,Standard,2024-04-10,Active,customer646@email.com
647,Customer_000647,Basic,2024-06-23,Inactive,customer647@email.com
648,Customer_000648,Basic,2024-10-26,Active,customer648@email.com
649,Customer_000649,Standard,2024-12-05,Active,customer649@email.com
650,Customer_000650,Basic,2022-10-05,Inactive,customer650@email.com
651,Customer_000651,Premium,2022-02-22,Inactive,customer651@email.com
652,Customer_000652,Premium,2023-08-24,Active,customer652@email.com
653,Customer_000653,Basic,2021-05-08,Inactive,customer653@email.com
654,Customer_000654,Basic,2024-02-23,Inactive,customer654@email.com
655,Customer_000655,Standard,2023-12-13,Inactive,customer655@email.com
656,Customer_000656,Premium,2023-07-31,Inactive,customer656@email.com
657,Customer_000657,Basic,2022-12-27,Inactive,customer657@email.com
658,Customer_000658,Standard,2024-10-26,Active,customer658@email.com
659,Customer_000659,Basic,2024-06-03,Inactive,customer659@email.com
660,Customer_000660,Premium,2022-07-26,Active,customer660@email.com
661,Customer_000661,Standard,2022-09-02,Active,customer661@email.com
662,Customer_000662,Basic,2024-11-14,Active,customer662@email.com
663,Customer_000663,Basic,2022-12-16,Active,customer663@email.com
664,Customer_000664,Standard,2022-07-15,Inactive,customer664@email.com
665,Customer_000665,Basic,2024-01-18,Active,customer665@email.com
666,Customer_000666,Basic,2022-12-08,Inactive,customer666@email.com
667,Customer_000667,Standard,2022-08-18,Inactive,customer667@email.com
668,Customer_000668,Basic,2021-06-11,Inactive,customer668@email.com
669,Customer_000669,Standard,2022-06-10,Active,customer669@email.com
670,Customer_000670,Premium,2024-01-09,Active,customer670@email.com
671,Customer_000671,Standard,2022-07-11,Active,customer671@email.com
672,Customer_000672,Basic,2024-04-16,Inactive,customer672@email.com
673,Customer_000673,Basic,2023-12-24,Active,customer673@email.com
674,Customer_000674,Standard,2021-07-25,Active,customer674@email.com
675,Customer_000675,Basic,2021-07-25,Active,customer675@email.com
676,Customer_000676,Basic,2024-02-02,Active,customer676@email.com
677,Customer_000677,Standard,2024-08-30,Active,customer677@email.com
678,Customer_000678,Standard,2023-09-05,Inactive,customer678@email.com
679,Customer_000679,Basic,2022-08-12,Active,customer679@email.com
680,Customer_000680,Standard,2021-07-03,Active,customer680@email.com
681,Customer_000681,Basic,2021-03-18,Active,customer681@email.com
682,Customer_000682,Basic,2021-12-27,Active,customer682@email.com
683,Customer_000683,Basic,2023-03-25,Active,customer683@email.com
684,Customer_000684,,2022-08-16,Inactive,customer684@email.com
685,Customer_000685,Standard,2024-03-09,Active,customer685@email.com
686,Customer_000686,Basic,2022-11-18,Active,customer686@email.com
687,Customer_000687,Basic,2024-01-18,Active,customer687@email.com
688,Customer_000688,Standard,2021-10-02,Inactive,customer688@email.com
689,Customer_000689,Standard,2022-01-30,Active,customer689@email.com
690,Customer_000690,Standard,2023-07-29,Active,customer690@email.com
691,Customer_000691,Standard,2021-01-29,Active,customer691@email.com
692,Customer_000692,Basic,2024-03-08,Active,customer692@email.com
693,Customer_000693,Basic,2024-06-05,Active,customer693@email.com
694,Customer_000694,Basic,2023-05-26,Active,customer694@email.com
695,Customer_000695,Basic,2024-10-02,Active,customer695@email.com
696,Customer_000696,Standard,2023-09-05,Active,customer696@email.com
697,Customer_000697,Standard,2022-06-19,Active,customer697@email.com
698,Customer_000698,Standard,2022-07-01,Inactive,customer698@email.com
699,,Standard,2024-03-19,Active,
700,Customer_000700,Basic,2024-11-19,Inactive,customer700@email.com
701,Customer_000701,Standard,2023-08-12,Active,customer701@email.com
702,Customer_000702,Premium,2023-10-27,Active,customer702@email.com
703,Customer_000703,Basic,2022-09-29,Active,customer703@email.com
704,Customer_000704,Basic,2022-08-28,Inactive,customer704@email.com
705,Customer_000705,Basic,2021-10-01,Inactive,customer705@email.com
706,Customer_000706,Standard,2024-05-25,Active,customer706@email.com
707,Customer_000707,Standard,2023-08-23,Active,customer707@email.com
708,Customer_000708,Basic,2022-03-24,Inactive,customer708@email.com
709,Customer_000709,Premium,2024-05-05,Active,customer709@email.com
710,Customer_000710,Standard,2023-07-04,Inactive,customer710@email.com
711,Customer_000711,Standard,2024-03-01,Active,customer711@email.com
712,Customer_000712,Premium,2023-11-02,Active,customer712@email.com
713,Customer_000713,Basic,2021-12-03,Inactive,customer713@email.com
714,Customer_000714,Premium,2021-08-27,Inactive,customer714@email.com
715,Customer_000715,Basic,2023-09-29,Inactive,customer715@email.com
716,Customer_000716,Standard,2021-04-24,Active,customer716@email.com
717,Customer_000717,Standard,2023-07-25,Active,customer717@email.com
718,Customer_000718,Premium,2024-10-09,Active,customer718@email.com
719,Customer_000719,,2023-03-22,Active,customer719@email.com
720,Customer_000720,Standard,2022-03-23,Active,customer720@email.com
721,Customer_000721,Basic,2022-12-07,Active,customer721@email.com
722,Customer_000722,Basic,2021-05-04,Active,customer722@email.com
723,Customer_000723,Basic,2023-08-25,Active,customer723@email.com
724,Customer_000724,Basic,2021-10-05,Inactive,customer724@email.com
725,Customer_000725,Basic,2024-08-15,Inactive,customer725@email.com
726,Customer_000726,Standard,2023-02-23,Active,customer726@email.com
727,Customer_000727,Basic,2023-02-13,Active,customer727@email.com
728,Customer_000728,Premium,2024-09-17,Inactive,customer728@email.com
729,Customer_000729,Basic,2022-12-14,Inactive,customer729@email.com
730,Customer_000730,Standard,2023-03-16,Active,customer730@email.com
731,Customer_000731,Standard,2022-04-02,Active,customer731@email.com
732,Customer_000732,Premium,2022-09-04,Active,customer732@email.com
733,Customer_000733,Basic,2023-05-19,Active,customer733@email.com
734,Customer_000734,Basic,2022-05-22,Active,customer734@email.com
735,Customer_000735,Basic,2022-01-22,Inactive,customer735@email.com
736,Customer_000736,Basic,2021-08-20,Inactive,customer736@email.com
737,Customer_000737,Basic,2024-06-13,Active,customer737@email.com
738,Customer_000738,Standard,2021-02-02,Active,customer738@email.com
739,Customer_000739,Basic,2024-05-01,Inactive,customer739@email.com
740,Customer_000740,Basic,2024-12-11,Active,customer740@email.com
741,Customer_000741,Basic,2021-04-01,Active,customer741@email.com
742,Customer_000742,Basic,2022-03-21,Active,customer742@email.com
743,Customer_000743,Standard,2021-10-14,Active,customer743@email.com
744,Customer_000744,Standard,2024-03-25,Active,customer744@email.com
745,Customer_000745,Standard,2024-10-09,Active,customer745@email.com
746,Customer_000746,Standard,2021-10-21,Active,customer746@email.com
747,Customer_000747,Standard,2023-04-27,Active,customer747@email.com
748,Customer_000748,Basic,2024-04-26,Inactive,customer748@email.com
749,Customer_000749,Basic,2024-07-06,Active,customer749@email.com
750,Customer_000750,Standard,2021-04-07,Inactive,customer750@email.com
751,Customer_000751,Basic,2024-10-06,Active,customer751@email.com
752,Customer_000752,Premium,2024-11-27,Active,customer752@email.com
753,Customer_000753,Standard,2023-02-10,Active,customer753@email.com
754,Customer_000754,Basic,2022-05-09,Active,customer754@email.com
755,Customer_000755,Basic,2024-12-20,Inactive,customer755@email.com
756,Customer_000756,Basic,2021-04-29,Inactive,customer756@email.com
757,Customer_000757,Basic,2024-02-16,Active,customer757@email.com
758,Customer_000758,Standard,2022-06-07,Active,customer758@email.com
759,Customer_000759,Basic,2023-07-11,Inactive,customer759@email.com
760,Customer_000760,Standard,2022-01-26,Inactive,customer760@email.com
761,Customer_000761,Premium,2024-05-23,Inactive,customer761@email.com
762,Customer_000762,Standard,2022-01-21,Active,customer762@email.com
763,Customer_000763,Standard,2024-10-07,Active,customer763@email.com
764,Customer_000764,Standard,2022-11-13,Active,customer764@email.com
765,Customer_000765,Basic,2022-03-10,Active,customer765@email.com
766,Customer_000766,Standard,2021-08-29,Active,customer766@email.com
767,Customer_000767,Basic,2022-05-12,Active,customer767@email.com
768,Customer_000768,Standard,2023-03-24,Active,customer768@email.com
769,Customer_000769,Standard,2022-08-03,Active,customer769@email.com
770,Customer_000770,Standard,2023-01-06,Active,customer770@email.com
771,Customer_000771,Basic,2023-10-16,Active,customer771@email.com
772,Customer_000772,Basic,2023-08-20,Active,customer772@email.com
773,Customer_000773,Basic,2022-02-21,Active,customer773@email.com
774,Customer_000774,Basic,2024-02-27,Active,customer774@email.com
775,Customer_000775,Premium,2021-02-03,Active,customer775@email.com
776,Customer_000776,Basic,2024-04-01,Active,customer776@email.com
777,Customer_000777,Basic,2022-02-06,Inactive,customer777@email.com
778,Customer_000778,Standard,2022-05-19,Active,customer778@email.com
779,Customer_000779,Basic,2024-11-03,Active,customer779@email.com
780,Customer_000780,Basic,2023-09-28,Inactive,customer780@email.com
781,Customer_000781,Standard,2023-10-02,Active,customer781@email.com
782,Customer_000782,Basic,2022-12-23,Active,customer782@email.com
783,Customer_000783,Basic,2023-09-28,Active,customer783@email.com
784,Customer_000784,Basic,2024-08-07,Active,customer784@email.com
785,Customer_000785,Basic,2021-06-02,Active,customer785@email.com
786,Customer_000786,Basic,2021-01-14,Active,customer786@email.com
787,Customer_000787,Basic,2022-04-19,Inactive,customer787@email.com
788,Customer_000788,Standard,2022-03-24,Active,customer788@email.com
789,Customer_000789,Premium,2024-06-19,Active,customer789@email.com
790,Customer_000790,Basic,2023-09-17,Active,customer790@email.com
791,Customer_000791,Standard,2023-12-26,Active,customer791@email.com
792,Customer_000792,Basic,2023-12-21,Active,customer792@email.com
793,,Basic,2022-08-11,Active,
794,Customer_000794,Basic,2024-10-12,Active,customer794@email.com
795,Customer_000795,Standard,2022-01-03,Active,customer795@email.com
796,Customer_000796,Basic,2021-11-01,Inactive,customer796@email.com
797,Customer_000797,Premium,2022-06-01,Active,customer797@email.com
798,Customer_000798,Basic,2023-03-24,Active,customer798@email.com
799,Customer_000799,Standard,2023-07-30,Active,customer799@email.com
800,Customer_000800,Premium,2022-04-08,Inactive,customer800@email.com
801,Customer_000801,Standard,2021-06-15,Active,customer801@email.com
802,Customer_000802,Standard,2021-03-06,Active,customer802@email.com
803,Customer_000803,Premium,2024-02-06,Active,customer803@email.com
804,Customer_000804,Premium,2024-12-10,Active,customer804@email.com
805,Customer_000805,Standard,2023-06-08,Active,customer805@email.com
806,Customer_000806,Basic,2021-07-15,Inactive,customer806@email.com
807,Customer_000807,Basic,2022-04-16,Active,customer807@email.com
808,Customer_000808,Standard,2024-03-06,Active,customer808@email.com
809,Customer_000809,Basic,2021-06-02,Inactive,customer809@email.com
810,Customer_000810,Basic,2024-01-18,Inactive,customer810@email.com
811,,Standard,2022-10-07,Active,
812,Customer_000812,Basic,2021-10-23,Inactive,customer812@email.com
813,Customer_000813,Standard,2023-03-27,Active,customer813@email.com
814,Customer_000814,Standard,2024-02-29,Active,customer814@email.com
815,Customer_000815,Premium,2023-03-08,Active,customer815@email.com
816,Customer_000816,Basic,2023-02-26,Active,customer816@email.com
817,Customer_000817,Basic,2024-11-12,Inactive,customer817@email.com
818,Customer_000818,Basic,2022-12-10,Active,customer818@email.com
819,Customer_000819,Standard,2021-06-05,Active,customer819@email.com
820,Customer_000820,Basic,2024-05-04,Inactive,customer820@email.com
821,Customer_000821,Basic,2021-03-02,Inactive,customer821@email.com
822,Customer_000822,Basic,2023-07-12,Active,customer822@email.com
823,Customer_000823,Premium,2023-02-08,Active,customer823@email.com
824,Customer_000824,Premium,2024-09-15,Active,customer824@email.com
825,Customer_000825,Basic,2022-08-28,Inactive,customer825@email.com
826,Customer_000826,Premium,2021-06-18,Active,customer826@email.com
827,Customer_000827,Standard,2024-07-22,Active,customer827@email.com
828,Customer_000828,,2023-01-09,Inactive,customer828@email.com
829,Customer_000829,Basic,2022-09-24,Active,customer829@email.com
830,Customer_000830,Standard,2021-07-29,Active,customer830@email.com
831,Customer_000831,Basic,2023-07-09,Active,customer831@email.com
832,Customer_000832,Basic,2021-07-31,Active,customer832@email.com
833,Customer_000833,Basic,2021-07-10,Inactive,customer833@email.com
834,,Standard,2023-02-28,Inactive,
835,Customer_000835,Premium,2021-06-23,Active,customer835@email.com
836,Customer_000836,Standard,2022-05-13,Inactive,customer836@email.com
837,Customer_000837,Basic,2023-02-19,Inactive,customer837@email.com
838,Customer_000838,Basic,2022-07-04,Active,customer838@email.com
839,Customer_000839,Premium,2023-06-10,Active,customer839@email.com
840,Customer_000840,Standard,2021-06-07,Active,customer840@email.com
841,Customer_000841,Standard,2024-07-04,Inactive,customer841@email.com
842,Customer_000842,Basic,2023-07-27,Inactive,customer842@email.com
843,Customer_000843,Premium,2023-03-22,Inactive,customer843@email.com
844,Customer_000844,Basic,2022-11-06,Active,customer844@email.com
845,Customer_000845,Basic,2024-08-26,Inactive,customer845@email.com
846,Customer_000846,Standard,2022-10-19,Active,customer846@email.com
847,Customer_000847,Standard,2023-09-09,Active,customer847@email.com
848,Customer_000848,Standard,2022-10-16,Active,customer848@email.com
849,Customer_000849,Premium,2023-10-03,Active,customer849@email.com
850,Customer_000850,Basic,2022-10-30,Active,customer850@email.com
851,Customer_000851,Basic,2023-03-16,Active,customer851@email.com
852,Customer_000852,Standard,2022-02-14,Active,customer852@email.com
853,Customer_000853,Standard,2024-10-28,Active,customer853@email.com
854,Customer_000854,Basic,2023-08-04,Active,customer854@email.com
855,Customer_000855,Basic,2022-08-20,Inactive,customer855@email.com
856,Customer_000856,Standard,2023-04-18,Active,customer856@email.com
857,Customer_000857,Basic,2022-09-13,Active,customer857@email.com
858,Customer_000858,Premium,2023-05-17,Inactive,customer858@email.com
859,Customer_000859,Premium,2024-05-09,Active,customer859@email.com
860,Customer_000860,Basic,2023-11-04,Active,customer860@email.com
861,Customer_000861,Premium,2023-05-07,Active,customer861@email.com
862,Customer_000862,Standard,2023-01-07,Active,customer862@email.com
863,Customer_000863,Basic,2024-05-01,Active,customer863@email.com
864,Customer_000864,Basic,2022-05-24,Inactive,customer864@email.com
865,Customer_000865,Basic,2024-08-18,Active,customer865@email.com
866,Customer_000866,Standard,2024-08-14,Active,customer866@email.com
867,Customer_000867,Basic,2022-11-11,Active,customer867@email.com
868,Customer_000868,Premium,2021-01-22,Inactive,customer868@email.com
869,Customer_000869,Standard,2023-11-29,Active,customer869@email.com
870,Customer_000870,Standard,2022-03-29,Active,customer870@email.com
871,Customer_000871,Basic,2024-10-23,Inactive,customer871@email.com
872,Customer_000872,Basic,2022-12-08,Active,customer872@email.com
873,Customer_000873,Standard,2022-08-29,Active,customer873@email.com
874,Customer_000874,Premium,2021-08-26,Active,customer874@email.com
875,Customer_000875,Basic,2022-12-15,Active,customer875@email.com
876,Customer_000876,Basic,2022-02-28,Active,customer876@email.com
877,Customer_000877,Premium,2021-07-19,Active,customer877@email.com
878,Customer_000878,Basic,2022-10-16,Inactive,customer878@email.com
879,Customer_000879,Basic,2024-12-26,Active,customer879@email.com
880,Customer_000880,Premium,2024-08-20,Active,customer880@email.com
881,Customer_000881,Standard,2022-05-15,Inactive,customer881@email.com
882,Customer_000882,Premium,2022-11-09,Active,customer882@email.com
883,Customer_000883,Standard,2022-04-20,Active,customer883@email.com
884,Customer_000884,Basic,2022-01-17,Active,customer884@email.com
885,Customer_000885,Standard,2021-03-01,Active,customer885@email.com
886,Customer_000886,Standard,2023-07-10,Inactive,customer886@email.com
887,Customer_000887,Basic,2024-12-14,Inactive,customer887@email.com
888,Customer_000888,Basic,2024-12-12,Active,customer888@email.com
889,Customer_000889,Basic,2021-07-28,Active,customer889@email.com
890,Customer_000890,Standard,2023-01-20,Inactive,customer890@email.com
891,Customer_000891,Premium,2022-06-22,Inactive,customer891@email.com
892,Customer_000892,Standard,2024-08-01,Active,customer892@email.com
893,Customer_000893,Basic,2023-03-15,Inactive,customer893@email.com
894,Customer_000894,Basic,2023-07-27,Active,customer894@email.com
895,Customer_000895,Premium,2024-12-16,Active,customer895@email.com
896,Customer_000896,Standard,2024-04-23,Active,customer896@email.com
897,Customer_000897,Basic,2021-08-30,Inactive,customer897@email.com
898,Customer_000898,Premium,2023-02-04,Active,customer898@email.com
899,Customer_000899,Basic,2023-05-07,Active,customer899@email.com
900,Customer_000900,Premium,2023-05-17,Active,customer900@email.com
901,Customer_000901,Basic,2024-11-21,Inactive,customer901@email.com
902,Customer_000902,Standard,2021-12-21,Active,customer902@email.com
903,Customer_000903,Standard,2021-10-15,Inactive,customer903@email.com
904,Customer_000904,Basic,2024-06-22,Active,customer904@email.com
905,Customer_000905,Standard,2021-01-20,Active,customer905@email.com
906,Customer_000906,Basic,2023-02-26,Inactive,customer906@email.com
907,Customer_000907,Standard,2023-10-11,Active,customer907@email.com
908,Customer_000908,Premium,2024-12-25,Inactive,customer908@email.com
909,Customer_000909,Standard,2021-06-19,Inactive,customer909@email.com
910,Customer_000910,Basic,2022-03-28,Active,customer910@email.com
911,Customer_000911,Standard,2024-01-07,Active,customer911@email.com
912,Customer_000912,Basic,2024-03-04,Inactive,customer912@email.com
913,Customer_000913,Basic,2024-01-31,Active,customer913@email.com
914,Customer_000914,Premium,2022-07-03,Inactive,customer914@email.com
915,Customer_000915,Basic,2023-01-22,Active,customer915@email.com
916,Customer_000916,Basic,2023-06-23,Active,customer916@email.com
917,Customer_000917,Basic,2021-07-29,Inactive,customer917@email.com
918,Customer_000918,Basic,2022-05-22,Inactive,customer918@email.com
919,Customer_000919,Premium,2023-07-11,Active,customer919@email.com
920,Customer_000920,Basic,2021-06-28,Active,customer920@email.com
921,Customer_000921,Standard,2022-05-01,Active,customer921@email.com
922,Customer_000922,Standard,2024-11-12,Active,customer922@email.com
923,Customer_000923,Basic,2024-07-19,Active,customer923@email.com
924,Customer_000924,Premium,2022-02-28,Active,customer924@email.com
925,Customer_000925,Basic,2024-03-13,Active,customer925@email.com
926,Customer_000926,Standard,2024-01-09,Inactive,customer926@email.com
927,Customer_000927,Basic,2022-08-23,Inactive,customer927@email.com
928,Customer_000928,Basic,2023-11-20,Active,customer928@email.com
929,Customer_000929,Basic,2021-07-15,Active,customer929@email.com
930,Customer_000930,Basic,2023-04-23,Inactive,customer930@email.com
931,Customer_000931,Basic,2024-09-05,Inactive,customer931@email.com
932,Customer_000932,Standard,2022-05-27,Active,customer932@email.com
933,Customer_000933,Basic,2022-05-22,Inactive,customer933@email.com
934,Customer_000934,Premium,2023-09-30,Active,customer934@email.com
935,Customer_000935,Premium,2024-07-09,Active,customer935@email.com
936,Customer_000936,Basic,2024-07-21,Active,customer936@email.com
937,Customer_000937,Basic,2023-04-06,Inactive,customer937@email.com
938,Customer_000938,Basic,2023-01-26,Active,customer938@email.com
939,,Basic,2024-04-06,Active,
940,Customer_000940,Standard,2021-07-10,Active,customer940@email.com
941,Customer_000941,Basic,2024-09-22,Inactive,customer941@email.com
942,Customer_000942,Basic,2023-12-31,Inactive,customer942@email.com
943,Customer_000943,Standard,2022-03-10,Active,customer943@email.com
944,Customer_000944,Premium,2022-08-04,Active,customer944@email.com
945,Customer_000945,Basic,2024-03-05,Inactive,customer945@email.com
946,Customer_000946,Premium,2024-10-29,Active,customer946@email.com
947,Customer_000947,Basic,2024-07-06,Active,customer947@email.com
948,Customer_000948,Basic,2021-09-12,Inactive,customer948@email.com
949,,Basic,2023-07-24,Active,
950,Customer_000950,Standard,2022-02-19,Inactive,customer950@email.com
951,Customer_000951,Basic,2024-08-24,Active,customer951@email.com
952,Customer_000952,Basic,2022-07-16,Active,customer952@email.com
953,Customer_000953,Basic,2021-06-18,Active,customer953@email.com
954,Customer_000954,Basic,2021-12-05,Active,customer954@email.com
955,Customer_000955,Standard,2024-12-03,Active,customer955@email.com
956,Customer_000956,,2021-07-06,Inactive,customer956@email.com
957,Customer_000957,Basic,2023-09-04,Active,customer957@email.com
958,Customer_000958,,2023-11-30,Active,customer958@email.com
959,Customer_000959,Basic,2024-11-25,Active,customer959@email.com
960,Customer_000960,Standard,2023-05-15,Active,customer960@email.com
961,Customer_000961,Basic,2022-04-14,Active,customer961@email.com
962,Customer_000962,Basic,2021-07-29,Active,customer962@email.com
963,Customer_000963,Basic,2022-09-05,Active,customer963@email.com
964,Customer_000964,Basic,2021-09-30,Active,customer964@email.com
965,Customer_000965,,2021-05-21,Active,customer965@email.com
966,Customer_000966,Basic,2024-08-24,Active,customer966@email.com
967,Customer_000967,Basic,2022-03-13,Active,customer967@email.com
968,Customer_000968,Basic,2023-04-24,Inactive,customer968@email.com
969,Customer_000969,Standard,2022-03-21,Inactive,customer969@email.com
970,Customer_000970,Standard,2021-09-10,Active,customer970@email.com
971,Customer_000971,Premium,2023-05-30,Active,customer971@email.com
972,Customer_000972,Basic,2022-07-22,Inactive,customer972@email.com
973,Customer_000973,Basic,2024-05-15,Active,customer973@email.com
974,Customer_000974,Standard,2024-11-15,Active,customer974@email.com
975,Customer_000975,Standard,2022-09-10,Active,customer975@email.com
976,Customer_000976,Premium,2022-01-22,Active,customer976@email.com
977,Customer_000977,Basic,2021-04-22,Inactive,customer977@email.com
978,Customer_000978,Basic,2022-05-06,Inactive,customer978@email.com
979,Customer_000979,Basic,2023-10-21,Active,customer979@email.com
980,Customer_000980,Basic,2021-01-25,Inactive,customer980@email.com
981,Customer_000981,Premium,2021-09-28,Active,customer981@email.com
982,Customer_000982,Basic,2023-05-12,Active,customer982@email.com
983,Customer_000983,Basic,2023-08-23,Active,customer983@email.com
984,Customer_000984,Standard,2021-02-04,Active,customer984@email.com
985,Customer_000985,Standard,2022-03-18,Active,customer985@email.com
986,Customer_000986,Premium,2023-03-27,Active,customer986@email.com
987,Customer_000987,Standard,2023-10-24,Active,customer987@email.com
988,Customer_000988,Standard,2023-04-04,Inactive,customer988@email.com
989,Customer_000989,Standard,2024-06-15,Active,customer989@email.com
990,Customer_000990,Basic,2021-06-11,Inactive,customer990@email.com
991,Customer_000991,Standard,2021-11-15,Inactive,customer991@email.com
992,Customer_000992,Standard,2024-07-23,Active,customer992@email.com
993,Customer_000993,Premium,2024-08-10,Active,customer993@email.com
994,Customer_000994,Basic,2022-05-04,Active,customer994@email.com
995,Customer_000995,Standard,2023-06-09,Active,customer995@email.com
996,Customer_000996,Basic,2021-04-23,Active,customer996@email.com
997,Customer_000997,Basic,2021-12-26,Active,customer997@email.com
998,,Basic,2024-12-07,Inactive,
999,Customer_000999,Basic,2022-12-12,Active,customer999@email.com
1000,Customer_001000,Premium,2022-06-15,Active,customer1000@email.com
1001,Customer_001001,Standard,2022-07-05,Active,customer1001@email.com
1002,Customer_001002,Basic,2021-03-02,Active,customer1002@email.com
1003,Customer_001003,Standard,2023-12-09,Inactive,customer1003@email.com
1004,Customer_001004,Standard,2024-03-26,Inactive,customer1004@email.com
1005,Customer_001005,Premium,2023-11-13,Active,customer1005@email.com
1006,Customer_001006,Premium,2024-03-06,Active,customer1006@email.com
1007,Customer_001007,Basic,2021-07-30,Active,customer1007@email.com
1008,Customer_001008,Basic,2021-08-25,Active,customer1008@email.com
1009,Customer_001009,Standard,2021-04-01,Inactive,customer1009@email.com
1010,Customer_001010,Premium,2021-04-05,Active,customer1010@email.com
1011,Customer_001011,Basic,2021-11-04,Active,customer1011@email.com
1012,Customer_001012,Basic,2021-03-14,Active,customer1012@email.com
1013,Customer_001013,Standard,2024-09-04,Active,customer1013@email.com
1014,Customer_001014,Basic,2023-05-03,Inactive,customer1014@email.com
1015,Customer_001015,Standard,2021-06-09,Active,customer1015@email.com
1016,Customer_001016,Standard,2024-10-10,Active,customer1016@email.com
1017,Customer_001017,Standard,2023-11-23,Inactive,customer1017@email.com
1018,Customer_001018,Basic,2021-05-22,Active,customer1018@email.com
1019,Customer_001019,Premium,2022-09-29,Active,customer1019@email.com
1020,Customer_001020,Standard,2021-01-17,Active,customer1020@email.com
1021,Customer_001021,Basic,2022-09-15,Active,customer1021@email.com
1022,Customer_001022,Basic,2023-01-25,Active,customer1022@email.com
1023,Customer_001023,Basic,2022-02-05,Inactive,customer1023@email.com
1024,Customer_001024,Premium,2022-05-18,Active,customer1024@email.com
1025,Customer_001025,Basic,2021-02-18,Active,customer1025@email.com
1026,Customer_001026,Standard,2024-11-21,Active,customer1026@email.com
1027,Customer_001027,Standard,2021-01-03,Inactive,customer1027@email.com
1028,Customer_001028,Basic,2022-09-22,Inactive,customer1028@email.com
1029,Customer_001029,Standard,2022-05-03,Active,customer1029@email.com
1030,Customer_001030,Basic,2021-10-19,Active,customer1030@email.com
1031,Customer_001031,Premium,2022-04-20,Active,customer1031@email.com
1032,Customer_001032,Basic,2024-12-06,Active,customer1032@email.com
1033,Customer_001033,Premium,2021-06-23,Active,customer1033@email.com
1034,Customer_001034,Standard,2024-07-29,Active,customer1034@email.com
1035,Customer_001035,Standard,2024-03-08,Active,customer1035@email.com
1036,Customer_001036,Basic,2021-09-25,Active,customer1036@email.com
1037,Customer_001037,Standard,2022-10-08,Inactive,customer1037@email.com
1038,Customer_001038,Basic,2022-10-31,Inactive,customer1038@email.com
1039,Customer_001039,Standard,2021-06-02,Active,customer1039@email.com
1040,Customer_001040,Basic,2024-04-12,Inactive,customer1040@email.com
1041,Customer_001041,Premium,2023-07-10,Active,customer1041@email.com
1042,Customer_001042,Standard,2024-01-03,Inactive,customer1042@email.com
1043,Customer_001043,Basic,2023-07-15,Active,customer1043@email.com
1044,Customer_001044,Premium,2021-09-03,Active,customer1044@email.com
1045,Customer_001045,Basic,2022-09-16,Active,customer1045@email.com
1046,Customer_001046,Basic,2021-03-24,Inactive,customer1046@email.com
1047,Customer_001047,Standard,2021-10-31,Active,customer1047@email.com
1048,Customer_001048,Standard,2022-12-30,Inactive,customer1048@email.com
1049,Customer_001049,Basic,2022-09-05,Active,customer1049@email.com
1050,Customer_001050,Basic,2021-03-05,Active,customer1050@email.com
1051,Customer_001051,Basic,2024-02-13,Active,customer1051@email.com
1052,Customer_001052,Standard,2023-08-05,Active,customer1052@email.com
1053,,Basic,2021-09-06,Active,
1054,Customer_001054,Basic,2022-04-01,Inactive,customer1054@email.com
1055,Customer_001055,Standard,2023-02-02,Inactive,customer1055@email.com
1056,Customer_001056,Premium,2021-06-22,Active,customer1056@email.com
1057,Customer_001057,Standard,2021-06-03,Inactive,customer1057@email.com
1058,Customer_001058,Basic,2024-08-15,Active,customer1058@email.com
1059,Customer_001059,Standard,2022-11-11,Active,customer1059@email.com
1060,Customer_001060,Premium,2021-04-14,Inactive,customer1060@email.com
1061,Customer_001061,Basic,2023-03-20,Active,customer1061@email.com
1062,Customer_001062,Basic,2023-05-24,Active,customer1062@email.com
1063,Customer_001063,Basic,2022-01-19,Inactive,customer1063@email.com
1064,Customer_001064,Basic,2021-11-01,Active,customer1064@email.com
1065,Customer_001065,Basic,2022-05-19,Active,customer1065@email.com
1066,Customer_001066,Standard,2024-02-02,Active,customer1066@email.com
1067,Customer_001067,Basic,2023-02-24,Active,customer1067@email.com
1068,Customer_001068,Basic,2023-12-13,Inactive,customer1068@email.com
1069,Customer_001069,Premium,2024-01-19,Active,customer1069@email.com
1070,Customer_001070,Standard,2024-12-31,Inactive,customer1070@email.com
1071,Customer_001071,Basic,2023-09-20,Active,customer1071@email.com
1072,Customer_001072,Basic,2022-10-21,Active,customer1072@email.com
1073,Customer_001073,Standard,2022-10-16,Inactive,customer1073@email.com
1074,Customer_001074,Standard,2022-07-30,Active,customer1074@email.com
1075,Customer_001075,Standard,2023-12-21,Inactive,customer1075@email.com
1076,Customer_001076,Standard,2022-04-22,Active,customer1076@email.com
1077,Customer_001077,Basic,2024-09-07,Inactive,customer1077@email.com
1078,Customer_001078,Premium,2021-04-25,Active,customer1078@email.com
1079,Customer_001079,Premium,2024-03-25,Active,customer1079@email.com
1080,Customer_001080,Standard,2022-12-28,Active,customer1080@email.com
1081,Customer_001081,Basic,2021-12-22,Active,customer1081@email.com
1082,Customer_001082,Standard,2024-11-29,Inactive,customer1082@email.com
1083,Customer_001083,Standard,2024-12-11,Inactive,customer1083@email.com
1084,Customer_001084,Basic,2024-02-29,Active,customer1084@email.com
1085,Customer_001085,Basic,2023-10-06,Active,customer1085@email.com
1086,Customer_001086,Basic,2021-03-19,Active,customer1086@email.com
1087,,Standard,2022-03-25,Inactive,
1088,Customer_001088,Standard,2022-11-11,Inactive,customer1088@email.com
1089,Customer_001089,Standard,2021-09-25,Active,customer1089@email.com
1090,Customer_001090,Basic,2022-10-25,Active,customer1090@email.com
1091,Customer_001091,Standard,2024-12-14,Active,customer1091@email.com
1092,Customer_001092,Premium,2023-12-14,Active,customer1092@email.com
1093,Customer_001093,Basic,2023-02-05,Inactive,customer1093@email.com
1094,Customer_001094,Basic,2024-04-15,Inactive,customer1094@email.com
1095,Customer_001095,Basic,2021-10-07,Inactive,customer1095@email.com
1096,Customer_001096,Standard,2023-06-14,Inactive,customer1096@email.com
1097,Customer_001097,Basic,2024-08-22,Active,customer1097@email.com
1098,Customer_001098,Premium,2024-02-25,Active,customer1098@email.com
1099,Customer_001099,Standard,2023-01-01,Inactive,customer1099@email.com
1100,Customer_001100,Basic,2021-12-26,Active,customer1100@email.com
1101,Customer_001101,Basic,2022-08-27,Active,customer1101@email.com
1102,Customer_001102,Standard,2024-12-08,Active,customer1102@email.com
1103,Customer_001103,Basic,2024-03-08,Inactive,customer1103@email.com
1104,Customer_001104,Standard,2024-06-06,Inactive,customer1104@email.com
1105,Customer_001105,Standard,2023-10-14,Inactive,customer1105@email.com
1106,Customer_001106,Basic,2022-05-03,Inactive,customer1106@email.com
1107,Customer_001107,Premium,2024-07-26,Inactive,customer1107@email.com
1108,Customer_001108,Basic,2024-12-22,Active,customer1108@email.com
1109,Customer_001109,Basic,2022-11-19,Active,customer1109@email.com
1110,Customer_001110,Basic,2022-05-27,Active,customer1110@email.com
1111,Customer_001111,Basic,2021-08-10,Active,customer1111@email.com
1112,Customer_001112,Premium,2023-06-17,Active,customer1112@email.com
1113,Customer_001113,Premium,2023-04-28,Active,customer1113@email.com
1114,Customer_001114,Standard,2024-01-24,Active,customer1114@email.com
1115,Customer_001115,Standard,2024-03-29,Active,customer1115@email.com
1116,Customer_001116,Basic,2021-11-30,Active,customer1116@email.com
1117,Customer_001117,Basic,2021-03-10,Inactive,customer1117@email.com
1118,Customer_001118,Basic,2021-08-03,Active,customer1118@email.com
1119,Customer_001119,Basic,2023-02-08,Active,customer1119@email.com
1120,Customer_001120,Premium,2021-07-10,Active,customer1120@email.com
1121,Customer_001121,Basic,2023-09-16,Active,customer1121@email.com
1122,Customer_001122,Basic,2024-08-31,Inactive,customer1122@email.com
1123,Customer_001123,Basic,2021-11-18,Active,customer1123@email.com
1124,Customer_001124,Premium,2022-01-25,Active,customer1124@email.com
1125,Customer_001125,Basic,2024-01-12,Active,customer1125@email.com
1126,Customer_001126,Premium,2022-05-02,Inactive,customer1126@email.com
1127,Customer_001127,Basic,2024-01-31,Inactive,customer1127@email.com
1128,,Basic,2023-01-09,Active,
1129,Customer_001129,Basic,2024-09-17,Active,customer1129@email.com
1130,Customer_001130,Standard,2021-07-18,Active,customer1130@email.com
1131,Customer_001131,Basic,2022-08-21,Active,customer1131@email.com
1132,Customer_001132,Basic,2021-08-25,Active,customer1132@email.com
1133,Customer_001133,Basic,2023-09-29,Active,customer1133@email.com
1134,Customer_001134,Basic,2024-08-07,Inactive,customer1134@email.com
1135,Customer_001135,Standard,2023-02-21,Active,customer1135@email.com
1136,Customer_001136,Premium,2022-06-24,Active,customer1136@email.com
1137,Customer_001137,Standard,2022-07-05,Active,customer1137@email.com
1138,Customer_001138,Basic,2024-11-27,Active,customer1138@email.com
1139,Customer_001139,Basic,2022-12-06,Active,customer1139@email.com
1140,Customer_001140,Basic,2024-04-22,Active,customer1140@email.com
1141,Customer_001141,Standard,2023-03-04,Active,customer1141@email.com
1142,Customer_001142,Standard,2024-01-02,Active,customer1142@email.com
1143,Customer_001143,Premium,2024-03-18,Active,customer1143@email.com
1144,Customer_001144,Basic,2021-06-11,Active,customer1144@email.com
1145,Customer_001145,Standard,2021-03-13,Active,customer1145@email.com
1146,Customer_001146,Basic,2024-03-16,Active,customer1146@email.com
1147,Customer_001147,Standard,2021-09-04,Active,customer1147@email.com
1148,Customer_001148,Premium,2021-12-09,Active,customer1148@email.com
1149,Customer_001149,Standard,2021-09-16,Active,customer1149@email.com
1150,Customer_001150,Premium,2024-10-31,Active,customer1150@email.com
1151,Customer_001151,Basic,2024-07-08,Active,customer1151@email.com
1152,Customer_001152,Basic,2022-10-17,Active,customer1152@email.com
1153,Customer_001153,Basic,2021-05-18,Active,customer1153@email.com
1154,Customer_001154,Premium,2024-02-05,Active,customer1154@email.com
1155,Customer_001155,Premium,2023-07-28,Active,customer1155@email.com
1156,Customer_001156,Basic,2024-12-05,Inactive,customer1156@email.com
1157,Customer_001157,Standard,2023-05-10,Active,customer1157@email.com
1158,Customer_001158,Basic,2024-03-06,Active,customer1158@email.com
1159,Customer_001159,Standard,2021-07-25,Active,customer1159@email.com
1160,Customer_001160,Standard,2021-07-26,Active,customer1160@email.com
1161,Customer_001161,Basic,2022-12-06,Inactive,customer1161@email.com
1162,Customer_001162,Basic,2024-09-03,Active,customer1162@email.com
1163,Customer_001163,Basic,2021-03-18,Inactive,customer1163@email.com
1164,Customer_001164,Basic,2024-06-20,Active,customer1164@email.com
1165,Customer_001165,Basic,2021-03-21,Active,customer1165@email.com
1166,Customer_001166,Standard,2024-11-15,Active,customer1166@email.com
1167,Customer_001167,Basic,2022-07-05,Inactive,customer1167@email.com
1168,Customer_001168,Premium,2022-09-13,Active,customer1168@email.com
1169,Customer_001169,Standard,2024-11-26,Active,customer1169@email.com
1170,Customer_001170,Premium,2022-04-12,Active,customer1170@email.com
1171,Customer_001171,Basic,2023-06-27,Active,customer1171@email.com
1172,Customer_001172,Premium,2023-05-04,Active,customer1172@email.com
1173,Customer_001173,Basic,2023-06-24,Inactive,customer1173@email.com
1174,Customer_001174,Basic,2023-09-20,Active,customer1174@email.com
1175,Customer_001175,Basic,2021-04-26,Active,customer1175@email.com
1176,Customer_001176,Basic,2022-09-30,Inactive,customer1176@email.com
1177,Customer_001177,Basic,2023-12-10,Inactive,customer1177@email.com
1178,Customer_001178,Basic,2022-01-30,Active,customer1178@email.com
1179,Customer_001179,Basic,2021-04-29,Active,customer1179@email.com
1180,Customer_001180,Basic,2023-01-09,Active,customer1180@email.com
1181,Customer_001181,Premium,2023-08-09,Active,customer1181@email.com
1182,Customer_001182,Standard,2021-09-11,Active,customer1182@email.com
1183,Customer_001183,Basic,2023-09-29,Active,customer1183@email.com
1184,Customer_001184,Premium,2023-08-30,Active,customer1184@email.com
1185,Customer_001185,Standard,2021-12-01,Active,customer1185@email.com
1186,Customer_001186,Basic,2024-11-11,Inactive,customer1186@email.com
1187,Customer_001187,Basic,2021-04-12,Active,customer1187@email.com
1188,Customer_001188,Basic,2022-03-15,Active,customer1188@email.com
1189,Customer_001189,Standard,2024-10-19,Inactive,customer1189@email.com
1190,Customer_001190,Standard,2023-11-18,Inactive,customer1190@email.com
1191,,Basic,2024-10-29,Inactive,
1192,Customer_001192,Basic,2024-08-18,Active,customer1192@email.com
1193,Customer_001193,Standard,2022-04-04,Active,customer1193@email.com
1194,Customer_001194,Standard,2022-09-18,Active,customer1194@email.com
1195,Customer_001195,Basic,2022-07-18,Inactive,customer1195@email.com
1196,Customer_001196,Standard,2022-12-16,Active,customer1196@email.com
1197,Customer_001197,Standard,2022-09-11,Active,customer1197@email.com
1198,Customer_001198,,2023-03-25,Active,customer1198@email.com
1199,Customer_001199,Standard,2024-09-18,Active,customer1199@email.com
1200,Customer_001200,Basic,2024-02-24,Active,customer1200@email.com
1201,Customer_001201,Standard,2022-09-04,Active,customer1201@email.com
1202,Customer_001202,Standard,2022-11-20,Active,customer1202@email.com
1203,Customer_001203,Basic,2022-07-22,Active,customer1203@email.com
1204,Customer_001204,Standard,2024-08-27,Active,customer1204@email.com
1205,Customer_001205,Basic,2022-05-08,Active,customer1205@email.com
1206,Customer_001206,Basic,2024-05-13,Active,customer1206@email.com
1207,Customer_001207,Standard,2021-10-14,Active,customer1207@email.com
1208,Customer_001208,Basic,2022-08-29,Inactive,customer1208@email.com
1209,Customer_001209,Standard,2023-03-07,Active,customer1209@email.com
1210,Customer_001210,Premium,2024-03-17,Active,customer1210@email.com
1211,Customer_001211,Standard,2024-12-31,Active,customer1211@email.com
1212,Customer_001212,Basic,2023-09-02,Active,customer1212@email.com
1213,Customer_001213,Standard,2023-11-05,Inactive,customer1213@email.com
1214,Customer_001214,Premium,2024-09-08,Inactive,customer1214@email.com
1215,Customer_001215,Standard,2021-07-19,Inactive,customer1215@email.com
1216,Customer_001216,Basic,2024-02-19,Inactive,customer1216@email.com
1217,Customer_001217,Basic,2024-10-24,Active,customer1217@email.com
1218,Customer_001218,Basic,2022-04-01,Active,customer1218@email.com
1219,Customer_001219,Standard,2022-09-21,Active,customer1219@email.com
1220,Customer_001220,Basic,2023-02-01,Active,customer1220@email.com
1221,Customer_001221,Basic,2021-08-30,Active,customer1221@email.com
1222,Customer_001222,Basic,2024-04-10,Inactive,customer1222@email.com
1223,Customer_001223,Standard,2023-08-26,Active,customer1223@email.com
1224,Customer_001224,Standard,2024-10-26,Active,customer1224@email.com
1225,Customer_001225,Premium,2021-04-21,Active,customer1225@email.com
1226,Customer_001226,Standard,2022-02-15,Inactive,customer1226@email.com
1227,Customer_001227,Basic,2023-07-27,Active,customer1227@email.com
1228,Customer_001228,Basic,2022-01-05,Active,customer1228@email.com
1229,Customer_001229,Standard,2024-07-16,Active,customer1229@email.com
1230,,Standard,2021-04-29,Active,
1231,Customer_001231,Basic,2021-12-12,Inactive,customer1231@email.com
1232,Customer_001232,Basic,2021-06-30,Active,customer1232@email.com
1233,Customer_001233,Basic,2023-05-30,Active,customer1233@email.com
1234,,Standard,2023-02-25,Active,
1235,Customer_001235,Standard,2023-02-04,Active,customer1235@email.com
1236,Customer_001236,Standard,2023-12-24,Inactive,customer1236@email.com
1237,Customer_001237,Basic,2024-07-07,Inactive,customer1237@email.com
1238,Customer_001238,Basic,2022-12-07,Inactive,customer1238@email.com
1239,Customer_001239,Premium,2023-10-28,Active,customer1239@email.com
1240,Customer_001240,Premium,2021-04-04,Active,customer1240@email.com
1241,Customer_001241,Standard,2023-12-02,Inactive,customer1241@email.com
1242,Customer_001242,Basic,2024-11-07,Active,customer1242@email.com
1243,Customer_001243,Standard,2023-10-01,Inactive,customer1243@email.com
1244,,Standard,2023-04-07,Inactive,
1245,Customer_001245,Basic,2021-09-26,Active,customer1245@email.com
1246,Customer_001246,Standard,2023-10-31,Active,customer1246@email.com
1247,Customer_001247,Basic,2024-08-25,Active,customer1247@email.com
1248,Customer_001248,Basic,2024-08-04,Active,customer1248@email.com
1249,Customer_001249,Basic,2021-04-10,Inactive,customer1249@email.com
1250,Customer_001250,Basic,2021-08-10,Active,customer1250@email.com
1251,Customer_001251,Basic,2024-11-13,Inactive,customer1251@email.com
1252,Customer_001252,Basic,2021-09-11,Inactive,customer1252@email.com
1253,Customer_001253,Standard,2021-11-10,Active,customer1253@email.com
1254,Customer_001254,Basic,2021-01-20,Active,customer1254@email.com
1255,Customer_001255,Basic,2024-09-18,Inactive,customer1255@email.com
1256,Customer_001256,Premium,2024-12-06,Inactive,customer1256@email.com
1257,Customer_001257,Standard,2021-08-03,Active,customer1257@email.com
1258,Customer_001258,Basic,2022-08-02,Inactive,customer1258@email.com
1259,Customer_001259,Premium,2022-02-11,Active,customer1259@email.com
1260,Customer_001260,Basic,2023-12-08,Inactive,customer1260@email.com
1261,Customer_001261,Basic,2023-04-20,Active,customer1261@email.com
1262,Customer_001262,Standard,2023-10-14,Active,customer1262@email.com
1263,Customer_001263,,2023-09-12,Active,customer1263@email.com
1264,Customer_001264,Standard,2024-10-07,Inactive,customer1264@email.com
1265,Customer_001265,Premium,2024-03-21,Inactive,customer1265@email.com
1266,Customer_001266,Basic,2021-07-04,Inactive,customer1266@email.com
1267,Customer_001267,Standard,2021-07-27,Active,customer1267@email.com
1268,Customer_001268,Basic,2023-07-25,Inactive,customer1268@email.com
1269,Customer_001269,Basic,2023-08-09,Active,customer1269@email.com
1270,Customer_001270,Basic,2021-03-22,Inactive,customer1270@email.com
1271,Customer_001271,Basic,2024-10-18,Inactive,customer1271@email.com
1272,Customer_001272,Basic,2021-07-14,Active,customer1272@email.com
1273,Customer_001273,Premium,2021-01-20,Active,customer1273@email.com
1274,Customer_001274,Premium,2021-12-16,Active,customer1274@email.com
1275,Customer_001275,Standard,2024-06-27,Active,customer1275@email.com
1276,Customer_001276,Standard,2023-02-03,Active,customer1276@email.com
1277,Customer_001277,Basic,2023-04-01,Inactive,customer1277@email.com
1278,Customer_001278,Premium,2023-03-01,Inactive,customer1278@email.com
1279,Customer_001279,Basic,2023-05-14,Active,customer1279@email.com
1280,Customer_001280,Premium,2021-08-20,Active,customer1280@email.com
1281,Customer_001281,Basic,2021-11-23,Inactive,customer1281@email.com
1282,Customer_001282,Premium,2023-09-16,Active,customer1282@email.com
1283,Customer_001283,Standard,2022-01-07,Active,customer1283@email.com
1284,Customer_001284,Standard,2024-06-06,Active,customer1284@email.com
1285,Customer_001285,Basic,2021-09-25,Inactive,customer1285@email.com
1286,Customer_001286,Standard,2023-04-23,Inactive,customer1286@email.com
1287,Customer_001287,Standard,2024-09-03,Active,customer1287@email.com
1288,Customer_001288,Standard,2024-10-20,Active,customer1288@email.com
1289,Customer_001289,Basic,2024-03-03,Active,customer1289@email.com
1290,Customer_001290,Standard,2022-11-24,Active,customer1290@email.com
1291,Customer_001291,Premium,2024-06-20,Inactive,customer1291@email.com
1292,Customer_001292,Basic,2022-05-25,Active,customer1292@email.com
1293,Customer_001293,Basic,2024-08-06,Active,customer1293@email.com
1294,Customer_001294,Premium,2024-02-18,Active,customer1294@email.com
1295,Customer_001295,Standard,2021-01-24,Active,customer1295@email.com
1296,Customer_001296,Basic,2023-08-20,Inactive,customer1296@email.com
1297,Customer_001297,Basic,2021-06-03,Active,customer1297@email.com
1298,Customer_001298,Premium,2022-11-09,Active,customer1298@email.com
1299,Customer_001299,Standard,2022-04-02,Active,customer1299@email.com
1300,Customer_001300,Standard,2022-04-27,Active,customer1300@email.com
1301,Customer_001301,Basic,2024-03-19,Active,customer1301@email.com
1302,Customer_001302,Basic,2023-07-05,Active,customer1302@email.com
1303,,Premium,2024-08-31,Active,
1304,Customer_001304,,2021-03-15,Active,customer1304@email.com
1305,Customer_001305,Basic,2021-07-06,Active,customer1305@email.com
1306,Customer_001306,Basic,2024-07-29,Active,customer1306@email.com
1307,Customer_001307,Standard,2022-02-28,Active,customer1307@email.com
1308,Customer_001308,Standard,2022-11-30,Active,customer1308@email.com
1309,Customer_001309,Standard,2022-04-02,Active,customer1309@email.com
1310,Customer_001310,Basic,2024-06-23,Active,customer1310@email.com
1311,Customer_001311,Basic,2023-01-15,Inactive,customer1311@email.com
1312,Customer_001312,Standard,2024-09-11,Inactive,customer1312@email.com
1313,Customer_001313,Standard,2024-07-21,Inactive,customer1313@email.com
1314,Customer_001314,Premium,2023-12-06,Active,customer1314@email.com
1315,Customer_001315,Standard,2021-12-03,Active,customer1315@email.com
1316,Customer_001316,Basic,2023-04-19,Inactive,customer1316@email.com
1317,Customer_001317,Premium,2022-01-20,Active,customer1317@email.com
1318,Customer_001318,Basic,2022-03-18,Inactive,customer1318@email.com
1319,Customer_001319,Basic,2022-11-24,Inactive,customer1319@email.com
1320,Customer_001320,Basic,2024-07-20,Inactive,customer1320@email.com
1321,Customer_001321,Standard,2023-07-12,Active,customer1321@email.com
1322,Customer_001322,Basic,2023-10-30,Active,customer1322@email.com
1323,Customer_001323,Premium,2023-12-23,Active,customer1323@email.com
1324,Customer_001324,Basic,2023-06-06,Active,customer1324@email.com
1325,Customer_001325,Standard,2023-11-08,Active,customer1325@email.com
1326,Customer_001326,Standard,2024-11-17,Active,customer1326@email.com
1327,Customer_001327,Standard,2021-09-20,Active,customer1327@email.com
1328,Customer_001328,Basic,2024-05-26,Active,customer1328@email.com
1329,Customer_001329,Basic,2023-02-27,Inactive,customer1329@email.com
1330,Customer_001330,Standard,2024-11-19,Active,customer1330@email.com
1331,Customer_001331,Standard,2022-12-04,Inactive,customer1331@email.com
1332,Customer_001332,Standard,2021-10-01,Active,customer1332@email.com
1333,Customer_001333,Basic,2023-11-16,Active,customer1333@email.com
1334,Customer_001334,Premium,2022-10-05,Active,customer1334@email.com
1335,Customer_001335,Basic,2024-07-19,Active,customer1335@email.com
1336,Customer_001336,Basic,2022-08-19,Active,customer1336@email.com
1337,Customer_001337,Basic,2021-09-29,Active,customer1337@email.com
1338,Customer_001338,Basic,2021-12-31,Active,customer1338@email.com
1339,Customer_001339,Standard,2022-10-23,Active,customer1339@email.com
1340,Customer_001340,Premium,2024-02-26,Active,customer1340@email.com
1341,Customer_001341,Standard,2024-09-28,Inactive,customer1341@email.com
1342,Customer_001342,Premium,2023-12-30,Active,customer1342@email.com
1343,Customer_001343,Standard,2021-01-27,Active,customer1343@email.com
1344,Customer_001344,Premium,2021-10-25,Active,customer1344@email.com
1345,Customer_001345,Standard,2022-07-01,Active,customer1345@email.com
1346,Customer_001346,Basic,2022-08-10,Active,customer1346@email.com
1347,Customer_001347,Premium,2021-05-08,Active,customer1347@email.com
1348,Customer_001348,Basic,2024-01-14,Active,customer1348@email.com
1349,Customer_001349,Basic,2021-07-29,Active,customer1349@email.com
1350,Customer_001350,Basic,2024-02-25,Inactive,customer1350@email.com
1351,Customer_001351,Basic,2024-02-24,Inactive,customer1351@email.com
1352,Customer_001352,Premium,2024-11-26,Active,customer1352@email.com
1353,Customer_001353,Basic,2023-02-21,Inactive,customer1353@email.com
1354,Customer_001354,Premium,2024-11-04,Active,customer1354@email.com
1355,Customer_001355,Premium,2021-01-27,Active,customer1355@email.com
1356,Customer_001356,Basic,2023-06-27,Active,customer1356@email.com
1357,Customer_001357,Standard,2024-12-14,Active,customer1357@email.com
1358,Customer_001358,Premium,2024-04-20,Active,customer1358@email.com
1359,Customer_001359,Basic,2022-02-01,Inactive,customer1359@email.com
1360,Customer_001360,Basic,2024-10-30,Active,customer1360@email.com
1361,Customer_001361,Basic,2023-11-19,Inactive,customer1361@email.com
1362,Customer_001362,Basic,2022-07-26,Active,customer1362@email.com
1363,Customer_001363,,2024-04-11,Active,customer1363@email.com
1364,Customer_001364,Premium,2023-08-14,Active,customer1364@email.com
1365,Customer_001365,Standard,2021-11-11,Active,customer1365@email.com
1366,Customer_001366,Basic,2024-07-04,Active,customer1366@email.com
1367,Customer_001367,Premium,2023-10-02,Inactive,customer1367@email.com
1368,Customer_001368,Basic,2021-05-30,Inactive,customer1368@email.com
1369,Customer_001369,Basic,2022-03-27,Active,customer1369@email.com
1370,Customer_001370,Basic,2023-11-01,Active,customer1370@email.com
1371,Customer_001371,Standard,2023-04-07,Active,customer1371@email.com
1372,Customer_001372,Standard,2022-03-13,Active,customer1372@email.com
1373,Customer_001373,Basic,2022-08-25,Inactive,customer1373@email.com
1374,Customer_001374,Basic,2023-12-23,Active,customer1374@email.com
1375,,Basic,2024-08-22,Active,
1376,Customer_001376,Standard,2023-07-02,Active,customer1376@email.com
1377,Customer_001377,Standard,2024-06-26,Active,customer1377@email.com
1378,Customer_001378,Basic,2022-10-20,Active,customer1378@email.com
1379,Customer_001379,Standard,2021-08-21,Inactive,customer1379@email.com
1380,Customer_001380,Basic,2022-08-03,Active,customer1380@email.com
1381,Customer_001381,Premium,2023-02-07,Active,customer1381@email.com
1382,Customer_001382,Basic,2023-09-24,Active,customer1382@email.com
1383,Customer_001383,Premium,2022-01-30,Inactive,customer1383@email.com
1384,Customer_001384,Basic,2021-07-16,Active,customer1384@email.com
1385,Customer_001385,Basic,2024-01-07,Inactive,customer1385@email.com
1386,Customer_001386,Premium,2022-03-08,Active,customer1386@email.com
1387,Customer_001387,Basic,2024-11-04,Active,customer1387@email.com
1388,Customer_001388,Basic,2024-01-07,Active,customer1388@email.com
1389,Customer_001389,Premium,2023-06-11,Active,customer1389@email.com
1390,Customer_001390,Standard,2024-11-06,Active,customer1390@email.com
1391,Customer_001391,Premium,2022-11-11,Active,customer1391@email.com
1392,Customer_001392,Basic,2021-12-31,Inactive,customer1392@email.com
1393,Customer_001393,Basic,2024-03-23,Active,customer1393@email.com
1394,Customer_001394,Basic,2023-04-15,Active,customer1394@email.com
1395,Customer_001395,Basic,2023-06-06,Inactive,customer1395@email.com
1396,Customer_001396,Basic,2021-08-31,Inactive,customer1396@email.com
1397,Customer_001397,Basic,2024-06-20,Active,customer1397@email.com
1398,Customer_001398,Standard,2021-04-04,Active,customer1398@email.com
1399,Customer_001399,Premium,2023-10-27,Active,customer1399@email.com
1400,Customer_001400,Basic,2022-09-10,Active,customer1400@email.com
1401,Customer_001401,Basic,2023-06-16,Inactive,customer1401@email.com
1402,Customer_001402,Basic,2021-03-05,Inactive,customer1402@email.com
1403,Customer_001403,Basic,2021-10-07,Inactive,customer1403@email.com
1404,Customer_001404,Basic,2024-01-23,Active,customer1404@email.com
1405,Customer_001405,Standard,2022-09-03,Active,customer1405@email.com
1406,Customer_001406,Standard,2024-08-19,Active,customer1406@email.com
1407,Customer_001407,Basic,2024-02-08,Active,customer1407@email.com
1408,,Basic,2021-03-27,Inactive,
1409,Customer_001409,Standard,2024-01-06,Active,customer1409@email.com
1410,Customer_001410,Premium,2022-03-07,Active,customer1410@email.com
1411,Customer_001411,Basic,2022-12-06,Active,customer1411@email.com
1412,Customer_001412,Basic,2023-11-16,Active,customer1412@email.com
1413,Customer_001413,Standard,2024-06-17,Inactive,customer1413@email.com
1414,Customer_001414,Basic,2022-01-07,Active,customer1414@email.com
1415,Customer_001415,Standard,2021-04-22,Active,customer1415@email.com
1416,Customer_001416,Standard,2024-01-30,Active,customer1416@email.com
1417,Customer_001417,Premium,2022-08-19,Active,customer1417@email.com
1418,Customer_001418,Standard,2022-02-09,Inactive,customer1418@email.com
1419,Customer_001419,Basic,2022-11-09,Active,customer1419@email.com
1420,Customer_001420,Basic,2022-04-26,Active,customer1420@email.com
1421,Customer_001421,Standard,2022-02-01,Inactive,customer1421@email.com
1422,Customer_001422,Basic,2024-06-16,Inactive,customer1422@email.com
1423,Customer_001423,Basic,2021-11-09,Active,customer1423@email.com
1424,Customer_001424,Basic,2022-10-10,Active,customer1424@email.com
1425,Customer_001425,Basic,2022-10-04,Active,customer1425@email.com
1426,Customer_001426,Basic,2024-08-05,Active,customer1426@email.com
1427,Customer_001427,Standard,2021-10-03,Inactive,customer1427@email.com
1428,Customer_001428,Premium,2023-09-10,Active,customer1428@email.com
1429,Customer_001429,Standard,2022-09-18,Active,customer1429@email.com
1430,Customer_001430,Premium,2024-08-15,Active,customer1430@email.com
1431,Customer_001431,Basic,2021-10-14,Active,customer1431@email.com
1432,Customer_001432,Basic,2024-07-07,Active,customer1432@email.com
1433,Customer_001433,Standard,2021-02-08,Active,customer1433@email.com
1434,Customer_001434,Basic,2024-04-06,Inactive,customer1434@email.com
1435,Customer_001435,Standard,2022-03-12,Active,customer1435@email.com
1436,Customer_001436,Basic,2024-01-19,Inactive,customer1436@email.com
1437,Customer_001437,Basic,2024-09-01,Active,customer1437@email.com
1438,Customer_001438,Basic,2022-04-03,Active,customer1438@email.com
1439,Customer_001439,Standard,2022-08-19,Active,customer1439@email.com
1440,Customer_001440,Basic,2021-07-05,Active,customer1440@email.com
1441,Customer_001441,Standard,2024-09-19,Inactive,customer1441@email.com
1442,Customer_001442,Standard,2024-06-11,Active,customer1442@email.com
1443,Customer_001443,Premium,2021-10-15,Inactive,customer1443@email.com
1444,Customer_001444,Basic,2024-03-04,Active,customer1444@email.com
1445,Customer_001445,Basic,2023-09-18,Inactive,customer1445@email.com
1446,Customer_001446,Standard,2023-09-26,Active,customer1446@email.com
1447,Customer_001447,Basic,2022-04-25,Inactive,customer1447@email.com
1448,Customer_001448,Standard,2023-01-10,Inactive,customer1448@email.com
1449,Customer_001449,Basic,2021-04-06,Active,customer1449@email.com
1450,Customer_001450,Standard,2021-07-31,Active,customer1450@email.com
1451,Customer_001451,Premium,2022-07-15,Active,customer1451@email.com
1452,Customer_001452,Premium,2024-01-20,Active,customer1452@email.com
1453,Customer_001453,Basic,2023-02-15,Active,customer1453@email.com
1454,Customer_001454,Basic,2021-06-09,Active,customer1454@email.com
1455,Customer_001455,Standard,2022-04-02,Active,customer1455@email.com
1456,Customer_001456,Standard,2022-12-08,Active,customer1456@email.com
1457,,Basic,2024-05-22,Inactive,
1458,Customer_001458,Standard,2023-06-20,Active,customer1458@email.com
1459,Customer_001459,Basic,2024-08-10,Inactive,customer1459@email.com
1460,Customer_001460,Standard,2021-11-19,Active,customer1460@email.com
1461,Customer_001461,Standard,2021-08-31,Active,customer1461@email.com
1462,Customer_001462,Basic,2022-11-08,Active,customer1462@email.com
1463,Customer_001463,Standard,2023-09-08,Inactive,customer1463@email.com
1464,Customer_001464,Basic,2024-08-18,Inactive,customer1464@email.com
1465,Customer_001465,Basic,2021-03-30,Active,customer1465@email.com
1466,Customer_001466,Basic,2021-10-03,Inactive,customer1466@email.com
1467,Customer_001467,Premium,2024-03-18,Active,customer1467@email.com
1468,Customer_001468,Basic,2022-01-04,Active,customer1468@email.com
1469,Customer_001469,Basic,2024-02-29,Active,customer1469@email.com
1470,Customer_001470,Basic,2024-09-17,Active,customer1470@email.com
1471,Customer_001471,Standard,2022-03-20,Active,customer1471@email.com
1472,Customer_001472,Standard,2023-09-14,Active,customer1472@email.com
1473,Customer_001473,Basic,2024-05-15,Active,customer1473@email.com
1474,Customer_001474,Basic,2022-01-08,Active,customer1474@email.com
1475,Customer_001475,Standard,2021-12-10,Inactive,customer1475@email.com
1476,Customer_001476,Basic,2023-07-18,Inactive,customer1476@email.com
1477,Customer_001477,Basic,2023-02-14,Active,customer1477@email.com
1478,Customer_001478,Basic,2022-02-19,Inactive,customer1478@email.com
1479,Customer_001479,Basic,2024-11-02,Inactive,customer1479@email.com
1480,Customer_001480,Standard,2021-07-17,Inactive,customer1480@email.com
1481,Customer_001481,Standard,2024-05-13,Active,customer1481@email.com
1482,Customer_001482,Standard,2023-10-28,Inactive,customer1482@email.com
1483,Customer_001483,Basic,2024-09-12,Inactive,customer1483@email.com
1484,Customer_001484,Basic,2021-01-03,Active,customer1484@email.com
1485,Customer_001485,Basic,2024-08-22,Active,customer1485@email.com
1486,Customer_001486,Standard,2021-03-30,Active,customer1486@email.com
1487,Customer_001487,Basic,2023-09-15,Inactive,customer1487@email.com
1488,Customer_001488,Standard,2024-04-21,Active,customer1488@email.com
1489,Customer_001489,Basic,2024-11-27,Active,customer1489@email.com
1490,Customer_001490,Basic,2022-06-06,Inactive,customer1490@email.com
1491,Customer_001491,Standard,2021-06-21,Active,customer1491@email.com
1492,Customer_001492,,2023-04-17,Inactive,customer1492@email.com
1493,Customer_001493,Basic,2021-01-15,Inactive,customer1493@email.com
1494,Customer_001494,Premium,2021-01-15,Active,customer1494@email.com
1495,Customer_001495,Basic,2022-10-09,Inactive,customer1495@email.com
1496,Customer_001496,Standard,2023-05-23,Inactive,customer1496@email.com
1497,Customer_001497,Basic,2024-01-03,Active,customer1497@email.com
1498,Customer_001498,Premium,2022-07-19,Inactive,customer1498@email.com
1499,Customer_001499,Standard,2022-02-22,Active,customer1499@email.com
1500,Customer_001500,Standard,2023-09-16,Inactive,customer1500@email.com
1501,Customer_001501,Basic,2023-09-18,Inactive,customer1501@email.com
1502,Customer_001502,Standard,2022-12-07,Active,customer1502@email.com
1503,Customer_001503,Basic,2021-10-10,Inactive,customer1503@email.com
1504,Customer_001504,Basic,2022-04-16,Active,customer1504@email.com
1505,Customer_001505,Basic,2021-11-28,Active,customer1505@email.com
1506,Customer_001506,Basic,2022-11-25,Active,customer1506@email.com
1507,Customer_001507,Standard,2024-11-02,Active,customer1507@email.com
1508,,Basic,2024-07-26,Active,
1509,Customer_001509,Basic,2021-10-25,Active,customer1509@email.com
1510,Customer_001510,Premium,2021-06-30,Active,customer1510@email.com
1511,Customer_001511,Standard,2021-06-13,Active,customer1511@email.com
1512,Customer_001512,Basic,2023-04-01,Active,customer1512@email.com
1513,Customer_001513,Premium,2024-12-28,Active,customer1513@email.com
1514,Customer_001514,Basic,2021-12-25,Active,customer1514@email.com
1515,Customer_001515,Basic,2022-02-18,Active,customer1515@email.com
1516,Customer_001516,Standard,2023-11-28,Active,customer1516@email.com
1517,Customer_001517,Basic,2024-05-12,Active,customer1517@email.com
1518,Customer_001518,Standard,2024-06-13,Active,customer1518@email.com
1519,Customer_001519,Standard,2022-05-05,Inactive,customer1519@email.com
1520,Customer_001520,Premium,2021-06-27,Active,customer1520@email.com
1521,Customer_001521,Standard,2022-12-25,Inactive,customer1521@email.com
1522,Customer_001522,Premium,2022-02-15,Active,customer1522@email.com
1523,Customer_001523,Basic,2021-05-21,Inactive,customer1523@email.com
1524,Customer_001524,Standard,2024-02-20,Active,customer1524@email.com
1525,Customer_001525,Standard,2022-07-21,Active,customer1525@email.com
1526,Customer_001526,Standard,2023-07-21,Active,customer1526@email.com
1527,Customer_001527,Standard,2022-06-19,Active,customer1527@email.com
1528,Customer_001528,Basic,2024-02-19,Inactive,customer1528@email.com
1529,Customer_001529,Basic,2021-08-28,Active,customer1529@email.com
1530,Customer_001530,Premium,2024-01-07,Inactive,customer1530@email.com
1531,Customer_001531,Standard,2024-11-22,Active,customer1531@email.com
1532,Customer_001532,Basic,2023-09-18,Active,customer1532@email.com
1533,Customer_001533,Basic,2023-07-29,Active,customer1533@email.com
1534,Customer_001534,Premium,2021-02-26,Inactive,customer1534@email.com
1535,Customer_001535,Standard,2023-02-23,Active,customer1535@email.com
1536,Customer_001536,Basic,2024-10-18,Active,customer1536@email.com
1537,Customer_001537,Standard,2023-04-25,Active,customer1537@email.com
1538,Customer_001538,Basic,2021-01-20,Inactive,customer1538@email.com
1539,Customer_001539,Basic,2022-08-12,Active,customer1539@email.com
1540,Customer_001540,Standard,2022-12-02,Inactive,customer1540@email.com
1541,Customer_001541,Basic,2023-09-03,Inactive,customer1541@email.com
1542,Customer_001542,Standard,2024-03-20,Active,customer1542@email.com
1543,Customer_001543,Basic,2024-10-31,Inactive,customer1543@email.com
1544,Customer_001544,Standard,2022-02-13,Active,customer1544@email.com
1545,Customer_001545,Basic,2022-06-28,Active,customer1545@email.com
1546,Customer_001546,Standard,2022-05-27,Inactive,customer1546@email.com
1547,Customer_001547,Standard,2021-08-07,Inactive,customer1547@email.com
1548,Customer_001548,,2024-09-20,Active,customer1548@email.com
1549,Customer_001549,Basic,2024-01-14,Active,customer1549@email.com
1550,Customer_001550,Premium,2023-01-31,Active,customer1550@email.com
1551,Customer_001551,Premium,2024-03-22,Active,customer1551@email.com
1552,Customer_001552,Basic,2023-11-13,Active,customer1552@email.com
1553,Customer_001553,Standard,2024-03-27,Active,customer1553@email.com
1554,Customer_001554,Basic,2023-05-17,Active,customer1554@email.com
1555,Customer_001555,Basic,2023-10-27,Active,customer1555@email.com
1556,Customer_001556,Basic,2021-12-24,Active,customer1556@email.com
1557,Customer_001557,Basic,2023-11-28,Active,customer1557@email.com
1558,Customer_001558,Standard,2021-01-25,Inactive,customer1558@email.com
1559,Customer_001559,Basic,2021-07-26,Active,customer1559@email.com
1560,Customer_001560,Standard,2022-06-16,Active,customer1560@email.com
1561,Customer_001561,Standard,2022-07-06,Active,customer1561@email.com
1562,Customer_001562,Premium,2023-01-20,Active,customer1562@email.com
1563,Customer_001563,Basic,2023-05-09,Active,customer1563@email.com
1564,Customer_001564,Basic,2023-04-01,Active,customer1564@email.com
1565,Customer_001565,Basic,2021-09-26,Inactive,customer1565@email.com
1566,Customer_001566,Basic,2021-07-24,Inactive,customer1566@email.com
1567,Customer_001567,Basic,2024-02-12,Active,customer1567@email.com
1568,Customer_001568,Standard,2021-10-26,Active,customer1568@email.com
1569,Customer_001569,Basic,2023-08-27,Inactive,customer1569@email.com
1570,Customer_001570,Basic,2023-10-21,Active,customer1570@email.com
1571,Customer_001571,Standard,2024-07-15,Inactive,customer1571@email.com
1572,Customer_001572,Basic,2023-09-24,Active,customer1572@email.com
1573,Customer_001573,Standard,2024-03-08,Active,customer1573@email.com
1574,Customer_001574,Basic,2021-12-01,Inactive,customer1574@email.com
1575,Customer_001575,Basic,2023-09-03,Active,customer1575@email.com
1576,Customer_001576,Basic,2022-11-17,Active,customer1576@email.com
1577,Customer_001577,Basic,2024-02-16,Active,customer1577@email.com
1578,Customer_001578,Standard,2021-02-10,Active,customer1578@email.com
1579,Customer_001579,Basic,2024-10-23,Active,customer1579@email.com
1580,Customer_001580,Basic,2024-03-25,Active,customer1580@email.com
1581,Customer_001581,Standard,2022-08-06,Active,customer1581@email.com
1582,Customer_001582,Standard,2023-09-26,Active,customer1582@email.com
1583,Customer_001583,Premium,2021-06-10,Active,customer1583@email.com
1584,Customer_001584,Basic,2024-07-17,Active,customer1584@email.com
1585,Customer_001585,Basic,2024-08-04,Active,customer1585@email.com
1586,Customer_001586,Basic,2024-07-16,Active,customer1586@email.com
1587,Customer_001587,Standard,2021-05-27,Active,customer1587@email.com
1588,Customer_001588,Premium,2022-10-05,Active,customer1588@email.com
1589,Customer_001589,Basic,2022-07-02,Inactive,customer1589@email.com
1590,Customer_001590,Basic,2023-07-01,Inactive,customer1590@email.com
1591,Customer_001591,Premium,2024-04-17,Active,customer1591@email.com
1592,Customer_001592,Standard,2021-12-09,Active,customer1592@email.com
1593,Customer_001593,Basic,2022-04-26,Active,customer1593@email.com
1594,Customer_001594,Standard,2024-12-06,Active,customer1594@email.com
1595,Customer_001595,Basic,2023-03-25,Inactive,customer1595@email.com
1596,Customer_001596,Standard,2023-08-28,Inactive,customer1596@email.com
1597,Customer_001597,Basic,2023-03-25,Active,customer1597@email.com
1598,Customer_001598,Standard,2021-08-01,Active,customer1598@email.com
1599,Customer_001599,Basic,2024-09-03,Inactive,customer1599@email.com
1600,Customer_001600,Premium,2022-04-15,Active,customer1600@email.com
1601,Customer_001601,Basic,2024-07-07,Active,customer1601@email.com
1602,Customer_001602,Standard,2021-12-16,Inactive,customer1602@email.com
1603,Customer_001603,Basic,2022-10-29,Inactive,customer1603@email.com
1604,Customer_001604,Basic,2024-01-13,Inactive,customer1604@email.com
1605,Customer_001605,Standard,2021-10-04,Active,customer1605@email.com
1606,Customer_001606,Standard,2021-12-29,Active,customer1606@email.com
1607,Customer_001607,Standard,2024-07-26,Active,customer1607@email.com
1608,Customer_001608,Standard,2024-08-03,Active,customer1608@email.com
1609,Customer_001609,Standard,2022-12-13,Active,customer1609@email.com
1610,Customer_001610,Basic,2021-07-03,Inactive,customer1610@email.com
1611,Customer_001611,Basic,2022-06-17,Active,customer1611@email.com
1612,Customer_001612,Premium,2023-12-08,Active,customer1612@email.com
1613,Customer_001613,Standard,2022-12-06,Inactive,customer1613@email.com
1614,Customer_001614,Standard,2024-11-09,Active,customer1614@email.com
1615,Customer_001615,Premium,2023-09-05,Active,customer1615@email.com
1616,Customer_001616,Basic,2022-08-23,Active,customer1616@email.com
1617,Customer_001617,Standard,2024-01-28,Active,customer1617@email.com
1618,Customer_001618,Standard,2024-02-23,Active,customer1618@email.com
1619,Customer_001619,Standard,2024-08-15,Inactive,customer1619@email.com
1620,Customer_001620,Basic,2022-06-23,Active,customer1620@email.com
1621,Customer_001621,Standard,2023-11-25,Active,customer1621@email.com
1622,Customer_001622,Basic,2024-11-22,Inactive,customer1622@email.com
1623,Customer_001623,Basic,2023-12-26,Active,customer1623@email.com
1624,Customer_001624,Basic,2021-05-21,Active,customer1624@email.com
1625,Customer_001625,Basic,2024-07-28,Active,customer1625@email.com
1626,Customer_001626,Basic,2024-12-05,Active,customer1626@email.com
1627,Customer_001627,Basic,2021-02-09,Active,customer1627@email.com
1628,Customer_001628,Standard,2021-02-15,Active,customer1628@email.com
1629,Customer_001629,Basic,2022-07-06,Active,customer1629@email.com
1630,Customer_001630,Standard,2021-01-17,Inactive,customer1630@email.com
1631,Customer_001631,Standard,2023-10-08,Active,customer1631@email.com
1632,Customer_001632,Standard,2023-10-18,Active,customer1632@email.com
1633,Customer_001633,Basic,2021-03-06,Active,customer1633@email.com
1634,Customer_001634,Standard,2021-10-27,Active,customer1634@email.com
1635,Customer_001635,Basic,2021-05-27,Inactive,customer1635@email.com
1636,Customer_001636,Standard,2022-05-28,Active,customer1636@email.com
1637,Customer_001637,Basic,2021-09-07,Active,customer1637@email.com
1638,Customer_001638,Basic,2023-02-28,Inactive,customer1638@email.com
1639,Customer_001639,Basic,2021-03-10,Active,customer1639@email.com
1640,Customer_001640,Standard,2021-07-12,Inactive,customer1640@email.com
1641,Customer_001641,Standard,2023-08-27,Active,customer1641@email.com
1642,Customer_001642,Basic,2022-10-24,Inactive,customer1642@email.com
1643,Customer_001643,Standard,2024-01-31,Active,customer1643@email.com
1644,Customer_001644,Standard,2024-07-31,Inactive,customer1644@email.com
1645,Customer_001645,Basic,2021-04-17,Active,customer1645@email.com
1646,Customer_001646,Premium,2021-08-20,Inactive,customer1646@email.com
1647,Customer_001647,Standard,2021-01-31,Active,customer1647@email.com
1648,Customer_001648,Basic,2021-09-03,Active,customer1648@email.com
1649,Customer_001649,Basic,2021-03-28,Active,customer1649@email.com
1650,Customer_001650,Standard,2024-11-10,Inactive,customer1650@email.com
1651,Customer_001651,Standard,2021-07-03,Inactive,customer1651@email.com
1652,Customer_001652,Basic,2024-11-05,Active,customer1652@email.com
1653,Customer_001653,Standard,2024-07-04,Active,customer1653@email.com
1654,Customer_001654,Standard,2021-11-12,Active,customer1654@email.com
1655,Customer_001655,Standard,2021-09-15,Active,customer1655@email.com
1656,Customer_001656,Basic,2024-02-18,Inactive,customer1656@email.com
1657,Customer_001657,Basic,2023-06-18,Active,customer1657@email.com
1658,Customer_001658,Standard,2023-02-13,Active,customer1658@email.com
1659,Customer_001659,Standard,2021-03-22,Active,customer1659@email.com
1660,Customer_001660,Basic,2022-08-27,Inactive,customer1660@email.com
1661,Customer_001661,Basic,2024-03-06,Active,customer1661@email.com
1662,Customer_001662,Basic,2023-08-18,Active,customer1662@email.com
1663,Customer_001663,Basic,2024-02-10,Inactive,customer1663@email.com
1664,Customer_001664,Basic,2023-07-10,Active,customer1664@email.com
1665,Customer_001665,Premium,2023-01-22,Active,customer1665@email.com
1666,Customer_001666,Basic,2023-11-03,Inactive,customer1666@email.com
1667,Customer_001667,Standard,2021-02-08,Active,customer1667@email.com
1668,Customer_001668,Basic,2024-06-24,Inactive,customer1668@email.com
1669,Customer_001669,Basic,2024-09-10,Inactive,customer1669@email.com
1670,Customer_001670,Basic,2022-01-24,Inactive,customer1670@email.com
1671,Customer_001671,Basic,2024-02-04,Active,customer1671@email.com
1672,Customer_001672,Basic,2023-04-20,Active,customer1672@email.com
1673,Customer_001673,Standard,2023-12-08,Active,customer1673@email.com
1674,Customer_001674,Standard,2021-09-23,Active,customer1674@email.com
1675,Customer_001675,Standard,2021-08-08,Active,customer1675@email.com
1676,Customer_001676,Standard,2024-03-15,Active,customer1676@email.com
1677,Customer_001677,Basic,2023-10-01,Active,customer1677@email.com
1678,Customer_001678,Standard,2022-06-09,Active,customer1678@email.com
1679,,Basic,2021-05-26,Active,
1680,Customer_001680,Basic,2024-09-04,Inactive,customer1680@email.com
1681,Customer_001681,Basic,2021-06-13,Active,customer1681@email.com
1682,Customer_001682,Basic,2023-01-10,Active,customer1682@email.com
1683,Customer_001683,Basic,2023-05-02,Active,customer1683@email.com
1684,Customer_001684,Standard,2021-04-30,Active,customer1684@email.com
1685,Customer_001685,Standard,2021-03-25,Active,customer1685@email.com
1686,Customer_001686,Standard,2021-06-09,Active,customer1686@email.com
1687,Customer_001687,Standard,2021-07-18,Active,customer1687@email.com
1688,Customer_001688,Basic,2023-03-01,Inactive,customer1688@email.com
1689,Customer_001689,Basic,2022-05-25,Active,customer1689@email.com
1690,Customer_001690,Premium,2024-02-18,Active,customer1690@email.com
1691,Customer_001691,Standard,2021-08-05,Active,customer1691@email.com
1692,Customer_001692,Premium,2024-10-13,Active,customer1692@email.com
1693,Customer_001693,Premium,2021-08-02,Inactive,customer1693@email.com
1694,Customer_001694,Standard,2023-04-03,Active,customer1694@email.com
1695,Customer_001695,Premium,2023-12-30,Active,customer1695@email.com
1696,Customer_001696,Standard,2022-12-23,Inactive,customer1696@email.com
1697,Customer_001697,Basic,2022-10-27,Active,customer1697@email.com
1698,Customer_001698,Basic,2024-07-20,Inactive,customer1698@email.com
1699,Customer_001699,Basic,2024-05-31,Inactive,customer1699@email.com
1700,Customer_001700,Standard,2023-02-08,Active,customer1700@email.com
1701,Customer_001701,Premium,2022-06-05,Active,customer1701@email.com
1702,,Basic,2023-03-25,Active,
1703,Customer_001703,Basic,2022-08-06,Inactive,customer1703@email.com
1704,,Basic,2022-09-11,Inactive,
1705,Customer_001705,Standard,2022-03-16,Active,customer1705@email.com
1706,Customer_001706,Standard,2024-11-13,Active,customer1706@email.com
1707,Customer_001707,Premium,2023-11-14,Active,customer1707@email.com
1708,Customer_001708,Basic,2021-11-13,Active,customer1708@email.com
1709,Customer_001709,Standard,2021-11-16,Active,customer1709@email.com
1710,Customer_001710,Standard,2024-04-07,Active,customer1710@email.com
1711,Customer_001711,Basic,2022-09-08,Active,customer1711@email.com
1712,Customer_001712,Basic,2022-03-22,Active,customer1712@email.com
1713,Customer_001713,Basic,2023-09-16,Active,customer1713@email.com
1714,Customer_001714,Basic,2024-11-13,Active,customer1714@email.com
1715,Customer_001715,Basic,2021-07-15,Active,customer1715@email.com
1716,Customer_001716,Basic,2024-03-26,Inactive,customer1716@email.com
1717,Customer_001717,Basic,2022-11-16,Active,customer1717@email.com
1718,Customer_001718,Basic,2023-05-04,Active,customer1718@email.com
1719,Customer_001719,Standard,2022-04-10,Active,customer1719@email.com
1720,Customer_001720,Basic,2021-01-24,Inactive,customer1720@email.com
1721,Customer_001721,Standard,2021-04-21,Active,customer1721@email.com
1722,Customer_001722,Standard,2024-01-11,Inactive,customer1722@email.com
1723,Customer_001723,Basic,2024-11-30,Active,customer1723@email.com
1724,Customer_001724,Basic,2023-03-16,Inactive,customer1724@email.com
1725,Customer_001725,Basic,2024-03-24,Active,customer1725@email.com
1726,Customer_001726,Standard,2022-08-17,Active,customer1726@email.com
1727,Customer_001727,Basic,2022-11-20,Active,customer1727@email.com
1728,Customer_001728,Basic,2021-04-11,Active,customer1728@email.com
1729,Customer_001729,Basic,2023-03-28,Inactive,customer1729@email.com
1730,Customer_001730,Basic,2021-09-25,Active,customer1730@email.com
1731,Customer_001731,Standard,2022-02-10,Active,customer1731@email.com
1732,Customer_001732,Basic,2022-02-06,Active,customer1732@email.com
1733,Customer_001733,Standard,2023-12-10,Active,customer1733@email.com
1734,Customer_001734,Standard,2023-05-31,Active,customer1734@email.com
1735,Customer_001735,Basic,2021-07-03,Active,customer1735@email.com
1736,Customer_001736,Premium,2023-01-19,Active,customer1736@email.com
1737,Customer_001737,Basic,2024-05-01,Inactive,customer1737@email.com
1738,Customer_001738,Basic,2021-12-13,Inactive,customer1738@email.com
1739,Customer_001739,Basic,2023-06-25,Active,customer1739@email.com
1740,Customer_001740,Standard,2022-04-24,Active,customer1740@email.com
1741,Customer_001741,Standard,2021-06-25,Active,customer1741@email.com
1742,Customer_001742,Standard,2024-06-25,Inactive,customer1742@email.com
1743,,Basic,2022-08-13,Active,
1744,Customer_001744,Standard,2021-08-16,Active,customer1744@email.com
1745,Customer_001745,Premium,2022-11-11,Active,customer1745@email.com
1746,Customer_001746,Premium,2022-02-22,Active,customer1746@email.com
1747,Customer_001747,Basic,2024-01-29,Inactive,customer1747@email.com
1748,Customer_001748,Basic,2021-10-17,Active,customer1748@email.com
1749,Customer_001749,Basic,2023-02-11,Inactive,customer1749@email.com
1750,Customer_001750,Standard,2021-03-31,Active,customer1750@email.com
1751,Customer_001751,Standard,2022-02-16,Inactive,customer1751@email.com
1752,Customer_001752,Basic,2021-04-19,Active,customer1752@email.com
1753,Customer_001753,Basic,2021-05-17,Active,customer1753@email.com
1754,Customer_001754,Basic,2024-09-13,Active,customer1754@email.com
1755,Customer_001755,Basic,2022-08-23,Active,customer1755@email.com
1756,Customer_001756,Standard,2022-04-19,Active,customer1756@email.com
1757,Customer_001757,Basic,2024-12-24,Inactive,customer1757@email.com
1758,Customer_001758,Basic,2024-05-07,Inactive,customer1758@email.com
1759,Customer_001759,Premium,2023-10-23,Active,customer1759@email.com
1760,Customer_001760,Premium,2024-12-30,Active,customer1760@email.com
1761,Customer_001761,Standard,2023-12-21,Active,customer1761@email.com
1762,,Standard,2021-11-18,Active,
1763,Customer_001763,Standard,2022-12-29,Active,customer1763@email.com
1764,Customer_001764,Basic,2023-10-24,Inactive,customer1764@email.com
1765,Customer_001765,Basic,2022-06-12,Active,customer1765@email.com
1766,Customer_001766,Standard,2021-03-02,Inactive,customer1766@email.com
1767,Customer_001767,Standard,2022-04-07,Active,customer1767@email.com
1768,Customer_001768,Standard,2024-09-07,Active,customer1768@email.com
1769,Customer_001769,Standard,2023-12-03,Active,customer1769@email.com
1770,Customer_001770,Basic,2024-07-05,Active,customer1770@email.com
1771,Customer_001771,Standard,2024-03-19,Inactive,customer1771@email.com
1772,Customer_001772,Premium,2024-05-24,Active,customer1772@email.com
1773,Customer_001773,Basic,2022-02-28,Active,customer1773@email.com
1774,Customer_001774,Premium,2024-11-01,Active,customer1774@email.com
1775,Customer_001775,Standard,2022-09-25,Active,customer1775@email.com
1776,Customer_001776,Basic,2021-10-04,Active,customer1776@email.com
1777,Customer_001777,Basic,2021-10-25,Active,customer1777@email.com
1778,Customer_001778,Premium,2021-11-20,Active,customer1778@email.com
1779,Customer_001779,Standard,2021-08-31,Active,customer1779@email.com
1780,Customer_001780,Premium,2021-10-26,Active,customer1780@email.com
1781,Customer_001781,Standard,2023-04-28,Inactive,customer1781@email.com
1782,Customer_001782,Premium,2024-07-28,Active,customer1782@email.com
1783,Customer_001783,Standard,2022-01-20,Active,customer1783@email.com
1784,Customer_001784,Basic,2024-06-07,Inactive,customer1784@email.com
1785,Customer_001785,Basic,2024-06-08,Inactive,customer1785@email.com
1786,Customer_001786,Standard,2024-11-08,Active,customer1786@email.com
1787,Customer_001787,Basic,2023-09-04,Inactive,customer1787@email.com
1788,Customer_001788,Basic,2023-08-19,Active,customer1788@email.com
1789,Customer_001789,Standard,2023-03-05,Active,customer1789@email.com
1790,Customer_001790,Basic,2022-01-31,Active,customer1790@email.com
1791,Customer_001791,Standard,2021-01-31,Inactive,customer1791@email.com
1792,Customer_001792,Standard,2022-04-01,Inactive,customer1792@email.com
1793,Customer_001793,Standard,2022-02-23,Active,customer1793@email.com
1794,Customer_001794,Standard,2023-06-19,Inactive,customer1794@email.com
1795,Customer_001795,Premium,2022-10-28,Active,customer1795@email.com
1796,Customer_001796,Basic,2023-05-26,Active,customer1796@email.com
1797,Customer_001797,Basic,2023-02-19,Active,customer1797@email.com
1798,Customer_001798,Standard,2024-03-17,Active,customer1798@email.com
1799,Customer_001799,Standard,2024-12-13,Active,customer1799@email.com
1800,Customer_001800,Standard,2023-07-14,Active,customer1800@email.com
1801,Customer_001801,Premium,2022-05-19,Active,customer1801@email.com
1802,Customer_001802,Standard,2021-03-22,Active,customer1802@email.com
1803,Customer_001803,Standard,2024-07-15,Active,customer1803@email.com
1804,Customer_001804,Basic,2023-06-20,Active,customer1804@email.com
1805,Customer_001805,Basic,2022-08-09,Inactive,customer1805@email.com
1806,Customer_001806,Basic,2024-06-09,Active,customer1806@email.com
1807,Customer_001807,Standard,2021-10-19,Inactive,customer1807@email.com
1808,Customer_001808,Standard,2021-07-05,Active,customer1808@email.com
1809,Customer_001809,Basic,2024-04-13,Inactive,customer1809@email.com
1810,Customer_001810,Basic,2021-10-05,Active,customer1810@email.com
1811,Customer_001811,Basic,2021-02-21,Active,customer1811@email.com
1812,Customer_001812,Standard,2024-12-30,Inactive,customer1812@email.com
1813,Customer_001813,Standard,2021-07-04,Active,customer1813@email.com
1814,Customer_001814,Premium,2024-12-28,Inactive,customer1814@email.com
1815,Customer_001815,Basic,2021-09-11,Active,customer1815@email.com
1816,Customer_001816,Basic,2024-07-22,Active,customer1816@email.com
1817,Customer_001817,Standard,2023-02-26,Active,customer1817@email.com
1818,Customer_001818,Premium,2024-06-07,Active,customer1818@email.com
1819,Customer_001819,Basic,2023-02-19,Active,customer1819@email.com
1820,Customer_001820,Standard,2022-11-18,Active,customer1820@email.com
1821,Customer_001821,Standard,2021-11-04,Inactive,customer1821@email.com
1822,Customer_001822,Standard,2024-12-29,Active,customer1822@email.com
1823,Customer_001823,Basic,2023-07-03,Active,customer1823@email.com
1824,Customer_001824,,2021-09-27,Active,customer1824@email.com
1825,,Basic,2022-06-03,Inactive,
1826,Customer_001826,,2023-10-19,Active,customer1826@email.com
1827,Customer_001827,Basic,2023-10-08,Active,customer1827@email.com
1828,Customer_001828,Premium,2023-09-02,Active,customer1828@email.com
1829,Customer_001829,Standard,2024-05-16,Active,customer1829@email.com
1830,Customer_001830,Basic,2024-01-26,Inactive,customer1830@email.com
1831,Customer_001831,Basic,2022-03-02,Active,customer1831@email.com
1832,Customer_001832,Premium,2024-08-30,Active,customer1832@email.com
1833,Customer_001833,Basic,2021-03-08,Active,customer1833@email.com
1834,Customer_001834,Basic,2022-09-04,Active,customer1834@email.com
1835,Customer_001835,Premium,2021-08-12,Active,customer1835@email.com
1836,Customer_001836,Standard,2024-10-08,Active,customer1836@email.com
1837,Customer_001837,Basic,2024-12-04,Active,customer1837@email.com
1838,Customer_001838,Basic,2021-12-30,Active,customer1838@email.com
1839,Customer_001839,Standard,2023-01-08,Active,customer1839@email.com
1840,Customer_001840,Basic,2022-09-05,Active,customer1840@email.com
1841,Customer_001841,Basic,2021-05-19,Active,customer1841@email.com
1842,Customer_001842,Basic,2021-05-13,Active,customer1842@email.com
1843,Customer_001843,Basic,2024-11-23,Active,customer1843@email.com
1844,Customer_001844,Basic,2023-04-28,Active,customer1844@email.com
1845,Customer_001845,Premium,2024-06-07,Active,customer1845@email.com
1846,Customer_001846,Basic,2024-07-12,Active,customer1846@email.com
1847,Customer_001847,Basic,2024-11-11,Active,customer1847@email.com
1848,Customer_001848,Standard,2024-12-18,Active,customer1848@email.com
1849,Customer_001849,Basic,2022-10-11,Inactive,customer1849@email.com
1850,Customer_001850,Basic,2024-06-30,Active,customer1850@email.com
1851,Customer_001851,Basic,2024-02-27,Inactive,customer1851@email.com
1852,Customer_001852,Standard,2023-10-17,Inactive,customer1852@email.com
1853,Customer_001853,Basic,2024-06-02,Inactive,customer1853@email.com
1854,,Basic,2022-02-01,Active,
1855,Customer_001855,Standard,2024-07-04,Inactive,customer1855@email.com
1856,Customer_001856,Premium,2022-03-01,Active,customer1856@email.com
1857,Customer_001857,Basic,2023-04-28,Active,customer1857@email.com
1858,Customer_001858,Basic,2024-07-29,Active,customer1858@email.com
1859,Customer_001859,Standard,2024-11-14,Active,customer1859@email.com
1860,Customer_001860,Standard,2022-09-23,Active,customer1860@email.com
1861,Customer_001861,Standard,2021-01-13,Inactive,customer1861@email.com
1862,Customer_001862,Basic,2023-03-23,Active,customer1862@email.com
1863,Customer_001863,Standard,2021-03-01,Inactive,customer1863@email.com
1864,Customer_001864,Premium,2022-11-24,Active,customer1864@email.com
1865,Customer_001865,Standard,2023-08-30,Active,customer1865@email.com
1866,Customer_001866,Standard,2023-09-14,Inactive,customer1866@email.com
1867,Customer_001867,Standard,2024-01-05,Active,customer1867@email.com
1868,Customer_001868,Standard,2023-04-28,Active,customer1868@email.com
1869,Customer_001869,Basic,2023-12-04,Inactive,customer1869@email.com
1870,Customer_001870,Basic,2022-10-09,Active,customer1870@email.com
1871,Customer_001871,Basic,2024-03-28,Inactive,customer1871@email.com
1872,Customer_001872,Basic,2022-12-26,Active,customer1872@email.com
1873,Customer_001873,Premium,2021-03-05,Active,customer1873@email.com
1874,Customer_001874,Basic,2023-12-31,Active,customer1874@email.com
1875,Customer_001875,Standard,2023-03-09,Inactive,customer1875@email.com
1876,Customer_001876,Basic,2022-09-24,Inactive,customer1876@email.com
1877,Customer_001877,Standard,2021-03-06,Active,customer1877@email.com
1878,Customer_001878,Standard,2022-05-02,Active,customer1878@email.com
1879,Customer_001879,Standard,2022-09-12,Active,customer1879@email.com
1880,Customer_001880,Standard,2021-08-18,Inactive,customer1880@email.com
1881,Customer_001881,Premium,2022-02-18,Active,customer1881@email.com
1882,Customer_001882,Basic,2021-02-21,Active,customer1882@email.com
1883,Customer_001883,Standard,2021-11-12,Active,customer1883@email.com
1884,Customer_001884,Basic,2023-12-09,Active,customer1884@email.com
1885,Customer_001885,Standard,2021-07-21,Active,customer1885@email.com
1886,Customer_001886,Basic,2024-10-17,Inactive,customer1886@email.com
1887,Customer_001887,Standard,2021-03-16,Active,customer1887@email.com
1888,Customer_001888,Basic,2023-12-06,Inactive,customer1888@email.com
1889,Customer_001889,Basic,2021-04-01,Active,customer1889@email.com
1890,Customer_001890,Basic,2021-06-28,Inactive,customer1890@email.com
1891,Customer_001891,Standard,2021-07-31,Active,customer1891@email.com
1892,Customer_001892,Premium,2022-10-02,Active,customer1892@email.com
1893,Customer_001893,Basic,2024-08-01,Active,customer1893@email.com
1894,Customer_001894,Basic,2022-01-30,Active,customer1894@email.com
1895,Customer_001895,Premium,2023-06-23,Inactive,customer1895@email.com
1896,Customer_001896,Standard,2021-11-19,Active,customer1896@email.com
1897,Customer_001897,Basic,2024-06-29,Inactive,customer1897@email.com
1898,Customer_001898,Premium,2024-01-17,Active,customer1898@email.com
1899,Customer_001899,Basic,2021-10-17,Active,customer1899@email.com
1900,Customer_001900,Standard,2024-03-21,Active,customer1900@email.com
1901,Customer_001901,Standard,2024-06-09,Inactive,customer1901@email.com
1902,Customer_001902,Basic,2021-04-14,Inactive,customer1902@email.com
1903,Customer_001903,Standard,2024-10-15,Inactive,customer1903@email.com
1904,Customer_001904,Standard,2021-06-26,Active,customer1904@email.com
1905,Customer_001905,Premium,2024-05-05,Active,customer1905@email.com
1906,Customer_001906,Basic,2024-11-14,Active,customer1906@email.com
1907,Customer_001907,Standard,2022-10-02,Active,customer1907@email.com
1908,Customer_001908,Standard,2024-10-05,Active,customer1908@email.com
1909,Customer_001909,Standard,2023-08-12,Inactive,customer1909@email.com
1910,Customer_001910,Basic,2024-12-01,Active,customer1910@email.com
1911,Customer_001911,Standard,2024-11-02,Active,customer1911@email.com
1912,Customer_001912,Basic,2023-08-22,Active,customer1912@email.com
1913,Customer_001913,Standard,2024-06-17,Active,customer1913@email.com
1914,Customer_001914,Standard,2022-01-11,Active,customer1914@email.com
1915,Customer_001915,Basic,2022-10-28,Active,customer1915@email.com
1916,Customer_001916,Standard,2023-09-01,Inactive,customer1916@email.com
1917,Customer_001917,Basic,2021-12-16,Active,customer1917@email.com
1918,Customer_001918,Standard,2024-03-22,Active,customer1918@email.com
1919,Customer_001919,Basic,2021-08-08,Active,customer1919@email.com
1920,Customer_001920,Basic,2022-09-11,Inactive,customer1920@email.com
1921,Customer_001921,Basic,2023-04-27,Active,customer1921@email.com
1922,Customer_001922,Standard,2021-11-22,Active,customer1922@email.com
1923,Customer_001923,Standard,2022-11-29,Active,customer1923@email.com
1924,Customer_001924,Basic,2023-06-02,Active,customer1924@email.com
1925,Customer_001925,Basic,2022-12-02,Active,customer1925@email.com
1926,Customer_001926,Standard,2024-09-19,Active,customer1926@email.com
1927,Customer_001927,Basic,2024-12-28,Inactive,customer1927@email.com
1928,Customer_001928,Basic,2024-04-27,Active,customer1928@email.com
1929,Customer_001929,Standard,2021-07-19,Active,customer1929@email.com
1930,Customer_001930,Standard,2023-04-12,Inactive,customer1930@email.com
1931,Customer_001931,Basic,2024-05-06,Active,customer1931@email.com
1932,Customer_001932,Standard,2023-10-10,Active,customer1932@email.com
1933,Customer_001933,Premium,2022-03-22,Active,customer1933@email.com
1934,Customer_001934,Standard,2024-07-26,Active,customer1934@email.com
1935,Customer_001935,Basic,2024-09-15,Active,customer1935@email.com
1936,Customer_001936,Standard,2023-03-10,Active,customer1936@email.com
1937,Customer_001937,Standard,2022-02-26,Inactive,customer1937@email.com
1938,Customer_001938,Premium,2024-03-13,Active,customer1938@email.com
1939,Customer_001939,Standard,2023-06-10,Inactive,customer1939@email.com
1940,Customer_001940,Basic,2021-07-02,Active,customer1940@email.com
1941,Customer_001941,Basic,2023-11-12,Inactive,customer1941@email.com
1942,Customer_001942,Basic,2022-08-26,Active,customer1942@email.com
1943,,Basic,2021-04-19,Inactive,
1944,Customer_001944,Basic,2023-01-06,Active,customer1944@email.com
1945,Customer_001945,Basic,2021-03-05,Active,customer1945@email.com
1946,Customer_001946,Basic,2023-03-19,Active,customer1946@email.com
1947,Customer_001947,Basic,2023-04-12,Active,customer1947@email.com
1948,Customer_001948,Basic,2024-09-18,Inactive,customer1948@email.com
1949,Customer_001949,Premium,2024-02-12,Active,customer1949@email.com
1950,Customer_001950,Basic,2023-05-05,Inactive,customer1950@email.com
1951,Customer_001951,Standard,2024-10-04,Active,customer1951@email.com
1952,,Basic,2024-08-20,Active,
1953,Customer_001953,Basic,2023-09-24,Active,customer1953@email.com
1954,Customer_001954,Basic,2021-10-06,Active,customer1954@email.com
1955,Customer_001955,Basic,2023-05-02,Active,customer1955@email.com
1956,Customer_001956,Premium,2024-11-25,Active,customer1956@email.com
1957,Customer_001957,Premium,2022-01-04,Inactive,customer1957@email.com
1958,Customer_001958,Basic,2023-07-11,Active,customer1958@email.com
1959,Customer_001959,Basic,2023-05-20,Active,customer1959@email.com
1960,Customer_001960,Basic,2022-04-30,Inactive,customer1960@email.com
1961,Customer_001961,Basic,2024-01-24,Active,customer1961@email.com
1962,Customer_001962,Basic,2021-03-19,Active,customer1962@email.com
1963,Customer_001963,Basic,2021-08-20,Active,customer1963@email.com
1964,Customer_001964,Basic,2021-06-13,Inactive,customer1964@email.com
1965,Customer_001965,Basic,2022-07-27,Active,customer1965@email.com
1966,Customer_001966,Basic,2024-06-03,Active,customer1966@email.com
1967,Customer_001967,Basic,2024-09-21,Active,customer1967@email.com
1968,Customer_001968,Standard,2024-07-21,Active,customer1968@email.com
1969,Customer_001969,Standard,2024-06-09,Active,customer1969@email.com
1970,Customer_001970,Standard,2021-01-23,Active,customer1970@email.com
1971,Customer_001971,Basic,2023-08-19,Inactive,customer1971@email.com
1972,Customer_001972,Premium,2022-12-24,Active,customer1972@email.com
1973,Customer_001973,Premium,2022-08-16,Active,customer1973@email.com
1974,Customer_001974,Basic,2024-05-08,Active,customer1974@email.com
1975,Customer_001975,Standard,2024-02-29,Active,customer1975@email.com
1976,Customer_001976,Premium,2024-03-30,Active,customer1976@email.com
1977,Customer_001977,Basic,2022-08-21,Active,customer1977@email.com
1978,Customer_001978,Standard,2022-08-11,Inactive,customer1978@email.com
1979,Customer_001979,Basic,2021-06-07,Active,customer1979@email.com
1980,Customer_001980,Premium,2021-09-29,Active,customer1980@email.com
1981,,Basic,2022-06-11,Active,
1982,Customer_001982,Premium,2021-12-24,Active,customer1982@email.com
1983,Customer_001983,Premium,2024-09-11,Active,customer1983@email.com
1984,Customer_001984,Standard,2022-06-20,Active,customer1984@email.com
1985,Customer_001985,Basic,2022-01-06,Active,customer1985@email.com
1986,Customer_001986,Basic,2022-12-04,Active,customer1986@email.com
1987,Customer_001987,Standard,2024-05-04,Active,customer1987@email.com
1988,Customer_001988,Standard,2023-10-13,Inactive,customer1988@email.com
1989,Customer_001989,Standard,2023-02-24,Active,customer1989@email.com
1990,Customer_001990,Premium,2024-07-29,Active,customer1990@email.com
1991,Customer_001991,Basic,2022-12-08,Inactive,customer1991@email.com
1992,Customer_001992,Standard,2021-08-26,Active,customer1992@email.com
1993,Customer_001993,Basic,2023-09-03,Inactive,customer1993@email.com
1994,Customer_001994,Premium,2023-12-27,Active,customer1994@email.com
1995,Customer_001995,Standard,2023-03-10,Inactive,customer1995@email.com
1996,,Premium,2023-06-10,Active,
1997,Customer_001997,Basic,2023-07-09,Active,customer1997@email.com
1998,Customer_001998,Standard,2023-12-22,Active,customer1998@email.com
1999,Customer_001999,Standard,2023-12-25,Active,customer1999@email.com
2000,Customer_002000,Basic,2023-06-04,Active,customer2000@email.com
2001,Customer_002001,Basic,2022-07-13,Inactive,customer2001@email.com
2002,Customer_002002,Basic,2021-07-21,Active,customer2002@email.com
2003,Customer_002003,Premium,2023-08-03,Active,customer2003@email.com
2004,Customer_002004,Standard,2024-10-08,Active,customer2004@email.com
2005,Customer_002005,Basic,2022-11-23,Active,customer2005@email.com
2006,Customer_002006,Premium,2022-10-04,Active,customer2006@email.com
2007,,Basic,2021-05-20,Active,
2008,Customer_002008,Basic,2021-08-01,Active,customer2008@email.com
2009,Customer_002009,Basic,2022-08-04,Inactive,customer2009@email.com
2010,Customer_002010,Standard,2024-06-22,Active,customer2010@email.com
2011,Customer_002011,Standard,2024-09-06,Active,customer2011@email.com
2012,Customer_002012,Basic,2024-05-12,Inactive,customer2012@email.com
2013,Customer_002013,Basic,2021-09-03,Inactive,customer2013@email.com
2014,Customer_002014,Standard,2023-02-09,Active,customer2014@email.com
2015,Customer_002015,Basic,2024-03-05,Active,customer2015@email.com
2016,Customer_002016,Basic,2021-08-16,Active,customer2016@email.com
2017,Customer_002017,Premium,2023-08-15,Inactive,customer2017@email.com
2018,Customer_002018,Standard,2023-07-18,Inactive,customer2018@email.com
2019,Customer_002019,Basic,2023-05-25,Inactive,customer2019@email.com
2020,Customer_002020,Basic,2022-10-25,Active,customer2020@email.com
2021,Customer_002021,Basic,2022-07-22,Active,customer2021@email.com
2022,Customer_002022,Standard,2022-11-13,Active,customer2022@email.com
2023,Customer_002023,Standard,2022-06-27,Active,customer2023@email.com
2024,Customer_002024,Standard,2022-02-15,Active,customer2024@email.com
2025,Customer_002025,Basic,2023-10-05,Active,customer2025@email.com
2026,Customer_002026,Basic,2023-06-03,Inactive,customer2026@email.com
2027,Customer_002027,Basic,2023-06-24,Active,customer2027@email.com
2028,Customer_002028,Basic,2021-05-30,Active,customer2028@email.com
2029,,Basic,2023-07-03,Active,
2030,Customer_002030,Basic,2024-08-30,Inactive,customer2030@email.com
2031,Customer_002031,Standard,2024-09-23,Active,customer2031@email.com
2032,Customer_002032,Basic,2022-11-07,Active,customer2032@email.com
2033,Customer_002033,Basic,2023-11-22,Active,customer2033@email.com
2034,Customer_002034,Premium,2023-09-07,Inactive,customer2034@email.com
2035,Customer_002035,,2021-05-24,Inactive,customer2035@email.com
2036,Customer_002036,Standard,2024-11-12,Active,customer2036@email.com
2037,Customer_002037,Basic,2024-03-07,Active,customer2037@email.com
2038,Customer_002038,Basic,2022-11-14,Active,customer2038@email.com
2039,Customer_002039,Standard,2024-07-18,Active,customer2039@email.com
2040,Customer_002040,Basic,2023-01-19,Active,customer2040@email.com
2041,Customer_002041,Basic,2021-06-14,Active,customer2041@email.com
2042,Customer_002042,Basic,2022-08-17,Inactive,customer2042@email.com
2043,Customer_002043,Standard,2021-03-22,Active,customer2043@email.com
2044,Customer_002044,Premium,2022-09-05,Active,customer2044@email.com
2045,Customer_002045,Basic,2024-07-15,Active,customer2045@email.com
2046,Customer_002046,Basic,2024-07-19,Active,customer2046@email.com
2047,Customer_002047,Standard,2021-03-15,Inactive,customer2047@email.com
2048,Customer_002048,Standard,2024-04-29,Active,customer2048@email.com
2049,Customer_002049,Premium,2024-01-13,Active,customer2049@email.com
2050,Customer_002050,Standard,2023-07-10,Active,customer2050@email.com
2051,Customer_002051,Basic,2022-11-26,Active,customer2051@email.com
2052,Customer_002052,Basic,2021-03-29,Active,customer2052@email.com
2053,Customer_002053,Standard,2024-09-01,Active,customer2053@email.com
2054,Customer_002054,Basic,2024-10-20,Active,customer2054@email.com
2055,Customer_002055,Basic,2024-04-01,Active,customer2055@email.com
2056,Customer_002056,Basic,2021-10-17,Active,customer2056@email.com
2057,Customer_002057,Premium,2024-06-20,Active,customer2057@email.com
2058,,Basic,2021-09-25,Active,
2059,Customer_002059,Basic,2022-09-22,Active,customer2059@email.com
2060,Customer_002060,Premium,2024-06-05,Active,customer2060@email.com
2061,Customer_002061,Standard,2021-08-06,Active,customer2061@email.com
2062,Customer_002062,Basic,2024-06-14,Inactive,customer2062@email.com
2063,Customer_002063,Basic,2023-05-23,Inactive,customer2063@email.com
2064,Customer_002064,Basic,2024-10-21,Inactive,customer2064@email.com
2065,Customer_002065,Standard,2024-11-02,Active,customer2065@email.com
2066,Customer_002066,Standard,2022-03-13,Active,customer2066@email.com
2067,Customer_002067,Basic,2022-11-19,Active,customer2067@email.com
2068,Customer_002068,Basic,2023-05-01,Active,customer2068@email.com
2069,Customer_002069,Basic,2021-12-04,Active,customer2069@email.com
2070,Customer_002070,Basic,2021-03-25,Active,customer2070@email.com
2071,Customer_002071,Standard,2024-07-18,Active,customer2071@email.com
2072,Customer_002072,Premium,2021-02-02,Active,customer2072@email.com
2073,Customer_002073,Basic,2021-01-15,Active,customer2073@email.com
2074,Customer_002074,Premium,2024-08-27,Active,customer2074@email.com
2075,Customer_002075,Basic,2024-11-21,Inactive,customer2075@email.com
2076,Customer_002076,Premium,2024-11-18,Active,customer2076@email.com
2077,Customer_002077,Basic,2022-07-09,Active,customer2077@email.com
2078,Customer_002078,Standard,2021-12-24,Active,customer2078@email.com
2079,Customer_002079,Basic,2022-01-04,Inactive,customer2079@email.com
2080,Customer_002080,Basic,2021-06-30,Active,customer2080@email.com
2081,Customer_002081,Basic,2022-12-14,Active,customer2081@email.com
2082,Customer_002082,Basic,2022-01-29,Active,customer2082@email.com
2083,Customer_002083,Basic,2021-07-15,Active,customer2083@email.com
2084,Customer_002084,Standard,2024-01-11,Active,customer2084@email.com
2085,Customer_002085,Standard,2024-07-06,Active,customer2085@email.com
2086,Customer_002086,Standard,2022-02-01,Inactive,customer2086@email.com
2087,Customer_002087,Standard,2023-08-30,Active,customer2087@email.com
2088,Customer_002088,Basic,2021-03-30,Inactive,customer2088@email.com
2089,Customer_002089,Basic,2022-03-06,Inactive,customer2089@email.com
2090,Customer_002090,Standard,2023-07-18,Active,customer2090@email.com
2091,Customer_002091,Standard,2024-01-06,Active,customer2091@email.com
2092,Customer_002092,Basic,2023-09-21,Active,customer2092@email.com
2093,Customer_002093,Premium,2022-04-27,Active,customer2093@email.com
2094,Customer_002094,Premium,2022-10-30,Active,customer2094@email.com
2095,Customer_002095,Basic,2022-10-30,Inactive,customer2095@email.com
2096,Customer_002096,Basic,2022-04-12,Inactive,customer2096@email.com
2097,Customer_002097,Standard,2022-02-14,Active,customer2097@email.com
2098,Customer_002098,Basic,2023-08-23,Active,customer2098@email.com
2099,Customer_002099,Premium,2023-06-12,Active,customer2099@email.com
2100,Customer_002100,Standard,2023-07-21,Active,customer2100@email.com
2101,Customer_002101,Basic,2023-07-27,Active,customer2101@email.com
2102,Customer_002102,Premium,2022-07-07,Inactive,customer2102@email.com
2103,Customer_002103,Premium,2024-11-18,Active,customer2103@email.com
2104,Customer_002104,Basic,2021-08-16,Active,customer2104@email.com
2105,Customer_002105,Premium,2021-12-17,Active,customer2105@email.com
2106,Customer_002106,Premium,2022-08-28,Active,customer2106@email.com
2107,Customer_002107,Basic,2024-07-30,Active,customer2107@email.com
2108,Customer_002108,Basic,2024-03-29,Inactive,customer2108@email.com
2109,Customer_002109,Premium,2021-06-27,Active,customer2109@email.com
2110,Customer_002110,Basic,2022-03-20,Active,customer2110@email.com
2111,,Standard,2022-07-26,Active,
2112,Customer_002112,Basic,2022-05-21,Inactive,customer2112@email.com
2113,Customer_002113,Basic,2022-04-01,Inactive,customer2113@email.com
2114,Customer_002114,Standard,2021-11-02,Active,customer2114@email.com
2115,Customer_002115,Standard,2023-05-06,Active,customer2115@email.com
2116,Customer_002116,Basic,2023-08-22,Active,customer2116@email.com
2117,Customer_002117,Standard,2023-05-22,Inactive,customer2117@email.com
2118,Customer_002118,Premium,2024-11-27,Active,customer2118@email.com
2119,Customer_002119,Premium,2022-05-08,Active,customer2119@email.com
2120,Customer_002120,Basic,2024-11-20,Active,customer2120@email.com
2121,Customer_002121,Basic,2021-09-29,Active,customer2121@email.com
2122,,Basic,2021-07-05,Active,
2123,Customer_002123,Standard,2021-11-28,Inactive,customer2123@email.com
2124,Customer_002124,Standard,2024-04-10,Active,customer2124@email.com
2125,Customer_002125,Basic,2021-10-11,Inactive,customer2125@email.com
2126,Customer_002126,Standard,2023-01-29,Active,customer2126@email.com
2127,Customer_002127,Standard,2021-01-03,Active,customer2127@email.com
2128,Customer_002128,Standard,2024-11-15,Active,customer2128@email.com
2129,Customer_002129,Basic,2023-05-23,Active,customer2129@email.com
2130,Customer_002130,Standard,2024-06-08,Active,customer2130@email.com
2131,Customer_002131,Premium,2024-11-03,Inactive,customer2131@email.com
2132,Customer_002132,Standard,2021-04-23,Active,customer2132@email.com
2133,Customer_002133,Basic,2023-01-16,Active,customer2133@email.com
2134,Customer_002134,Basic,2023-01-19,Active,customer2134@email.com
2135,Customer_002135,Basic,2023-01-21,Inactive,customer2135@email.com
2136,Customer_002136,Basic,2021-05-18,Inactive,customer2136@email.com
2137,Customer_002137,Standard,2021-10-11,Active,customer2137@email.com
2138,Customer_002138,Basic,2021-08-21,Active,customer2138@email.com
2139,Customer_002139,Standard,2024-04-03,Active,customer2139@email.com
2140,Customer_002140,Premium,2022-04-07,Active,customer2140@email.com
2141,Customer_002141,Standard,2023-10-29,Active,customer2141@email.com
2142,Customer_002142,Standard,2021-05-10,Active,customer2142@email.com
2143,Customer_002143,Basic,2023-10-24,Active,customer2143@email.com
2144,Customer_002144,Basic,2024-12-24,Active,customer2144@email.com
2145,Customer_002145,Standard,2022-08-22,Inactive,customer2145@email.com
2146,Customer_002146,Basic,2024-10-10,Active,customer2146@email.com
2147,Customer_002147,Basic,2021-05-15,Inactive,customer2147@email.com
2148,Customer_002148,Standard,2021-06-28,Active,customer2148@email.com
2149,Customer_002149,Premium,2022-08-14,Active,customer2149@email.com
2150,Customer_002150,Standard,2021-12-04,Active,customer2150@email.com
2151,Customer_002151,Premium,2023-10-14,Inactive,customer2151@email.com
2152,Customer_002152,Basic,2024-07-08,Active,customer2152@email.com
2153,Customer_002153,Basic,2024-10-29,Active,customer2153@email.com
2154,Customer_002154,Standard,2022-12-12,Active,customer2154@email.com
2155,Customer_002155,Basic,2021-02-13,Inactive,customer2155@email.com
2156,Customer_002156,Standard,2022-04-21,Inactive,customer2156@email.com
2157,Customer_002157,Premium,2022-11-19,Inactive,customer2157@email.com
2158,Customer_002158,Basic,2024-08-16,Active,customer2158@email.com
2159,Customer_002159,Basic,2024-09-25,Active,customer2159@email.com
2160,Customer_002160,Standard,2023-07-01,Active,customer2160@email.com
2161,Customer_002161,Basic,2022-09-20,Inactive,customer2161@email.com
2162,Customer_002162,Basic,2023-09-19,Active,customer2162@email.com
2163,Customer_002163,Basic,2021-04-07,Inactive,customer2163@email.com
2164,Customer_002164,Premium,2021-12-07,Inactive,customer2164@email.com
2165,Customer_002165,Premium,2024-01-02,Active,customer2165@email.com
2166,Customer_002166,Standard,2024-12-21,Active,customer2166@email.com
2167,Customer_002167,Standard,2021-11-11,Active,customer2167@email.com
2168,Customer_002168,Standard,2022-10-11,Active,customer2168@email.com
2169,Customer_002169,Basic,2023-01-28,Inactive,customer2169@email.com
2170,Customer_002170,Standard,2021-03-13,Active,customer2170@email.com
2171,Customer_002171,Standard,2021-10-30,Active,customer2171@email.com
2172,Customer_002172,Basic,2021-11-29,Inactive,customer2172@email.com
2173,Customer_002173,Basic,2021-02-21,Active,customer2173@email.com
2174,Customer_002174,Basic,2021-10-25,Active,customer2174@email.com
2175,,Basic,2021-11-16,Active,
2176,Customer_002176,Basic,2023-11-06,Active,customer2176@email.com
2177,Customer_002177,Standard,2023-08-29,Inactive,customer2177@email.com
2178,Customer_002178,Basic,2024-03-20,Active,customer2178@email.com
2179,Customer_002179,Standard,2023-06-25,Active,customer2179@email.com
2180,Customer_002180,Basic,2023-09-08,Active,customer2180@email.com
2181,Customer_002181,Premium,2024-02-03,Active,customer2181@email.com
2182,Customer_002182,Basic,2024-06-18,Active,customer2182@email.com
2183,Customer_002183,Standard,2021-07-09,Active,customer2183@email.com
2184,Customer_002184,Premium,2022-02-04,Active,customer2184@email.com
2185,Customer_002185,Standard,2022-07-24,Active,customer2185@email.com
2186,Customer_002186,Standard,2023-07-02,Active,customer2186@email.com
2187,Customer_002187,Premium,2023-11-15,Active,customer2187@email.com
2188,Customer_002188,Basic,2024-05-20,Active,customer2188@email.com
2189,Customer_002189,Standard,2024-09-27,Inactive,customer2189@email.com
2190,Customer_002190,Premium,2023-05-26,Active,customer2190@email.com
2191,Customer_002191,Premium,2022-08-06,Active,customer2191@email.com
2192,Customer_002192,Basic,2023-07-02,Active,customer2192@email.com
2193,Customer_002193,Basic,2023-06-29,Active,customer2193@email.com
2194,Customer_002194,Basic,2023-06-26,Active,customer2194@email.com
2195,Customer_002195,Premium,2023-05-19,Active,customer2195@email.com
2196,Customer_002196,Standard,2024-04-17,Active,customer2196@email.com
2197,Customer_002197,Basic,2022-09-14,Active,customer2197@email.com
2198,Customer_002198,Basic,2022-11-18,Inactive,customer2198@email.com
2199,Customer_002199,Standard,2023-02-09,Active,customer2199@email.com
2200,Customer_002200,Standard,2022-07-14,Active,customer2200@email.com
2201,Customer_002201,Premium,2024-12-25,Active,customer2201@email.com
2202,Customer_002202,Standard,2022-02-13,Active,customer2202@email.com
2203,Customer_002203,Basic,2024-02-09,Inactive,customer2203@email.com
2204,Customer_002204,Basic,2022-09-11,Active,customer2204@email.com
2205,Customer_002205,Standard,2024-02-20,Active,customer2205@email.com
2206,Customer_002206,Premium,2021-01-06,Active,customer2206@email.com
2207,Customer_002207,Basic,2024-08-04,Active,customer2207@email.com
2208,Customer_002208,Standard,2024-09-01,Active,customer2208@email.com
2209,Customer_002209,Standard,2022-01-03,Active,customer2209@email.com
2210,Customer_002210,Standard,2022-05-17,Active,customer2210@email.com
2211,Customer_002211,Premium,2023-10-07,Inactive,customer2211@email.com
2212,Customer_002212,Basic,2023-01-11,Inactive,customer2212@email.com
2213,Customer_002213,Standard,2022-06-13,Active,customer2213@email.com
2214,Customer_002214,Standard,2024-11-22,Active,customer2214@email.com
2215,,Standard,2024-03-24,Inactive,
2216,Customer_002216,Basic,2024-04-06,Active,customer2216@email.com
2217,Customer_002217,Standard,2024-11-20,Inactive,customer2217@email.com
2218,Customer_002218,Premium,2022-07-13,Active,customer2218@email.com
2219,Customer_002219,Standard,2022-12-31,Inactive,customer2219@email.com
2220,Customer_002220,Basic,2024-08-01,Active,customer2220@email.com
2221,Customer_002221,Basic,2024-07-10,Inactive,customer2221@email.com
2222,Customer_002222,Standard,2021-12-09,Active,customer2222@email.com
2223,Customer_002223,Standard,2024-11-03,Inactive,customer2223@email.com
2224,Customer_002224,Standard,2024-11-30,Inactive,customer2224@email.com
2225,Customer_002225,Standard,2024-04-02,Active,customer2225@email.com
2226,Customer_002226,Standard,2021-10-08,Active,customer2226@email.com
2227,Customer_002227,Basic,2023-09-21,Inactive,customer2227@email.com
2228,Customer_002228,Basic,2021-11-30,Active,customer2228@email.com
2229,Customer_002229,Basic,2022-03-29,Active,customer2229@email.com
2230,Customer_002230,Standard,2024-02-19,Active,customer2230@email.com
2231,Customer_002231,Standard,2023-12-13,Active,customer2231@email.com
2232,Customer_002232,Basic,2024-12-09,Active,customer2232@email.com
2233,Customer_002233,Basic,2023-08-02,Active,customer2233@email.com
2234,Customer_002234,Premium,2021-09-26,Active,customer2234@email.com
2235,Customer_002235,Basic,2022-10-01,Inactive,customer2235@email.com
2236,Customer_002236,Basic,2023-06-25,Inactive,customer2236@email.com
2237,Customer_002237,Standard,2022-12-02,Active,customer2237@email.com
2238,Customer_002238,Basic,2021-08-31,Active,customer2238@email.com
2239,Customer_002239,Standard,2021-10-19,Active,customer2239@email.com
2240,Customer_002240,Basic,2022-03-06,Active,customer2240@email.com
2241,Customer_002241,Standard,2024-11-15,Active,customer2241@email.com
2242,Customer_002242,Basic,2021-02-08,Active,customer2242@email.com
2243,Customer_002243,Standard,2021-03-29,Active,customer2243@email.com
2244,Customer_002244,Premium,2024-09-13,Active,customer2244@email.com
2245,Customer_002245,Basic,2021-09-01,Active,customer2245@email.com
2246,Customer_002246,Standard,2022-09-10,Active,customer2246@email.com
2247,Customer_002247,Basic,2021-09-11,Inactive,customer2247@email.com
2248,Customer_002248,Basic,2022-02-14,Active,customer2248@email.com
2249,Customer_002249,Standard,2021-07-05,Active,customer2249@email.com
2250,Customer_002250,Standard,2022-07-23,Active,customer2250@email.com
2251,Customer_002251,Basic,2021-11-25,Active,customer2251@email.com
2252,Customer_002252,Standard,2024-06-09,Active,customer2252@email.com
2253,Customer_002253,Standard,2021-07-22,Active,customer2253@email.com
2254,Customer_002254,Basic,2023-12-20,Active,customer2254@email.com
2255,Customer_002255,Basic,2022-08-01,Inactive,customer2255@email.com
2256,Customer_002256,Standard,2021-01-09,Active,customer2256@email.com
2257,Customer_002257,Premium,2022-03-15,Active,customer2257@email.com
2258,Customer_002258,Basic,2023-08-31,Active,customer2258@email.com
2259,Customer_002259,Basic,2023-06-20,Inactive,customer2259@email.com
2260,Customer_002260,Standard,2022-12-28,Active,customer2260@email.com
2261,Customer_002261,Basic,2023-11-20,Active,customer2261@email.com
2262,Customer_002262,Basic,2022-10-06,Active,customer2262@email.com
2263,Customer_002263,Basic,2021-10-06,Active,customer2263@email.com
2264,Customer_002264,Basic,2022-08-14,Inactive,customer2264@email.com
2265,Customer_002265,Basic,2022-11-03,Active,customer2265@email.com
2266,Customer_002266,Standard,2023-07-25,Active,customer2266@email.com
2267,Customer_002267,Standard,2023-06-29,Active,customer2267@email.com
2268,Customer_002268,Basic,2023-05-27,Active,customer2268@email.com
2269,Customer_002269,Standard,2023-09-02,Active,customer2269@email.com
2270,Customer_002270,Premium,2021-01-27,Active,customer2270@email.com
2271,Customer_002271,Standard,2021-08-04,Active,customer2271@email.com
2272,Customer_002272,Standard,2024-10-17,Active,customer2272@email.com
2273,Customer_002273,Standard,2023-04-01,Inactive,customer2273@email.com
2274,Customer_002274,Premium,2021-12-12,Active,customer2274@email.com
2275,Customer_002275,Basic,2022-11-25,Inactive,customer2275@email.com
2276,Customer_002276,Basic,2023-04-08,Active,customer2276@email.com
2277,Customer_002277,Standard,2023-10-20,Inactive,customer2277@email.com
2278,Customer_002278,Standard,2024-04-06,Active,customer2278@email.com
2279,Customer_002279,Basic,2024-08-11,Inactive,customer2279@email.com
2280,Customer_002280,Basic,2024-09-27,Inactive,customer2280@email.com
2281,Customer_002281,Basic,2023-09-20,Active,customer2281@email.com
2282,Customer_002282,Basic,2023-07-21,Active,customer2282@email.com
2283,Customer_002283,Standard,2023-10-16,Inactive,customer2283@email.com
2284,Customer_002284,Standard,2021-03-02,Active,customer2284@email.com
2285,Customer_002285,Premium,2021-05-20,Inactive,customer2285@email.com
2286,Customer_002286,Basic,2022-01-02,Inactive,customer2286@email.com
2287,Customer_002287,Standard,2021-11-09,Inactive,customer2287@email.com
2288,Customer_002288,Basic,2021-06-06,Active,customer2288@email.com
2289,Customer_002289,Standard,2023-10-06,Active,customer2289@email.com
2290,Customer_002290,Basic,2024-09-17,Active,customer2290@email.com
2291,Customer_002291,Basic,2024-01-16,Active,customer2291@email.com
2292,,Basic,2024-01-25,Inactive,
2293,Customer_002293,Basic,2023-06-01,Inactive,customer2293@email.com
2294,Customer_002294,Standard,2023-07-11,Active,customer2294@email.com
2295,Customer_002295,Basic,2023-07-31,Inactive,customer2295@email.com
2296,Customer_002296,Basic,2024-09-12,Active,customer2296@email.com
2297,Customer_002297,Basic,2024-12-17,Active,customer2297@email.com
2298,Customer_002298,Standard,2022-10-02,Active,customer2298@email.com
2299,Customer_002299,Basic,2021-08-13,Active,customer2299@email.com
2300,Customer_002300,Standard,2024-02-09,Active,customer2300@email.com
2301,Customer_002301,Standard,2023-09-02,Inactive,customer2301@email.com
2302,Customer_002302,Basic,2021-04-25,Active,customer2302@email.com
2303,Customer_002303,Basic,2023-02-13,Inactive,customer2303@email.com
2304,Customer_002304,Basic,2022-08-06,Active,customer2304@email.com
2305,Customer_002305,Basic,2021-04-03,Active,customer2305@email.com
2306,Customer_002306,Standard,2024-04-10,Active,customer2306@email.com
2307,Customer_002307,Standard,2022-11-30,Active,customer2307@email.com
2308,Customer_002308,Standard,2023-01-02,Active,customer2308@email.com
2309,Customer_002309,Basic,2022-05-16,Inactive,customer2309@email.com
2310,Customer_002310,Standard,2024-04-28,Inactive,customer2310@email.com
2311,Customer_002311,Basic,2022-09-17,Inactive,customer2311@email.com
2312,Customer_002312,Premium,2024-01-08,Active,customer2312@email.com
2313,Customer_002313,Basic,2023-05-16,Inactive,customer2313@email.com
2314,Customer_002314,Standard,2022-07-01,Active,customer2314@email.com
2315,Customer_002315,Basic,2021-02-15,Active,customer2315@email.com
2316,Customer_002316,Premium,2023-03-11,Active,customer2316@email.com
2317,Customer_002317,Basic,2023-09-28,Inactive,customer2317@email.com
2318,Customer_002318,Premium,2022-11-20,Inactive,customer2318@email.com
2319,Customer_002319,Standard,2024-09-28,Active,customer2319@email.com
2320,Customer_002320,Basic,2023-01-15,Inactive,customer2320@email.com
2321,Customer_002321,Basic,2024-07-25,Active,customer2321@email.com
2322,Customer_002322,Basic,2024-01-03,Active,customer2322@email.com
2323,Customer_002323,Basic,2022-09-01,Inactive,customer2323@email.com
2324,Customer_002324,Basic,2022-04-08,Active,customer2324@email.com
2325,Customer_002325,Basic,2024-03-30,Active,customer2325@email.com
2326,Customer_002326,Premium,2021-05-18,Active,customer2326@email.com
2327,Customer_002327,Standard,2023-05-25,Inactive,customer2327@email.com
2328,Customer_002328,Standard,2024-08-27,Active,customer2328@email.com
2329,Customer_002329,Basic,2022-09-07,Active,customer2329@email.com
2330,Customer_002330,Standard,2022-02-14,Active,customer2330@email.com
2331,Customer_002331,Basic,2023-11-22,Active,customer2331@email.com
2332,Customer_002332,Standard,2022-01-05,Inactive,customer2332@email.com
2333,Customer_002333,Basic,2023-11-24,Inactive,customer2333@email.com
2334,Customer_002334,Premium,2022-03-13,Active,customer2334@email.com
2335,Customer_002335,Basic,2023-08-16,Inactive,customer2335@email.com
2336,Customer_002336,Standard,2024-06-12,Inactive,customer2336@email.com
2337,Customer_002337,Basic,2024-03-05,Active,customer2337@email.com
2338,Customer_002338,Standard,2022-02-15,Inactive,customer2338@email.com
2339,Customer_002339,Premium,2021-11-05,Inactive,customer2339@email.com
2340,Customer_002340,Basic,2023-06-11,Active,customer2340@email.com
2341,Customer_002341,Standard,2021-05-12,Active,customer2341@email.com
2342,Customer_002342,Basic,2022-07-01,Active,customer2342@email.com
2343,Customer_002343,Basic,2022-06-10,Active,customer2343@email.com
2344,Customer_002344,Premium,2022-05-04,Active,customer2344@email.com
2345,Customer_002345,Basic,2022-05-18,Inactive,customer2345@email.com
2346,Customer_002346,Standard,2023-09-22,Active,customer2346@email.com
2347,Customer_002347,Standard,2024-08-17,Active,customer2347@email.com
2348,Customer_002348,Standard,2022-07-13,Inactive,customer2348@email.com
2349,Customer_002349,Basic,2022-07-23,Active,customer2349@email.com
2350,Customer_002350,Premium,2021-03-28,Inactive,customer2350@email.com
2351,Customer_002351,Standard,2021-02-10,Active,customer2351@email.com
2352,Customer_002352,Basic,2022-10-05,Active,customer2352@email.com
2353,Customer_002353,Standard,2023-04-14,Active,customer2353@email.com
2354,Customer_002354,Basic,2021-07-04,Active,customer2354@email.com
2355,Customer_002355,Basic,2021-10-15,Active,customer2355@email.com
2356,Customer_002356,Standard,2023-10-22,Active,customer2356@email.com
2357,Customer_002357,Standard,2024-04-03,Inactive,customer2357@email.com
2358,Customer_002358,Basic,2022-05-31,Active,customer2358@email.com
2359,Customer_002359,Basic,2024-05-13,Inactive,customer2359@email.com
2360,Customer_002360,Standard,2022-11-06,Inactive,customer2360@email.com
2361,Customer_002361,Standard,2022-04-29,Active,customer2361@email.com
2362,Customer_002362,Standard,2021-08-07,Active,customer2362@email.com
2363,Customer_002363,Standard,2023-06-20,Active,customer2363@email.com
2364,Customer_002364,Basic,2021-04-25,Inactive,customer2364@email.com
2365,Customer_002365,Basic,2021-08-20,Active,customer2365@email.com
2366,Customer_002366,Premium,2024-10-30,Active,customer2366@email.com
2367,Customer_002367,Basic,2021-10-24,Inactive,customer2367@email.com
2368,Customer_002368,Standard,2022-09-24,Active,customer2368@email.com
2369,Customer_002369,Basic,2024-05-25,Active,customer2369@email.com
2370,Customer_002370,Standard,2021-04-22,Active,customer2370@email.com
2371,Customer_002371,Basic,2022-05-06,Active,customer2371@email.com
2372,Customer_002372,Premium,2024-08-01,Inactive,customer2372@email.com
2373,Customer_002373,Standard,2024-11-04,Active,customer2373@email.com
2374,Customer_002374,Standard,2023-06-26,Active,customer2374@email.com
2375,Customer_002375,Standard,2023-03-16,Inactive,customer2375@email.com
2376,Customer_002376,Standard,2022-09-09,Active,customer2376@email.com
2377,Customer_002377,Basic,2022-04-28,Active,customer2377@email.com
2378,Customer_002378,Basic,2021-11-25,Inactive,customer2378@email.com
2379,Customer_002379,Premium,2024-08-12,Active,customer2379@email.com
2380,Customer_002380,Standard,2021-06-14,Inactive,customer2380@email.com
2381,Customer_002381,Standard,2023-08-23,Inactive,customer2381@email.com
2382,Customer_002382,Basic,2022-11-13,Active,customer2382@email.com
2383,Customer_002383,Basic,2021-07-25,Inactive,customer2383@email.com
2384,Customer_002384,Basic,2023-11-03,Active,customer2384@email.com
2385,Customer_002385,Basic,2024-01-27,Active,customer2385@email.com
2386,Customer_002386,Premium,2021-02-26,Active,customer2386@email.com
2387,Customer_002387,Standard,2022-01-12,Inactive,customer2387@email.com
2388,,Standard,2021-10-06,Inactive,
2389,Customer_002389,Premium,2022-09-18,Active,customer2389@email.com
2390,Customer_002390,Standard,2021-11-20,Active,customer2390@email.com
2391,Customer_002391,Premium,2024-08-22,Active,customer2391@email.com
2392,Customer_002392,Basic,2024-11-05,Active,customer2392@email.com
2393,Customer_002393,Standard,2023-07-14,Active,customer2393@email.com
2394,Customer_002394,Basic,2022-06-18,Inactive,customer2394@email.com
2395,Customer_002395,Standard,2022-11-02,Active,customer2395@email.com
2396,Customer_002396,Premium,2023-04-29,Inactive,customer2396@email.com
2397,Customer_002397,Premium,2023-02-12,Active,customer2397@email.com
2398,Customer_002398,Standard,2022-04-05,Active,customer2398@email.com
2399,Customer_002399,Standard,2024-02-18,Inactive,customer2399@email.com
2400,Customer_002400,Premium,2021-07-02,Active,customer2400@email.com
2401,Customer_002401,Premium,2024-12-07,Active,customer2401@email.com
2402,Customer_002402,Basic,2024-06-19,Active,customer2402@email.com
2403,Customer_002403,Basic,2021-07-02,Active,customer2403@email.com
2404,Customer_002404,Premium,2024-03-07,Inactive,customer2404@email.com
2405,Customer_002405,Standard,2023-06-11,Inactive,customer2405@email.com
2406,Customer_002406,Standard,2024-10-11,Inactive,customer2406@email.com
2407,Customer_002407,Premium,2022-02-21,Active,customer2407@email.com
2408,Customer_002408,Basic,2022-06-30,Inactive,customer2408@email.com
2409,Customer_002409,Basic,2021-09-24,Inactive,customer2409@email.com
2410,Customer_002410,Basic,2022-03-18,Active,customer2410@email.com
2411,Customer_002411,Standard,2024-10-18,Active,customer2411@email.com
2412,Customer_002412,Standard,2021-10-26,Active,customer2412@email.com
2413,Customer_002413,Basic,2022-04-28,Active,customer2413@email.com
2414,Customer_002414,Basic,2023-01-28,Active,customer2414@email.com
2415,,Standard,2021-06-25,Active,
2416,Customer_002416,Basic,2022-10-25,Inactive,customer2416@email.com
2417,Customer_002417,Basic,2022-03-11,Active,customer2417@email.com
2418,Customer_002418,Basic,2024-05-08,Active,customer2418@email.com
2419,Customer_002419,Standard,2021-05-01,Active,customer2419@email.com
2420,Customer_002420,Premium,2023-08-23,Active,customer2420@email.com
2421,Customer_002421,Basic,2024-10-05,Inactive,customer2421@email.com
2422,,Standard,2021-04-04,Active,
2423,Customer_002423,Standard,2023-02-20,Active,customer2423@email.com
2424,Customer_002424,Basic,2023-01-30,Active,customer2424@email.com
2425,Customer_002425,Basic,2021-03-26,Active,customer2425@email.com
2426,Customer_002426,Basic,2023-10-29,Active,customer2426@email.com
2427,Customer_002427,Basic,2023-08-17,Active,customer2427@email.com
2428,Customer_002428,Basic,2023-12-23,Active,customer2428@email.com
2429,Customer_002429,Premium,2022-10-04,Inactive,customer2429@email.com
2430,Customer_002430,Basic,2022-07-30,Inactive,customer2430@email.com
2431,Customer_002431,Basic,2022-08-03,Inactive,customer2431@email.com
2432,Customer_002432,Premium,2022-06-25,Active,customer2432@email.com
2433,Customer_002433,Standard,2021-12-04,Active,customer2433@email.com
2434,Customer_002434,Standard,2021-11-06,Active,customer2434@email.com
2435,Customer_002435,Basic,2024-07-27,Inactive,customer2435@email.com
2436,Customer_002436,Standard,2021-11-01,Active,customer2436@email.com
2437,Customer_002437,Standard,2023-08-22,Active,customer2437@email.com
2438,Customer_002438,Standard,2023-06-13,Active,customer2438@email.com
2439,Customer_002439,Basic,2023-10-11,Inactive,customer2439@email.com
2440,Customer_002440,Standard,2024-12-23,Inactive,customer2440@email.com
2441,Customer_002441,Standard,2021-08-19,Active,customer2441@email.com
2442,Customer_002442,Basic,2021-09-11,Active,customer2442@email.com
2443,Customer_002443,Premium,2022-08-05,Inactive,customer2443@email.com
2444,Customer_002444,Standard,2023-11-08,Active,customer2444@email.com
2445,Customer_002445,Premium,2024-09-20,Active,customer2445@email.com
2446,Customer_002446,Standard,2021-01-09,Active,customer2446@email.com
2447,Customer_002447,Basic,2023-05-03,Active,customer2447@email.com
2448,Customer_002448,Standard,2023-10-18,Active,customer2448@email.com
2449,Customer_002449,Premium,2021-02-23,Active,customer2449@email.com
2450,Customer_002450,Premium,2021-09-07,Inactive,customer2450@email.com
2451,Customer_002451,Premium,2021-08-06,Active,customer2451@email.com
2452,Customer_002452,Premium,2021-06-16,Active,customer2452@email.com
2453,Customer_002453,Basic,2023-09-10,Active,customer2453@email.com
2454,Customer_002454,Basic,2024-05-01,Active,customer2454@email.com
2455,Customer_002455,Basic,2021-03-31,Active,customer2455@email.com
2456,Customer_002456,Basic,2022-10-28,Active,customer2456@email.com
2457,Customer_002457,Basic,2024-03-11,Active,customer2457@email.com
2458,Customer_002458,Standard,2024-08-11,Inactive,customer2458@email.com
2459,Customer_002459,Standard,2021-05-25,Active,customer2459@email.com
2460,Customer_002460,Basic,2021-07-09,Active,customer2460@email.com
2461,Customer_002461,Basic,2023-03-28,Inactive,customer2461@email.com
2462,Customer_002462,Basic,2021-11-30,Inactive,customer2462@email.com
2463,Customer_002463,Premium,2024-08-18,Active,customer2463@email.com
2464,Customer_002464,Standard,2021-09-04,Active,customer2464@email.com
2465,Customer_002465,Basic,2022-09-28,Inactive,customer2465@email.com
2466,Customer_002466,Standard,2023-01-06,Active,customer2466@email.com
2467,Customer_002467,Basic,2023-11-16,Active,customer2467@email.com
2468,Customer_002468,Standard,2023-03-06,Active,customer2468@email.com
2469,Customer_002469,Basic,2023-05-17,Active,customer2469@email.com
2470,Customer_002470,Basic,2023-01-25,Inactive,customer2470@email.com
2471,Customer_002471,Standard,2023-05-23,Active,customer2471@email.com
2472,Customer_002472,Basic,2023-08-08,Active,customer2472@email.com
2473,Customer_002473,Basic,2021-11-14,Inactive,customer2473@email.com
2474,Customer_002474,Basic,2024-08-18,Inactive,customer2474@email.com
2475,Customer_002475,Basic,2023-06-15,Inactive,customer2475@email.com
2476,Customer_002476,Standard,2022-09-08,Active,customer2476@email.com
2477,Customer_002477,Standard,2022-09-08,Active,customer2477@email.com
2478,Customer_002478,Standard,2022-08-29,Active,customer2478@email.com
2479,Customer_002479,Standard,2021-04-03,Active,customer2479@email.com
2480,Customer_002480,Standard,2023-04-26,Active,customer2480@email.com
2481,Customer_002481,Basic,2024-03-10,Active,customer2481@email.com
2482,Customer_002482,Standard,2024-04-14,Active,customer2482@email.com
2483,Customer_002483,Standard,2021-08-22,Active,customer2483@email.com
2484,Customer_002484,Basic,2022-01-09,Inactive,customer2484@email.com
2485,Customer_002485,Basic,2023-05-03,Active,customer2485@email.com
2486,Customer_002486,Standard,2024-04-17,Inactive,customer2486@email.com
2487,Customer_002487,Basic,2023-07-11,Inactive,customer2487@email.com
2488,Customer_002488,Standard,2022-01-19,Active,customer2488@email.com
2489,Customer_002489,Premium,2024-05-22,Active,customer2489@email.com
2490,Customer_002490,,2023-06-08,Active,customer2490@email.com
2491,,Basic,2021-08-27,Active,
2492,Customer_002492,Basic,2023-08-01,Inactive,customer2492@email.com
2493,Customer_002493,Basic,2024-05-17,Active,customer2493@email.com
2494,Customer_002494,Basic,2024-06-17,Active,customer2494@email.com
2495,Customer_002495,Basic,2024-11-14,Inactive,customer2495@email.com
2496,Customer_002496,Basic,2021-06-29,Active,customer2496@email.com
2497,Customer_002497,Standard,2021-08-18,Active,customer2497@email.com
2498,Customer_002498,Premium,2022-01-21,Inactive,customer2498@email.com
2499,Customer_002499,Premium,2024-08-21,Active,customer2499@email.com
2500,Customer_002500,Basic,2024-07-06,Active,customer2500@email.com
2501,Customer_002501,Standard,2021-06-26,Active,customer2501@email.com
2502,Customer_002502,Basic,2023-08-29,Active,customer2502@email.com
2503,Customer_002503,Basic,2021-11-09,Active,customer2503@email.com
2504,Customer_002504,Basic,2023-09-21,Inactive,customer2504@email.com
2505,Customer_002505,Standard,2024-04-13,Active,customer2505@email.com
2506,Customer_002506,,2023-03-14,Active,customer2506@email.com
2507,Customer_002507,Basic,2024-07-15,Active,customer2507@email.com
2508,Customer_002508,Standard,2023-05-02,Active,customer2508@email.com
2509,Customer_002509,Premium,2024-05-05,Active,customer2509@email.com
2510,Customer_002510,Basic,2021-03-17,Inactive,customer2510@email.com
2511,Customer_002511,Basic,2024-04-25,Active,customer2511@email.com
2512,Customer_002512,Basic,2023-09-27,Inactive,customer2512@email.com
2513,Customer_002513,Basic,2021-02-08,Active,customer2513@email.com
2514,Customer_002514,Standard,2021-05-11,Active,customer2514@email.com
2515,Customer_002515,Basic,2023-08-28,Active,customer2515@email.com
2516,Customer_002516,Standard,2024-08-16,Active,customer2516@email.com
2517,Customer_002517,Basic,2021-02-12,Active,customer2517@email.com
2518,Customer_002518,Standard,2023-08-20,Active,customer2518@email.com
2519,Customer_002519,Basic,2022-03-26,Inactive,customer2519@email.com
2520,Customer_002520,Basic,2024-05-18,Inactive,customer2520@email.com
2521,Customer_002521,Basic,2023-08-18,Active,customer2521@email.com
2522,Customer_002522,Standard,2024-12-27,Active,customer2522@email.com
2523,Customer_002523,Basic,2024-10-10,Active,customer2523@email.com
2524,Customer_002524,Standard,2023-08-26,Active,customer2524@email.com
2525,Customer_002525,Standard,2024-06-27,Active,customer2525@email.com
2526,Customer_002526,Standard,2021-06-26,Inactive,customer2526@email.com
2527,Customer_002527,Standard,2022-02-13,Active,customer2527@email.com
2528,Customer_002528,Standard,2023-05-02,Active,customer2528@email.com
2529,Customer_002529,Standard,2022-04-26,Active,customer2529@email.com
2530,Customer_002530,Basic,2021-02-07,Active,customer2530@email.com
2531,Customer_002531,Basic,2024-10-18,Inactive,customer2531@email.com
2532,Customer_002532,Basic,2023-10-29,Active,customer2532@email.com
2533,Customer_002533,Basic,2023-06-01,Active,customer2533@email.com
2534,Customer_002534,Standard,2024-02-25,Active,customer2534@email.com
2535,Customer_002535,Basic,2022-11-28,Active,customer2535@email.com
2536,Customer_002536,Basic,2024-02-15,Inactive,customer2536@email.com
2537,Customer_002537,Standard,2024-11-14,Active,customer2537@email.com
2538,Customer_002538,Basic,2021-08-02,Active,customer2538@email.com
2539,Customer_002539,Basic,2023-06-16,Active,customer2539@email.com
2540,Customer_002540,Standard,2021-08-16,Active,customer2540@email.com
2541,Customer_002541,Premium,2024-06-02,Active,customer2541@email.com
2542,Customer_002542,Basic,2024-02-26,Active,customer2542@email.com
2543,Customer_002543,Standard,2024-07-14,Active,customer2543@email.com
2544,Customer_002544,Basic,2023-01-11,Active,customer2544@email.com
2545,Customer_002545,Basic,2023-06-24,Active,customer2545@email.com
2546,Customer_002546,Premium,2021-07-23,Active,customer2546@email.com
2547,Customer_002547,Basic,2021-10-10,Active,customer2547@email.com
2548,Customer_002548,,2023-05-02,Active,customer2548@email.com
2549,Customer_002549,Basic,2023-08-29,Active,customer2549@email.com
2550,Customer_002550,Standard,2021-06-24,Active,customer2550@email.com
2551,Customer_002551,Standard,2023-04-30,Active,customer2551@email.com
2552,Customer_002552,Basic,2021-11-07,Active,customer2552@email.com
2553,Customer_002553,Standard,2022-04-13,Active,customer2553@email.com
2554,Customer_002554,Standard,2023-04-19,Active,customer2554@email.com
2555,Customer_002555,Basic,2023-11-24,Inactive,customer2555@email.com
2556,Customer_002556,Basic,2021-03-02,Inactive,customer2556@email.com
2557,Customer_002557,Basic,2023-11-26,Inactive,customer2557@email.com
2558,Customer_002558,Standard,2022-10-07,Active,customer2558@email.com
2559,Customer_002559,Standard,2023-06-08,Active,customer2559@email.com
2560,Customer_002560,Basic,2024-09-14,Active,customer2560@email.com
2561,Customer_002561,Standard,2024-03-22,Inactive,customer2561@email.com
2562,Customer_002562,Premium,2024-12-31,Active,customer2562@email.com
2563,Customer_002563,Basic,2022-08-29,Active,customer2563@email.com
2564,Customer_002564,Basic,2024-12-06,Active,customer2564@email.com
2565,Customer_002565,,2022-10-05,Inactive,customer2565@email.com
2566,Customer_002566,Basic,2022-07-27,Active,customer2566@email.com
2567,Customer_002567,Premium,2021-10-28,Active,customer2567@email.com
2568,Customer_002568,Basic,2022-02-25,Active,customer2568@email.com
2569,Customer_002569,Basic,2024-06-20,Active,customer2569@email.com
2570,Customer_002570,Basic,2024-08-21,Inactive,customer2570@email.com
2571,Customer_002571,Basic,2022-09-10,Active,customer2571@email.com
2572,Customer_002572,Basic,2023-03-10,Inactive,customer2572@email.com
2573,Customer_002573,Standard,2021-09-16,Inactive,customer2573@email.com
2574,Customer_002574,Basic,2022-03-14,Inactive,customer2574@email.com
2575,Customer_002575,Basic,2023-12-04,Active,customer2575@email.com
2576,Customer_002576,Standard,2021-02-17,Active,customer2576@email.com
2577,Customer_002577,Basic,2024-04-28,Inactive,customer2577@email.com
2578,Customer_002578,Basic,2022-09-15,Active,customer2578@email.com
2579,Customer_002579,Standard,2021-08-15,Inactive,customer2579@email.com
2580,Customer_002580,Standard,2022-06-16,Active,customer2580@email.com
2581,Customer_002581,Basic,2021-04-08,Active,customer2581@email.com
2582,Customer_002582,Standard,2023-07-09,Active,customer2582@email.com
2583,Customer_002583,Premium,2023-07-18,Inactive,customer2583@email.com
2584,Customer_002584,Standard,2024-04-06,Active,customer2584@email.com
2585,Customer_002585,Standard,2024-07-09,Inactive,customer2585@email.com
2586,Customer_002586,Standard,2022-04-24,Active,customer2586@email.com
2587,Customer_002587,Premium,2024-03-19,Active,customer2587@email.com
2588,Customer_002588,Standard,2023-12-01,Inactive,customer2588@email.com
2589,Customer_002589,Basic,2023-11-24,Active,customer2589@email.com
2590,Customer_002590,Basic,2023-01-10,Inactive,customer2590@email.com
2591,Customer_002591,Standard,2023-05-22,Inactive,customer2591@email.com
2592,Customer_002592,Premium,2021-05-08,Inactive,customer2592@email.com
2593,Customer_002593,Basic,2022-03-16,Inactive,customer2593@email.com
2594,Customer_002594,Basic,2023-12-14,Active,customer2594@email.com
2595,Customer_002595,Basic,2023-03-20,Active,customer2595@email.com
2596,Customer_002596,Standard,2024-07-27,Active,customer2596@email.com
2597,Customer_002597,Basic,2023-09-30,Inactive,customer2597@email.com
2598,Customer_002598,Standard,2021-11-30,Inactive,customer2598@email.com
2599,Customer_002599,Basic,2024-12-27,Active,customer2599@email.com
2600,Customer_002600,Standard,2023-11-18,Active,customer2600@email.com
2601,Customer_002601,Standard,2022-03-12,Inactive,customer2601@email.com
2602,Customer_002602,Basic,2021-11-18,Inactive,customer2602@email.com
2603,Customer_002603,Basic,2021-09-01,Active,customer2603@email.com
2604,Customer_002604,Basic,2021-09-05,Active,customer2604@email.com
2605,Customer_002605,Basic,2023-12-07,Active,customer2605@email.com
2606,Customer_002606,Basic,2023-02-06,Active,customer2606@email.com
2607,Customer_002607,Standard,2021-10-20,Inactive,customer2607@email.com
2608,Customer_002608,Standard,2021-04-10,Active,customer2608@email.com
2609,Customer_002609,Standard,2022-08-04,Active,customer2609@email.com
2610,,Standard,2023-09-29,Active,
2611,Customer_002611,Standard,2021-05-19,Active,customer2611@email.com
2612,Customer_002612,Standard,2024-03-19,Active,customer2612@email.com
2613,Customer_002613,Standard,2022-11-23,Active,customer2613@email.com
2614,Customer_002614,Basic,2024-05-25,Inactive,customer2614@email.com
2615,Customer_002615,Standard,2024-07-27,Active,customer2615@email.com
2616,Customer_002616,Basic,2023-07-09,Active,customer2616@email.com
2617,Customer_002617,Basic,2021-07-02,Active,customer2617@email.com
2618,Customer_002618,Basic,2023-04-19,Active,customer2618@email.com
2619,Customer_002619,Basic,2022-11-26,Inactive,customer2619@email.com
2620,Customer_002620,Premium,2023-06-27,Active,customer2620@email.com
2621,Customer_002621,Basic,2021-12-06,Active,customer2621@email.com
2622,Customer_002622,Basic,2024-12-19,Inactive,customer2622@email.com
2623,Customer_002623,Basic,2024-08-11,Active,customer2623@email.com
2624,Customer_002624,Basic,2024-06-21,Inactive,customer2624@email.com
2625,Customer_002625,Standard,2024-03-13,Active,customer2625@email.com
2626,Customer_002626,Standard,2023-10-27,Inactive,customer2626@email.com
2627,Customer_002627,Basic,2023-12-26,Active,customer2627@email.com
2628,Customer_002628,Basic,2022-02-26,Active,customer2628@email.com
2629,Customer_002629,Premium,2024-04-01,Active,customer2629@email.com
2630,Customer_002630,Standard,2024-05-27,Inactive,customer2630@email.com
2631,Customer_002631,Standard,2023-10-04,Inactive,customer2631@email.com
2632,Customer_002632,Basic,2023-06-15,Active,customer2632@email.com
2633,Customer_002633,Basic,2023-12-18,Active,customer2633@email.com
2634,Customer_002634,Standard,2021-08-23,Active,customer2634@email.com
2635,Customer_002635,Basic,2022-08-08,Active,customer2635@email.com
2636,Customer_002636,Standard,2021-07-03,Active,customer2636@email.com
2637,Customer_002637,Standard,2024-10-21,Inactive,customer2637@email.com
2638,Customer_002638,Standard,2022-10-29,Active,customer2638@email.com
2639,Customer_002639,Standard,2022-09-03,Active,customer2639@email.com
2640,Customer_002640,Basic,2023-04-26,Active,customer2640@email.com
2641,Customer_002641,Basic,2021-09-05,Active,customer2641@email.com
2642,Customer_002642,Standard,2024-05-07,Inactive,customer2642@email.com
2643,Customer_002643,Standard,2023-10-31,Active,customer2643@email.com
2644,Customer_002644,Basic,2021-05-05,Active,customer2644@email.com
2645,Customer_002645,Premium,2021-05-15,Active,customer2645@email.com
2646,Customer_002646,Standard,2022-04-24,Active,customer2646@email.com
2647,Customer_002647,Premium,2024-02-09,Active,customer2647@email.com
2648,Customer_002648,Basic,2022-05-20,Active,customer2648@email.com
2649,Customer_002649,Standard,2021-09-15,Active,customer2649@email.com
2650,Customer_002650,Standard,2021-06-21,Active,customer2650@email.com
2651,Customer_002651,Basic,2021-10-19,Active,customer2651@email.com
2652,Customer_002652,Basic,2022-05-18,Inactive,customer2652@email.com
2653,Customer_002653,,2024-02-11,Active,customer2653@email.com
2654,Customer_002654,Standard,2023-08-10,Active,customer2654@email.com
2655,Customer_002655,,2024-08-30,Inactive,customer2655@email.com
2656,Customer_002656,Standard,2023-09-15,Active,customer2656@email.com
2657,Customer_002657,Basic,2024-10-24,Inactive,customer2657@email.com
2658,Customer_002658,Basic,2024-07-18,Active,customer2658@email.com
2659,Customer_002659,Standard,2022-07-31,Inactive,customer2659@email.com
2660,Customer_002660,Premium,2024-02-28,Active,customer2660@email.com
2661,Customer_002661,Standard,2024-12-01,Active,customer2661@email.com
2662,Customer_002662,Standard,2024-02-14,Inactive,customer2662@email.com
2663,Customer_002663,Premium,2022-03-08,Active,customer2663@email.com
2664,Customer_002664,Premium,2022-10-14,Active,customer2664@email.com
2665,Customer_002665,Standard,2024-07-24,Active,customer2665@email.com
2666,Customer_002666,Standard,2023-07-17,Active,customer2666@email.com
2667,Customer_002667,Premium,2022-10-21,Active,customer2667@email.com
2668,Customer_002668,Basic,2024-05-12,Inactive,customer2668@email.com
2669,Customer_002669,,2021-10-01,Active,customer2669@email.com
2670,,,2023-09-03,Active,
2671,Customer_002671,Basic,2021-12-22,Inactive,customer2671@email.com
2672,Customer_002672,Premium,2024-12-11,Active,customer2672@email.com
2673,Customer_002673,Basic,2021-06-16,Active,customer2673@email.com
2674,Customer_002674,Premium,2021-06-08,Active,customer2674@email.com
2675,Customer_002675,Standard,2024-10-07,Active,customer2675@email.com
2676,Customer_002676,Basic,2023-02-10,Inactive,customer2676@email.com
2677,Customer_002677,Standard,2021-12-29,Active,customer2677@email.com
2678,Customer_002678,Basic,2021-01-18,Active,customer2678@email.com
2679,Customer_002679,Standard,2022-01-31,Inactive,customer2679@email.com
2680,Customer_002680,Basic,2021-02-10,Active,customer2680@email.com
2681,Customer_002681,Basic,2024-12-23,Active,customer2681@email.com
2682,Customer_002682,Basic,2024-06-10,Inactive,customer2682@email.com
2683,Customer_002683,Basic,2022-03-29,Inactive,customer2683@email.com
2684,Customer_002684,Basic,2023-01-14,Active,customer2684@email.com
2685,Customer_002685,Basic,2024-12-12,Active,customer2685@email.com
2686,Customer_002686,Standard,2022-02-06,Active,customer2686@email.com
2687,Customer_002687,Standard,2021-08-16,Inactive,customer2687@email.com
2688,Customer_002688,Standard,2023-10-09,Inactive,customer2688@email.com
2689,Customer_002689,Basic,2024-03-04,Active,customer2689@email.com
2690,Customer_002690,Basic,2021-12-26,Active,customer2690@email.com
2691,Customer_002691,Standard,2021-05-14,Active,customer2691@email.com
2692,Customer_002692,Standard,2022-04-12,Active,customer2692@email.com
2693,Customer_002693,Basic,2022-07-16,Active,customer2693@email.com
2694,Customer_002694,Standard,2024-11-20,Inactive,customer2694@email.com
2695,Customer_002695,Basic,2024-10-26,Inactive,customer2695@email.com
2696,Customer_002696,Premium,2023-05-25,Active,customer2696@email.com
2697,Customer_002697,Basic,2021-04-17,Active,customer2697@email.com
2698,Customer_002698,Basic,2023-04-14,Active,customer2698@email.com
2699,Customer_002699,Premium,2023-08-14,Active,customer2699@email.com
2700,Customer_002700,Standard,2021-03-31,Inactive,customer2700@email.com
2701,Customer_002701,Standard,2022-07-24,Inactive,customer2701@email.com
2702,,Basic,2022-10-10,Active,
2703,Customer_002703,Standard,2021-06-17,Inactive,customer2703@email.com
2704,Customer_002704,Basic,2022-04-08,Active,customer2704@email.com
2705,Customer_002705,Standard,2021-06-02,Active,customer2705@email.com
2706,Customer_002706,Basic,2022-11-06,Active,customer2706@email.com
2707,Customer_002707,Basic,2021-07-18,Active,customer2707@email.com
2708,Customer_002708,Premium,2021-02-19,Active,customer2708@email.com
2709,Customer_002709,Standard,2022-11-16,Active,customer2709@email.com
2710,Customer_002710,Standard,2023-08-28,Active,customer2710@email.com
2711,Customer_002711,Standard,2021-04-22,Active,customer2711@email.com
2712,Customer_002712,Basic,2022-04-30,Active,customer2712@email.com
2713,Customer_002713,Standard,2024-06-22,Active,customer2713@email.com
2714,Customer_002714,Basic,2023-07-04,Active,customer2714@email.com
2715,Customer_002715,Basic,2021-05-05,Inactive,customer2715@email.com
2716,Customer_002716,Basic,2024-11-21,Active,customer2716@email.com
2717,Customer_002717,Basic,2023-06-25,Active,customer2717@email.com
2718,Customer_002718,Basic,2023-06-04,Inactive,customer2718@email.com
2719,Customer_002719,Standard,2024-02-20,Inactive,customer2719@email.com
2720,Customer_002720,Premium,2023-04-03,Active,customer2720@email.com
2721,Customer_002721,Standard,2022-04-23,Active,customer2721@email.com
2722,,Premium,2024-07-01,Inactive,
2723,Customer_002723,Premium,2023-05-27,Active,customer2723@email.com
2724,Customer_002724,Standard,2022-11-27,Active,customer2724@email.com
2725,Customer_002725,Basic,2021-02-23,Active,customer2725@email.com
2726,Customer_002726,Standard,2022-01-30,Active,customer2726@email.com
2727,Customer_002727,Standard,2024-12-31,Active,customer2727@email.com
2728,Customer_002728,Basic,2022-02-01,Active,customer2728@email.com
2729,Customer_002729,Standard,2023-11-09,Active,customer2729@email.com
2730,Customer_002730,Basic,2024-06-25,Inactive,customer2730@email.com
2731,Customer_002731,Basic,2021-04-01,Active,customer2731@email.com
2732,Customer_002732,Premium,2023-06-12,Active,customer2732@email.com
2733,Customer_002733,Standard,2023-01-03,Active,customer2733@email.com
2734,Customer_002734,Basic,2021-10-26,Inactive,customer2734@email.com
2735,Customer_002735,Basic,2022-12-04,Active,customer2735@email.com
2736,Customer_002736,Basic,2023-11-27,Active,customer2736@email.com
2737,Customer_002737,Premium,2021-04-28,Active,customer2737@email.com
2738,Customer_002738,Premium,2024-02-20,Active,customer2738@email.com
2739,Customer_002739,Standard,2022-02-05,Active,customer2739@email.com
2740,Customer_002740,Basic,2022-02-17,Active,customer2740@email.com
2741,Customer_002741,Basic,2024-09-29,Active,customer2741@email.com
2742,Customer_002742,Standard,2023-08-16,Active,customer2742@email.com
2743,Customer_002743,Basic,2024-03-30,Inactive,customer2743@email.com
2744,Customer_002744,Standard,2022-09-06,Active,customer2744@email.com
2745,Customer_002745,Basic,2023-07-20,Inactive,customer2745@email.com
2746,Customer_002746,,2023-10-13,Inactive,customer2746@email.com
2747,Customer_002747,Basic,2022-04-02,Active,customer2747@email.com
2748,Customer_002748,Standard,2022-03-13,Active,customer2748@email.com
2749,Customer_002749,Basic,2022-11-10,Inactive,customer2749@email.com
2750,Customer_002750,Basic,2023-03-31,Active,customer2750@email.com
2751,,Basic,2023-01-14,Active,
2752,Customer_002752,Standard,2024-02-11,Active,customer2752@email.com
2753,Customer_002753,Standard,2022-02-03,Active,customer2753@email.com
2754,Customer_002754,Basic,2023-01-08,Active,customer2754@email.com
2755,Customer_002755,Standard,2022-02-10,Active,customer2755@email.com
2756,Customer_002756,Premium,2022-06-21,Inactive,customer2756@email.com
2757,Customer_002757,Basic,2024-02-10,Inactive,customer2757@email.com
2758,Customer_002758,Premium,2021-12-27,Active,customer2758@email.com
2759,Customer_002759,Basic,2021-02-12,Inactive,customer2759@email.com
2760,Customer_002760,Premium,2024-09-03,Active,customer2760@email.com
2761,Customer_002761,Basic,2022-03-07,Active,customer2761@email.com
2762,Customer_002762,Basic,2023-02-02,Active,customer2762@email.com
2763,Customer_002763,Basic,2024-06-30,Active,customer2763@email.com
2764,Customer_002764,Basic,2021-05-14,Active,customer2764@email.com
2765,Customer_002765,Standard,2021-09-25,Active,customer2765@email.com
2766,Customer_002766,Basic,2023-02-14,Active,customer2766@email.com
2767,Customer_002767,Basic,2023-05-30,Inactive,customer2767@email.com
2768,Customer_002768,Standard,2021-04-05,Active,customer2768@email.com
2769,Customer_002769,Premium,2024-01-02,Inactive,customer2769@email.com
2770,Customer_002770,Basic,2022-05-22,Active,customer2770@email.com
2771,Customer_002771,Premium,2021-09-16,Active,customer2771@email.com
2772,Customer_002772,Basic,2023-09-29,Inactive,customer2772@email.com
2773,Customer_002773,Basic,2023-08-22,Active,customer2773@email.com
2774,Customer_002774,Premium,2021-12-09,Active,customer2774@email.com
2775,Customer_002775,Standard,2024-08-14,Active,customer2775@email.com
2776,Customer_002776,Standard,2023-11-29,Active,customer2776@email.com
2777,Customer_002777,Basic,2023-02-05,Active,customer2777@email.com
2778,Customer_002778,Basic,2023-10-11,Inactive,customer2778@email.com
2779,Customer_002779,Premium,2024-07-30,Active,customer2779@email.com
2780,Customer_002780,Standard,2021-03-16,Active,customer2780@email.com
2781,Customer_002781,Standard,2023-07-15,Inactive,customer2781@email.com
2782,Customer_002782,Standard,2022-09-19,Active,customer2782@email.com
2783,Customer_002783,Basic,2021-11-18,Active,customer2783@email.com
2784,Customer_002784,Basic,2024-02-02,Inactive,customer2784@email.com
2785,Customer_002785,Basic,2022-08-28,Inactive,customer2785@email.com
2786,Customer_002786,Basic,2024-04-10,Active,customer2786@email.com
2787,Customer_002787,Basic,2022-11-20,Active,customer2787@email.com
2788,Customer_002788,Basic,2023-04-18,Active,customer2788@email.com
2789,Customer_002789,Basic,2022-07-14,Inactive,customer2789@email.com
2790,Customer_002790,Basic,2022-04-24,Active,customer2790@email.com
2791,Customer_002791,Premium,2021-06-18,Active,customer2791@email.com
2792,Customer_002792,Basic,2024-01-25,Inactive,customer2792@email.com
2793,Customer_002793,Standard,2022-04-12,Active,customer2793@email.com
2794,Customer_002794,Standard,2021-03-20,Active,customer2794@email.com
2795,Customer_002795,Basic,2024-10-14,Active,customer2795@email.com
2796,Customer_002796,Standard,2024-10-31,Active,customer2796@email.com
2797,Customer_002797,Premium,2024-05-22,Inactive,customer2797@email.com
2798,Customer_002798,,2024-01-18,Active,customer2798@email.com
2799,Customer_002799,Standard,2022-09-06,Active,customer2799@email.com
2800,Customer_002800,Basic,2023-04-08,Inactive,customer2800@email.com
2801,,Standard,2024-09-04,Active,
2802,Customer_002802,Premium,2021-11-02,Active,customer2802@email.com
2803,Customer_002803,Premium,2022-03-06,Active,customer2803@email.com
2804,Customer_002804,Basic,2024-02-06,Inactive,customer2804@email.com
2805,Customer_002805,Standard,2023-08-03,Active,customer2805@email.com
2806,Customer_002806,Premium,2022-01-20,Active,customer2806@email.com
2807,Customer_002807,Basic,2023-05-06,Active,customer2807@email.com
2808,Customer_002808,Standard,2024-02-18,Inactive,customer2808@email.com
2809,Customer_002809,Basic,2021-09-20,Active,customer2809@email.com
2810,Customer_002810,Basic,2023-10-21,Active,customer2810@email.com
2811,Customer_002811,Premium,2022-11-27,Inactive,customer2811@email.com
2812,Customer_002812,Basic,2023-04-07,Inactive,customer2812@email.com
2813,Customer_002813,Premium,2022-09-06,Active,customer2813@email.com
2814,Customer_002814,Standard,2021-03-07,Active,customer2814@email.com
2815,Customer_002815,Basic,2022-11-08,Active,customer2815@email.com
2816,Customer_002816,Basic,2024-05-29,Active,customer2816@email.com
2817,Customer_002817,Standard,2023-02-20,Active,customer2817@email.com
2818,Customer_002818,Standard,2023-12-31,Active,customer2818@email.com
2819,Customer_002819,Basic,2022-11-05,Inactive,customer2819@email.com
2820,Customer_002820,Premium,2022-09-16,Active,customer2820@email.com
2821,Customer_002821,Basic,2024-02-07,Inactive,customer2821@email.com
2822,Customer_002822,Standard,2024-05-20,Active,customer2822@email.com
2823,Customer_002823,Basic,2021-05-23,Active,customer2823@email.com
2824,Customer_002824,Premium,2022-02-26,Active,customer2824@email.com
2825,Customer_002825,Basic,2021-05-24,Active,customer2825@email.com
2826,Customer_002826,Basic,2021-01-23,Inactive,customer2826@email.com
2827,Customer_002827,Standard,2023-04-22,Active,customer2827@email.com
2828,Customer_002828,Premium,2021-09-22,Active,customer2828@email.com
2829,Customer_002829,Basic,2021-05-21,Inactive,customer2829@email.com
2830,Customer_002830,Basic,2022-02-27,Active,customer2830@email.com
2831,Customer_002831,Standard,2023-06-05,Active,customer2831@email.com
2832,Customer_002832,Basic,2021-11-22,Active,customer2832@email.com
2833,Customer_002833,Basic,2024-04-18,Inactive,customer2833@email.com
2834,Customer_002834,,2023-07-29,Inactive,customer2834@email.com
2835,Customer_002835,Premium,2021-10-20,Active,customer2835@email.com
2836,Customer_002836,Basic,2024-05-23,Active,customer2836@email.com
2837,Customer_002837,Basic,2024-03-11,Active,customer2837@email.com
2838,Customer_002838,Basic,2024-03-25,Active,customer2838@email.com
2839,Customer_002839,Basic,2024-08-16,Active,customer2839@email.com
2840,Customer_002840,Basic,2024-12-05,Active,customer2840@email.com
2841,Customer_002841,Standard,2023-03-12,Active,customer2841@email.com
2842,Customer_002842,Basic,2021-12-25,Active,customer2842@email.com
2843,Customer_002843,Premium,2024-06-19,Active,customer2843@email.com
2844,Customer_002844,Basic,2024-09-11,Inactive,customer2844@email.com
2845,Customer_002845,Premium,2023-03-17,Active,customer2845@email.com
2846,Customer_002846,Standard,2021-11-20,Active,customer2846@email.com
2847,Customer_002847,Basic,2022-08-21,Active,customer2847@email.com
2848,Customer_002848,Basic,2022-03-21,Active,customer2848@email.com
2849,Customer_002849,Standard,2024-02-07,Active,customer2849@email.com
2850,Customer_002850,Basic,2021-08-04,Active,customer2850@email.com
2851,Customer_002851,Standard,2023-04-20,Active,customer2851@email.com
2852,Customer_002852,Basic,2023-11-03,Active,customer2852@email.com
2853,Customer_002853,Basic,2024-08-01,Active,customer2853@email.com
2854,Customer_002854,Basic,2023-02-20,Active,customer2854@email.com
2855,Customer_002855,Basic,2022-02-03,Inactive,customer2855@email.com
2856,Customer_002856,Standard,2021-08-23,Inactive,customer2856@email.com
2857,Customer_002857,Standard,2024-10-04,Inactive,customer2857@email.com
2858,Customer_002858,Basic,2021-05-20,Active,customer2858@email.com
2859,Customer_002859,Standard,2023-06-16,Active,customer2859@email.com
2860,Customer_002860,Premium,2021-11-27,Active,customer2860@email.com
2861,Customer_002861,Premium,2021-07-25,Active,customer2861@email.com
2862,Customer_002862,Basic,2023-03-12,Active,customer2862@email.com
2863,Customer_002863,Premium,2021-01-23,Active,customer2863@email.com
2864,Customer_002864,Standard,2023-01-04,Active,customer2864@email.com
2865,Customer_002865,Standard,2024-10-14,Inactive,customer2865@email.com
2866,Customer_002866,Basic,2021-04-08,Active,customer2866@email.com
2867,Customer_002867,Basic,2024-08-05,Active,customer2867@email.com
2868,Customer_002868,Basic,2021-07-30,Inactive,customer2868@email.com
2869,Customer_002869,Basic,2021-04-18,Active,customer2869@email.com
2870,Customer_002870,Premium,2023-02-12,Active,customer2870@email.com
2871,Customer_002871,Basic,2023-02-07,Active,customer2871@email.com
2872,Customer_002872,Basic,2021-02-02,Inactive,customer2872@email.com
2873,Customer_002873,Standard,2022-11-22,Active,customer2873@email.com
2874,Customer_002874,Basic,2021-05-10,Inactive,customer2874@email.com
2875,Customer_002875,Basic,2024-09-22,Inactive,customer2875@email.com
2876,Customer_002876,Standard,2023-05-02,Inactive,customer2876@email.com
2877,Customer_002877,Premium,2022-10-23,Active,customer2877@email.com
2878,Customer_002878,Basic,2022-03-01,Active,customer2878@email.com
2879,Customer_002879,Basic,2023-05-27,Active,customer2879@email.com
2880,Customer_002880,Standard,2023-01-01,Active,customer2880@email.com
2881,Customer_002881,Basic,2024-09-01,Inactive,customer2881@email.com
2882,Customer_002882,Basic,2023-07-29,Active,customer2882@email.com
2883,Customer_002883,Basic,2022-07-25,Inactive,customer2883@email.com
2884,Customer_002884,Standard,2021-05-18,Active,customer2884@email.com
2885,Customer_002885,Standard,2024-05-11,Inactive,customer2885@email.com
2886,Customer_002886,Basic,2024-12-30,Inactive,customer2886@email.com
2887,Customer_002887,Standard,2024-03-11,Active,customer2887@email.com
2888,Customer_002888,Premium,2024-05-13,Active,customer2888@email.com
2889,Customer_002889,Basic,2023-03-07,Active,customer2889@email.com
2890,Customer_002890,Basic,2024-11-21,Active,customer2890@email.com
2891,Customer_002891,Basic,2024-11-09,Active,customer2891@email.com
2892,Customer_002892,Basic,2023-09-15,Active,customer2892@email.com
2893,Customer_002893,Premium,2024-04-13,Inactive,customer2893@email.com
2894,Customer_002894,Standard,2022-04-22,Inactive,customer2894@email.com
2895,Customer_002895,Basic,2021-01-28,Active,customer2895@email.com
2896,Customer_002896,Standard,2021-09-12,Active,customer2896@email.com
2897,Customer_002897,Basic,2022-05-14,Inactive,customer2897@email.com
2898,Customer_002898,Basic,2023-02-07,Inactive,customer2898@email.com
2899,Customer_002899,Premium,2023-02-09,Inactive,customer2899@email.com
2900,Customer_002900,Basic,2024-05-09,Active,customer2900@email.com
2901,Customer_002901,Standard,2022-11-05,Active,customer2901@email.com
2902,Customer_002902,Standard,2021-03-23,Inactive,customer2902@email.com
2903,Customer_002903,Standard,2024-08-20,Active,customer2903@email.com
2904,Customer_002904,Standard,2022-04-15,Inactive,customer2904@email.com
2905,Customer_002905,Basic,2022-05-12,Active,customer2905@email.com
2906,Customer_002906,Standard,2024-09-23,Inactive,customer2906@email.com
2907,Customer_002907,Basic,2024-11-26,Active,customer2907@email.com
2908,Customer_002908,Premium,2023-02-21,Active,customer2908@email.com
2909,,Premium,2024-07-13,Active,
2910,Customer_002910,Basic,2021-05-24,Active,customer2910@email.com
2911,Customer_002911,Basic,2021-10-17,Active,customer2911@email.com
2912,Customer_002912,Basic,2021-12-22,Inactive,customer2912@email.com
2913,Customer_002913,Standard,2022-02-23,Active,customer2913@email.com
2914,Customer_002914,Basic,2023-08-15,Active,customer2914@email.com
2915,Customer_002915,Standard,2022-05-17,Active,customer2915@email.com
2916,Customer_002916,Basic,2022-09-13,Active,customer2916@email.com
2917,Customer_002917,Basic,2024-07-25,Active,customer2917@email.com
2918,Customer_002918,Basic,2023-09-13,Active,customer2918@email.com
2919,Customer_002919,Basic,2023-03-27,Active,customer2919@email.com
2920,Customer_002920,Basic,2023-05-16,Active,customer2920@email.com
2921,Customer_002921,Standard,2021-11-16,Active,customer2921@email.com
2922,Customer_002922,Premium,2021-02-10,Active,customer2922@email.com
2923,Customer_002923,Basic,2021-06-20,Active,customer2923@email.com
2924,Customer_002924,Standard,2024-05-03,Active,customer2924@email.com
2925,Customer_002925,Standard,2021-12-26,Active,customer2925@email.com
2926,Customer_002926,Standard,2023-07-18,Inactive,customer2926@email.com
2927,Customer_002927,Basic,2023-09-12,Inactive,customer2927@email.com
2928,Customer_002928,Standard,2023-08-20,Inactive,customer2928@email.com
2929,,Premium,2021-01-09,Active,
2930,Customer_002930,Premium,2023-02-06,Active,customer2930@email.com
2931,Customer_002931,Standard,2023-03-20,Active,customer2931@email.com
2932,Customer_002932,Premium,2023-09-30,Active,customer2932@email.com
2933,Customer_002933,Basic,2021-05-26,Active,customer2933@email.com
2934,Customer_002934,Basic,2021-09-12,Active,customer2934@email.com
2935,Customer_002935,Basic,2022-02-02,Active,customer2935@email.com
2936,Customer_002936,Standard,2022-12-15,Active,customer2936@email.com
2937,Customer_002937,Basic,2024-11-11,Inactive,customer2937@email.com
2938,Customer_002938,Standard,2023-03-01,Active,customer2938@email.com
2939,Customer_002939,Basic,2022-05-12,Inactive,customer2939@email.com
2940,Customer_002940,Standard,2023-01-11,Active,customer2940@email.com
2941,Customer_002941,Standard,2024-11-29,Active,customer2941@email.com
2942,Customer_002942,Standard,2024-05-24,Inactive,customer2942@email.com
2943,Customer_002943,Standard,2022-06-05,Active,customer2943@email.com
2944,Customer_002944,Basic,2024-09-19,Inactive,customer2944@email.com
2945,Customer_002945,Basic,2021-07-09,Active,customer2945@email.com
2946,Customer_002946,Basic,2023-03-26,Active,customer2946@email.com
2947,Customer_002947,Standard,2021-06-14,Active,customer2947@email.com
2948,Customer_002948,Standard,2023-05-17,Active,customer2948@email.com
2949,Customer_002949,Basic,2024-11-17,Active,customer2949@email.com
2950,Customer_002950,Basic,2024-09-10,Active,customer2950@email.com
2951,Customer_002951,Basic,2023-04-23,Active,customer2951@email.com
2952,Customer_002952,Premium,2021-07-02,Active,customer2952@email.com
2953,Customer_002953,Premium,2022-12-07,Active,customer2953@email.com
2954,Customer_002954,Standard,2022-03-06,Inactive,customer2954@email.com
2955,,Standard,2022-09-23,Active,
2956,,Standard,2023-10-05,Inactive,
2957,Customer_002957,Basic,2024-11-27,Active,customer2957@email.com
2958,Customer_002958,Basic,2022-08-14,Active,customer2958@email.com
2959,Customer_002959,Basic,2023-02-07,Inactive,customer2959@email.com
2960,Customer_002960,Standard,2023-09-24,Active,customer2960@email.com
2961,Customer_002961,Premium,2023-07-12,Inactive,customer2961@email.com
2962,Customer_002962,Standard,2022-02-16,Active,customer2962@email.com
2963,Customer_002963,Standard,2022-01-28,Active,customer2963@email.com
2964,Customer_002964,Basic,2023-04-18,Inactive,customer2964@email.com
2965,Customer_002965,Basic,2021-08-12,Inactive,customer2965@email.com
2966,Customer_002966,Premium,2022-08-24,Active,customer2966@email.com
2967,Customer_002967,Standard,2021-05-12,Inactive,customer2967@email.com
2968,Customer_002968,Standard,2023-09-06,Active,customer2968@email.com
2969,Customer_002969,Basic,2021-01-20,Active,customer2969@email.com
2970,Customer_002970,Standard,2021-01-15,Active,customer2970@email.com
2971,Customer_002971,Standard,2021-03-27,Active,customer2971@email.com
2972,Customer_002972,Premium,2021-01-15,Inactive,customer2972@email.com
2973,Customer_002973,Basic,2022-06-29,Active,customer2973@email.com
2974,Customer_002974,Standard,2022-11-22,Active,customer2974@email.com
2975,Customer_002975,Basic,2024-10-28,Inactive,customer2975@email.com
2976,Customer_002976,Premium,2022-05-06,Active,customer2976@email.com
2977,Customer_002977,Basic,2023-02-15,Active,customer2977@email.com
2978,Customer_002978,,2022-11-08,Active,customer2978@email.com
2979,Customer_002979,Standard,2024-12-01,Active,customer2979@email.com
2980,Customer_002980,Basic,2021-10-12,Inactive,customer2980@email.com
2981,Customer_002981,Standard,2023-12-23,Inactive,customer2981@email.com
2982,Customer_002982,Standard,2022-05-25,Inactive,customer2982@email.com
2983,Customer_002983,Standard,2024-09-11,Inactive,customer2983@email.com
2984,Customer_002984,Basic,2024-09-14,Active,customer2984@email.com
2985,,Basic,2022-10-22,Inactive,
2986,Customer_002986,Basic,2021-04-04,Active,customer2986@email.com
2987,Customer_002987,Basic,2024-10-20,Inactive,customer2987@email.com
2988,Customer_002988,Standard,2023-03-31,Inactive,customer2988@email.com
2989,Customer_002989,Premium,2022-12-15,Active,customer2989@email.com
2990,Customer_002990,Basic,2023-09-03,Active,customer2990@email.com
2991,Customer_002991,Basic,2021-07-25,Active,customer2991@email.com
2992,Customer_002992,Basic,2022-02-04,Active,customer2992@email.com
2993,Customer_002993,Premium,2024-03-17,Active,customer2993@email.com
2994,Customer_002994,Basic,2021-03-07,Inactive,customer2994@email.com
2995,Customer_002995,Basic,2022-09-10,Inactive,customer2995@email.com
2996,Customer_002996,Premium,2023-08-15,Active,customer2996@email.com
2997,Customer_002997,Standard,2021-08-25,Active,customer2997@email.com
2998,Customer_002998,Premium,2022-05-14,Active,customer2998@email.com
2999,Customer_002999,Basic,2024-09-13,Inactive,customer2999@email.com
3000,Customer_003000,Standard,2021-03-01,Active,customer3000@email.com
3001,Customer_003001,Basic,2023-02-25,Active,customer3001@email.com
3002,Customer_003002,Basic,2022-06-12,Active,customer3002@email.com
3003,Customer_003003,Standard,2024-10-05,Inactive,customer3003@email.com
3004,Customer_003004,Basic,2023-12-31,Active,customer3004@email.com
3005,Customer_003005,Basic,2024-11-17,Active,customer3005@email.com
3006,Customer_003006,Basic,2024-03-25,Inactive,customer3006@email.com
3007,Customer_003007,Basic,2024-08-11,Active,customer3007@email.com
3008,Customer_003008,Standard,2023-02-21,Inactive,customer3008@email.com
3009,Customer_003009,Premium,2023-06-14,Active,customer3009@email.com
3010,Customer_003010,Basic,2021-08-25,Active,customer3010@email.com
3011,Customer_003011,Standard,2022-11-28,Inactive,customer3011@email.com
3012,Customer_003012,Basic,2021-08-26,Active,customer3012@email.com
3013,Customer_003013,Premium,2022-10-04,Active,customer3013@email.com
3014,Customer_003014,Basic,2021-01-04,Active,customer3014@email.com
3015,Customer_003015,Basic,2022-01-24,Active,customer3015@email.com
3016,Customer_003016,Basic,2022-10-17,Active,customer3016@email.com
3017,Customer_003017,Basic,2021-09-16,Active,customer3017@email.com
3018,Customer_003018,,2022-03-31,Active,customer3018@email.com
3019,Customer_003019,Basic,2023-08-02,Inactive,customer3019@email.com
3020,Customer_003020,Premium,2022-08-31,Inactive,customer3020@email.com
3021,Customer_003021,Basic,2023-07-23,Active,customer3021@email.com
3022,Customer_003022,Standard,2024-09-24,Active,customer3022@email.com
3023,Customer_003023,Basic,2021-03-12,Inactive,customer3023@email.com
3024,Customer_003024,Premium,2024-11-11,Active,customer3024@email.com
3025,Customer_003025,Basic,2024-12-17,Inactive,customer3025@email.com
3026,Customer_003026,Basic,2022-03-18,Inactive,customer3026@email.com
3027,Customer_003027,Basic,2023-02-11,Active,customer3027@email.com
3028,Customer_003028,Basic,2021-11-09,Active,customer3028@email.com
3029,Customer_003029,Standard,2022-04-06,Active,customer3029@email.com
3030,Customer_003030,Basic,2022-01-02,Inactive,customer3030@email.com
3031,Customer_003031,Standard,2022-09-05,Active,customer3031@email.com
3032,Customer_003032,Standard,2021-11-23,Active,customer3032@email.com
3033,Customer_003033,Standard,2022-11-23,Inactive,customer3033@email.com
3034,Customer_003034,Standard,2022-12-15,Active,customer3034@email.com
3035,Customer_003035,Premium,2023-12-18,Active,customer3035@email.com
3036,Customer_003036,Basic,2022-02-04,Active,customer3036@email.com
3037,Customer_003037,Standard,2021-07-19,Active,customer3037@email.com
3038,Customer_003038,Standard,2024-04-03,Active,customer3038@email.com
3039,Customer_003039,Standard,2024-12-24,Active,customer3039@email.com
3040,Customer_003040,Basic,2024-03-28,Active,customer3040@email.com
3041,Customer_003041,Standard,2022-08-20,Inactive,customer3041@email.com
3042,Customer_003042,,2022-02-05,Active,customer3042@email.com
3043,Customer_003043,Standard,2024-03-24,Active,customer3043@email.com
3044,Customer_003044,Basic,2021-10-30,Active,customer3044@email.com
3045,Customer_003045,Basic,2024-10-23,Active,customer3045@email.com
3046,Customer_003046,Standard,2021-07-16,Inactive,customer3046@email.com
3047,Customer_003047,Standard,2021-04-18,Active,customer3047@email.com
3048,Customer_003048,Standard,2022-11-25,Active,customer3048@email.com
3049,Customer_003049,Premium,2024-07-08,Inactive,customer3049@email.com
3050,Customer_003050,Standard,2021-09-01,Inactive,customer3050@email.com
3051,Customer_003051,Standard,2024-11-09,Active,customer3051@email.com
3052,Customer_003052,Standard,2023-02-08,Inactive,customer3052@email.com
3053,Customer_003053,Premium,2024-10-05,Active,customer3053@email.com
3054,Customer_003054,Standard,2024-08-24,Active,customer3054@email.com
3055,Customer_003055,Standard,2023-07-01,Inactive,customer3055@email.com
3056,Customer_003056,Basic,2021-06-19,Active,customer3056@email.com
3057,Customer_003057,Basic,2023-11-10,Active,customer3057@email.com
3058,Customer_003058,Standard,2024-03-18,Active,customer3058@email.com
3059,Customer_003059,Basic,2021-07-13,Inactive,customer3059@email.com
3060,Customer_003060,Standard,2023-09-19,Active,customer3060@email.com
3061,Customer_003061,Premium,2022-09-04,Active,customer3061@email.com
3062,Customer_003062,Premium,2021-05-11,Inactive,customer3062@email.com
3063,Customer_003063,Basic,2024-01-06,Inactive,customer3063@email.com
3064,Customer_003064,Basic,2021-02-10,Active,customer3064@email.com
3065,Customer_003065,Standard,2023-12-22,Active,customer3065@email.com
3066,Customer_003066,Standard,2024-04-12,Inactive,customer3066@email.com
3067,Customer_003067,Basic,2024-08-27,Active,customer3067@email.com
3068,Customer_003068,Premium,2024-09-10,Active,customer3068@email.com
3069,Customer_003069,,2024-05-11,Inactive,customer3069@email.com
3070,Customer_003070,Basic,2023-07-05,Inactive,customer3070@email.com
3071,Customer_003071,Standard,2021-09-21,Active,customer3071@email.com
3072,Customer_003072,Premium,2021-06-29,Inactive,customer3072@email.com
3073,Customer_003073,Basic,2021-03-13,Active,customer3073@email.com
3074,Customer_003074,Basic,2022-09-04,Active,customer3074@email.com
3075,Customer_003075,Basic,2023-05-17,Inactive,customer3075@email.com
3076,Customer_003076,Basic,2022-05-24,Active,customer3076@email.com
3077,Customer_003077,Premium,2023-11-30,Active,customer3077@email.com
3078,Customer_003078,Standard,2023-12-30,Active,customer3078@email.com
3079,Customer_003079,Basic,2024-11-24,Inactive,customer3079@email.com
3080,Customer_003080,Premium,2022-12-23,Active,customer3080@email.com
3081,Customer_003081,Standard,2024-11-09,Active,customer3081@email.com
3082,Customer_003082,Standard,2022-05-01,Active,customer3082@email.com
3083,Customer_003083,Standard,2022-03-17,Active,customer3083@email.com
3084,Customer_003084,Standard,2022-03-19,Inactive,customer3084@email.com
3085,Customer_003085,Premium,2024-06-28,Active,customer3085@email.com
3086,Customer_003086,Premium,2022-06-18,Active,customer3086@email.com
3087,Customer_003087,Premium,2023-03-31,Active,customer3087@email.com
3088,Customer_003088,Basic,2024-10-17,Active,customer3088@email.com
3089,Customer_003089,Basic,2024-01-03,Active,customer3089@email.com
3090,Customer_003090,Standard,2022-07-06,Active,customer3090@email.com
3091,Customer_003091,Basic,2022-01-30,Active,customer3091@email.com
3092,Customer_003092,Premium,2024-08-19,Inactive,customer3092@email.com
3093,Customer_003093,Premium,2023-05-10,Active,customer3093@email.com
3094,Customer_003094,Basic,2023-06-08,Active,customer3094@email.com
3095,Customer_003095,Premium,2022-05-22,Active,customer3095@email.com
3096,Customer_003096,Basic,2021-08-14,Active,customer3096@email.com
3097,Customer_003097,Basic,2022-11-06,Inactive,customer3097@email.com
3098,Customer_003098,Basic,2022-11-15,Active,customer3098@email.com
3099,Customer_003099,Standard,2022-04-08,Inactive,customer3099@email.com
3100,Customer_003100,Standard,2022-04-01,Active,customer3100@email.com
3101,Customer_003101,Basic,2021-09-10,Active,customer3101@email.com
3102,Customer_003102,Basic,2022-09-20,Inactive,customer3102@email.com
3103,Customer_003103,Premium,2021-07-15,Inactive,customer3103@email.com
3104,Customer_003104,Standard,2022-08-01,Active,customer3104@email.com
3105,Customer_003105,Standard,2021-04-09,Active,customer3105@email.com
3106,Customer_003106,Standard,2023-03-09,Active,customer3106@email.com
3107,Customer_003107,Standard,2024-10-20,Active,customer3107@email.com
3108,Customer_003108,Basic,2024-05-02,Inactive,customer3108@email.com
3109,Customer_003109,,2024-04-28,Active,customer3109@email.com
3110,Customer_003110,Standard,2023-11-18,Active,customer3110@email.com
3111,Customer_003111,Basic,2021-10-20,Inactive,customer3111@email.com
3112,Customer_003112,Standard,2021-04-19,Active,customer3112@email.com
3113,Customer_003113,Premium,2023-01-29,Active,customer3113@email.com
3114,Customer_003114,Premium,2024-05-31,Inactive,customer3114@email.com
3115,Customer_003115,Basic,2023-06-18,Active,customer3115@email.com
3116,Customer_003116,Basic,2023-10-26,Inactive,customer3116@email.com
3117,Customer_003117,Basic,2023-12-03,Active,customer3117@email.com
3118,Customer_003118,Standard,2022-04-14,Inactive,customer3118@email.com
3119,Customer_003119,Basic,2022-09-18,Inactive,customer3119@email.com
3120,Customer_003120,Basic,2021-07-04,Inactive,customer3120@email.com
3121,Customer_003121,Basic,2022-05-07,Active,customer3121@email.com
3122,Customer_003122,Basic,2021-04-28,Inactive,customer3122@email.com
3123,Customer_003123,Basic,2023-10-07,Active,customer3123@email.com
3124,Customer_003124,Standard,2023-05-19,Inactive,customer3124@email.com
3125,Customer_003125,Basic,2021-10-07,Active,customer3125@email.com
3126,Customer_003126,Standard,2024-10-18,Active,customer3126@email.com
3127,,Standard,2023-04-11,Active,
3128,Customer_003128,Standard,2021-01-15,Active,customer3128@email.com
3129,Customer_003129,Basic,2022-12-08,Inactive,customer3129@email.com
3130,Customer_003130,Basic,2023-12-18,Active,customer3130@email.com
3131,Customer_003131,Premium,2023-07-08,Inactive,customer3131@email.com
3132,Customer_003132,Standard,2023-12-09,Inactive,customer3132@email.com
3133,Customer_003133,Basic,2023-01-22,Active,customer3133@email.com
3134,Customer_003134,Basic,2021-04-15,Active,customer3134@email.com
3135,Customer_003135,Standard,2023-02-04,Active,customer3135@email.com
3136,Customer_003136,Standard,2024-10-22,Inactive,customer3136@email.com
3137,Customer_003137,Premium,2021-08-30,Active,customer3137@email.com
3138,Customer_003138,Basic,2022-06-27,Inactive,customer3138@email.com
3139,Customer_003139,Standard,2024-03-10,Active,customer3139@email.com
3140,Customer_003140,Basic,2024-08-09,Active,customer3140@email.com
3141,Customer_003141,Basic,2023-08-07,Active,customer3141@email.com
3142,Customer_003142,Basic,2021-04-28,Inactive,customer3142@email.com
3143,Customer_003143,Standard,2022-11-04,Active,customer3143@email.com
3144,Customer_003144,Basic,2022-12-18,Active,customer3144@email.com
3145,,Basic,2022-12-28,Active,
3146,Customer_003146,Premium,2022-02-09,Active,customer3146@email.com
3147,Customer_003147,Basic,2021-11-11,Active,customer3147@email.com
3148,Customer_003148,Basic,2021-01-15,Inactive,customer3148@email.com
3149,Customer_003149,Standard,2022-04-09,Active,customer3149@email.com
3150,Customer_003150,Basic,2023-01-17,Active,customer3150@email.com
3151,Customer_003151,Basic,2022-07-06,Active,customer3151@email.com
3152,Customer_003152,Standard,2023-06-19,Inactive,customer3152@email.com
3153,,Standard,2023-06-08,Active,
3154,Customer_003154,Standard,2024-12-23,Active,customer3154@email.com
3155,Customer_003155,Basic,2021-03-24,Inactive,customer3155@email.com
3156,Customer_003156,Standard,2022-11-10,Active,customer3156@email.com
3157,Customer_003157,Basic,2022-02-12,Active,customer3157@email.com
3158,Customer_003158,Standard,2022-06-29,Inactive,customer3158@email.com
3159,Customer_003159,Basic,2023-10-12,Active,customer3159@email.com
3160,Customer_003160,Basic,2022-10-28,Active,customer3160@email.com
3161,Customer_003161,Basic,2023-03-30,Active,customer3161@email.com
3162,Customer_003162,Basic,2023-03-08,Active,customer3162@email.com
3163,Customer_003163,Premium,2021-02-13,Active,customer3163@email.com
3164,Customer_003164,Basic,2021-01-28,Active,customer3164@email.com
3165,Customer_003165,Standard,2024-10-21,Active,customer3165@email.com
3166,Customer_003166,Premium,2024-05-07,Active,customer3166@email.com
3167,Customer_003167,Basic,2022-08-16,Active,customer3167@email.com
3168,Customer_003168,Standard,2023-05-29,Active,customer3168@email.com
3169,Customer_003169,Standard,2023-11-14,Active,customer3169@email.com
3170,Customer_003170,Standard,2021-08-24,Active,customer3170@email.com
3171,Customer_003171,Standard,2022-05-22,Active,customer3171@email.com
3172,Customer_003172,Basic,2023-08-29,Inactive,customer3172@email.com
3173,Customer_003173,Standard,2024-12-06,Active,customer3173@email.com
3174,Customer_003174,Standard,2022-01-22,Inactive,customer3174@email.com
3175,Customer_003175,Basic,2024-07-23,Inactive,customer3175@email.com
3176,Customer_003176,Premium,2023-04-02,Active,customer3176@email.com
3177,Customer_003177,Premium,2021-10-27,Active,customer3177@email.com
3178,Customer_003178,Basic,2021-07-06,Inactive,customer3178@email.com
3179,Customer_003179,Basic,2023-12-12,Active,customer3179@email.com
3180,Customer_003180,Basic,2022-04-19,Inactive,customer3180@email.com
3181,Customer_003181,Premium,2021-05-06,Active,customer3181@email.com
3182,Customer_003182,Standard,2022-09-16,Active,customer3182@email.com
3183,Customer_003183,Standard,2022-12-20,Active,customer3183@email.com
3184,Customer_003184,,2021-04-08,Active,customer3184@email.com
3185,Customer_003185,Basic,2024-09-14,Inactive,customer3185@email.com
3186,Customer_003186,Basic,2023-08-25,Active,customer3186@email.com
3187,Customer_003187,Basic,2023-06-02,Inactive,customer3187@email.com
3188,Customer_003188,Standard,2023-01-15,Active,customer3188@email.com
3189,,Basic,2024-10-02,Inactive,
3190,Customer_003190,Basic,2021-09-24,Inactive,customer3190@email.com
3191,Customer_003191,Basic,2023-01-11,Active,customer3191@email.com
3192,Customer_003192,Premium,2024-05-23,Active,customer3192@email.com
3193,Customer_003193,Standard,2022-03-07,Active,customer3193@email.com
3194,Customer_003194,Basic,2021-08-06,Inactive,customer3194@email.com
3195,Customer_003195,Standard,2021-09-04,Active,customer3195@email.com
3196,Customer_003196,Premium,2024-09-02,Active,customer3196@email.com
3197,Customer_003197,Basic,2023-07-02,Inactive,customer3197@email.com
3198,Customer_003198,Basic,2024-01-25,Active,customer3198@email.com
3199,Customer_003199,Standard,2023-08-30,Active,customer3199@email.com
3200,Customer_003200,Standard,2021-11-11,Inactive,customer3200@email.com
3201,Customer_003201,Basic,2024-02-02,Inactive,customer3201@email.com
3202,Customer_003202,Standard,2024-02-22,Inactive,customer3202@email.com
3203,Customer_003203,Premium,2023-07-08,Inactive,customer3203@email.com
3204,Customer_003204,Standard,2023-06-13,Active,customer3204@email.com
3205,Customer_003205,Basic,2023-10-29,Inactive,customer3205@email.com
3206,Customer_003206,Premium,2022-07-16,Active,customer3206@email.com
3207,Customer_003207,Basic,2021-04-04,Active,customer3207@email.com
3208,Customer_003208,Standard,2024-11-21,Active,customer3208@email.com
3209,Customer_003209,Standard,2023-10-11,Inactive,customer3209@email.com
3210,Customer_003210,Basic,2021-06-03,Active,customer3210@email.com
3211,Customer_003211,Basic,2023-02-26,Active,customer3211@email.com
3212,Customer_003212,Premium,2024-05-28,Active,customer3212@email.com
3213,Customer_003213,Standard,2021-11-24,Active,customer3213@email.com
3214,Customer_003214,Basic,2021-01-19,Inactive,customer3214@email.com
3215,Customer_003215,Standard,2023-07-22,Active,customer3215@email.com
3216,Customer_003216,Basic,2022-06-15,Inactive,customer3216@email.com
3217,Customer_003217,Basic,2024-12-21,Active,customer3217@email.com
3218,Customer_003218,Basic,2022-04-04,Active,customer3218@email.com
3219,Customer_003219,Basic,2021-03-22,Active,customer3219@email.com
3220,Customer_003220,Premium,2022-07-23,Active,customer3220@email.com
3221,Customer_003221,Standard,2021-04-16,Active,customer3221@email.com
3222,Customer_003222,,2022-03-07,Active,customer3222@email.com
3223,Customer_003223,Basic,2022-12-13,Active,customer3223@email.com
3224,Customer_003224,Basic,2022-10-27,Active,customer3224@email.com
3225,Customer_003225,Premium,2024-01-30,Active,customer3225@email.com
3226,Customer_003226,Basic,2024-06-06,Inactive,customer3226@email.com
3227,Customer_003227,Standard,2024-07-05,Active,customer3227@email.com
3228,Customer_003228,Basic,2022-03-26,Active,customer3228@email.com
3229,Customer_003229,Basic,2022-06-09,Active,customer3229@email.com
3230,Customer_003230,Premium,2024-04-09,Active,customer3230@email.com
3231,Customer_003231,Standard,2023-02-22,Active,customer3231@email.com
3232,Customer_003232,Basic,2024-07-06,Active,customer3232@email.com
3233,Customer_003233,Basic,2023-06-25,Active,customer3233@email.com
3234,Customer_003234,Basic,2024-04-06,Active,customer3234@email.com
3235,Customer_003235,Basic,2023-03-21,Inactive,customer3235@email.com
3236,Customer_003236,Basic,2023-06-08,Inactive,customer3236@email.com
3237,Customer_003237,Basic,2021-07-11,Inactive,customer3237@email.com
3238,Customer_003238,Basic,2021-12-27,Inactive,customer3238@email.com
3239,Customer_003239,Basic,2022-01-05,Active,customer3239@email.com
3240,Customer_003240,Basic,2021-11-30,Active,customer3240@email.com
3241,Customer_003241,Basic,2024-11-08,Active,customer3241@email.com
3242,Customer_003242,Basic,2021-05-28,Active,customer3242@email.com
3243,Customer_003243,Standard,2024-08-14,Active,customer3243@email.com
3244,Customer_003244,Basic,2023-12-15,Active,customer3244@email.com
3245,Customer_003245,Standard,2021-01-25,Active,customer3245@email.com
3246,Customer_003246,Basic,2021-02-12,Active,customer3246@email.com
3247,Customer_003247,Standard,2024-08-12,Active,customer3247@email.com
3248,Customer_003248,Basic,2021-06-21,Active,customer3248@email.com
3249,,Standard,2024-05-13,Active,
3250,Customer_003250,Standard,2021-08-06,Inactive,customer3250@email.com
3251,Customer_003251,Standard,2024-12-19,Active,customer3251@email.com
3252,Customer_003252,Standard,2024-02-27,Active,customer3252@email.com
3253,Customer_003253,Premium,2022-09-22,Active,customer3253@email.com
3254,Customer_003254,Basic,2021-04-25,Inactive,customer3254@email.com
3255,Customer_003255,Basic,2024-01-19,Inactive,customer3255@email.com
3256,Customer_003256,Premium,2021-07-30,Active,customer3256@email.com
3257,Customer_003257,Basic,2023-05-01,Inactive,customer3257@email.com
3258,Customer_003258,Basic,2021-02-19,Active,customer3258@email.com
3259,Customer_003259,Basic,2022-12-25,Inactive,customer3259@email.com
3260,Customer_003260,Basic,2024-11-02,Active,customer3260@email.com
3261,Customer_003261,Standard,2021-08-19,Active,customer3261@email.com
3262,Customer_003262,Basic,2022-04-05,Active,customer3262@email.com
3263,Customer_003263,Premium,2023-01-02,Inactive,customer3263@email.com
3264,Customer_003264,Premium,2023-01-09,Active,customer3264@email.com
3265,Customer_003265,Standard,2021-03-30,Inactive,customer3265@email.com
3266,Customer_003266,Basic,2023-12-23,Inactive,customer3266@email.com
3267,Customer_003267,Basic,2023-05-21,Active,customer3267@email.com
3268,Customer_003268,Premium,2022-09-10,Active,customer3268@email.com
3269,Customer_003269,Basic,2021-08-01,Inactive,customer3269@email.com
3270,Customer_003270,Standard,2023-01-26,Active,customer3270@email.com
3271,Customer_003271,Standard,2024-12-27,Inactive,customer3271@email.com
3272,Customer_003272,Basic,2021-11-01,Active,customer3272@email.com
3273,Customer_003273,Standard,2021-10-30,Active,customer3273@email.com
3274,Customer_003274,Basic,2023-09-07,Active,customer3274@email.com
3275,Customer_003275,Premium,2023-05-26,Active,customer3275@email.com
3276,Customer_003276,Standard,2021-07-05,Active,customer3276@email.com
3277,Customer_003277,Basic,2023-02-28,Active,customer3277@email.com
3278,Customer_003278,Basic,2023-09-13,Inactive,customer3278@email.com
3279,Customer_003279,Standard,2024-07-27,Active,customer3279@email.com
3280,Customer_003280,Basic,2024-09-01,Inactive,customer3280@email.com
3281,Customer_003281,Standard,2024-01-31,Active,customer3281@email.com
3282,Customer_003282,Standard,2023-12-27,Active,customer3282@email.com
3283,Customer_003283,Standard,2021-06-21,Active,customer3283@email.com
3284,Customer_003284,Basic,2024-03-29,Active,customer3284@email.com
3285,Customer_003285,Standard,2022-03-26,Active,customer3285@email.com
3286,Customer_003286,Basic,2021-01-06,Active,customer3286@email.com
3287,Customer_003287,Premium,2023-01-13,Inactive,customer3287@email.com
3288,Customer_003288,Premium,2021-08-14,Active,customer3288@email.com
3289,Customer_003289,Basic,2021-10-13,Active,customer3289@email.com
3290,Customer_003290,Standard,2024-02-04,Active,customer3290@email.com
3291,Customer_003291,Basic,2022-05-12,Inactive,customer3291@email.com
3292,Customer_003292,Basic,2021-10-10,Active,customer3292@email.com
3293,Customer_003293,Basic,2021-10-21,Active,customer3293@email.com
3294,Customer_003294,Standard,2023-05-20,Active,customer3294@email.com
3295,Customer_003295,Standard,2024-09-19,Inactive,customer3295@email.com
3296,Customer_003296,Standard,2024-05-01,Active,customer3296@email.com
3297,Customer_003297,Standard,2023-01-19,Inactive,customer3297@email.com
3298,Customer_003298,Basic,2021-01-26,Active,customer3298@email.com
3299,Customer_003299,Premium,2021-11-03,Active,customer3299@email.com
3300,Customer_003300,Basic,2021-10-14,Active,customer3300@email.com
3301,Customer_003301,Basic,2022-09-06,Active,customer3301@email.com
3302,Customer_003302,Standard,2023-06-29,Inactive,customer3302@email.com
3303,Customer_003303,Basic,2022-08-11,Active,customer3303@email.com
3304,Customer_003304,Premium,2024-08-08,Active,customer3304@email.com
3305,Customer_003305,Basic,2023-10-28,Active,customer3305@email.com
3306,Customer_003306,Basic,2023-05-18,Inactive,customer3306@email.com
3307,Customer_003307,Standard,2024-02-09,Active,customer3307@email.com
3308,Customer_003308,Premium,2024-03-17,Active,customer3308@email.com
3309,Customer_003309,Standard,2023-05-18,Active,customer3309@email.com
3310,Customer_003310,Basic,2021-07-08,Inactive,customer3310@email.com
3311,Customer_003311,Premium,2021-09-14,Active,customer3311@email.com
3312,Customer_003312,Standard,2021-04-25,Active,customer3312@email.com
3313,Customer_003313,Basic,2024-02-20,Active,customer3313@email.com
3314,Customer_003314,Basic,2024-11-19,Inactive,customer3314@email.com
3315,Customer_003315,Basic,2024-08-07,Inactive,customer3315@email.com
3316,Customer_003316,Standard,2021-04-22,Active,customer3316@email.com
3317,Customer_003317,Basic,2022-02-03,Active,customer3317@email.com
3318,Customer_003318,Basic,2023-01-13,Active,customer3318@email.com
3319,Customer_003319,Basic,2021-02-27,Active,customer3319@email.com
3320,Customer_003320,Premium,2021-08-07,Active,customer3320@email.com
3321,Customer_003321,Basic,2022-09-26,Inactive,customer3321@email.com
3322,Customer_003322,Standard,2021-03-08,Inactive,customer3322@email.com
3323,Customer_003323,Standard,2024-03-13,Active,customer3323@email.com
3324,Customer_003324,Basic,2023-09-18,Inactive,customer3324@email.com
3325,,Basic,2022-09-25,Inactive,
3326,Customer_003326,Premium,2022-08-02,Inactive,customer3326@email.com
3327,Customer_003327,Standard,2022-10-07,Active,customer3327@email.com
3328,Customer_003328,Standard,2021-09-23,Active,customer3328@email.com
3329,Customer_003329,Standard,2023-04-15,Active,customer3329@email.com
3330,Customer_003330,Premium,2023-10-26,Active,customer3330@email.com
3331,Customer_003331,Basic,2024-04-17,Active,customer3331@email.com
3332,Customer_003332,Standard,2021-03-18,Active,customer3332@email.com
3333,Customer_003333,Basic,2023-08-07,Inactive,customer3333@email.com
3334,Customer_003334,Standard,2022-04-20,Active,customer3334@email.com
3335,Customer_003335,Standard,2024-09-01,Active,customer3335@email.com
3336,Customer_003336,Standard,2023-10-25,Inactive,customer3336@email.com
3337,Customer_003337,Standard,2024-08-27,Active,customer3337@email.com
3338,Customer_003338,Premium,2023-07-06,Inactive,customer3338@email.com
3339,Customer_003339,Basic,2023-01-08,Active,customer3339@email.com
3340,Customer_003340,Basic,2021-03-23,Active,customer3340@email.com
3341,Customer_003341,Basic,2023-03-05,Active,customer3341@email.com
3342,Customer_003342,Basic,2024-05-27,Active,customer3342@email.com
3343,Customer_003343,Basic,2024-07-09,Active,customer3343@email.com
3344,Customer_003344,Standard,2021-01-31,Active,customer3344@email.com
3345,Customer_003345,Basic,2024-01-26,Active,customer3345@email.com
3346,Customer_003346,Basic,2021-06-28,Active,customer3346@email.com
3347,Customer_003347,Basic,2021-12-14,Inactive,customer3347@email.com
3348,Customer_003348,Basic,2022-07-28,Inactive,customer3348@email.com
3349,Customer_003349,Basic,2021-05-26,Active,customer3349@email.com
3350,Customer_003350,Basic,2022-06-13,Active,customer3350@email.com
3351,Customer_003351,Basic,2023-06-25,Inactive,customer3351@email.com
3352,Customer_003352,Standard,2021-09-11,Active,customer3352@email.com
3353,Customer_003353,Standard,2023-01-15,Inactive,customer3353@email.com
3354,Customer_003354,Basic,2024-06-23,Active,customer3354@email.com
3355,Customer_003355,Basic,2023-01-22,Inactive,customer3355@email.com
3356,Customer_003356,Premium,2022-10-05,Active,customer3356@email.com
3357,Customer_003357,Basic,2023-11-03,Inactive,customer3357@email.com
3358,Customer_003358,Basic,2024-10-29,Active,customer3358@email.com
3359,Customer_003359,Premium,2021-04-27,Active,customer3359@email.com
3360,,Standard,2024-02-23,Active,
3361,Customer_003361,Basic,2022-08-19,Active,customer3361@email.com
3362,Customer_003362,Basic,2021-05-30,Active,customer3362@email.com
3363,Customer_003363,Basic,2024-10-02,Active,customer3363@email.com
3364,Customer_003364,Standard,2024-08-08,Active,customer3364@email.com
3365,Customer_003365,Basic,2021-08-12,Inactive,customer3365@email.com
3366,Customer_003366,Standard,2023-03-24,Active,customer3366@email.com
3367,Customer_003367,Basic,2022-11-05,Active,customer3367@email.com
3368,Customer_003368,Standard,2024-05-22,Active,customer3368@email.com
3369,Customer_003369,Basic,2023-09-03,Active,customer3369@email.com
3370,Customer_003370,Standard,2024-01-22,Inactive,customer3370@email.com
3371,Customer_003371,Standard,2024-08-04,Active,customer3371@email.com
3372,Customer_003372,Basic,2024-05-16,Inactive,customer3372@email.com
3373,Customer_003373,Standard,2023-01-11,Inactive,customer3373@email.com
3374,Customer_003374,Basic,2022-03-14,Active,customer3374@email.com
3375,Customer_003375,Basic,2024-11-01,Active,customer3375@email.com
3376,Customer_003376,Standard,2021-12-27,Active,customer3376@email.com
3377,Customer_003377,Standard,2023-04-10,Active,customer3377@email.com
3378,Customer_003378,Premium,2023-07-14,Active,customer3378@email.com
3379,Customer_003379,Basic,2024-10-03,Active,customer3379@email.com
3380,Customer_003380,Basic,2021-04-21,Active,customer3380@email.com
3381,Customer_003381,Standard,2022-12-02,Active,customer3381@email.com
3382,Customer_003382,Standard,2022-02-11,Active,customer3382@email.com
3383,Customer_003383,Basic,2023-09-01,Inactive,customer3383@email.com
3384,Customer_003384,Basic,2024-11-27,Active,customer3384@email.com
3385,Customer_003385,,2024-03-14,Active,customer3385@email.com
3386,Customer_003386,Premium,2024-05-07,Inactive,customer3386@email.com
3387,Customer_003387,Basic,2024-03-30,Active,customer3387@email.com
3388,,Standard,2022-10-11,Active,
3389,Customer_003389,Basic,2021-10-30,Active,customer3389@email.com
3390,Customer_003390,Basic,2024-10-12,Active,customer3390@email.com
3391,Customer_003391,Standard,2021-01-08,Active,customer3391@email.com
3392,Customer_003392,Basic,2021-09-15,Active,customer3392@email.com
3393,Customer_003393,Basic,2024-03-30,Inactive,customer3393@email.com
3394,Customer_003394,Basic,2022-01-20,Inactive,customer3394@email.com
3395,Customer_003395,Basic,2021-12-07,Active,customer3395@email.com
3396,Customer_003396,Basic,2022-03-06,Active,customer3396@email.com
3397,Customer_003397,Standard,2024-03-27,Active,customer3397@email.com
3398,,Standard,2023-01-16,Active,
3399,Customer_003399,Basic,2023-10-26,Active,customer3399@email.com
3400,Customer_003400,Premium,2023-10-20,Active,customer3400@email.com
3401,Customer_003401,Premium,2023-04-21,Active,customer3401@email.com
3402,Customer_003402,Standard,2023-05-23,Active,customer3402@email.com
3403,Customer_003403,Standard,2021-08-21,Inactive,customer3403@email.com
3404,Customer_003404,Basic,2023-02-04,Active,customer3404@email.com
3405,Customer_003405,Standard,2024-01-17,Active,customer3405@email.com
3406,Customer_003406,Basic,2024-09-12,Active,customer3406@email.com
3407,Customer_003407,Premium,2022-08-04,Active,customer3407@email.com
3408,Customer_003408,Standard,2021-07-23,Active,customer3408@email.com
3409,Customer_003409,Standard,2021-08-01,Inactive,customer3409@email.com
3410,Customer_003410,Basic,2023-04-23,Inactive,customer3410@email.com
3411,Customer_003411,Standard,2024-07-01,Active,customer3411@email.com
3412,Customer_003412,Basic,2023-06-29,Inactive,customer3412@email.com
3413,Customer_003413,Standard,2024-09-29,Inactive,customer3413@email.com
3414,Customer_003414,Standard,2022-04-02,Active,customer3414@email.com
3415,Customer_003415,Basic,2021-08-23,Active,customer3415@email.com
3416,Customer_003416,Basic,2021-09-12,Active,customer3416@email.com
3417,Customer_003417,Basic,2023-08-09,Inactive,customer3417@email.com
3418,Customer_003418,Basic,2024-12-12,Active,customer3418@email.com
3419,Customer_003419,Standard,2023-02-07,Active,customer3419@email.com
3420,Customer_003420,Standard,2022-07-03,Inactive,customer3420@email.com
3421,Customer_003421,,2023-04-30,Active,customer3421@email.com
3422,Customer_003422,Premium,2023-04-30,Active,customer3422@email.com
3423,Customer_003423,Basic,2023-02-06,Active,customer3423@email.com
3424,Customer_003424,Standard,2024-05-13,Active,customer3424@email.com
3425,Customer_003425,Basic,2024-03-17,Active,customer3425@email.com
3426,Customer_003426,Standard,2023-03-13,Inactive,customer3426@email.com
3427,Customer_003427,Basic,2021-04-16,Inactive,customer3427@email.com
3428,Customer_003428,Premium,2021-09-21,Active,customer3428@email.com
3429,Customer_003429,Basic,2021-12-22,Active,customer3429@email.com
3430,Customer_003430,Basic,2021-11-21,Active,customer3430@email.com
3431,Customer_003431,Premium,2021-09-16,Inactive,customer3431@email.com
3432,Customer_003432,Basic,2023-03-14,Active,customer3432@email.com
3433,Customer_003433,Basic,2022-06-17,Active,customer3433@email.com
3434,Customer_003434,Standard,2022-10-23,Active,customer3434@email.com
3435,,Basic,2023-06-15,Inactive,
3436,Customer_003436,Basic,2021-11-10,Active,customer3436@email.com
3437,Customer_003437,Basic,2021-06-11,Active,customer3437@email.com
3438,Customer_003438,Basic,2021-09-25,Active,customer3438@email.com
3439,Customer_003439,Standard,2023-01-04,Active,customer3439@email.com
3440,Customer_003440,Basic,2022-03-31,Active,customer3440@email.com
3441,Customer_003441,Basic,2022-05-18,Active,customer3441@email.com
3442,Customer_003442,Standard,2023-02-14,Active,customer3442@email.com
3443,Customer_003443,Basic,2022-07-18,Inactive,customer3443@email.com
3444,Customer_003444,Standard,2021-02-17,Active,customer3444@email.com
3445,Customer_003445,Premium,2021-07-31,Active,customer3445@email.com
3446,Customer_003446,Standard,2021-09-09,Inactive,customer3446@email.com
3447,Customer_003447,Basic,2022-01-05,Active,customer3447@email.com
3448,Customer_003448,Standard,2023-01-11,Inactive,customer3448@email.com
3449,Customer_003449,Basic,2021-07-26,Active,customer3449@email.com
3450,Customer_003450,Standard,2021-05-31,Active,customer3450@email.com
3451,Customer_003451,Standard,2022-03-07,Active,customer3451@email.com
3452,Customer_003452,Premium,2022-10-05,Active,customer3452@email.com
3453,Customer_003453,Standard,2021-11-26,Active,customer3453@email.com
3454,Customer_003454,Standard,2022-01-01,Inactive,customer3454@email.com
3455,Customer_003455,Basic,2021-03-06,Active,customer3455@email.com
3456,Customer_003456,Standard,2022-12-12,Inactive,customer3456@email.com
3457,,Standard,2024-01-25,Active,
3458,Customer_003458,Standard,2022-06-06,Active,customer3458@email.com
3459,Customer_003459,Standard,2021-03-02,Inactive,customer3459@email.com
3460,Customer_003460,Basic,2021-11-09,Active,customer3460@email.com
3461,Customer_003461,Basic,2022-03-21,Active,customer3461@email.com
3462,Customer_003462,Standard,2021-06-20,Active,customer3462@email.com
3463,Customer_003463,Basic,2022-07-03,Active,customer3463@email.com
3464,Customer_003464,Standard,2021-07-08,Active,customer3464@email.com
3465,Customer_003465,Basic,2022-08-26,Active,customer3465@email.com
3466,Customer_003466,Standard,2023-06-13,Active,customer3466@email.com
3467,Customer_003467,Standard,2022-01-31,Active,customer3467@email.com
3468,Customer_003468,Basic,2022-07-30,Active,customer3468@email.com
3469,Customer_003469,Standard,2024-04-18,Inactive,customer3469@email.com
3470,Customer_003470,Standard,2023-09-27,Active,customer3470@email.com
3471,Customer_003471,Basic,2024-05-06,Inactive,customer3471@email.com
3472,Customer_003472,Basic,2024-06-29,Active,customer3472@email.com
3473,Customer_003473,Basic,2022-02-14,Inactive,customer3473@email.com
3474,Customer_003474,Premium,2024-07-19,Active,customer3474@email.com
3475,Customer_003475,Basic,2021-03-11,Active,customer3475@email.com
3476,Customer_003476,Basic,2023-04-20,Active,customer3476@email.com
3477,Customer_003477,Standard,2024-08-14,Active,customer3477@email.com
3478,Customer_003478,Basic,2023-03-27,Active,customer3478@email.com
3479,Customer_003479,Basic,2022-10-23,Inactive,customer3479@email.com
3480,Customer_003480,Basic,2022-05-18,Inactive,customer3480@email.com
3481,Customer_003481,Basic,2023-02-01,Active,customer3481@email.com
3482,Customer_003482,Basic,2021-01-20,Active,customer3482@email.com
3483,Customer_003483,Standard,2022-11-05,Active,customer3483@email.com
3484,Customer_003484,Basic,2022-10-21,Active,customer3484@email.com
3485,Customer_003485,Basic,2023-03-01,Active,customer3485@email.com
3486,Customer_003486,Standard,2022-03-22,Active,customer3486@email.com
3487,Customer_003487,Premium,2024-05-29,Active,customer3487@email.com
3488,Customer_003488,Basic,2024-10-06,Active,customer3488@email.com
3489,Customer_003489,Basic,2023-05-14,Inactive,customer3489@email.com
3490,Customer_003490,Basic,2022-10-18,Active,customer3490@email.com
3491,Customer_003491,Standard,2023-10-09,Active,customer3491@email.com
3492,Customer_003492,Basic,2023-05-13,Inactive,customer3492@email.com
3493,Customer_003493,Basic,2024-05-16,Active,customer3493@email.com
3494,Customer_003494,Standard,2024-03-26,Active,customer3494@email.com
3495,Customer_003495,Standard,2024-03-25,Active,customer3495@email.com
3496,Customer_003496,Basic,2022-08-06,Active,customer3496@email.com
3497,Customer_003497,Standard,2021-03-17,Active,customer3497@email.com
3498,Customer_003498,Basic,2021-03-22,Active,customer3498@email.com
3499,Customer_003499,Basic,2023-08-21,Inactive,customer3499@email.com
3500,Customer_003500,Standard,2022-09-09,Active,customer3500@email.com
3501,Customer_003501,Premium,2023-03-31,Active,customer3501@email.com
3502,Customer_003502,Basic,2023-10-09,Inactive,customer3502@email.com
3503,Customer_003503,Standard,2024-11-27,Active,customer3503@email.com
3504,Customer_003504,Basic,2024-08-05,Active,customer3504@email.com
3505,Customer_003505,Standard,2023-02-05,Active,customer3505@email.com
3506,Customer_003506,Standard,2022-04-04,Inactive,customer3506@email.com
3507,Customer_003507,Standard,2021-08-04,Active,customer3507@email.com
3508,Customer_003508,Basic,2023-06-12,Inactive,customer3508@email.com
3509,Customer_003509,Standard,2023-01-26,Active,customer3509@email.com
3510,Customer_003510,Standard,2021-01-11,Active,customer3510@email.com
3511,Customer_003511,Basic,2022-06-16,Inactive,customer3511@email.com
3512,Customer_003512,Basic,2021-04-09,Inactive,customer3512@email.com
3513,Customer_003513,Basic,2022-11-06,Active,customer3513@email.com
3514,Customer_003514,Premium,2023-02-17,Inactive,customer3514@email.com
3515,Customer_003515,Standard,2021-10-10,Active,customer3515@email.com
3516,Customer_003516,Basic,2022-10-16,Active,customer3516@email.com
3517,Customer_003517,Basic,2023-04-27,Active,customer3517@email.com
3518,Customer_003518,Standard,2023-12-05,Inactive,customer3518@email.com
3519,Customer_003519,Standard,2024-09-16,Active,customer3519@email.com
3520,Customer_003520,Basic,2023-09-16,Inactive,customer3520@email.com
3521,Customer_003521,Basic,2022-08-30,Active,customer3521@email.com
3522,Customer_003522,Basic,2022-05-12,Active,customer3522@email.com
3523,Customer_003523,Basic,2022-02-26,Active,customer3523@email.com
3524,Customer_003524,Basic,2023-10-10,Active,customer3524@email.com
3525,Customer_003525,Standard,2022-03-19,Active,customer3525@email.com
3526,Customer_003526,Basic,2023-09-26,Active,customer3526@email.com
3527,Customer_003527,Basic,2024-04-24,Active,customer3527@email.com
3528,Customer_003528,Standard,2022-10-04,Active,customer3528@email.com
3529,Customer_003529,Basic,2023-07-19,Active,customer3529@email.com
3530,Customer_003530,Basic,2021-08-05,Inactive,customer3530@email.com
3531,Customer_003531,Basic,2023-01-15,Active,customer3531@email.com
3532,Customer_003532,Basic,2024-06-24,Inactive,customer3532@email.com
3533,Customer_003533,Premium,2022-01-20,Active,customer3533@email.com
3534,Customer_003534,Premium,2024-11-06,Active,customer3534@email.com
3535,Customer_003535,Standard,2024-08-20,Active,customer3535@email.com
3536,Customer_003536,Standard,2021-08-08,Active,customer3536@email.com
3537,Customer_003537,Basic,2023-08-02,Active,customer3537@email.com
3538,Customer_003538,Basic,2024-09-17,Active,customer3538@email.com
3539,Customer_003539,Basic,2021-08-31,Active,customer3539@email.com
3540,Customer_003540,Basic,2023-06-03,Inactive,customer3540@email.com
3541,Customer_003541,Standard,2023-06-02,Inactive,customer3541@email.com
3542,Customer_003542,Standard,2022-07-13,Active,customer3542@email.com
3543,Customer_003543,Basic,2023-02-23,Active,customer3543@email.com
3544,Customer_003544,Basic,2022-08-26,Active,customer3544@email.com
3545,Customer_003545,Standard,2022-07-20,Active,customer3545@email.com
3546,Customer_003546,Premium,2023-06-07,Inactive,customer3546@email.com
3547,Customer_003547,Basic,2022-05-25,Active,customer3547@email.com
3548,Customer_003548,Standard,2021-04-19,Active,customer3548@email.com
3549,Customer_003549,Basic,2022-05-04,Active,customer3549@email.com
3550,Customer_003550,Standard,2022-04-09,Inactive,customer3550@email.com
3551,Customer_003551,Premium,2023-04-09,Active,customer3551@email.com
3552,Customer_003552,Basic,2024-11-17,Active,customer3552@email.com
3553,Customer_003553,Standard,2022-02-21,Active,customer3553@email.com
3554,Customer_003554,,2024-05-06,Active,customer3554@email.com
3555,Customer_003555,Basic,2022-01-15,Active,customer3555@email.com
3556,Customer_003556,Basic,2023-09-04,Inactive,customer3556@email.com
3557,Customer_003557,Standard,2024-11-09,Active,customer3557@email.com
3558,Customer_003558,Basic,2021-05-23,Inactive,customer3558@email.com
3559,Customer_003559,Basic,2023-07-22,Active,customer3559@email.com
3560,Customer_003560,Basic,2023-08-30,Active,customer3560@email.com
3561,Customer_003561,Basic,2022-06-25,Active,customer3561@email.com
3562,Customer_003562,Basic,2021-01-20,Inactive,customer3562@email.com
3563,,Standard,2024-04-09,Active,
3564,Customer_003564,Premium,2023-08-26,Active,customer3564@email.com
3565,Customer_003565,Standard,2024-03-07,Inactive,customer3565@email.com
3566,Customer_003566,Standard,2022-04-13,Active,customer3566@email.com
3567,Customer_003567,Basic,2021-10-28,Active,customer3567@email.com
3568,Customer_003568,Standard,2022-11-19,Active,customer3568@email.com
3569,Customer_003569,Basic,2024-01-23,Active,customer3569@email.com
3570,Customer_003570,Basic,2023-01-17,Active,customer3570@email.com
3571,Customer_003571,Basic,2022-09-09,Active,customer3571@email.com
3572,Customer_003572,Basic,2024-09-21,Active,customer3572@email.com
3573,Customer_003573,Basic,2024-05-05,Inactive,customer3573@email.com
3574,Customer_003574,Basic,2023-11-30,Active,customer3574@email.com
3575,Customer_003575,Standard,2023-04-21,Active,customer3575@email.com
3576,Customer_003576,Basic,2021-10-18,Active,customer3576@email.com
3577,Customer_003577,Basic,2024-03-28,Inactive,customer3577@email.com
3578,Customer_003578,Standard,2023-01-07,Inactive,customer3578@email.com
3579,Customer_003579,Basic,2023-02-13,Active,customer3579@email.com
3580,Customer_003580,Standard,2024-07-07,Active,customer3580@email.com
3581,Customer_003581,Basic,2023-07-10,Active,customer3581@email.com
3582,Customer_003582,Basic,2021-12-25,Inactive,customer3582@email.com
3583,Customer_003583,Basic,2022-11-10,Active,customer3583@email.com
3584,Customer_003584,Basic,2022-07-20,Active,customer3584@email.com
3585,Customer_003585,Standard,2023-12-02,Active,customer3585@email.com
3586,Customer_003586,Standard,2021-09-09,Inactive,customer3586@email.com
3587,Customer_003587,Standard,2022-12-12,Active,customer3587@email.com
3588,Customer_003588,Premium,2023-10-19,Active,customer3588@email.com
3589,Customer_003589,Basic,2024-10-26,Inactive,customer3589@email.com
3590,Customer_003590,Standard,2024-07-01,Active,customer3590@email.com
3591,Customer_003591,Standard,2023-09-25,Active,customer3591@email.com
3592,Customer_003592,Basic,2021-02-01,Inactive,customer3592@email.com
3593,Customer_003593,Standard,2024-04-29,Inactive,customer3593@email.com
3594,Customer_003594,Basic,2021-01-11,Active,customer3594@email.com
3595,Customer_003595,Basic,2021-01-02,Active,customer3595@email.com
3596,Customer_003596,Basic,2022-08-04,Active,customer3596@email.com
3597,Customer_003597,Basic,2024-02-23,Active,customer3597@email.com
3598,Customer_003598,Basic,2022-07-09,Active,customer3598@email.com
3599,Customer_003599,Premium,2023-06-04,Active,customer3599@email.com
3600,Customer_003600,Basic,2022-03-25,Inactive,customer3600@email.com
3601,Customer_003601,Standard,2022-05-25,Active,customer3601@email.com
3602,Customer_003602,Basic,2023-05-16,Active,customer3602@email.com
3603,Customer_003603,Basic,2022-06-20,Active,customer3603@email.com
3604,Customer_003604,Standard,2021-12-21,Active,customer3604@email.com
3605,Customer_003605,Standard,2022-10-23,Inactive,customer3605@email.com
3606,Customer_003606,Standard,2022-02-13,Active,customer3606@email.com
3607,Customer_003607,Standard,2022-02-13,Active,customer3607@email.com
3608,Customer_003608,Premium,2024-03-06,Active,customer3608@email.com
3609,Customer_003609,Basic,2022-01-11,Inactive,customer3609@email.com
3610,Customer_003610,Basic,2023-06-14,Inactive,customer3610@email.com
3611,Customer_003611,Basic,2024-11-22,Active,customer3611@email.com
3612,Customer_003612,Premium,2024-12-30,Active,customer3612@email.com
3613,Customer_003613,Basic,2023-08-14,Inactive,customer3613@email.com
3614,Customer_003614,Basic,2021-02-26,Active,customer3614@email.com
3615,Customer_003615,Basic,2023-05-13,Active,customer3615@email.com
3616,Customer_003616,Premium,2022-09-12,Active,customer3616@email.com
3617,Customer_003617,Premium,2023-02-04,Active,customer3617@email.com
3618,Customer_003618,Standard,2024-03-04,Active,customer3618@email.com
3619,Customer_003619,Basic,2023-03-16,Inactive,customer3619@email.com
3620,Customer_003620,Basic,2023-08-06,Active,customer3620@email.com
3621,Customer_003621,Basic,2023-08-01,Inactive,customer3621@email.com
3622,Customer_003622,Premium,2022-07-08,Active,customer3622@email.com
3623,Customer_003623,Standard,2022-11-14,Active,customer3623@email.com
3624,Customer_003624,Basic,2024-03-04,Inactive,customer3624@email.com
3625,Customer_003625,Standard,2021-05-05,Inactive,customer3625@email.com
3626,Customer_003626,Basic,2023-11-13,Inactive,customer3626@email.com
3627,Customer_003627,Standard,2022-02-24,Inactive,customer3627@email.com
3628,Customer_003628,Standard,2023-10-12,Active,customer3628@email.com
3629,Customer_003629,Premium,2024-08-03,Active,customer3629@email.com
3630,Customer_003630,Basic,2022-09-29,Active,customer3630@email.com
3631,Customer_003631,Standard,2023-09-21,Active,customer3631@email.com
3632,,Basic,2021-05-18,Active,
3633,Customer_003633,Basic,2021-09-05,Active,customer3633@email.com
3634,Customer_003634,Standard,2021-08-01,Active,customer3634@email.com
3635,Customer_003635,Standard,2023-06-28,Active,customer3635@email.com
3636,Customer_003636,Standard,2022-09-07,Inactive,customer3636@email.com
3637,Customer_003637,Basic,2022-04-27,Active,customer3637@email.com
3638,Customer_003638,Standard,2024-06-08,Inactive,customer3638@email.com
3639,Customer_003639,Standard,2024-06-17,Active,customer3639@email.com
3640,Customer_003640,Basic,2021-02-14,Active,customer3640@email.com
3641,Customer_003641,Basic,2024-09-08,Active,customer3641@email.com
3642,Customer_003642,Premium,2024-12-03,Active,customer3642@email.com
3643,Customer_003643,Standard,2022-08-17,Active,customer3643@email.com
3644,Customer_003644,Basic,2024-04-20,Active,customer3644@email.com
3645,Customer_003645,Basic,2023-03-13,Inactive,customer3645@email.com
3646,Customer_003646,Basic,2023-08-09,Active,customer3646@email.com
3647,Customer_003647,Premium,2021-02-27,Active,customer3647@email.com
3648,,Standard,2023-03-09,Inactive,
3649,Customer_003649,Standard,2024-08-14,Active,customer3649@email.com
3650,Customer_003650,Standard,2023-06-30,Active,customer3650@email.com
3651,Customer_003651,Premium,2021-10-13,Active,customer3651@email.com
3652,,Standard,2022-07-22,Inactive,
3653,Customer_003653,Premium,2023-10-23,Inactive,customer3653@email.com
3654,Customer_003654,Basic,2022-12-16,Active,customer3654@email.com
3655,Customer_003655,Basic,2023-11-17,Active,customer3655@email.com
3656,Customer_003656,Basic,2022-12-22,Active,customer3656@email.com
3657,Customer_003657,Standard,2023-07-31,Active,customer3657@email.com
3658,Customer_003658,Premium,2022-07-25,Inactive,customer3658@email.com
3659,Customer_003659,Premium,2023-03-18,Active,customer3659@email.com
3660,Customer_003660,Standard,2023-09-18,Inactive,customer3660@email.com
3661,Customer_003661,Standard,2024-09-11,Active,customer3661@email.com
3662,Customer_003662,Standard,2023-11-05,Active,customer3662@email.com
3663,Customer_003663,Premium,2021-09-23,Active,customer3663@email.com
3664,Customer_003664,Standard,2024-04-04,Active,customer3664@email.com
3665,Customer_003665,Standard,2023-04-07,Active,customer3665@email.com
3666,Customer_003666,Standard,2021-11-22,Inactive,customer3666@email.com
3667,Customer_003667,Basic,2023-10-20,Active,customer3667@email.com
3668,Customer_003668,Standard,2022-04-20,Active,customer3668@email.com
3669,Customer_003669,Premium,2022-04-30,Active,customer3669@email.com
3670,Customer_003670,Basic,2023-02-26,Active,customer3670@email.com
3671,Customer_003671,Basic,2021-05-12,Active,customer3671@email.com
3672,Customer_003672,Basic,2021-03-18,Active,customer3672@email.com
3673,Customer_003673,Basic,2023-02-06,Active,customer3673@email.com
3674,Customer_003674,Standard,2021-12-23,Active,customer3674@email.com
3675,Customer_003675,Basic,2023-02-13,Inactive,customer3675@email.com
3676,Customer_003676,Standard,2024-02-14,Active,customer3676@email.com
3677,Customer_003677,Standard,2023-06-16,Active,customer3677@email.com
3678,Customer_003678,Standard,2021-11-28,Inactive,customer3678@email.com
3679,Customer_003679,Basic,2022-01-29,Inactive,customer3679@email.com
3680,Customer_003680,Standard,2024-10-01,Inactive,customer3680@email.com
3681,Customer_003681,Basic,2021-10-15,Active,customer3681@email.com
3682,Customer_003682,Basic,2023-04-16,Inactive,customer3682@email.com
3683,Customer_003683,Standard,2022-11-29,Active,customer3683@email.com
3684,Customer_003684,Standard,2024-08-08,Active,customer3684@email.com
3685,Customer_003685,Standard,2022-03-01,Inactive,customer3685@email.com
3686,Customer_003686,Basic,2022-12-23,Active,customer3686@email.com
3687,Customer_003687,Premium,2021-10-10,Active,customer3687@email.com
3688,Customer_003688,Premium,2024-07-04,Active,customer3688@email.com
3689,Customer_003689,Basic,2021-06-10,Active,customer3689@email.com
3690,Customer_003690,Basic,2021-07-26,Active,customer3690@email.com
3691,Customer_003691,Standard,2024-05-16,Active,customer3691@email.com
3692,Customer_003692,Basic,2022-08-17,Active,customer3692@email.com
3693,Customer_003693,Basic,2024-12-11,Active,customer3693@email.com
3694,Customer_003694,Premium,2021-11-20,Inactive,customer3694@email.com
3695,Customer_003695,Standard,2024-03-24,Active,customer3695@email.com
3696,Customer_003696,Basic,2024-06-05,Active,customer3696@email.com
3697,Customer_003697,Basic,2021-04-27,Active,customer3697@email.com
3698,Customer_003698,Standard,2024-04-08,Active,customer3698@email.com
3699,Customer_003699,Standard,2022-06-23,Inactive,customer3699@email.com
3700,Customer_003700,Basic,2023-05-14,Active,customer3700@email.com
3701,Customer_003701,Premium,2021-05-02,Active,customer3701@email.com
3702,Customer_003702,Basic,2022-11-07,Active,customer3702@email.com
3703,Customer_003703,Standard,2021-05-08,Active,customer3703@email.com
3704,Customer_003704,Basic,2024-02-29,Inactive,customer3704@email.com
3705,Customer_003705,Standard,2021-03-14,Active,customer3705@email.com
3706,Customer_003706,Standard,2023-05-03,Active,customer3706@email.com
3707,Customer_003707,Standard,2021-06-15,Inactive,customer3707@email.com
3708,Customer_003708,Standard,2021-09-23,Active,customer3708@email.com
3709,Customer_003709,Standard,2021-03-14,Active,customer3709@email.com
3710,Customer_003710,Premium,2022-12-19,Active,customer3710@email.com
3711,Customer_003711,Standard,2022-04-12,Active,customer3711@email.com
3712,Customer_003712,Standard,2022-02-06,Active,customer3712@email.com
3713,Customer_003713,Standard,2024-10-28,Active,customer3713@email.com
3714,Customer_003714,Premium,2023-09-15,Active,customer3714@email.com
3715,Customer_003715,Basic,2024-11-25,Inactive,customer3715@email.com
3716,Customer_003716,Standard,2024-01-31,Active,customer3716@email.com
3717,Customer_003717,Standard,2024-06-14,Active,customer3717@email.com
3718,Customer_003718,Premium,2022-02-01,Inactive,customer3718@email.com
3719,Customer_003719,Standard,2022-05-03,Active,customer3719@email.com
3720,Customer_003720,Standard,2022-04-11,Active,customer3720@email.com
3721,Customer_003721,Basic,2024-01-04,Active,customer3721@email.com
3722,Customer_003722,Premium,2021-01-31,Active,customer3722@email.com
3723,Customer_003723,Standard,2021-04-27,Active,customer3723@email.com
3724,Customer_003724,Basic,2022-01-05,Active,customer3724@email.com
3725,Customer_003725,Basic,2024-05-18,Active,customer3725@email.com
3726,Customer_003726,Basic,2022-08-22,Active,customer3726@email.com
3727,Customer_003727,Standard,2024-09-08,Active,customer3727@email.com
3728,Customer_003728,Basic,2022-05-28,Inactive,customer3728@email.com
3729,Customer_003729,Basic,2024-12-15,Active,customer3729@email.com
3730,Customer_003730,Standard,2022-03-28,Active,customer3730@email.com
3731,Customer_003731,Standard,2023-01-22,Active,customer3731@email.com
3732,Customer_003732,Basic,2024-08-31,Active,customer3732@email.com
3733,Customer_003733,Standard,2022-10-16,Active,customer3733@email.com
3734,Customer_003734,Basic,2021-04-21,Inactive,customer3734@email.com
3735,Customer_003735,Basic,2024-06-27,Active,customer3735@email.com
3736,Customer_003736,Basic,2021-10-08,Active,customer3736@email.com
3737,Customer_003737,Basic,2022-09-17,Active,customer3737@email.com
3738,Customer_003738,Standard,2023-02-02,Active,customer3738@email.com
3739,Customer_003739,Basic,2021-03-15,Active,customer3739@email.com
3740,Customer_003740,Basic,2024-08-24,Active,customer3740@email.com
3741,Customer_003741,Standard,2021-02-13,Active,customer3741@email.com
3742,Customer_003742,Standard,2022-07-24,Active,customer3742@email.com
3743,Customer_003743,Standard,2021-06-23,Active,customer3743@email.com
3744,Customer_003744,Standard,2023-02-26,Inactive,customer3744@email.com
3745,Customer_003745,Basic,2023-02-27,Inactive,customer3745@email.com
3746,Customer_003746,Premium,2023-02-16,Active,customer3746@email.com
3747,Customer_003747,Standard,2021-04-18,Active,customer3747@email.com
3748,Customer_003748,Basic,2022-12-14,Active,customer3748@email.com
3749,Customer_003749,Premium,2022-11-20,Inactive,customer3749@email.com
3750,Customer_003750,Standard,2024-04-25,Active,customer3750@email.com
3751,Customer_003751,Basic,2024-06-26,Inactive,customer3751@email.com
3752,Customer_003752,Premium,2021-04-27,Active,customer3752@email.com
3753,Customer_003753,Basic,2024-10-20,Inactive,customer3753@email.com
3754,Customer_003754,Standard,2024-01-01,Active,customer3754@email.com
3755,Customer_003755,Basic,2024-03-09,Inactive,customer3755@email.com
3756,Customer_003756,Basic,2023-02-20,Inactive,customer3756@email.com
3757,Customer_003757,Premium,2022-05-03,Active,customer3757@email.com
3758,Customer_003758,Basic,2024-10-29,Inactive,customer3758@email.com
3759,Customer_003759,Standard,2022-05-27,Active,customer3759@email.com
3760,Customer_003760,Basic,2024-03-15,Active,customer3760@email.com
3761,Customer_003761,Standard,2023-01-11,Active,customer3761@email.com
3762,Customer_003762,Basic,2024-08-30,Inactive,customer3762@email.com
3763,Customer_003763,Standard,2021-09-12,Active,customer3763@email.com
3764,Customer_003764,Basic,2022-06-26,Active,customer3764@email.com
3765,Customer_003765,Basic,2021-02-05,Active,customer3765@email.com
3766,Customer_003766,Premium,2023-01-05,Active,customer3766@email.com
3767,Customer_003767,Standard,2022-03-23,Active,customer3767@email.com
3768,Customer_003768,Basic,2021-06-12,Inactive,customer3768@email.com
3769,Customer_003769,Basic,2022-10-06,Active,customer3769@email.com
3770,Customer_003770,Standard,2022-06-13,Active,customer3770@email.com
3771,Customer_003771,Standard,2023-10-11,Active,customer3771@email.com
3772,Customer_003772,Basic,2021-10-28,Inactive,customer3772@email.com
3773,Customer_003773,Standard,2022-04-22,Active,customer3773@email.com
3774,Customer_003774,Basic,2024-11-02,Active,customer3774@email.com
3775,Customer_003775,Basic,2022-10-12,Inactive,customer3775@email.com
3776,Customer_003776,Basic,2021-05-05,Active,customer3776@email.com
3777,,Basic,2022-06-12,Active,
3778,Customer_003778,Basic,2022-12-25,Active,customer3778@email.com
3779,Customer_003779,Standard,2022-04-26,Active,customer3779@email.com
3780,Customer_003780,Basic,2023-06-28,Inactive,customer3780@email.com
3781,Customer_003781,Basic,2022-02-22,Inactive,customer3781@email.com
3782,Customer_003782,Premium,2024-10-26,Active,customer3782@email.com
3783,Customer_003783,Basic,2022-08-03,Inactive,customer3783@email.com
3784,Customer_003784,Basic,2023-01-08,Active,customer3784@email.com
3785,Customer_003785,Basic,2024-08-28,Active,customer3785@email.com
3786,Customer_003786,Standard,2022-08-26,Active,customer3786@email.com
3787,Customer_003787,Premium,2021-04-02,Active,customer3787@email.com
3788,Customer_003788,Premium,2024-04-25,Active,customer3788@email.com
3789,Customer_003789,Basic,2022-10-04,Inactive,customer3789@email.com
3790,Customer_003790,Basic,2023-11-07,Inactive,customer3790@email.com
3791,Customer_003791,Basic,2022-03-17,Active,customer3791@email.com
3792,Customer_003792,Premium,2024-09-07,Active,customer3792@email.com
3793,Customer_003793,Basic,2024-08-22,Inactive,customer3793@email.com
3794,Customer_003794,Standard,2022-04-05,Active,customer3794@email.com
3795,Customer_003795,Basic,2024-07-14,Active,customer3795@email.com
3796,Customer_003796,Standard,2021-09-06,Inactive,customer3796@email.com
3797,Customer_003797,Basic,2021-04-16,Inactive,customer3797@email.com
3798,Customer_003798,Premium,2023-12-02,Inactive,customer3798@email.com
3799,Customer_003799,Standard,2024-03-24,Active,customer3799@email.com
3800,Customer_003800,Basic,2022-05-13,Active,customer3800@email.com
3801,Customer_003801,Basic,2022-04-18,Active,customer3801@email.com
3802,Customer_003802,Basic,2021-08-25,Inactive,customer3802@email.com
3803,Customer_003803,Standard,2023-04-20,Active,customer3803@email.com
3804,Customer_003804,Standard,2023-11-02,Active,customer3804@email.com
3805,Customer_003805,Standard,2023-09-19,Active,customer3805@email.com
3806,Customer_003806,Standard,2023-05-08,Active,customer3806@email.com
3807,Customer_003807,Basic,2021-09-14,Active,customer3807@email.com
3808,Customer_003808,Standard,2023-04-15,Active,customer3808@email.com
3809,Customer_003809,Standard,2024-05-25,Active,customer3809@email.com
3810,Customer_003810,Basic,2022-10-05,Active,customer3810@email.com
3811,Customer_003811,Basic,2023-11-01,Active,customer3811@email.com
3812,Customer_003812,Standard,2024-07-19,Active,customer3812@email.com
3813,Customer_003813,Basic,2022-01-04,Inactive,customer3813@email.com
3814,Customer_003814,Basic,2021-09-05,Active,customer3814@email.com
3815,Customer_003815,Basic,2024-12-27,Inactive,customer3815@email.com
3816,Customer_003816,Standard,2021-09-16,Active,customer3816@email.com
3817,Customer_003817,Standard,2021-02-19,Inactive,customer3817@email.com
3818,Customer_003818,Basic,2021-09-29,Active,customer3818@email.com
3819,Customer_003819,Standard,2023-03-06,Active,customer3819@email.com
3820,Customer_003820,Premium,2023-04-04,Active,customer3820@email.com
3821,Customer_003821,Standard,2022-08-24,Active,customer3821@email.com
3822,Customer_003822,Standard,2022-11-21,Active,customer3822@email.com
3823,Customer_003823,Standard,2021-04-03,Active,customer3823@email.com
3824,Customer_003824,Basic,2023-07-09,Active,customer3824@email.com
3825,Customer_003825,Standard,2023-06-12,Active,customer3825@email.com
3826,Customer_003826,Premium,2021-10-03,Active,customer3826@email.com
3827,Customer_003827,Premium,2024-04-22,Active,customer3827@email.com
3828,Customer_003828,,2021-06-21,Inactive,customer3828@email.com
3829,Customer_003829,Basic,2024-04-29,Inactive,customer3829@email.com
3830,Customer_003830,Standard,2023-02-16,Active,customer3830@email.com
3831,Customer_003831,Premium,2024-04-19,Active,customer3831@email.com
3832,Customer_003832,Basic,2022-04-21,Active,customer3832@email.com
3833,Customer_003833,Standard,2024-03-01,Active,customer3833@email.com
3834,Customer_003834,Basic,2023-11-07,Inactive,customer3834@email.com
3835,Customer_003835,Basic,2022-10-24,Active,customer3835@email.com
3836,Customer_003836,Basic,2021-10-21,Active,customer3836@email.com
3837,Customer_003837,Basic,2022-03-08,Active,customer3837@email.com
3838,Customer_003838,Basic,2024-06-14,Active,customer3838@email.com
3839,Customer_003839,Basic,2021-12-06,Inactive,customer3839@email.com
3840,Customer_003840,Premium,2023-06-18,Active,customer3840@email.com
3841,Customer_003841,Basic,2022-06-16,Active,customer3841@email.com
3842,Customer_003842,Basic,2022-04-20,Active,customer3842@email.com
3843,Customer_003843,Premium,2022-02-28,Active,customer3843@email.com
3844,Customer_003844,Basic,2021-12-12,Active,customer3844@email.com
3845,Customer_003845,Standard,2024-01-11,Inactive,customer3845@email.com
3846,Customer_003846,Premium,2023-09-28,Inactive,customer3846@email.com
3847,Customer_003847,Standard,2022-02-21,Active,customer3847@email.com
3848,Customer_003848,Basic,2023-05-24,Inactive,customer3848@email.com
3849,Customer_003849,Standard,2023-07-19,Active,customer3849@email.com
3850,Customer_003850,Standard,2024-12-17,Active,customer3850@email.com
3851,Customer_003851,Basic,2023-06-05,Inactive,customer3851@email.com
3852,Customer_003852,Basic,2021-10-08,Active,customer3852@email.com
3853,Customer_003853,Premium,2021-08-27,Active,customer3853@email.com
3854,Customer_003854,Basic,2022-04-01,Inactive,customer3854@email.com
3855,Customer_003855,Basic,2023-11-05,Inactive,customer3855@email.com
3856,Customer_003856,Premium,2023-11-17,Active,customer3856@email.com
3857,Customer_003857,Standard,2024-11-09,Active,customer3857@email.com
3858,Customer_003858,Premium,2023-06-07,Inactive,customer3858@email.com
3859,Customer_003859,Standard,2023-12-04,Inactive,customer3859@email.com
3860,Customer_003860,Standard,2024-09-15,Inactive,customer3860@email.com
3861,Customer_003861,Basic,2024-07-23,Inactive,customer3861@email.com
3862,Customer_003862,Premium,2024-04-15,Active,customer3862@email.com
3863,Customer_003863,Basic,2024-10-11,Active,customer3863@email.com
3864,Customer_003864,Premium,2023-09-20,Active,customer3864@email.com
3865,Customer_003865,Basic,2022-08-02,Active,customer3865@email.com
3866,Customer_003866,Basic,2021-07-01,Active,customer3866@email.com
3867,,Premium,2022-03-15,Active,
3868,Customer_003868,Premium,2024-02-17,Active,customer3868@email.com
3869,Customer_003869,Basic,2021-03-21,Active,customer3869@email.com
3870,Customer_003870,Basic,2023-02-18,Active,customer3870@email.com
3871,Customer_003871,Basic,2022-12-16,Active,customer3871@email.com
3872,Customer_003872,Basic,2022-01-04,Active,customer3872@email.com
3873,Customer_003873,Standard,2022-08-22,Active,customer3873@email.com
3874,Customer_003874,Standard,2024-07-14,Active,customer3874@email.com
3875,Customer_003875,Standard,2023-09-13,Active,customer3875@email.com
3876,Customer_003876,Standard,2022-08-12,Active,customer3876@email.com
3877,Customer_003877,Premium,2022-05-22,Active,customer3877@email.com
3878,Customer_003878,Standard,2023-08-10,Active,customer3878@email.com
3879,Customer_003879,Standard,2022-12-13,Inactive,customer3879@email.com
3880,Customer_003880,Basic,2023-09-18,Active,customer3880@email.com
3881,Customer_003881,Basic,2024-05-15,Active,customer3881@email.com
3882,Customer_003882,Standard,2022-08-19,Active,customer3882@email.com
3883,Customer_003883,Basic,2023-04-18,Active,customer3883@email.com
3884,Customer_003884,Standard,2022-06-20,Active,customer3884@email.com
3885,Customer_003885,Premium,2023-06-25,Active,customer3885@email.com
3886,Customer_003886,Basic,2021-04-22,Inactive,customer3886@email.com
3887,Customer_003887,Standard,2022-11-27,Active,customer3887@email.com
3888,Customer_003888,Standard,2023-07-06,Active,customer3888@email.com
3889,Customer_003889,Standard,2021-12-08,Inactive,customer3889@email.com
3890,Customer_003890,Basic,2021-08-14,Active,customer3890@email.com
3891,Customer_003891,Standard,2022-11-07,Active,customer3891@email.com
3892,Customer_003892,Basic,2021-02-13,Active,customer3892@email.com
3893,Customer_003893,Basic,2024-12-14,Active,customer3893@email.com
3894,Customer_003894,Standard,2024-02-07,Inactive,customer3894@email.com
3895,Customer_003895,Premium,2022-03-08,Active,customer3895@email.com
3896,Customer_003896,Basic,2021-11-18,Active,customer3896@email.com
3897,Customer_003897,Standard,2022-04-15,Active,customer3897@email.com
3898,Customer_003898,Basic,2023-02-05,Active,customer3898@email.com
3899,Customer_003899,Basic,2022-05-25,Active,customer3899@email.com
3900,Customer_003900,Standard,2021-02-11,Active,customer3900@email.com
3901,Customer_003901,Premium,2023-10-25,Active,customer3901@email.com
3902,Customer_003902,Basic,2021-11-18,Active,customer3902@email.com
3903,Customer_003903,Premium,2024-07-17,Active,customer3903@email.com
3904,Customer_003904,Basic,2022-07-12,Inactive,customer3904@email.com
3905,Customer_003905,Standard,2023-02-13,Active,customer3905@email.com
3906,Customer_003906,Standard,2022-07-07,Active,customer3906@email.com
3907,Customer_003907,Premium,2023-10-31,Active,customer3907@email.com
3908,Customer_003908,Standard,2023-05-01,Active,customer3908@email.com
3909,Customer_003909,Standard,2024-01-15,Inactive,customer3909@email.com
3910,Customer_003910,Basic,2024-04-19,Active,customer3910@email.com
3911,Customer_003911,Standard,2024-05-25,Active,customer3911@email.com
3912,Customer_003912,Standard,2023-05-21,Active,customer3912@email.com
3913,Customer_003913,Standard,2022-07-16,Inactive,customer3913@email.com
3914,Customer_003914,Basic,2024-09-05,Active,customer3914@email.com
3915,Customer_003915,Basic,2023-05-30,Active,customer3915@email.com
3916,Customer_003916,Standard,2024-02-23,Active,customer3916@email.com
3917,Customer_003917,Standard,2024-12-10,Inactive,customer3917@email.com
3918,Customer_003918,Standard,2021-02-05,Active,customer3918@email.com
3919,Customer_003919,Basic,2023-02-03,Inactive,customer3919@email.com
3920,Customer_003920,Standard,2023-07-16,Inactive,customer3920@email.com
3921,Customer_003921,Basic,2023-03-25,Active,customer3921@email.com
3922,Customer_003922,Premium,2023-09-04,Active,customer3922@email.com
3923,Customer_003923,Basic,2022-11-12,Active,customer3923@email.com
3924,Customer_003924,Basic,2021-06-21,Active,customer3924@email.com
3925,Customer_003925,Premium,2023-10-01,Active,customer3925@email.com
3926,Customer_003926,Standard,2023-04-06,Active,customer3926@email.com
3927,Customer_003927,Basic,2024-03-06,Active,customer3927@email.com
3928,Customer_003928,Standard,2023-10-08,Active,customer3928@email.com
3929,Customer_003929,Standard,2022-11-23,Active,customer3929@email.com
3930,Customer_003930,Premium,2024-11-12,Active,customer3930@email.com
3931,Customer_003931,Premium,2021-01-12,Active,customer3931@email.com
3932,Customer_003932,Premium,2024-02-26,Active,customer3932@email.com
3933,Customer_003933,Standard,2022-10-04,Inactive,customer3933@email.com
3934,Customer_003934,Standard,2023-08-03,Active,customer3934@email.com
3935,Customer_003935,Standard,2021-06-16,Active,customer3935@email.com
3936,Customer_003936,Basic,2021-06-08,Active,customer3936@email.com
3937,Customer_003937,Basic,2021-11-28,Inactive,customer3937@email.com
3938,Customer_003938,Basic,2022-02-09,Active,customer3938@email.com
3939,Customer_003939,Basic,2021-03-21,Active,customer3939@email.com
3940,Customer_003940,Basic,2024-07-06,Active,customer3940@email.com
3941,Customer_003941,,2024-01-26,Active,customer3941@email.com
3942,Customer_003942,Basic,2021-08-29,Inactive,customer3942@email.com
3943,Customer_003943,Premium,2024-10-17,Active,customer3943@email.com
3944,Customer_003944,Standard,2023-02-01,Active,customer3944@email.com
3945,Customer_003945,Standard,2022-08-18,Active,customer3945@email.com
3946,Customer_003946,Standard,2024-06-11,Active,customer3946@email.com
3947,Customer_003947,Basic,2024-05-23,Active,customer3947@email.com
3948,Customer_003948,Standard,2022-11-08,Inactive,customer3948@email.com
3949,Customer_003949,Basic,2021-10-05,Active,customer3949@email.com
3950,,Standard,2023-08-29,Inactive,
3951,Customer_003951,Basic,2021-11-04,Active,customer3951@email.com
3952,Customer_003952,Standard,2021-01-12,Inactive,customer3952@email.com
3953,Customer_003953,Premium,2024-11-22,Inactive,customer3953@email.com
3954,Customer_003954,Premium,2021-07-13,Active,customer3954@email.com
3955,Customer_003955,Standard,2021-11-17,Active,customer3955@email.com
3956,Customer_003956,Basic,2022-04-08,Active,customer3956@email.com
3957,Customer_003957,Basic,2022-01-30,Active,customer3957@email.com
3958,Customer_003958,Premium,2023-05-23,Active,customer3958@email.com
3959,Customer_003959,Basic,2024-07-02,Active,customer3959@email.com
3960,Customer_003960,Premium,2024-02-24,Active,customer3960@email.com
3961,Customer_003961,Basic,2021-06-08,Inactive,customer3961@email.com
3962,Customer_003962,Standard,2022-03-20,Active,customer3962@email.com
3963,Customer_003963,Basic,2021-07-29,Active,customer3963@email.com
3964,Customer_003964,Basic,2024-08-13,Inactive,customer3964@email.com
3965,Customer_003965,Basic,2024-04-27,Active,customer3965@email.com
3966,Customer_003966,Basic,2024-06-15,Inactive,customer3966@email.com
3967,,Basic,2021-12-11,Active,
3968,Customer_003968,Standard,2022-03-20,Active,customer3968@email.com
3969,Customer_003969,Basic,2021-10-28,Active,customer3969@email.com
3970,Customer_003970,Standard,2021-01-01,Active,customer3970@email.com
3971,Customer_003971,Standard,2021-04-17,Active,customer3971@email.com
3972,Customer_003972,Basic,2023-05-22,Active,customer3972@email.com
3973,Customer_003973,Standard,2023-10-22,Active,customer3973@email.com
3974,Customer_003974,Basic,2023-03-17,Inactive,customer3974@email.com
3975,Customer_003975,Basic,2023-08-30,Active,customer3975@email.com
3976,Customer_003976,Basic,2022-10-12,Active,customer3976@email.com
3977,Customer_003977,Basic,2022-03-15,Active,customer3977@email.com
3978,Customer_003978,Basic,2022-07-23,Active,customer3978@email.com
3979,Customer_003979,Basic,2024-02-22,Inactive,customer3979@email.com
3980,Customer_003980,Standard,2022-05-29,Active,customer3980@email.com
3981,Customer_003981,Basic,2023-06-11,Active,customer3981@email.com
3982,Customer_003982,Premium,2023-01-19,Active,customer3982@email.com
3983,Customer_003983,Basic,2022-12-10,Active,customer3983@email.com
3984,Customer_003984,Standard,2024-02-21,Active,customer3984@email.com
3985,Customer_003985,Standard,2022-01-27,Inactive,customer3985@email.com
3986,Customer_003986,Basic,2021-01-22,Active,customer3986@email.com
3987,,Standard,2022-02-04,Inactive,
3988,Customer_003988,Basic,2021-07-12,Active,customer3988@email.com
3989,Customer_003989,Basic,2023-10-27,Inactive,customer3989@email.com
3990,Customer_003990,Basic,2021-03-10,Inactive,customer3990@email.com
3991,Customer_003991,Standard,2023-03-27,Active,customer3991@email.com
3992,Customer_003992,Basic,2022-06-03,Active,customer3992@email.com
3993,Customer_003993,Standard,2024-03-17,Inactive,customer3993@email.com
3994,Customer_003994,Basic,2023-08-23,Active,customer3994@email.com
3995,Customer_003995,Basic,2023-10-02,Inactive,customer3995@email.com
3996,Customer_003996,Basic,2024-08-19,Active,customer3996@email.com
3997,Customer_003997,Standard,2021-03-20,Active,customer3997@email.com
3998,Customer_003998,Premium,2024-12-31,Active,customer3998@email.com
3999,Customer_003999,Standard,2021-09-27,Active,customer3999@email.com
4000,Customer_004000,Basic,2021-09-02,Active,customer4000@email.com
4001,Customer_004001,Basic,2021-05-08,Inactive,customer4001@email.com
4002,Customer_004002,Premium,2022-07-23,Inactive,customer4002@email.com
4003,Customer_004003,Basic,2024-06-11,Active,customer4003@email.com
4004,Customer_004004,Basic,2024-10-08,Active,customer4004@email.com
4005,Customer_004005,Basic,2024-12-23,Active,customer4005@email.com
4006,Customer_004006,Basic,2023-01-21,Active,customer4006@email.com
4007,Customer_004007,Basic,2023-04-06,Active,customer4007@email.com
4008,Customer_004008,Basic,2021-05-06,Inactive,customer4008@email.com
4009,Customer_004009,Standard,2023-10-25,Active,customer4009@email.com
4010,Customer_004010,Standard,2021-12-20,Inactive,customer4010@email.com
4011,Customer_004011,Standard,2022-02-11,Inactive,customer4011@email.com
4012,Customer_004012,Basic,2024-07-25,Active,customer4012@email.com
4013,Customer_004013,Standard,2021-01-07,Active,customer4013@email.com
4014,Customer_004014,Basic,2021-08-30,Active,customer4014@email.com
4015,Customer_004015,Basic,2024-11-27,Inactive,customer4015@email.com
4016,Customer_004016,Standard,2021-06-30,Active,customer4016@email.com
4017,Customer_004017,Standard,2021-06-26,Active,customer4017@email.com
4018,Customer_004018,Basic,2021-02-11,Active,customer4018@email.com
4019,Customer_004019,Standard,2022-03-22,Inactive,customer4019@email.com
4020,Customer_004020,Standard,2022-05-21,Inactive,customer4020@email.com
4021,Customer_004021,Basic,2022-01-27,Active,customer4021@email.com
4022,Customer_004022,Premium,2022-09-28,Active,customer4022@email.com
4023,Customer_004023,Standard,2021-12-31,Active,customer4023@email.com
4024,Customer_004024,Basic,2023-04-28,Active,customer4024@email.com
4025,Customer_004025,Basic,2022-02-13,Active,customer4025@email.com
4026,Customer_004026,Premium,2024-11-29,Active,customer4026@email.com
4027,Customer_004027,Basic,2022-12-29,Inactive,customer4027@email.com
4028,Customer_004028,Basic,2024-08-07,Active,customer4028@email.com
4029,Customer_004029,Standard,2024-11-08,Active,customer4029@email.com
4030,Customer_004030,Standard,2024-04-13,Active,customer4030@email.com
4031,Customer_004031,Basic,2022-03-08,Active,customer4031@email.com
4032,Customer_004032,Basic,2024-08-16,Active,customer4032@email.com
4033,Customer_004033,Basic,2022-03-01,Active,customer4033@email.com
4034,Customer_004034,Standard,2024-02-04,Active,customer4034@email.com
4035,Customer_004035,Standard,2021-07-05,Active,customer4035@email.com
4036,Customer_004036,Standard,2022-03-23,Active,customer4036@email.com
4037,Customer_004037,Basic,2021-08-25,Inactive,customer4037@email.com
4038,Customer_004038,Basic,2023-09-01,Active,customer4038@email.com
4039,Customer_004039,Basic,2023-02-02,Active,customer4039@email.com
4040,Customer_004040,Standard,2021-03-11,Active,customer4040@email.com
4041,Customer_004041,,2023-01-05,Active,customer4041@email.com
4042,Customer_004042,Standard,2023-05-14,Active,customer4042@email.com
4043,Customer_004043,Basic,2021-07-25,Inactive,customer4043@email.com
4044,Customer_004044,Basic,2021-11-30,Inactive,customer4044@email.com
4045,Customer_004045,Premium,2021-02-14,Inactive,customer4045@email.com
4046,Customer_004046,Basic,2024-04-30,Active,customer4046@email.com
4047,Customer_004047,Basic,2023-03-29,Inactive,customer4047@email.com
4048,Customer_004048,Basic,2023-02-04,Inactive,customer4048@email.com
4049,Customer_004049,Premium,2023-04-02,Active,customer4049@email.com
4050,Customer_004050,Standard,2022-04-25,Active,customer4050@email.com
4051,Customer_004051,Basic,2023-11-05,Inactive,customer4051@email.com
4052,Customer_004052,Standard,2022-07-06,Active,customer4052@email.com
4053,Customer_004053,Basic,2021-02-28,Active,customer4053@email.com
4054,Customer_004054,Standard,2022-09-08,Active,customer4054@email.com
4055,Customer_004055,Basic,2023-12-10,Inactive,customer4055@email.com
4056,Customer_004056,Standard,2021-10-13,Active,customer4056@email.com
4057,Customer_004057,Basic,2021-04-21,Inactive,customer4057@email.com
4058,Customer_004058,Standard,2021-10-17,Active,customer4058@email.com
4059,Customer_004059,Basic,2021-12-05,Active,customer4059@email.com
4060,Customer_004060,Standard,2022-02-15,Active,customer4060@email.com
4061,Customer_004061,Standard,2021-06-14,Active,customer4061@email.com
4062,Customer_004062,Premium,2023-06-14,Active,customer4062@email.com
4063,Customer_004063,Standard,2024-11-03,Active,customer4063@email.com
4064,Customer_004064,Premium,2021-01-11,Inactive,customer4064@email.com
4065,Customer_004065,Basic,2023-08-23,Active,customer4065@email.com
4066,Customer_004066,Basic,2022-03-12,Active,customer4066@email.com
4067,Customer_004067,Basic,2023-08-08,Active,customer4067@email.com
4068,Customer_004068,Basic,2021-07-16,Active,customer4068@email.com
4069,Customer_004069,Standard,2021-10-01,Inactive,customer4069@email.com
4070,Customer_004070,Basic,2022-08-03,Active,customer4070@email.com
4071,Customer_004071,Premium,2023-05-20,Active,customer4071@email.com
4072,Customer_004072,Basic,2022-12-12,Active,customer4072@email.com
4073,Customer_004073,Basic,2024-04-16,Active,customer4073@email.com
4074,Customer_004074,Standard,2021-12-31,Inactive,customer4074@email.com
4075,Customer_004075,,2022-11-28,Active,customer4075@email.com
4076,Customer_004076,Basic,2024-05-12,Inactive,customer4076@email.com
4077,Customer_004077,Premium,2024-08-15,Inactive,customer4077@email.com
4078,Customer_004078,Basic,2021-04-01,Active,customer4078@email.com
4079,Customer_004079,Basic,2022-11-27,Active,customer4079@email.com
4080,Customer_004080,Standard,2021-11-05,Inactive,customer4080@email.com
4081,Customer_004081,Basic,2023-09-12,Active,customer4081@email.com
4082,Customer_004082,Standard,2023-05-14,Active,customer4082@email.com
4083,Customer_004083,Standard,2023-11-26,Active,customer4083@email.com
4084,Customer_004084,Premium,2021-06-19,Active,customer4084@email.com
4085,Customer_004085,Standard,2024-09-05,Active,customer4085@email.com
4086,Customer_004086,Basic,2021-01-26,Inactive,customer4086@email.com
4087,Customer_004087,Standard,2023-11-05,Active,customer4087@email.com
4088,Customer_004088,Basic,2023-09-23,Active,customer4088@email.com
4089,Customer_004089,Standard,2023-05-16,Active,customer4089@email.com
4090,Customer_004090,Premium,2022-06-14,Active,customer4090@email.com
4091,Customer_004091,Premium,2023-07-12,Active,customer4091@email.com
4092,Customer_004092,Premium,2024-12-29,Inactive,customer4092@email.com
4093,Customer_004093,Standard,2023-01-18,Active,customer4093@email.com
4094,Customer_004094,Standard,2023-05-19,Inactive,customer4094@email.com
4095,Customer_004095,,2024-10-13,Active,customer4095@email.com
4096,Customer_004096,Basic,2024-12-20,Active,customer4096@email.com
4097,Customer_004097,Standard,2024-06-12,Active,customer4097@email.com
4098,Customer_004098,Standard,2021-04-10,Active,customer4098@email.com
4099,Customer_004099,Basic,2023-09-30,Active,customer4099@email.com
4100,Customer_004100,Basic,2024-05-12,Active,customer4100@email.com
4101,Customer_004101,Standard,2022-11-23,Active,customer4101@email.com
4102,Customer_004102,Basic,2021-02-18,Active,customer4102@email.com
4103,Customer_004103,Basic,2023-01-01,Active,customer4103@email.com
4104,Customer_004104,Premium,2022-09-02,Active,customer4104@email.com
4105,Customer_004105,Standard,2023-01-02,Active,customer4105@email.com
4106,Customer_004106,Standard,2023-03-23,Inactive,customer4106@email.com
4107,Customer_004107,Premium,2021-07-13,Active,customer4107@email.com
4108,Customer_004108,Standard,2023-10-08,Active,customer4108@email.com
4109,Customer_004109,Basic,2023-07-28,Active,customer4109@email.com
4110,Customer_004110,Standard,2023-12-09,Active,customer4110@email.com
4111,Customer_004111,Basic,2022-10-31,Active,customer4111@email.com
4112,Customer_004112,Premium,2024-07-30,Inactive,customer4112@email.com
4113,Customer_004113,Standard,2023-11-16,Active,customer4113@email.com
4114,Customer_004114,Standard,2024-07-28,Active,customer4114@email.com
4115,Customer_004115,Basic,2021-02-15,Active,customer4115@email.com
4116,Customer_004116,Standard,2024-08-30,Active,customer4116@email.com
4117,Customer_004117,Basic,2023-06-07,Active,customer4117@email.com
4118,Customer_004118,Premium,2024-03-15,Active,customer4118@email.com
4119,Customer_004119,Basic,2023-11-19,Inactive,customer4119@email.com
4120,Customer_004120,Basic,2024-11-22,Active,customer4120@email.com
4121,Customer_004121,Basic,2023-08-27,Inactive,customer4121@email.com
4122,Customer_004122,Premium,2022-07-17,Active,customer4122@email.com
4123,Customer_004123,Standard,2022-07-21,Active,customer4123@email.com
4124,Customer_004124,Standard,2023-03-28,Active,customer4124@email.com
4125,,Basic,2022-07-13,Inactive,
4126,Customer_004126,Basic,2023-04-29,Inactive,customer4126@email.com
4127,Customer_004127,Premium,2023-08-06,Active,customer4127@email.com
4128,Customer_004128,Standard,2022-10-14,Inactive,customer4128@email.com
4129,Customer_004129,Standard,2024-12-23,Inactive,customer4129@email.com
4130,Customer_004130,Basic,2022-08-13,Inactive,customer4130@email.com
4131,Customer_004131,Premium,2023-08-02,Active,customer4131@email.com
4132,Customer_004132,Basic,2022-11-05,Active,customer4132@email.com
4133,,Basic,2024-02-17,Active,
4134,Customer_004134,Basic,2022-12-11,Active,customer4134@email.com
4135,Customer_004135,Basic,2023-10-19,Inactive,customer4135@email.com
4136,Customer_004136,Standard,2024-10-10,Active,customer4136@email.com
4137,Customer_004137,Premium,2024-09-15,Active,customer4137@email.com
4138,Customer_004138,Basic,2024-07-17,Inactive,customer4138@email.com
4139,Customer_004139,Basic,2021-06-20,Active,customer4139@email.com
4140,Customer_004140,Standard,2023-01-27,Active,customer4140@email.com
4141,Customer_004141,Standard,2023-07-14,Inactive,customer4141@email.com
4142,Customer_004142,Basic,2024-07-03,Active,customer4142@email.com
4143,Customer_004143,Basic,2024-03-02,Inactive,customer4143@email.com
4144,Customer_004144,Standard,2021-02-17,Active,customer4144@email.com
4145,Customer_004145,Premium,2023-10-03,Active,customer4145@email.com
4146,Customer_004146,Basic,2024-01-06,Inactive,customer4146@email.com
4147,Customer_004147,Premium,2021-09-10,Active,customer4147@email.com
4148,Customer_004148,Basic,2021-08-15,Inactive,customer4148@email.com
4149,Customer_004149,Basic,2021-11-22,Active,customer4149@email.com
4150,Customer_004150,Premium,2023-04-02,Active,customer4150@email.com
4151,Customer_004151,Basic,2022-03-22,Active,customer4151@email.com
4152,Customer_004152,Basic,2022-10-17,Active,customer4152@email.com
4153,Customer_004153,Premium,2024-09-22,Active,customer4153@email.com
4154,Customer_004154,Standard,2024-07-26,Active,customer4154@email.com
4155,Customer_004155,Standard,2023-03-15,Active,customer4155@email.com
4156,Customer_004156,Standard,2023-08-09,Active,customer4156@email.com
4157,Customer_004157,Premium,2021-11-18,Active,customer4157@email.com
4158,,Standard,2022-08-14,Active,
4159,Customer_004159,Basic,2023-08-09,Inactive,customer4159@email.com
4160,Customer_004160,Basic,2021-07-21,Active,customer4160@email.com
4161,Customer_004161,Premium,2023-05-07,Active,customer4161@email.com
4162,Customer_004162,Standard,2024-06-21,Active,customer4162@email.com
4163,Customer_004163,Premium,2023-10-28,Active,customer4163@email.com
4164,Customer_004164,Premium,2023-04-18,Inactive,customer4164@email.com
4165,Customer_004165,Basic,2022-05-27,Active,customer4165@email.com
4166,Customer_004166,Basic,2024-11-02,Active,customer4166@email.com
4167,Customer_004167,Basic,2024-05-16,Active,customer4167@email.com
4168,Customer_004168,Basic,2024-02-05,Active,customer4168@email.com
4169,Customer_004169,Basic,2021-11-27,Active,customer4169@email.com
4170,Customer_004170,Standard,2022-05-06,Inactive,customer4170@email.com
4171,Customer_004171,Basic,2022-02-14,Active,customer4171@email.com
4172,Customer_004172,Standard,2021-03-05,Active,customer4172@email.com
4173,Customer_004173,Basic,2022-05-17,Inactive,customer4173@email.com
4174,Customer_004174,Basic,2022-05-11,Active,customer4174@email.com
4175,Customer_004175,Standard,2023-10-22,Active,customer4175@email.com
4176,Customer_004176,Basic,2022-11-10,Active,customer4176@email.com
4177,Customer_004177,Basic,2022-05-17,Active,customer4177@email.com
4178,Customer_004178,Standard,2021-01-15,Active,customer4178@email.com
4179,Customer_004179,Standard,2023-04-13,Active,customer4179@email.com
4180,Customer_004180,Premium,2023-03-01,Active,customer4180@email.com
4181,Customer_004181,Basic,2022-06-17,Active,customer4181@email.com
4182,Customer_004182,Standard,2024-05-28,Active,customer4182@email.com
4183,Customer_004183,Basic,2021-02-18,Inactive,customer4183@email.com
4184,Customer_004184,Standard,2021-05-03,Inactive,customer4184@email.com
4185,Customer_004185,Basic,2021-03-23,Active,customer4185@email.com
4186,Customer_004186,Standard,2023-11-14,Active,customer4186@email.com
4187,Customer_004187,Standard,2021-09-12,Active,customer4187@email.com
4188,Customer_004188,Basic,2024-04-02,Active,customer4188@email.com
4189,Customer_004189,Standard,2021-12-13,Active,customer4189@email.com
4190,Customer_004190,Basic,2021-10-18,Active,customer4190@email.com
4191,Customer_004191,Basic,2022-03-07,Active,customer4191@email.com
4192,Customer_004192,Basic,2024-11-21,Inactive,customer4192@email.com
4193,Customer_004193,Standard,2023-10-04,Active,customer4193@email.com
4194,Customer_004194,Basic,2022-12-03,Active,customer4194@email.com
4195,Customer_004195,Basic,2023-07-12,Active,customer4195@email.com
4196,Customer_004196,Basic,2024-05-02,Active,customer4196@email.com
4197,Customer_004197,Basic,2023-12-05,Inactive,customer4197@email.com
4198,Customer_004198,Basic,2023-01-30,Inactive,customer4198@email.com
4199,Customer_004199,Basic,2022-09-21,Active,customer4199@email.com
4200,Customer_004200,Basic,2024-07-22,Inactive,customer4200@email.com
4201,Customer_004201,Standard,2024-10-10,Inactive,customer4201@email.com
4202,Customer_004202,Basic,2024-11-24,Active,customer4202@email.com
4203,Customer_004203,Standard,2023-02-26,Active,customer4203@email.com
4204,Customer_004204,Premium,2022-03-10,Active,customer4204@email.com
4205,Customer_004205,Basic,2021-01-25,Active,customer4205@email.com
4206,Customer_004206,Standard,2023-11-25,Inactive,customer4206@email.com
4207,Customer_004207,Standard,2021-12-15,Active,customer4207@email.com
4208,Customer_004208,Premium,2024-04-17,Active,customer4208@email.com
4209,Customer_004209,Basic,2023-02-06,Active,customer4209@email.com
4210,Customer_004210,Basic,2024-08-20,Active,customer4210@email.com
4211,Customer_004211,Basic,2021-12-26,Active,customer4211@email.com
4212,Customer_004212,Standard,2024-10-01,Active,customer4212@email.com
4213,Customer_004213,Premium,2022-09-26,Active,customer4213@email.com
4214,Customer_004214,Premium,2024-05-31,Inactive,customer4214@email.com
4215,Customer_004215,Standard,2024-08-24,Active,customer4215@email.com
4216,Customer_004216,Standard,2024-03-12,Active,customer4216@email.com
4217,Customer_004217,Premium,2023-12-10,Inactive,customer4217@email.com
4218,Customer_004218,Basic,2023-01-15,Active,customer4218@email.com
4219,Customer_004219,Standard,2021-07-22,Active,customer4219@email.com
4220,Customer_004220,Basic,2022-07-10,Active,customer4220@email.com
4221,Customer_004221,Standard,2024-01-07,Active,customer4221@email.com
4222,Customer_004222,Basic,2021-04-25,Active,customer4222@email.com
4223,Customer_004223,Standard,2022-05-17,Active,customer4223@email.com
4224,Customer_004224,Basic,2024-11-13,Inactive,customer4224@email.com
4225,Customer_004225,Premium,2022-04-13,Active,customer4225@email.com
4226,Customer_004226,Basic,2021-03-24,Active,customer4226@email.com
4227,Customer_004227,Basic,2022-07-23,Active,customer4227@email.com
4228,Customer_004228,Basic,2021-05-11,Active,customer4228@email.com
4229,Customer_004229,Basic,2022-09-13,Active,customer4229@email.com
4230,Customer_004230,Basic,2024-04-14,Active,customer4230@email.com
4231,Customer_004231,Basic,2021-07-21,Inactive,customer4231@email.com
4232,Customer_004232,Standard,2022-10-16,Inactive,customer4232@email.com
4233,Customer_004233,Basic,2023-09-07,Active,customer4233@email.com
4234,Customer_004234,Standard,2022-02-09,Active,customer4234@email.com
4235,Customer_004235,Standard,2024-05-10,Active,customer4235@email.com
4236,Customer_004236,Standard,2024-04-06,Active,customer4236@email.com
4237,Customer_004237,Standard,2023-06-26,Active,customer4237@email.com
4238,Customer_004238,Basic,2024-07-24,Inactive,customer4238@email.com
4239,Customer_004239,Premium,2021-01-02,Active,customer4239@email.com
4240,Customer_004240,Basic,2022-07-09,Inactive,customer4240@email.com
4241,Customer_004241,Premium,2023-11-05,Active,customer4241@email.com
4242,Customer_004242,Basic,2024-08-14,Inactive,customer4242@email.com
4243,Customer_004243,Basic,2022-05-25,Inactive,customer4243@email.com
4244,Customer_004244,Premium,2023-10-28,Active,customer4244@email.com
4245,Customer_004245,Standard,2022-01-09,Active,customer4245@email.com
4246,Customer_004246,Basic,2023-11-10,Active,customer4246@email.com
4247,Customer_004247,Standard,2021-05-15,Inactive,customer4247@email.com
4248,Customer_004248,Standard,2021-07-13,Inactive,customer4248@email.com
4249,Customer_004249,Basic,2024-07-30,Active,customer4249@email.com
4250,Customer_004250,Standard,2022-02-01,Active,customer4250@email.com
4251,Customer_004251,Standard,2022-03-13,Active,customer4251@email.com
4252,Customer_004252,Standard,2023-12-23,Inactive,customer4252@email.com
4253,Customer_004253,Standard,2024-06-02,Active,customer4253@email.com
4254,Customer_004254,Premium,2022-10-26,Active,customer4254@email.com
4255,Customer_004255,Basic,2021-12-18,Active,customer4255@email.com
4256,Customer_004256,Standard,2021-11-18,Active,customer4256@email.com
4257,Customer_004257,Basic,2023-08-29,Inactive,customer4257@email.com
4258,Customer_004258,Standard,2022-07-06,Active,customer4258@email.com
4259,Customer_004259,Basic,2022-09-14,Inactive,customer4259@email.com
4260,Customer_004260,Standard,2022-12-26,Inactive,customer4260@email.com
4261,Customer_004261,Standard,2022-09-23,Active,customer4261@email.com
4262,,Standard,2023-05-05,Active,
4263,Customer_004263,Basic,2021-04-24,Active,customer4263@email.com
4264,Customer_004264,Standard,2021-10-14,Inactive,customer4264@email.com
4265,Customer_004265,Basic,2021-02-09,Active,customer4265@email.com
4266,Customer_004266,Basic,2024-09-17,Active,customer4266@email.com
4267,Customer_004267,Basic,2023-02-04,Inactive,customer4267@email.com
4268,Customer_004268,Basic,2023-02-23,Active,customer4268@email.com
4269,Customer_004269,Premium,2022-02-13,Inactive,customer4269@email.com
4270,Customer_004270,Standard,2023-06-21,Inactive,customer4270@email.com
4271,Customer_004271,Basic,2022-05-13,Inactive,customer4271@email.com
4272,Customer_004272,Basic,2024-04-29,Inactive,customer4272@email.com
4273,Customer_004273,Standard,2021-04-05,Active,customer4273@email.com
4274,Customer_004274,Basic,2024-12-17,Active,customer4274@email.com
4275,Customer_004275,Standard,2024-05-27,Active,customer4275@email.com
4276,Customer_004276,Basic,2021-04-25,Active,customer4276@email.com
4277,Customer_004277,Basic,2023-01-27,Active,customer4277@email.com
4278,Customer_004278,Standard,2023-08-25,Active,customer4278@email.com
4279,Customer_004279,Premium,2022-10-27,Active,customer4279@email.com
4280,Customer_004280,Basic,2021-11-07,Inactive,customer4280@email.com
4281,Customer_004281,Standard,2024-03-21,Inactive,customer4281@email.com
4282,Customer_004282,Basic,2022-05-18,Inactive,customer4282@email.com
4283,Customer_004283,Standard,2024-09-15,Active,customer4283@email.com
4284,Customer_004284,Basic,2022-08-20,Inactive,customer4284@email.com
4285,Customer_004285,Standard,2021-05-20,Active,customer4285@email.com
4286,Customer_004286,Standard,2022-10-05,Active,customer4286@email.com
4287,Customer_004287,Standard,2023-07-03,Active,customer4287@email.com
4288,Customer_004288,Basic,2022-10-20,Active,customer4288@email.com
4289,Customer_004289,Basic,2022-11-14,Active,customer4289@email.com
4290,Customer_004290,Standard,2022-06-15,Active,customer4290@email.com
4291,Customer_004291,Standard,2021-02-17,Inactive,customer4291@email.com
4292,Customer_004292,Basic,2023-05-26,Active,customer4292@email.com
4293,Customer_004293,Standard,2021-04-09,Active,customer4293@email.com
4294,Customer_004294,Basic,2023-11-16,Inactive,customer4294@email.com
4295,Customer_004295,Basic,2021-03-07,Inactive,customer4295@email.com
4296,Customer_004296,Basic,2022-11-01,Active,customer4296@email.com
4297,Customer_004297,Standard,2024-03-23,Inactive,customer4297@email.com
4298,Customer_004298,Basic,2021-06-04,Active,customer4298@email.com
4299,Customer_004299,Basic,2021-08-19,Active,customer4299@email.com
4300,Customer_004300,Basic,2021-06-29,Inactive,customer4300@email.com
4301,Customer_004301,Standard,2024-08-24,Active,customer4301@email.com
4302,Customer_004302,Basic,2024-11-01,Active,customer4302@email.com
4303,Customer_004303,Standard,2023-07-14,Active,customer4303@email.com
4304,Customer_004304,Basic,2021-11-08,Active,customer4304@email.com
4305,Customer_004305,Basic,2024-08-19,Inactive,customer4305@email.com
4306,Customer_004306,Standard,2024-11-19,Inactive,customer4306@email.com
4307,Customer_004307,Basic,2021-02-13,Active,customer4307@email.com
4308,Customer_004308,Standard,2024-07-01,Inactive,customer4308@email.com
4309,Customer_004309,Basic,2022-04-07,Active,customer4309@email.com
4310,Customer_004310,Premium,2022-04-02,Active,customer4310@email.com
4311,Customer_004311,Basic,2023-12-27,Active,customer4311@email.com
4312,Customer_004312,Basic,2024-03-22,Inactive,customer4312@email.com
4313,Customer_004313,Premium,2024-03-27,Active,customer4313@email.com
4314,Customer_004314,Standard,2022-02-27,Inactive,customer4314@email.com
4315,Customer_004315,Standard,2023-12-29,Active,customer4315@email.com
4316,Customer_004316,Basic,2021-09-18,Active,customer4316@email.com
4317,Customer_004317,Premium,2022-11-02,Active,customer4317@email.com
4318,Customer_004318,Standard,2024-09-09,Inactive,customer4318@email.com
4319,Customer_004319,Basic,2023-05-19,Active,customer4319@email.com
4320,Customer_004320,Basic,2022-03-21,Active,customer4320@email.com
4321,Customer_004321,Basic,2023-06-20,Active,customer4321@email.com
4322,Customer_004322,Standard,2021-02-22,Active,customer4322@email.com
4323,Customer_004323,Basic,2022-03-04,Active,customer4323@email.com
4324,Customer_004324,Standard,2023-03-29,Active,customer4324@email.com
4325,Customer_004325,Basic,2024-04-23,Active,customer4325@email.com
4326,Customer_004326,Standard,2021-12-25,Active,customer4326@email.com
4327,Customer_004327,Standard,2023-11-24,Active,customer4327@email.com
4328,Customer_004328,Standard,2021-09-04,Active,customer4328@email.com
4329,Customer_004329,Basic,2023-01-04,Active,customer4329@email.com
4330,Customer_004330,Standard,2022-01-27,Inactive,customer4330@email.com
4331,Customer_004331,Standard,2023-11-05,Active,customer4331@email.com
4332,Customer_004332,Premium,2021-08-18,Active,customer4332@email.com
4333,Customer_004333,Basic,2023-02-18,Active,customer4333@email.com
4334,Customer_004334,Basic,2021-07-24,Active,customer4334@email.com
4335,Customer_004335,Standard,2021-05-14,Inactive,customer4335@email.com
4336,Customer_004336,Basic,2022-09-08,Active,customer4336@email.com
4337,Customer_004337,Standard,2024-08-25,Active,customer4337@email.com
4338,,Premium,2023-08-24,Active,
4339,Customer_004339,Premium,2024-08-18,Active,customer4339@email.com
4340,Customer_004340,,2022-05-25,Active,customer4340@email.com
4341,Customer_004341,Premium,2023-11-29,Active,customer4341@email.com
4342,Customer_004342,Standard,2021-03-21,Active,customer4342@email.com
4343,Customer_004343,Standard,2024-09-15,Active,customer4343@email.com
4344,Customer_004344,Standard,2021-11-19,Active,customer4344@email.com
4345,Customer_004345,Standard,2023-11-29,Active,customer4345@email.com
4346,Customer_004346,Standard,2024-10-01,Active,customer4346@email.com
4347,Customer_004347,Standard,2021-08-13,Active,customer4347@email.com
4348,Customer_004348,Basic,2022-02-22,Active,customer4348@email.com
4349,Customer_004349,Basic,2022-06-28,Active,customer4349@email.com
4350,Customer_004350,Standard,2021-02-22,Active,customer4350@email.com
4351,Customer_004351,Basic,2021-03-12,Inactive,customer4351@email.com
4352,Customer_004352,Standard,2023-04-15,Active,customer4352@email.com
4353,Customer_004353,Standard,2024-05-10,Active,customer4353@email.com
4354,,Basic,2021-07-25,Active,
4355,Customer_004355,Premium,2021-07-08,Active,customer4355@email.com
4356,Customer_004356,Basic,2023-09-02,Active,customer4356@email.com
4357,Customer_004357,Basic,2024-01-05,Active,customer4357@email.com
4358,,Basic,2024-07-28,Inactive,
4359,Customer_004359,Basic,2022-06-11,Inactive,customer4359@email.com
4360,Customer_004360,Basic,2023-01-19,Active,customer4360@email.com
4361,Customer_004361,Standard,2021-07-17,Inactive,customer4361@email.com
4362,Customer_004362,Standard,2024-03-15,Active,customer4362@email.com
4363,Customer_004363,Basic,2021-09-23,Inactive,customer4363@email.com
4364,Customer_004364,Standard,2024-09-12,Active,customer4364@email.com
4365,Customer_004365,Standard,2023-04-08,Active,customer4365@email.com
4366,Customer_004366,Standard,2022-05-27,Active,customer4366@email.com
4367,Customer_004367,Standard,2024-09-12,Active,customer4367@email.com
4368,Customer_004368,Standard,2023-08-05,Inactive,customer4368@email.com
4369,Customer_004369,Standard,2024-03-28,Active,customer4369@email.com
4370,Customer_004370,Premium,2021-09-27,Active,customer4370@email.com
4371,Customer_004371,Basic,2021-10-25,Active,customer4371@email.com
4372,Customer_004372,Standard,2021-03-12,Active,customer4372@email.com
4373,Customer_004373,Basic,2024-07-18,Active,customer4373@email.com
4374,,Premium,2022-01-09,Active,
4375,Customer_004375,Premium,2022-05-03,Active,customer4375@email.com
4376,Customer_004376,Basic,2024-03-17,Active,customer4376@email.com
4377,Customer_004377,Standard,2022-01-20,Active,customer4377@email.com
4378,Customer_004378,Basic,2024-03-28,Inactive,customer4378@email.com
4379,Customer_004379,Standard,2023-07-18,Active,customer4379@email.com
4380,Customer_004380,Standard,2021-08-30,Active,customer4380@email.com
4381,Customer_004381,Premium,2023-11-20,Active,customer4381@email.com
4382,Customer_004382,Basic,2022-01-17,Inactive,customer4382@email.com
4383,Customer_004383,Standard,2023-09-26,Inactive,customer4383@email.com
4384,Customer_004384,Basic,2021-07-17,Active,customer4384@email.com
4385,Customer_004385,Standard,2023-11-30,Active,customer4385@email.com
4386,Customer_004386,Standard,2023-05-24,Active,customer4386@email.com
4387,Customer_004387,Basic,2021-09-16,Active,customer4387@email.com
4388,Customer_004388,Basic,2021-08-16,Active,customer4388@email.com
4389,Customer_004389,Basic,2021-09-16,Active,customer4389@email.com
4390,Customer_004390,Basic,2023-06-13,Active,customer4390@email.com
4391,Customer_004391,Premium,2023-10-31,Inactive,customer4391@email.com
4392,Customer_004392,Standard,2023-11-13,Active,customer4392@email.com
4393,Customer_004393,Basic,2022-03-31,Active,customer4393@email.com
4394,Customer_004394,Standard,2022-12-26,Active,customer4394@email.com
4395,Customer_004395,Premium,2024-02-27,Active,customer4395@email.com
4396,Customer_004396,Basic,2023-12-28,Active,customer4396@email.com
4397,Customer_004397,Premium,2023-12-24,Active,customer4397@email.com
4398,Customer_004398,Standard,2024-10-25,Active,customer4398@email.com
4399,Customer_004399,Premium,2024-06-20,Active,customer4399@email.com
4400,Customer_004400,Premium,2021-11-08,Active,customer4400@email.com
4401,Customer_004401,Basic,2023-05-19,Active,customer4401@email.com
4402,Customer_004402,Standard,2023-04-01,Inactive,customer4402@email.com
4403,Customer_004403,Basic,2023-05-13,Inactive,customer4403@email.com
4404,Customer_004404,Standard,2021-10-06,Inactive,customer4404@email.com
4405,Customer_004405,Premium,2021-06-03,Active,customer4405@email.com
4406,Customer_004406,Standard,2022-10-01,Active,customer4406@email.com
4407,Customer_004407,Basic,2024-05-01,Active,customer4407@email.com
4408,Customer_004408,Basic,2023-04-21,Inactive,customer4408@email.com
4409,Customer_004409,Basic,2021-11-25,Active,customer4409@email.com
4410,Customer_004410,Basic,2022-05-12,Active,customer4410@email.com
4411,Customer_004411,Premium,2023-05-09,Inactive,customer4411@email.com
4412,Customer_004412,Premium,2022-12-19,Active,customer4412@email.com
4413,Customer_004413,Basic,2022-07-20,Active,customer4413@email.com
4414,Customer_004414,Basic,2024-04-14,Active,customer4414@email.com
4415,Customer_004415,Standard,2023-06-28,Active,customer4415@email.com
4416,,Standard,2022-11-02,Active,
4417,Customer_004417,Basic,2022-09-30,Active,customer4417@email.com
4418,Customer_004418,Basic,2024-05-10,Active,customer4418@email.com
4419,Customer_004419,Basic,2022-09-04,Active,customer4419@email.com
4420,Customer_004420,Basic,2024-06-03,Active,customer4420@email.com
4421,Customer_004421,Basic,2022-12-01,Inactive,customer4421@email.com
4422,Customer_004422,Standard,2021-03-25,Inactive,customer4422@email.com
4423,Customer_004423,Premium,2021-08-20,Active,customer4423@email.com
4424,Customer_004424,Basic,2021-12-11,Inactive,customer4424@email.com
4425,Customer_004425,Standard,2023-09-25,Active,customer4425@email.com
4426,Customer_004426,Basic,2021-07-31,Active,customer4426@email.com
4427,Customer_004427,Premium,2024-05-11,Active,customer4427@email.com
4428,Customer_004428,Standard,2024-09-23,Active,customer4428@email.com
4429,Customer_004429,Standard,2023-06-05,Active,customer4429@email.com
4430,Customer_004430,Basic,2022-07-28,Active,customer4430@email.com
4431,Customer_004431,Basic,2022-05-31,Inactive,customer4431@email.com
4432,Customer_004432,Basic,2024-09-27,Active,customer4432@email.com
4433,,Premium,2021-06-20,Active,
4434,Customer_004434,Standard,2023-09-22,Active,customer4434@email.com
4435,Customer_004435,Basic,2024-04-25,Active,customer4435@email.com
4436,Customer_004436,Basic,2024-12-22,Active,customer4436@email.com
4437,Customer_004437,Basic,2024-03-04,Active,customer4437@email.com
4438,Customer_004438,Basic,2024-09-29,Active,customer4438@email.com
4439,Customer_004439,Premium,2024-04-24,Active,customer4439@email.com
4440,Customer_004440,Standard,2021-07-21,Active,customer4440@email.com
4441,Customer_004441,Basic,2022-05-04,Active,customer4441@email.com
4442,Customer_004442,Premium,2024-05-21,Active,customer4442@email.com
4443,Customer_004443,Basic,2021-03-23,Inactive,customer4443@email.com
4444,Customer_004444,Basic,2023-08-02,Inactive,customer4444@email.com
4445,Customer_004445,Standard,2023-03-28,Active,customer4445@email.com
4446,Customer_004446,Standard,2023-06-04,Inactive,customer4446@email.com
4447,Customer_004447,Basic,2024-03-07,Active,customer4447@email.com
4448,Customer_004448,Premium,2022-11-05,Active,customer4448@email.com
4449,Customer_004449,Standard,2021-02-28,Active,customer4449@email.com
4450,Customer_004450,Premium,2022-06-04,Inactive,customer4450@email.com
4451,Customer_004451,Standard,2022-12-23,Inactive,customer4451@email.com
4452,Customer_004452,Basic,2023-07-03,Inactive,customer4452@email.com
4453,Customer_004453,Basic,2024-12-02,Active,customer4453@email.com
4454,Customer_004454,Basic,2021-11-25,Active,customer4454@email.com
4455,Customer_004455,Basic,2024-01-26,Inactive,customer4455@email.com
4456,Customer_004456,Basic,2022-12-15,Inactive,customer4456@email.com
4457,Customer_004457,Basic,2023-10-21,Active,customer4457@email.com
4458,Customer_004458,Premium,2024-06-16,Active,customer4458@email.com
4459,Customer_004459,Basic,2022-04-12,Inactive,customer4459@email.com
4460,Customer_004460,Standard,2021-07-05,Active,customer4460@email.com
4461,Customer_004461,Basic,2023-10-16,Active,customer4461@email.com
4462,Customer_004462,Basic,2022-02-19,Inactive,customer4462@email.com
4463,Customer_004463,Standard,2022-12-20,Active,customer4463@email.com
4464,Customer_004464,Basic,2023-01-11,Active,customer4464@email.com
4465,,Premium,2022-10-24,Inactive,
4466,Customer_004466,Standard,2022-09-28,Active,customer4466@email.com
4467,Customer_004467,Standard,2024-02-22,Active,customer4467@email.com
4468,Customer_004468,Basic,2021-12-31,Active,customer4468@email.com
4469,Customer_004469,Premium,2022-02-11,Inactive,customer4469@email.com
4470,Customer_004470,Standard,2024-09-20,Active,customer4470@email.com
4471,Customer_004471,Standard,2022-11-28,Active,customer4471@email.com
4472,Customer_004472,Basic,2023-02-28,Inactive,customer4472@email.com
4473,Customer_004473,Standard,2022-08-25,Inactive,customer4473@email.com
4474,Customer_004474,Basic,2022-10-26,Inactive,customer4474@email.com
4475,Customer_004475,Standard,2021-03-25,Active,customer4475@email.com
4476,Customer_004476,Standard,2022-07-15,Inactive,customer4476@email.com
4477,Customer_004477,Premium,2024-11-24,Active,customer4477@email.com
4478,Customer_004478,Standard,2022-04-08,Active,customer4478@email.com
4479,,Basic,2021-10-25,Inactive,
4480,Customer_004480,Basic,2021-02-12,Inactive,customer4480@email.com
4481,Customer_004481,Standard,2023-06-18,Active,customer4481@email.com
4482,Customer_004482,Standard,2024-03-09,Active,customer4482@email.com
4483,Customer_004483,Basic,2023-11-29,Inactive,customer4483@email.com
4484,Customer_004484,Basic,2023-03-04,Inactive,customer4484@email.com
4485,Customer_004485,Basic,2023-01-16,Active,customer4485@email.com
4486,Customer_004486,Premium,2023-01-29,Active,customer4486@email.com
4487,Customer_004487,Standard,2022-04-26,Active,customer4487@email.com
4488,Customer_004488,Standard,2024-11-20,Active,customer4488@email.com
4489,Customer_004489,Standard,2024-12-09,Active,customer4489@email.com
4490,Customer_004490,Basic,2021-09-21,Active,customer4490@email.com
4491,Customer_004491,Basic,2023-11-06,Active,customer4491@email.com
4492,Customer_004492,Basic,2021-08-03,Active,customer4492@email.com
4493,Customer_004493,Premium,2022-12-15,Active,customer4493@email.com
4494,Customer_004494,Standard,2024-02-09,Inactive,customer4494@email.com
4495,Customer_004495,Basic,2022-07-06,Active,customer4495@email.com
4496,Customer_004496,Standard,2024-06-21,Active,customer4496@email.com
4497,Customer_004497,Standard,2021-05-13,Active,customer4497@email.com
4498,Customer_004498,Standard,2024-02-21,Active,customer4498@email.com
4499,Customer_004499,Standard,2022-12-13,Inactive,customer4499@email.com
4500,Customer_004500,Premium,2021-05-11,Inactive,customer4500@email.com
4501,Customer_004501,Basic,2022-07-20,Active,customer4501@email.com
4502,Customer_004502,Basic,2021-02-26,Active,customer4502@email.com
4503,Customer_004503,Basic,2024-12-13,Active,customer4503@email.com
4504,Customer_004504,Standard,2023-03-23,Active,customer4504@email.com
4505,Customer_004505,Standard,2024-01-08,Active,customer4505@email.com
4506,Customer_004506,Standard,2022-04-22,Active,customer4506@email.com
4507,Customer_004507,Premium,2023-04-14,Active,customer4507@email.com
4508,Customer_004508,Standard,2024-10-27,Active,customer4508@email.com
4509,Customer_004509,Premium,2024-06-02,Active,customer4509@email.com
4510,Customer_004510,Premium,2024-04-18,Active,customer4510@email.com
4511,Customer_004511,Standard,2024-06-11,Inactive,customer4511@email.com
4512,Customer_004512,Standard,2021-11-27,Active,customer4512@email.com
4513,Customer_004513,Basic,2024-05-16,Active,customer4513@email.com
4514,Customer_004514,Basic,2022-01-07,Active,customer4514@email.com
4515,Customer_004515,Basic,2021-09-02,Active,customer4515@email.com
4516,Customer_004516,Standard,2023-04-07,Active,customer4516@email.com
4517,Customer_004517,Standard,2023-03-05,Inactive,customer4517@email.com
4518,Customer_004518,Standard,2023-08-30,Active,customer4518@email.com
4519,Customer_004519,Premium,2021-07-16,Active,customer4519@email.com
4520,Customer_004520,Basic,2023-06-01,Active,customer4520@email.com
4521,Customer_004521,Premium,2022-01-13,Active,customer4521@email.com
4522,Customer_004522,Basic,2022-12-21,Active,customer4522@email.com
4523,Customer_004523,Standard,2022-11-27,Active,customer4523@email.com
4524,Customer_004524,Standard,2022-06-12,Active,customer4524@email.com
4525,Customer_004525,Basic,2024-02-15,Active,customer4525@email.com
4526,,Basic,2021-12-12,Active,
4527,,Premium,2021-01-26,Active,
4528,Customer_004528,Basic,2021-02-26,Inactive,customer4528@email.com
4529,Customer_004529,Basic,2023-02-07,Active,customer4529@email.com
4530,Customer_004530,Standard,2022-01-22,Active,customer4530@email.com
4531,Customer_004531,Basic,2024-01-02,Inactive,customer4531@email.com
4532,Customer_004532,Basic,2024-10-31,Active,customer4532@email.com
4533,Customer_004533,Basic,2024-03-21,Active,customer4533@email.com
4534,Customer_004534,Standard,2021-12-30,Active,customer4534@email.com
4535,Customer_004535,Premium,2023-07-01,Active,customer4535@email.com
4536,Customer_004536,Basic,2024-01-06,Inactive,customer4536@email.com
4537,Customer_004537,Standard,2021-09-04,Active,customer4537@email.com
4538,Customer_004538,Standard,2022-08-20,Active,customer4538@email.com
4539,Customer_004539,Basic,2024-04-23,Inactive,customer4539@email.com
4540,Customer_004540,Basic,2023-10-17,Active,customer4540@email.com
4541,Customer_004541,Standard,2024-06-09,Active,customer4541@email.com
4542,Customer_004542,Standard,2024-09-10,Inactive,customer4542@email.com
4543,Customer_004543,Standard,2023-07-07,Active,customer4543@email.com
4544,Customer_004544,Standard,2021-05-15,Inactive,customer4544@email.com
4545,Customer_004545,Standard,2022-05-06,Active,customer4545@email.com
4546,Customer_004546,Standard,2023-04-08,Active,customer4546@email.com
4547,Customer_004547,Standard,2023-09-11,Active,customer4547@email.com
4548,Customer_004548,Basic,2024-12-20,Inactive,customer4548@email.com
4549,Customer_004549,Standard,2023-12-01,Active,customer4549@email.com
4550,Customer_004550,Basic,2023-12-16,Active,customer4550@email.com
4551,Customer_004551,Basic,2023-12-05,Inactive,customer4551@email.com
4552,Customer_004552,Standard,2022-02-16,Active,customer4552@email.com
4553,Customer_004553,Premium,2022-02-10,Active,customer4553@email.com
4554,Customer_004554,Premium,2023-04-08,Active,customer4554@email.com
4555,Customer_004555,Standard,2021-02-18,Active,customer4555@email.com
4556,Customer_004556,Basic,2023-09-19,Active,customer4556@email.com
4557,Customer_004557,Basic,2022-08-12,Active,customer4557@email.com
4558,Customer_004558,Standard,2023-12-17,Active,customer4558@email.com
4559,Customer_004559,Basic,2021-07-02,Inactive,customer4559@email.com
4560,Customer_004560,Basic,2024-03-15,Inactive,customer4560@email.com
4561,Customer_004561,Basic,2021-04-09,Active,customer4561@email.com
4562,Customer_004562,Basic,2022-09-13,Inactive,customer4562@email.com
4563,Customer_004563,Standard,2024-01-07,Inactive,customer4563@email.com
4564,Customer_004564,Standard,2023-06-08,Active,customer4564@email.com
4565,Customer_004565,Basic,2022-01-01,Inactive,customer4565@email.com
4566,Customer_004566,Standard,2021-04-02,Active,customer4566@email.com
4567,Customer_004567,Basic,2022-01-16,Active,customer4567@email.com
4568,Customer_004568,Basic,2021-05-30,Active,customer4568@email.com
4569,Customer_004569,Basic,2024-03-15,Active,customer4569@email.com
4570,Customer_004570,Standard,2023-02-21,Active,customer4570@email.com
4571,,Standard,2022-08-18,Active,
4572,Customer_004572,Basic,2022-11-09,Active,customer4572@email.com
4573,Customer_004573,Basic,2022-04-13,Active,customer4573@email.com
4574,Customer_004574,Standard,2021-04-02,Active,customer4574@email.com
4575,Customer_004575,Standard,2024-06-27,Active,customer4575@email.com
4576,Customer_004576,Basic,2023-05-16,Active,customer4576@email.com
4577,Customer_004577,Premium,2024-07-06,Active,customer4577@email.com
4578,Customer_004578,Standard,2024-08-31,Active,customer4578@email.com
4579,,Basic,2024-11-14,Active,
4580,Customer_004580,Basic,2023-02-12,Active,customer4580@email.com
4581,Customer_004581,Basic,2023-09-27,Active,customer4581@email.com
4582,Customer_004582,Basic,2024-11-19,Active,customer4582@email.com
4583,Customer_004583,Basic,2023-07-09,Inactive,customer4583@email.com
4584,Customer_004584,Basic,2021-05-25,Active,customer4584@email.com
4585,Customer_004585,Standard,2023-09-28,Active,customer4585@email.com
4586,Customer_004586,Standard,2021-12-09,Inactive,customer4586@email.com
4587,Customer_004587,Premium,2024-10-26,Active,customer4587@email.com
4588,Customer_004588,Standard,2022-08-07,Active,customer4588@email.com
4589,Customer_004589,Standard,2024-03-13,Inactive,customer4589@email.com
4590,Customer_004590,Basic,2023-03-20,Active,customer4590@email.com
4591,Customer_004591,Standard,2021-06-27,Active,customer4591@email.com
4592,Customer_004592,Premium,2021-09-18,Active,customer4592@email.com
4593,Customer_004593,Basic,2023-09-08,Inactive,customer4593@email.com
4594,Customer_004594,Basic,2023-03-06,Active,customer4594@email.com
4595,Customer_004595,Basic,2021-05-19,Inactive,customer4595@email.com
4596,Customer_004596,Basic,2023-06-17,Active,customer4596@email.com
4597,Customer_004597,Basic,2021-03-26,Inactive,customer4597@email.com
4598,Customer_004598,Basic,2022-01-23,Active,customer4598@email.com
4599,Customer_004599,Basic,2021-03-31,Inactive,customer4599@email.com
4600,Customer_004600,Basic,2022-12-01,Active,customer4600@email.com
4601,Customer_004601,Basic,2021-12-26,Active,customer4601@email.com
4602,Customer_004602,Basic,2024-08-12,Active,customer4602@email.com
4603,Customer_004603,Basic,2022-08-21,Active,customer4603@email.com
4604,Customer_004604,Basic,2024-07-08,Inactive,customer4604@email.com
4605,Customer_004605,Basic,2023-06-18,Active,customer4605@email.com
4606,Customer_004606,Basic,2022-05-19,Inactive,customer4606@email.com
4607,Customer_004607,Premium,2021-11-26,Active,customer4607@email.com
4608,Customer_004608,Premium,2021-04-27,Active,customer4608@email.com
4609,Customer_004609,Basic,2023-11-27,Inactive,customer4609@email.com
4610,Customer_004610,Basic,2021-12-14,Active,customer4610@email.com
4611,Customer_004611,Premium,2021-03-20,Active,customer4611@email.com
4612,,,2022-04-24,Active,
4613,Customer_004613,Basic,2021-04-30,Inactive,customer4613@email.com
4614,Customer_004614,Standard,2021-09-03,Inactive,customer4614@email.com
4615,Customer_004615,Standard,2021-03-14,Active,customer4615@email.com
4616,Customer_004616,Standard,2024-08-21,Active,customer4616@email.com
4617,Customer_004617,Basic,2024-03-16,Active,customer4617@email.com
4618,Customer_004618,Basic,2024-06-15,Active,customer4618@email.com
4619,Customer_004619,Premium,2022-05-02,Active,customer4619@email.com
4620,Customer_004620,Standard,2022-12-08,Active,customer4620@email.com
4621,Customer_004621,Standard,2023-09-09,Active,customer4621@email.com
4622,Customer_004622,Basic,2024-01-04,Inactive,customer4622@email.com
4623,Customer_004623,Standard,2022-08-11,Inactive,customer4623@email.com
4624,Customer_004624,Standard,2023-03-07,Active,customer4624@email.com
4625,Customer_004625,Standard,2023-01-24,Active,customer4625@email.com
4626,Customer_004626,Premium,2022-09-07,Active,customer4626@email.com
4627,Customer_004627,Standard,2024-12-26,Active,customer4627@email.com
4628,Customer_004628,Basic,2023-04-04,Active,customer4628@email.com
4629,Customer_004629,Standard,2022-03-03,Active,customer4629@email.com
4630,Customer_004630,Basic,2023-05-06,Active,customer4630@email.com
4631,Customer_004631,Standard,2023-03-07,Active,customer4631@email.com
4632,Customer_004632,Basic,2024-09-24,Active,customer4632@email.com
4633,Customer_004633,Basic,2022-02-26,Active,customer4633@email.com
4634,Customer_004634,Standard,2024-03-10,Active,customer4634@email.com
4635,Customer_004635,Premium,2024-09-12,Active,customer4635@email.com
4636,Customer_004636,Standard,2023-08-07,Active,customer4636@email.com
4637,Customer_004637,Basic,2023-04-17,Active,customer4637@email.com
4638,Customer_004638,Basic,2023-03-16,Active,customer4638@email.com
4639,Customer_004639,Standard,2024-08-28,Active,customer4639@email.com
4640,Customer_004640,Premium,2024-07-01,Active,customer4640@email.com
4641,Customer_004641,Standard,2022-11-23,Inactive,customer4641@email.com
4642,Customer_004642,Basic,2023-02-27,Active,customer4642@email.com
4643,Customer_004643,Basic,2023-06-27,Inactive,customer4643@email.com
4644,Customer_004644,Basic,2024-03-08,Inactive,customer4644@email.com
4645,Customer_004645,Standard,2024-10-25,Active,customer4645@email.com
4646,Customer_004646,Basic,2023-04-04,Active,customer4646@email.com
4647,Customer_004647,Basic,2021-11-05,Active,customer4647@email.com
4648,Customer_004648,Basic,2021-09-25,Inactive,customer4648@email.com
4649,Customer_004649,Basic,2024-06-04,Inactive,customer4649@email.com
4650,Customer_004650,Basic,2024-07-10,Active,customer4650@email.com
4651,Customer_004651,,2021-05-14,Active,customer4651@email.com
4652,Customer_004652,Basic,2021-04-19,Active,customer4652@email.com
4653,Customer_004653,Basic,2023-01-01,Active,customer4653@email.com
4654,Customer_004654,Standard,2022-03-13,Active,customer4654@email.com
4655,Customer_004655,Standard,2024-06-30,Active,customer4655@email.com
4656,Customer_004656,Standard,2023-07-04,Active,customer4656@email.com
4657,Customer_004657,Basic,2022-08-17,Active,customer4657@email.com
4658,Customer_004658,Basic,2021-11-24,Active,customer4658@email.com
4659,Customer_004659,Basic,2023-05-01,Active,customer4659@email.com
4660,Customer_004660,Basic,2023-04-20,Inactive,customer4660@email.com
4661,Customer_004661,Standard,2023-08-20,Inactive,customer4661@email.com
4662,Customer_004662,Basic,2022-05-26,Active,customer4662@email.com
4663,Customer_004663,Standard,2021-10-28,Inactive,customer4663@email.com
4664,Customer_004664,Basic,2021-03-22,Active,customer4664@email.com
4665,Customer_004665,Standard,2023-02-16,Inactive,customer4665@email.com
4666,Customer_004666,Basic,2024-04-15,Inactive,customer4666@email.com
4667,Customer_004667,Standard,2023-06-23,Active,customer4667@email.com
4668,Customer_004668,Standard,2021-02-10,Active,customer4668@email.com
4669,Customer_004669,Basic,2024-03-06,Inactive,customer4669@email.com
4670,Customer_004670,Standard,2021-06-24,Active,customer4670@email.com
4671,Customer_004671,Basic,2021-10-04,Active,customer4671@email.com
4672,Customer_004672,Basic,2021-11-03,Inactive,customer4672@email.com
4673,Customer_004673,Premium,2024-10-01,Inactive,customer4673@email.com
4674,Customer_004674,Basic,2022-08-22,Inactive,customer4674@email.com
4675,Customer_004675,Basic,2021-06-20,Inactive,customer4675@email.com
4676,,Premium,2023-10-11,Active,
4677,Customer_004677,Basic,2023-05-06,Active,customer4677@email.com
4678,Customer_004678,Premium,2022-06-02,Active,customer4678@email.com
4679,Customer_004679,Basic,2023-12-02,Active,customer4679@email.com
4680,Customer_004680,Basic,2022-10-15,Inactive,customer4680@email.com
4681,Customer_004681,Basic,2022-05-05,Inactive,customer4681@email.com
4682,Customer_004682,Standard,2023-06-06,Active,customer4682@email.com
4683,Customer_004683,Standard,2024-09-06,Active,customer4683@email.com
4684,Customer_004684,Basic,2024-02-04,Inactive,customer4684@email.com
4685,,Basic,2024-07-02,Active,
4686,Customer_004686,Basic,2022-09-12,Active,customer4686@email.com
4687,Customer_004687,Premium,2023-02-18,Inactive,customer4687@email.com
4688,Customer_004688,Premium,2022-07-08,Active,customer4688@email.com
4689,Customer_004689,Basic,2023-11-16,Active,customer4689@email.com
4690,Customer_004690,Basic,2023-04-14,Active,customer4690@email.com
4691,Customer_004691,Premium,2022-12-11,Active,customer4691@email.com
4692,Customer_004692,Basic,2023-09-29,Active,customer4692@email.com
4693,Customer_004693,Basic,2023-07-11,Inactive,customer4693@email.com
4694,Customer_004694,Basic,2024-09-26,Active,customer4694@email.com
4695,Customer_004695,Standard,2021-08-21,Active,customer4695@email.com
4696,Customer_004696,Basic,2021-08-08,Inactive,customer4696@email.com
4697,Customer_004697,Standard,2021-05-14,Active,customer4697@email.com
4698,Customer_004698,,2021-06-28,Active,customer4698@email.com
4699,Customer_004699,Premium,2021-01-28,Active,customer4699@email.com
4700,Customer_004700,Standard,2024-06-18,Active,customer4700@email.com
4701,Customer_004701,Basic,2023-08-02,Active,customer4701@email.com
4702,Customer_004702,Basic,2024-09-23,Active,customer4702@email.com
4703,Customer_004703,Standard,2024-12-13,Active,customer4703@email.com
4704,Customer_004704,Standard,2021-06-16,Active,customer4704@email.com
4705,,Standard,2021-07-07,Active,
4706,Customer_004706,Standard,2022-04-23,Active,customer4706@email.com
4707,Customer_004707,Basic,2023-03-04,Active,customer4707@email.com
4708,Customer_004708,Standard,2023-09-02,Active,customer4708@email.com
4709,Customer_004709,Basic,2023-10-12,Active,customer4709@email.com
4710,Customer_004710,Basic,2022-08-13,Active,customer4710@email.com
4711,Customer_004711,Basic,2021-05-06,Active,customer4711@email.com
4712,Customer_004712,Basic,2021-06-12,Active,customer4712@email.com
4713,Customer_004713,Basic,2021-10-22,Inactive,customer4713@email.com
4714,Customer_004714,Standard,2022-01-23,Inactive,customer4714@email.com
4715,Customer_004715,Standard,2021-06-05,Inactive,customer4715@email.com
4716,Customer_004716,Basic,2022-04-12,Active,customer4716@email.com
4717,Customer_004717,Basic,2024-04-28,Active,customer4717@email.com
4718,Customer_004718,Standard,2024-08-04,Active,customer4718@email.com
4719,Customer_004719,Basic,2022-12-08,Active,customer4719@email.com
4720,Customer_004720,Premium,2024-09-03,Active,customer4720@email.com
4721,Customer_004721,Standard,2022-07-31,Active,customer4721@email.com
4722,Customer_004722,Standard,2021-05-09,Active,customer4722@email.com
4723,Customer_004723,Standard,2021-05-04,Active,customer4723@email.com
4724,Customer_004724,Basic,2021-06-13,Inactive,customer4724@email.com
4725,,Standard,2023-07-03,Active,
4726,Customer_004726,Standard,2021-06-30,Active,customer4726@email.com
4727,Customer_004727,Premium,2023-01-11,Active,customer4727@email.com
4728,Customer_004728,Basic,2021-05-15,Active,customer4728@email.com
4729,Customer_004729,Standard,2022-10-16,Inactive,customer4729@email.com
4730,Customer_004730,Basic,2023-09-11,Active,customer4730@email.com
4731,Customer_004731,Basic,2023-09-29,Active,customer4731@email.com
4732,Customer_004732,Basic,2022-01-25,Active,customer4732@email.com
4733,Customer_004733,Basic,2024-11-15,Inactive,customer4733@email.com
4734,Customer_004734,Basic,2023-08-04,Inactive,customer4734@email.com
4735,Customer_004735,Basic,2023-04-06,Active,customer4735@email.com
4736,Customer_004736,Standard,2023-07-16,Active,customer4736@email.com
4737,Customer_004737,Basic,2023-03-01,Active,customer4737@email.com
4738,Customer_004738,Basic,2021-10-13,Inactive,customer4738@email.com
4739,Customer_004739,Basic,2024-07-18,Inactive,customer4739@email.com
4740,Customer_004740,Standard,2023-06-09,Active,customer4740@email.com
4741,Customer_004741,Premium,2021-12-20,Active,customer4741@email.com
4742,Customer_004742,Basic,2022-03-21,Inactive,customer4742@email.com
4743,Customer_004743,Basic,2021-11-03,Active,customer4743@email.com
4744,Customer_004744,Premium,2023-10-16,Active,customer4744@email.com
4745,Customer_004745,Premium,2024-01-31,Active,customer4745@email.com
4746,Customer_004746,Basic,2024-05-27,Active,customer4746@email.com
4747,Customer_004747,Standard,2021-11-24,Active,customer4747@email.com
4748,Customer_004748,Basic,2022-12-25,Active,customer4748@email.com
4749,Customer_004749,Standard,2022-10-25,Active,customer4749@email.com
4750,Customer_004750,Basic,2021-10-17,Active,customer4750@email.com
4751,Customer_004751,Basic,2022-03-20,Inactive,customer4751@email.com
4752,Customer_004752,Basic,2022-09-23,Inactive,customer4752@email.com
4753,Customer_004753,Standard,2022-09-29,Active,customer4753@email.com
4754,Customer_004754,Premium,2021-09-07,Active,customer4754@email.com
4755,Customer_004755,Standard,2022-11-30,Active,customer4755@email.com
4756,Customer_004756,Basic,2021-09-20,Active,customer4756@email.com
4757,,Premium,2021-05-10,Active,
4758,Customer_004758,Basic,2022-05-20,Active,customer4758@email.com
4759,Customer_004759,Standard,2022-04-24,Active,customer4759@email.com
4760,Customer_004760,Basic,2024-07-22,Active,customer4760@email.com
4761,Customer_004761,Standard,2022-07-29,Active,customer4761@email.com
4762,Customer_004762,Basic,2022-11-10,Inactive,customer4762@email.com
4763,Customer_004763,Premium,2022-10-22,Active,customer4763@email.com
4764,Customer_004764,Basic,2022-04-14,Active,customer4764@email.com
4765,Customer_004765,Basic,2022-05-26,Inactive,customer4765@email.com
4766,Customer_004766,Premium,2021-02-09,Inactive,customer4766@email.com
4767,Customer_004767,Standard,2023-02-26,Inactive,customer4767@email.com
4768,Customer_004768,Standard,2021-06-16,Active,customer4768@email.com
4769,Customer_004769,Basic,2022-06-29,Inactive,customer4769@email.com
4770,Customer_004770,Premium,2022-01-31,Active,customer4770@email.com
4771,Customer_004771,Standard,2021-10-21,Active,customer4771@email.com
4772,Customer_004772,Standard,2023-08-29,Active,customer4772@email.com
4773,Customer_004773,Standard,2022-11-02,Active,customer4773@email.com
4774,Customer_004774,Premium,2024-02-25,Active,customer4774@email.com
4775,Customer_004775,Standard,2022-10-18,Inactive,customer4775@email.com
4776,Customer_004776,Premium,2024-01-04,Inactive,customer4776@email.com
4777,Customer_004777,Basic,2022-01-21,Active,customer4777@email.com
4778,Customer_004778,Basic,2021-09-04,Inactive,customer4778@email.com
4779,Customer_004779,Premium,2022-02-04,Active,customer4779@email.com
4780,Customer_004780,Basic,2022-05-24,Active,customer4780@email.com
4781,Customer_004781,Basic,2021-01-23,Active,customer4781@email.com
4782,Customer_004782,Basic,2022-08-30,Active,customer4782@email.com
4783,Customer_004783,Standard,2023-05-14,Active,customer4783@email.com
4784,Customer_004784,Basic,2021-10-30,Inactive,customer4784@email.com
4785,Customer_004785,Standard,2021-11-18,Inactive,customer4785@email.com
4786,Customer_004786,Standard,2021-08-09,Active,customer4786@email.com
4787,Customer_004787,Premium,2022-02-10,Active,customer4787@email.com
4788,Customer_004788,Standard,2021-11-30,Active,customer4788@email.com
4789,Customer_004789,Basic,2021-02-04,Inactive,customer4789@email.com
4790,Customer_004790,Premium,2024-02-06,Active,customer4790@email.com
4791,Customer_004791,Standard,2023-02-08,Active,customer4791@email.com
4792,Customer_004792,Premium,2024-08-16,Active,customer4792@email.com
4793,Customer_004793,Basic,2024-06-09,Inactive,customer4793@email.com
4794,Customer_004794,Standard,2022-08-03,Active,customer4794@email.com
4795,Customer_004795,Standard,2021-03-22,Inactive,customer4795@email.com
4796,Customer_004796,Basic,2021-09-28,Active,customer4796@email.com
4797,Customer_004797,Basic,2021-10-14,Active,customer4797@email.com
4798,Customer_004798,Standard,2022-04-27,Active,customer4798@email.com
4799,Customer_004799,Standard,2023-01-02,Active,customer4799@email.com
4800,Customer_004800,Standard,2021-05-23,Active,customer4800@email.com
4801,Customer_004801,Premium,2023-12-11,Active,customer4801@email.com
4802,Customer_004802,Standard,2024-11-23,Active,customer4802@email.com
4803,Customer_004803,Basic,2022-03-01,Inactive,customer4803@email.com
4804,Customer_004804,Basic,2022-06-19,Active,customer4804@email.com
4805,Customer_004805,Standard,2024-10-31,Active,customer4805@email.com
4806,Customer_004806,Basic,2024-11-29,Active,customer4806@email.com
4807,Customer_004807,Basic,2022-03-25,Active,customer4807@email.com
4808,Customer_004808,Basic,2021-10-09,Inactive,customer4808@email.com
4809,Customer_004809,Basic,2024-07-23,Inactive,customer4809@email.com
4810,Customer_004810,Basic,2022-08-17,Active,customer4810@email.com
4811,Customer_004811,Standard,2024-11-28,Active,customer4811@email.com
4812,Customer_004812,Standard,2022-02-14,Active,customer4812@email.com
4813,Customer_004813,Standard,2024-04-08,Active,customer4813@email.com
4814,Customer_004814,Basic,2021-06-15,Inactive,customer4814@email.com
4815,Customer_004815,Premium,2021-12-03,Active,customer4815@email.com
4816,Customer_004816,Standard,2021-01-16,Active,customer4816@email.com
4817,Customer_004817,Premium,2022-07-31,Active,customer4817@email.com
4818,Customer_004818,Standard,2023-03-07,Active,customer4818@email.com
4819,Customer_004819,Basic,2024-05-29,Active,customer4819@email.com
4820,Customer_004820,Standard,2022-06-18,Active,customer4820@email.com
4821,Customer_004821,Standard,2023-07-14,Active,customer4821@email.com
4822,Customer_004822,Standard,2024-08-27,Active,customer4822@email.com
4823,Customer_004823,Standard,2022-02-24,Active,customer4823@email.com
4824,Customer_004824,Basic,2021-08-07,Active,customer4824@email.com
4825,Customer_004825,Basic,2022-02-14,Active,customer4825@email.com
4826,Customer_004826,Standard,2022-09-04,Active,customer4826@email.com
4827,Customer_004827,Standard,2024-04-29,Active,customer4827@email.com
4828,Customer_004828,Basic,2021-04-22,Active,customer4828@email.com
4829,Customer_004829,Basic,2022-06-01,Active,customer4829@email.com
4830,Customer_004830,Basic,2021-01-26,Inactive,customer4830@email.com
4831,Customer_004831,Basic,2022-11-15,Active,customer4831@email.com
4832,Customer_004832,Standard,2023-03-07,Active,customer4832@email.com
4833,Customer_004833,Standard,2023-03-12,Active,customer4833@email.com
4834,Customer_004834,Premium,2023-10-04,Active,customer4834@email.com
4835,Customer_004835,Basic,2024-09-28,Inactive,customer4835@email.com
4836,Customer_004836,,2024-06-16,Active,customer4836@email.com
4837,Customer_004837,Standard,2021-03-05,Active,customer4837@email.com
4838,Customer_004838,Standard,2022-07-16,Active,customer4838@email.com
4839,Customer_004839,Basic,2023-02-21,Active,customer4839@email.com
4840,Customer_004840,Basic,2021-07-19,Active,customer4840@email.com
4841,Customer_004841,Basic,2022-01-26,Active,customer4841@email.com
4842,Customer_004842,Standard,2023-02-03,Inactive,customer4842@email.com
4843,Customer_004843,Basic,2021-02-15,Active,customer4843@email.com
4844,Customer_004844,Standard,2021-09-03,Active,customer4844@email.com
4845,Customer_004845,Standard,2022-02-24,Inactive,customer4845@email.com
4846,Customer_004846,Basic,2024-10-28,Active,customer4846@email.com
4847,Customer_004847,Standard,2023-09-03,Inactive,customer4847@email.com
4848,Customer_004848,Standard,2022-04-26,Active,customer4848@email.com
4849,Customer_004849,Standard,2024-11-24,Active,customer4849@email.com
4850,Customer_004850,Basic,2024-12-10,Inactive,customer4850@email.com
4851,Customer_004851,Basic,2024-11-17,Active,customer4851@email.com
4852,Customer_004852,Basic,2024-10-20,Inactive,customer4852@email.com
4853,Customer_004853,Standard,2023-06-05,Active,customer4853@email.com
4854,Customer_004854,Premium,2021-01-28,Active,customer4854@email.com
4855,Customer_004855,Standard,2021-05-10,Active,customer4855@email.com
4856,Customer_004856,Standard,2024-12-24,Inactive,customer4856@email.com
4857,Customer_004857,Standard,2022-07-02,Active,customer4857@email.com
4858,Customer_004858,Standard,2022-01-21,Active,customer4858@email.com
4859,Customer_004859,Standard,2021-01-04,Active,customer4859@email.com
4860,Customer_004860,Standard,2024-02-28,Active,customer4860@email.com
4861,Customer_004861,Basic,2024-12-10,Active,customer4861@email.com
4862,Customer_004862,Basic,2021-04-07,Inactive,customer4862@email.com
4863,Customer_004863,Premium,2023-01-23,Inactive,customer4863@email.com
4864,Customer_004864,Basic,2021-12-02,Active,customer4864@email.com
4865,Customer_004865,Standard,2024-02-03,Active,customer4865@email.com
4866,Customer_004866,Premium,2024-08-02,Active,customer4866@email.com
4867,Customer_004867,Standard,2023-04-03,Inactive,customer4867@email.com
4868,Customer_004868,Basic,2022-08-22,Active,customer4868@email.com
4869,Customer_004869,Basic,2023-10-10,Active,customer4869@email.com
4870,Customer_004870,Standard,2023-06-04,Active,customer4870@email.com
4871,Customer_004871,Premium,2021-10-09,Active,customer4871@email.com
4872,Customer_004872,Basic,2023-08-14,Inactive,customer4872@email.com
4873,Customer_004873,Standard,2024-10-25,Active,customer4873@email.com
4874,Customer_004874,Basic,2023-11-04,Active,customer4874@email.com
4875,Customer_004875,Premium,2021-10-25,Inactive,customer4875@email.com
4876,Customer_004876,Standard,2021-11-23,Active,customer4876@email.com
4877,Customer_004877,Standard,2022-02-26,Inactive,customer4877@email.com
4878,Customer_004878,Standard,2023-05-09,Active,customer4878@email.com
4879,Customer_004879,Standard,2024-01-20,Inactive,customer4879@email.com
4880,Customer_004880,Standard,2021-01-09,Active,customer4880@email.com
4881,Customer_004881,Basic,2021-12-04,Active,customer4881@email.com
4882,Customer_004882,Basic,2022-11-17,Inactive,customer4882@email.com
4883,Customer_004883,Basic,2023-02-04,Active,customer4883@email.com
4884,Customer_004884,Basic,2024-09-07,Inactive,customer4884@email.com
4885,Customer_004885,Basic,2022-12-21,Active,customer4885@email.com
4886,Customer_004886,Basic,2021-08-06,Active,customer4886@email.com
4887,Customer_004887,Standard,2021-11-15,Active,customer4887@email.com
4888,Customer_004888,Basic,2022-01-21,Active,customer4888@email.com
4889,Customer_004889,Basic,2023-10-31,Inactive,customer4889@email.com
4890,Customer_004890,Standard,2021-05-28,Active,customer4890@email.com
4891,Customer_004891,Standard,2023-04-12,Active,customer4891@email.com
4892,Customer_004892,Basic,2024-07-31,Inactive,customer4892@email.com
4893,,Basic,2021-02-18,Inactive,
4894,Customer_004894,Premium,2022-03-01,Active,customer4894@email.com
4895,Customer_004895,Basic,2021-05-27,Active,customer4895@email.com
4896,Customer_004896,Standard,2021-09-01,Active,customer4896@email.com
4897,,Premium,2023-04-06,Active,
4898,Customer_004898,Basic,2022-12-04,Active,customer4898@email.com
4899,Customer_004899,Basic,2023-05-28,Active,customer4899@email.com
4900,Customer_004900,Standard,2024-07-24,Inactive,customer4900@email.com
4901,Customer_004901,Basic,2023-10-04,Active,customer4901@email.com
4902,Customer_004902,Premium,2022-12-21,Active,customer4902@email.com
4903,Customer_004903,Basic,2023-02-25,Inactive,customer4903@email.com
4904,Customer_004904,Basic,2023-05-16,Active,customer4904@email.com
4905,Customer_004905,Basic,2022-12-20,Active,customer4905@email.com
4906,Customer_004906,Premium,2021-02-25,Active,customer4906@email.com
4907,Customer_004907,Standard,2021-06-27,Inactive,customer4907@email.com
4908,Customer_004908,Basic,2021-06-19,Inactive,customer4908@email.com
4909,Customer_004909,Basic,2024-07-16,Active,customer4909@email.com
4910,Customer_004910,Standard,2022-11-22,Active,customer4910@email.com
4911,Customer_004911,Basic,2021-03-12,Inactive,customer4911@email.com
4912,Customer_004912,Basic,2024-12-12,Active,customer4912@email.com
4913,Customer_004913,Standard,2023-04-21,Inactive,customer4913@email.com
4914,Customer_004914,Standard,2024-04-30,Active,customer4914@email.com
4915,Customer_004915,Basic,2023-11-03,Inactive,customer4915@email.com
4916,Customer_004916,Standard,2023-08-07,Inactive,customer4916@email.com
4917,Customer_004917,Standard,2024-01-03,Inactive,customer4917@email.com
4918,Customer_004918,Premium,2024-04-14,Active,customer4918@email.com
4919,Customer_004919,Basic,2021-12-23,Active,customer4919@email.com
4920,Customer_004920,Basic,2021-11-30,Inactive,customer4920@email.com
4921,Customer_004921,Basic,2023-05-24,Inactive,customer4921@email.com
4922,Customer_004922,Standard,2021-06-07,Active,customer4922@email.com
4923,Customer_004923,Premium,2021-01-12,Active,customer4923@email.com
4924,Customer_004924,Basic,2024-09-01,Active,customer4924@email.com
4925,Customer_004925,Basic,2021-03-31,Active,customer4925@email.com
4926,Customer_004926,Basic,2024-10-30,Inactive,customer4926@email.com
4927,Customer_004927,Premium,2023-06-30,Active,customer4927@email.com
4928,Customer_004928,Basic,2021-08-26,Active,customer4928@email.com
4929,Customer_004929,Premium,2024-05-24,Active,customer4929@email.com
4930,Customer_004930,Standard,2023-01-21,Active,customer4930@email.com
4931,Customer_004931,Basic,2024-12-21,Active,customer4931@email.com
4932,Customer_004932,Basic,2024-07-24,Inactive,customer4932@email.com
4933,Customer_004933,Basic,2021-03-10,Active,customer4933@email.com
4934,Customer_004934,Standard,2023-05-15,Active,customer4934@email.com
4935,Customer_004935,Basic,2024-09-23,Active,customer4935@email.com
4936,Customer_004936,Standard,2022-05-14,Active,customer4936@email.com
4937,Customer_004937,Standard,2021-09-05,Active,customer4937@email.com
4938,Customer_004938,Basic,2022-01-18,Active,customer4938@email.com
4939,Customer_004939,Premium,2024-01-24,Active,customer4939@email.com
4940,Customer_004940,Basic,2021-05-17,Active,customer4940@email.com
4941,Customer_004941,Standard,2024-04-07,Active,customer4941@email.com
4942,Customer_004942,Standard,2022-04-21,Inactive,customer4942@email.com
4943,Customer_004943,Premium,2024-12-07,Active,customer4943@email.com
4944,Customer_004944,Basic,2023-11-11,Inactive,customer4944@email.com
4945,Customer_004945,Standard,2024-09-25,Active,customer4945@email.com
4946,Customer_004946,Basic,2022-09-14,Active,customer4946@email.com
4947,Customer_004947,Basic,2022-05-15,Inactive,customer4947@email.com
4948,Customer_004948,Basic,2022-01-22,Active,customer4948@email.com
4949,Customer_004949,Basic,2022-03-15,Inactive,customer4949@email.com
4950,Customer_004950,Basic,2024-07-21,Active,customer4950@email.com
4951,Customer_004951,Premium,2021-05-26,Active,customer4951@email.com
4952,Customer_004952,Premium,2023-11-11,Active,customer4952@email.com
4953,Customer_004953,Basic,2023-09-06,Active,customer4953@email.com
4954,Customer_004954,Basic,2024-03-05,Active,customer4954@email.com
4955,Customer_004955,Standard,2023-04-27,Active,customer4955@email.com
4956,Customer_004956,Standard,2022-04-07,Inactive,customer4956@email.com
4957,Customer_004957,Premium,2023-06-04,Active,customer4957@email.com
4958,Customer_004958,Standard,2023-03-20,Inactive,customer4958@email.com
4959,Customer_004959,Premium,2023-02-05,Active,customer4959@email.com
4960,Customer_004960,Premium,2022-04-06,Active,customer4960@email.com
4961,Customer_004961,Standard,2024-06-13,Inactive,customer4961@email.com
4962,Customer_004962,Basic,2023-04-13,Active,customer4962@email.com
4963,Customer_004963,Basic,2021-11-19,Active,customer4963@email.com
4964,Customer_004964,Standard,2023-10-16,Inactive,customer4964@email.com
4965,Customer_004965,Basic,2021-03-05,Inactive,customer4965@email.com
4966,Customer_004966,Basic,2024-12-13,Active,customer4966@email.com
4967,Customer_004967,Standard,2024-08-06,Active,customer4967@email.com
4968,Customer_004968,Standard,2022-07-30,Active,customer4968@email.com
4969,Customer_004969,Standard,2022-12-01,Active,customer4969@email.com
4970,Customer_004970,Basic,2022-11-01,Inactive,customer4970@email.com
4971,Customer_004971,Basic,2023-08-21,Active,customer4971@email.com
4972,Customer_004972,Premium,2024-11-10,Active,customer4972@email.com
4973,Customer_004973,Standard,2024-10-29,Active,customer4973@email.com
4974,Customer_004974,Standard,2024-03-21,Active,customer4974@email.com
4975,Customer_004975,Basic,2024-11-17,Active,customer4975@email.com
4976,Customer_004976,Basic,2023-11-25,Inactive,customer4976@email.com
4977,Customer_004977,Standard,2024-07-12,Active,customer4977@email.com
4978,Customer_004978,Standard,2022-08-15,Active,customer4978@email.com
4979,Customer_004979,Basic,2022-10-26,Inactive,customer4979@email.com
4980,Customer_004980,Basic,2022-12-15,Active,customer4980@email.com
4981,Customer_004981,Basic,2022-11-18,Active,customer4981@email.com
4982,Customer_004982,Standard,2022-06-25,Active,customer4982@email.com
4983,Customer_004983,Standard,2022-01-21,Active,customer4983@email.com
4984,Customer_004984,Basic,2021-10-13,Active,customer4984@email.com
4985,Customer_004985,Basic,2022-01-25,Active,customer4985@email.com
4986,Customer_004986,Premium,2024-01-17,Inactive,customer4986@email.com
4987,Customer_004987,Basic,2023-08-06,Active,customer4987@email.com
4988,Customer_004988,Standard,2022-08-20,Active,customer4988@email.com
4989,Customer_004989,Standard,2024-07-21,Inactive,customer4989@email.com
4990,Customer_004990,Basic,2024-08-19,Active,customer4990@email.com
4991,Customer_004991,Standard,2023-03-14,Active,customer4991@email.com
4992,Customer_004992,Standard,2024-03-09,Inactive,customer4992@email.com
4993,Customer_004993,Basic,2022-06-06,Active,customer4993@email.com
4994,Customer_004994,Standard,2023-02-11,Active,customer4994@email.com
4995,Customer_004995,Premium,2021-01-07,Active,customer4995@email.com
4996,Customer_004996,Standard,2022-06-06,Active,customer4996@email.com
4997,Customer_004997,Standard,2024-02-02,Inactive,customer4997@email.com
4998,Customer_004998,Premium,2024-03-08,Inactive,customer4998@email.com
4999,Customer_004999,Basic,2023-05-26,Inactive,customer4999@email.com
5000,Customer_005000,Standard,2021-08-10,Active,customer5000@email.com
5001,Customer_005001,Standard,2021-09-02,Active,customer5001@email.com
5002,Customer_005002,Standard,2021-04-22,Active,customer5002@email.com
5003,Customer_005003,Standard,2021-08-09,Inactive,customer5003@email.com
5004,Customer_005004,Premium,2021-07-16,Active,customer5004@email.com
5005,Customer_005005,Basic,2022-02-24,Inactive,customer5005@email.com
5006,,Basic,2021-05-03,Inactive,
5007,Customer_005007,Basic,2024-07-02,Active,customer5007@email.com
5008,Customer_005008,Basic,2022-05-08,Active,customer5008@email.com
5009,Customer_005009,Premium,2024-03-14,Active,customer5009@email.com
5010,Customer_005010,Premium,2022-12-26,Active,customer5010@email.com
5011,Customer_005011,Standard,2024-02-08,Active,customer5011@email.com
5012,Customer_005012,Basic,2021-12-18,Active,customer5012@email.com
5013,Customer_005013,Basic,2022-02-21,Active,customer5013@email.com
5014,Customer_005014,Basic,2021-11-25,Inactive,customer5014@email.com
5015,Customer_005015,Basic,2022-07-07,Inactive,customer5015@email.com
5016,Customer_005016,Premium,2022-05-20,Inactive,customer5016@email.com
5017,Customer_005017,Basic,2023-07-31,Inactive,customer5017@email.com
5018,Customer_005018,,2022-03-28,Active,customer5018@email.com
5019,Customer_005019,Basic,2024-10-06,Active,customer5019@email.com
5020,Customer_005020,Basic,2024-05-13,Active,customer5020@email.com
5021,Customer_005021,Basic,2022-04-21,Active,customer5021@email.com
5022,Customer_005022,Standard,2024-12-30,Active,customer5022@email.com
5023,Customer_005023,Basic,2023-02-27,Active,customer5023@email.com
5024,Customer_005024,Standard,2021-02-17,Active,customer5024@email.com
5025,Customer_005025,Basic,2024-10-10,Inactive,customer5025@email.com
5026,Customer_005026,Basic,2023-12-10,Active,customer5026@email.com
5027,Customer_005027,Basic,2023-11-06,Active,customer5027@email.com
5028,Customer_005028,Basic,2024-05-27,Active,customer5028@email.com
5029,Customer_005029,Standard,2021-06-08,Inactive,customer5029@email.com
5030,Customer_005030,Basic,2023-02-13,Active,customer5030@email.com
5031,Customer_005031,Standard,2022-03-23,Active,customer5031@email.com
5032,Customer_005032,Basic,2022-05-25,Active,customer5032@email.com
5033,Customer_005033,Premium,2023-02-17,Active,customer5033@email.com
5034,Customer_005034,Basic,2021-02-19,Inactive,customer5034@email.com
5035,Customer_005035,Basic,2024-08-14,Inactive,customer5035@email.com
5036,Customer_005036,Basic,2021-02-14,Inactive,customer5036@email.com
5037,Customer_005037,Basic,2023-02-20,Active,customer5037@email.com
5038,Customer_005038,Basic,2023-07-02,Active,customer5038@email.com
5039,Customer_005039,Standard,2022-06-07,Active,customer5039@email.com
5040,Customer_005040,Premium,2022-06-17,Inactive,customer5040@email.com
5041,Customer_005041,Basic,2024-04-14,Active,customer5041@email.com
5042,Customer_005042,Basic,2022-02-05,Active,customer5042@email.com
5043,Customer_005043,Premium,2023-01-17,Active,customer5043@email.com
5044,Customer_005044,Basic,2024-12-19,Active,customer5044@email.com
5045,Customer_005045,Basic,2024-11-25,Active,customer5045@email.com
5046,Customer_005046,Standard,2023-12-12,Active,customer5046@email.com
5047,Customer_005047,Standard,2022-08-24,Inactive,customer5047@email.com
5048,Customer_005048,Basic,2022-01-16,Active,customer5048@email.com
5049,Customer_005049,Basic,2023-12-03,Inactive,customer5049@email.com
5050,Customer_005050,Standard,2024-06-25,Active,customer5050@email.com
5051,Customer_005051,Basic,2021-12-27,Active,customer5051@email.com
5052,Customer_005052,Basic,2023-05-17,Active,customer5052@email.com
5053,Customer_005053,Basic,2022-02-05,Active,customer5053@email.com
5054,Customer_005054,Standard,2021-07-27,Active,customer5054@email.com
5055,Customer_005055,Standard,2023-12-30,Active,customer5055@email.com
5056,Customer_005056,Standard,2023-01-26,Active,customer5056@email.com
5057,Customer_005057,,2022-01-18,Active,customer5057@email.com
5058,Customer_005058,Premium,2021-12-18,Active,customer5058@email.com
5059,Customer_005059,Premium,2021-02-12,Active,customer5059@email.com
5060,Customer_005060,Premium,2023-03-18,Active,customer5060@email.com
5061,Customer_005061,Premium,2021-11-16,Active,customer5061@email.com
5062,Customer_005062,Basic,2024-06-01,Inactive,customer5062@email.com
5063,Customer_005063,Premium,2022-07-26,Active,customer5063@email.com
5064,Customer_005064,Standard,2024-12-25,Inactive,customer5064@email.com
5065,Customer_005065,Basic,2024-08-03,Inactive,customer5065@email.com
5066,Customer_005066,Basic,2023-02-12,Active,customer5066@email.com
5067,Customer_005067,Basic,2023-12-20,Active,customer5067@email.com
5068,Customer_005068,Premium,2023-03-20,Active,customer5068@email.com
5069,Customer_005069,Premium,2023-12-12,Active,customer5069@email.com
5070,Customer_005070,Basic,2023-12-01,Active,customer5070@email.com
5071,Customer_005071,Premium,2023-04-10,Active,customer5071@email.com
5072,Customer_005072,Basic,2023-04-15,Active,customer5072@email.com
5073,Customer_005073,Basic,2021-09-16,Inactive,customer5073@email.com
5074,Customer_005074,Basic,2024-05-13,Active,customer5074@email.com
5075,Customer_005075,Basic,2021-08-25,Active,customer5075@email.com
5076,Customer_005076,Basic,2023-02-09,Active,customer5076@email.com
5077,Customer_005077,Standard,2023-09-25,Active,customer5077@email.com
5078,Customer_005078,Basic,2023-06-11,Active,customer5078@email.com
5079,Customer_005079,Standard,2023-07-11,Active,customer5079@email.com
5080,Customer_005080,Basic,2021-10-14,Inactive,customer5080@email.com
5081,Customer_005081,Basic,2022-05-16,Active,customer5081@email.com
5082,Customer_005082,Standard,2023-06-19,Active,customer5082@email.com
5083,Customer_005083,Basic,2024-12-30,Active,customer5083@email.com
5084,Customer_005084,Standard,2023-08-07,Active,customer5084@email.com
5085,Customer_005085,Standard,2022-05-18,Active,customer5085@email.com
5086,Customer_005086,Basic,2021-07-27,Active,customer5086@email.com
5087,Customer_005087,Basic,2023-08-11,Active,customer5087@email.com
5088,Customer_005088,Standard,2023-06-07,Active,customer5088@email.com
5089,Customer_005089,Basic,2023-11-16,Active,customer5089@email.com
5090,Customer_005090,Basic,2023-09-09,Inactive,customer5090@email.com
5091,Customer_005091,Basic,2022-09-28,Active,customer5091@email.com
5092,Customer_005092,Standard,2021-07-27,Active,customer5092@email.com
5093,Customer_005093,Basic,2022-07-07,Active,customer5093@email.com
5094,Customer_005094,Basic,2024-07-15,Inactive,customer5094@email.com
5095,Customer_005095,Standard,2023-04-07,Active,customer5095@email.com
5096,Customer_005096,Basic,2022-12-12,Active,customer5096@email.com
5097,Customer_005097,Premium,2021-04-15,Inactive,customer5097@email.com
5098,Customer_005098,Standard,2023-06-17,Inactive,customer5098@email.com
5099,Customer_005099,Basic,2023-11-19,Inactive,customer5099@email.com
5100,Customer_005100,Standard,2024-03-05,Active,customer5100@email.com
5101,Customer_005101,Basic,2021-11-11,Active,customer5101@email.com
5102,Customer_005102,Standard,2024-09-14,Active,customer5102@email.com
5103,Customer_005103,Standard,2024-07-24,Active,customer5103@email.com
5104,Customer_005104,Basic,2022-02-07,Active,customer5104@email.com
5105,Customer_005105,Premium,2023-03-19,Active,customer5105@email.com
5106,Customer_005106,Basic,2021-01-25,Active,customer5106@email.com
5107,Customer_005107,Premium,2024-03-11,Active,customer5107@email.com
5108,Customer_005108,Basic,2021-11-07,Inactive,customer5108@email.com
5109,,Basic,2022-03-08,Active,
5110,Customer_005110,Basic,2021-03-18,Active,customer5110@email.com
5111,Customer_005111,Basic,2021-05-16,Inactive,customer5111@email.com
5112,Customer_005112,Basic,2021-12-06,Active,customer5112@email.com
5113,Customer_005113,Premium,2021-06-13,Active,customer5113@email.com
5114,Customer_005114,Basic,2022-12-03,Inactive,customer5114@email.com
5115,Customer_005115,Standard,2023-08-19,Active,customer5115@email.com
5116,Customer_005116,Basic,2024-02-18,Active,customer5116@email.com
5117,Customer_005117,Basic,2022-11-09,Active,customer5117@email.com
5118,Customer_005118,Basic,2021-11-15,Active,customer5118@email.com
5119,Customer_005119,Basic,2024-04-22,Active,customer5119@email.com
5120,Customer_005120,Basic,2024-05-01,Active,customer5120@email.com
5121,Customer_005121,Basic,2021-02-15,Active,customer5121@email.com
5122,Customer_005122,Standard,2023-11-09,Active,customer5122@email.com
5123,Customer_005123,Standard,2023-04-09,Inactive,customer5123@email.com
5124,Customer_005124,Standard,2022-06-12,Inactive,customer5124@email.com
5125,Customer_005125,Basic,2022-04-03,Active,customer5125@email.com
5126,Customer_005126,Basic,2022-05-25,Active,customer5126@email.com
5127,Customer_005127,Premium,2021-07-21,Active,customer5127@email.com
5128,Customer_005128,Basic,2023-04-26,Active,customer5128@email.com
5129,Customer_005129,Basic,2022-11-10,Active,customer5129@email.com
5130,Customer_005130,Basic,2024-06-30,Active,customer5130@email.com
5131,Customer_005131,Basic,2021-05-16,Inactive,customer5131@email.com
5132,Customer_005132,Basic,2021-04-27,Inactive,customer5132@email.com
5133,Customer_005133,Basic,2021-11-12,Active,customer5133@email.com
5134,Customer_005134,Standard,2022-11-15,Active,customer5134@email.com
5135,Customer_005135,Standard,2022-04-28,Active,customer5135@email.com
5136,Customer_005136,Standard,2023-03-23,Active,customer5136@email.com
5137,Customer_005137,Basic,2022-04-27,Active,customer5137@email.com
5138,Customer_005138,Basic,2021-12-04,Active,customer5138@email.com
5139,Customer_005139,Basic,2024-04-30,Inactive,customer5139@email.com
5140,Customer_005140,Standard,2021-06-18,Active,customer5140@email.com
5141,Customer_005141,Standard,2021-11-04,Active,customer5141@email.com
5142,Customer_005142,Basic,2021-07-09,Inactive,customer5142@email.com
5143,Customer_005143,Premium,2024-11-29,Active,customer5143@email.com
5144,Customer_005144,Standard,2021-01-05,Active,customer5144@email.com
5145,Customer_005145,Basic,2022-08-20,Active,customer5145@email.com
5146,Customer_005146,Basic,2024-11-05,Active,customer5146@email.com
5147,Customer_005147,Standard,2024-09-26,Active,customer5147@email.com
5148,Customer_005148,Standard,2022-09-27,Inactive,customer5148@email.com
5149,Customer_005149,Basic,2024-04-08,Active,customer5149@email.com
5150,Customer_005150,Premium,2021-01-01,Active,customer5150@email.com
5151,Customer_005151,Basic,2021-12-15,Inactive,customer5151@email.com
5152,Customer_005152,Premium,2023-10-02,Inactive,customer5152@email.com
5153,Customer_005153,Standard,2024-06-14,Active,customer5153@email.com
5154,Customer_005154,Basic,2024-06-08,Active,customer5154@email.com
5155,Customer_005155,Basic,2024-05-26,Active,customer5155@email.com
5156,Customer_005156,Basic,2024-12-04,Active,customer5156@email.com
5157,Customer_005157,Basic,2022-04-04,Active,customer5157@email.com
5158,Customer_005158,Basic,2022-11-25,Active,customer5158@email.com
5159,Customer_005159,Standard,2023-07-16,Active,customer5159@email.com
5160,Customer_005160,Basic,2022-08-25,Active,customer5160@email.com
5161,Customer_005161,Basic,2023-05-07,Active,customer5161@email.com
5162,Customer_005162,Basic,2022-09-26,Active,customer5162@email.com
5163,Customer_005163,Standard,2023-08-03,Active,customer5163@email.com
5164,Customer_005164,Standard,2021-06-12,Active,customer5164@email.com
5165,Customer_005165,Standard,2021-10-30,Inactive,customer5165@email.com
5166,Customer_005166,Basic,2021-11-02,Active,customer5166@email.com
5167,Customer_005167,Premium,2022-11-13,Active,customer5167@email.com
5168,Customer_005168,Standard,2023-09-14,Inactive,customer5168@email.com
5169,Customer_005169,Standard,2024-08-12,Active,customer5169@email.com
5170,Customer_005170,Standard,2024-04-18,Inactive,customer5170@email.com
5171,Customer_005171,Premium,2023-08-28,Active,customer5171@email.com
5172,Customer_005172,Premium,2023-03-12,Active,customer5172@email.com
5173,Customer_005173,Basic,2021-03-06,Active,customer5173@email.com
5174,Customer_005174,Standard,2023-03-09,Inactive,customer5174@email.com
5175,Customer_005175,Basic,2024-09-10,Active,customer5175@email.com
5176,Customer_005176,Basic,2022-10-25,Inactive,customer5176@email.com
5177,Customer_005177,Premium,2024-12-19,Active,customer5177@email.com
5178,Customer_005178,Standard,2024-03-06,Active,customer5178@email.com
5179,Customer_005179,Basic,2021-12-03,Active,customer5179@email.com
5180,Customer_005180,Premium,2023-09-25,Active,customer5180@email.com
5181,Customer_005181,Basic,2021-03-28,Inactive,customer5181@email.com
5182,Customer_005182,Basic,2024-05-21,Inactive,customer5182@email.com
5183,Customer_005183,Premium,2022-02-19,Active,customer5183@email.com
5184,Customer_005184,Basic,2021-01-19,Active,customer5184@email.com
5185,Customer_005185,,2024-06-13,Active,customer5185@email.com
5186,Customer_005186,Standard,2023-09-16,Inactive,customer5186@email.com
5187,Customer_005187,Basic,2022-02-18,Active,customer5187@email.com
5188,Customer_005188,Basic,2024-09-10,Active,customer5188@email.com
5189,Customer_005189,Standard,2022-07-15,Active,customer5189@email.com
5190,Customer_005190,Basic,2024-04-24,Inactive,customer5190@email.com
5191,Customer_005191,Basic,2023-06-10,Inactive,customer5191@email.com
5192,Customer_005192,Standard,2021-03-22,Inactive,customer5192@email.com
5193,Customer_005193,Basic,2024-01-26,Active,customer5193@email.com
5194,Customer_005194,Premium,2023-07-24,Inactive,customer5194@email.com
5195,Customer_005195,Basic,2023-04-15,Inactive,customer5195@email.com
5196,Customer_005196,Basic,2021-05-09,Active,customer5196@email.com
5197,Customer_005197,Basic,2023-08-08,Active,customer5197@email.com
5198,Customer_005198,Premium,2022-04-18,Active,customer5198@email.com
5199,Customer_005199,Basic,2022-04-02,Active,customer5199@email.com
5200,Customer_005200,Basic,2024-08-28,Active,customer5200@email.com
5201,Customer_005201,Standard,2024-09-30,Active,customer5201@email.com
5202,,Standard,2022-06-28,Active,
5203,Customer_005203,Basic,2022-03-31,Active,customer5203@email.com
5204,,Standard,2023-03-25,Active,
5205,Customer_005205,Basic,2021-06-05,Active,customer5205@email.com
5206,Customer_005206,Basic,2024-01-25,Inactive,customer5206@email.com
5207,Customer_005207,Standard,2024-08-03,Active,customer5207@email.com
5208,Customer_005208,Basic,2024-09-20,Inactive,customer5208@email.com
5209,Customer_005209,Basic,2022-03-14,Active,customer5209@email.com
5210,Customer_005210,Standard,2021-08-26,Active,customer5210@email.com
5211,Customer_005211,Standard,2023-03-08,Active,customer5211@email.com
5212,Customer_005212,Basic,2024-01-22,Active,customer5212@email.com
5213,Customer_005213,Basic,2023-05-30,Inactive,customer5213@email.com
5214,Customer_005214,Standard,2023-09-10,Inactive,customer5214@email.com
5215,Customer_005215,Premium,2022-06-13,Active,customer5215@email.com
5216,Customer_005216,Standard,2022-06-11,Active,customer5216@email.com
5217,Customer_005217,Basic,2022-02-22,Active,customer5217@email.com
5218,Customer_005218,Basic,2022-08-15,Active,customer5218@email.com
5219,Customer_005219,Standard,2024-01-29,Active,customer5219@email.com
5220,Customer_005220,Standard,2021-11-15,Active,customer5220@email.com
5221,Customer_005221,Basic,2021-01-07,Inactive,customer5221@email.com
5222,Customer_005222,Basic,2022-07-08,Inactive,customer5222@email.com
5223,Customer_005223,Standard,2023-07-14,Active,customer5223@email.com
5224,Customer_005224,Standard,2023-12-31,Active,customer5224@email.com
5225,Customer_005225,Standard,2024-09-30,Inactive,customer5225@email.com
5226,Customer_005226,Basic,2022-12-31,Inactive,customer5226@email.com
5227,Customer_005227,Basic,2023-03-06,Inactive,customer5227@email.com
5228,Customer_005228,Basic,2022-05-28,Active,customer5228@email.com
5229,Customer_005229,Standard,2024-06-24,Active,customer5229@email.com
5230,Customer_005230,Premium,2021-06-26,Active,customer5230@email.com
5231,Customer_005231,Basic,2022-12-02,Active,customer5231@email.com
5232,Customer_005232,Basic,2024-01-01,Inactive,customer5232@email.com
5233,Customer_005233,Standard,2024-07-17,Active,customer5233@email.com
5234,Customer_005234,Standard,2023-03-09,Active,customer5234@email.com
5235,Customer_005235,Basic,2023-11-16,Active,customer5235@email.com
5236,Customer_005236,Basic,2021-12-10,Inactive,customer5236@email.com
5237,Customer_005237,Basic,2024-04-15,Active,customer5237@email.com
5238,Customer_005238,Basic,2022-04-10,Active,customer5238@email.com
5239,Customer_005239,Standard,2023-10-10,Active,customer5239@email.com
5240,Customer_005240,Standard,2022-10-22,Active,customer5240@email.com
5241,Customer_005241,Standard,2021-03-27,Active,customer5241@email.com
5242,Customer_005242,Basic,2024-03-15,Active,customer5242@email.com
5243,Customer_005243,Premium,2023-02-02,Active,customer5243@email.com
5244,Customer_005244,Premium,2021-01-16,Inactive,customer5244@email.com
5245,Customer_005245,Basic,2021-06-24,Active,customer5245@email.com
5246,Customer_005246,Standard,2023-12-03,Active,customer5246@email.com
5247,Customer_005247,Standard,2021-10-06,Active,customer5247@email.com
5248,Customer_005248,Basic,2024-02-04,Active,customer5248@email.com
5249,Customer_005249,Basic,2024-07-03,Active,customer5249@email.com
5250,Customer_005250,Standard,2024-07-30,Active,customer5250@email.com
5251,Customer_005251,Premium,2023-05-22,Active,customer5251@email.com
5252,Customer_005252,Basic,2021-04-23,Active,customer5252@email.com
5253,Customer_005253,Basic,2021-10-08,Active,customer5253@email.com
5254,Customer_005254,Standard,2021-11-10,Active,customer5254@email.com
5255,Customer_005255,Basic,2021-06-02,Active,customer5255@email.com
5256,Customer_005256,Premium,2023-10-18,Active,customer5256@email.com
5257,Customer_005257,Standard,2021-02-16,Active,customer5257@email.com
5258,Customer_005258,Basic,2022-01-14,Active,customer5258@email.com
5259,Customer_005259,Basic,2023-12-12,Active,customer5259@email.com
5260,Customer_005260,Basic,2023-01-13,Inactive,customer5260@email.com
5261,Customer_005261,Basic,2022-11-15,Inactive,customer5261@email.com
5262,Customer_005262,Basic,2024-03-26,Active,customer5262@email.com
5263,Customer_005263,Standard,2022-04-20,Inactive,customer5263@email.com
5264,Customer_005264,Basic,2024-02-01,Active,customer5264@email.com
5265,Customer_005265,Basic,2021-06-13,Active,customer5265@email.com
5266,Customer_005266,Basic,2024-03-28,Inactive,customer5266@email.com
5267,Customer_005267,Basic,2024-02-06,Active,customer5267@email.com
5268,Customer_005268,Basic,2023-04-07,Active,customer5268@email.com
5269,Customer_005269,Standard,2023-05-11,Active,customer5269@email.com
5270,Customer_005270,Basic,2021-04-17,Active,customer5270@email.com
5271,,Premium,2024-04-19,Active,
5272,Customer_005272,Basic,2021-03-29,Inactive,customer5272@email.com
5273,Customer_005273,Basic,2024-01-15,Active,customer5273@email.com
5274,Customer_005274,Basic,2024-02-24,Inactive,customer5274@email.com
5275,Customer_005275,Standard,2022-11-16,Active,customer5275@email.com
5276,Customer_005276,Standard,2024-03-11,Active,customer5276@email.com
5277,Customer_005277,Basic,2021-02-04,Active,customer5277@email.com
5278,Customer_005278,Basic,2021-09-17,Active,customer5278@email.com
5279,Customer_005279,Premium,2024-10-29,Inactive,customer5279@email.com
5280,Customer_005280,Standard,2021-01-11,Inactive,customer5280@email.com
5281,Customer_005281,Premium,2024-03-27,Inactive,customer5281@email.com
5282,Customer_005282,Premium,2022-01-20,Active,customer5282@email.com
5283,Customer_005283,Premium,2023-05-31,Active,customer5283@email.com
5284,Customer_005284,Basic,2022-01-30,Active,customer5284@email.com
5285,Customer_005285,Basic,2021-10-06,Active,customer5285@email.com
5286,Customer_005286,Basic,2024-03-30,Inactive,customer5286@email.com
5287,Customer_005287,Standard,2021-09-13,Active,customer5287@email.com
5288,Customer_005288,Basic,2024-05-24,Inactive,customer5288@email.com
5289,Customer_005289,Basic,2023-04-11,Inactive,customer5289@email.com
5290,Customer_005290,Premium,2024-11-16,Active,customer5290@email.com
5291,Customer_005291,Standard,2024-08-05,Inactive,customer5291@email.com
5292,Customer_005292,Standard,2022-05-25,Active,customer5292@email.com
5293,Customer_005293,Basic,2022-05-27,Active,customer5293@email.com
5294,Customer_005294,Premium,2024-11-01,Inactive,customer5294@email.com
5295,Customer_005295,Basic,2022-07-21,Active,customer5295@email.com
5296,Customer_005296,Basic,2024-08-27,Active,customer5296@email.com
5297,,Standard,2024-11-26,Active,
5298,Customer_005298,Basic,2022-02-27,Inactive,customer5298@email.com
5299,Customer_005299,Basic,2024-08-20,Active,customer5299@email.com
5300,Customer_005300,Premium,2022-10-28,Active,customer5300@email.com
5301,Customer_005301,Standard,2023-11-29,Active,customer5301@email.com
5302,Customer_005302,Basic,2022-02-17,Inactive,customer5302@email.com
5303,Customer_005303,Standard,2023-03-09,Active,customer5303@email.com
5304,Customer_005304,Basic,2024-09-18,Inactive,customer5304@email.com
5305,Customer_005305,Basic,2022-07-15,Inactive,customer5305@email.com
5306,Customer_005306,Basic,2023-06-07,Inactive,customer5306@email.com
5307,Customer_005307,Premium,2021-05-03,Active,customer5307@email.com
5308,Customer_005308,Standard,2022-02-22,Active,customer5308@email.com
5309,Customer_005309,Basic,2021-10-16,Inactive,customer5309@email.com
5310,Customer_005310,Premium,2021-01-29,Active,customer5310@email.com
5311,Customer_005311,Standard,2021-05-14,Active,customer5311@email.com
5312,Customer_005312,Basic,2024-08-12,Inactive,customer5312@email.com
5313,Customer_005313,Basic,2022-07-19,Inactive,customer5313@email.com
5314,Customer_005314,Basic,2022-07-07,Active,customer5314@email.com
5315,,Standard,2021-10-01,Active,
5316,Customer_005316,Basic,2023-09-23,Inactive,customer5316@email.com
5317,Customer_005317,Standard,2024-02-04,Active,customer5317@email.com
5318,Customer_005318,Standard,2021-08-13,Inactive,customer5318@email.com
5319,Customer_005319,Standard,2022-06-06,Inactive,customer5319@email.com
5320,Customer_005320,Basic,2024-09-10,Active,customer5320@email.com
5321,Customer_005321,Basic,2023-04-07,Inactive,customer5321@email.com
5322,Customer_005322,Standard,2021-08-08,Inactive,customer5322@email.com
5323,Customer_005323,Standard,2022-05-16,Active,customer5323@email.com
5324,Customer_005324,Basic,2024-02-13,Inactive,customer5324@email.com
5325,Customer_005325,Basic,2023-12-22,Inactive,customer5325@email.com
5326,,Basic,2023-12-19,Inactive,
5327,Customer_005327,Basic,2022-11-02,Active,customer5327@email.com
5328,Customer_005328,,2023-05-10,Inactive,customer5328@email.com
5329,Customer_005329,Standard,2022-02-01,Active,customer5329@email.com
5330,Customer_005330,Standard,2023-05-21,Active,customer5330@email.com
5331,Customer_005331,Standard,2024-04-15,Active,customer5331@email.com
5332,Customer_005332,Basic,2024-05-17,Active,customer5332@email.com
5333,Customer_005333,Basic,2023-02-18,Active,customer5333@email.com
5334,Customer_005334,Premium,2022-05-17,Active,customer5334@email.com
5335,Customer_005335,Basic,2023-01-01,Active,customer5335@email.com
5336,Customer_005336,Basic,2022-11-14,Active,customer5336@email.com
5337,,Standard,2024-02-26,Active,
5338,Customer_005338,Premium,2024-03-03,Active,customer5338@email.com
5339,Customer_005339,Basic,2021-03-31,Active,customer5339@email.com
5340,Customer_005340,Standard,2021-05-29,Active,customer5340@email.com
5341,Customer_005341,Standard,2024-01-29,Inactive,customer5341@email.com
5342,Customer_005342,Standard,2022-03-16,Active,customer5342@email.com
5343,,Standard,2022-06-10,Active,
5344,Customer_005344,Standard,2021-09-04,Active,customer5344@email.com
5345,Customer_005345,Basic,2023-07-11,Active,customer5345@email.com
5346,Customer_005346,Basic,2022-04-30,Active,customer5346@email.com
5347,Customer_005347,Basic,2022-05-28,Active,customer5347@email.com
5348,Customer_005348,Basic,2024-07-12,Inactive,customer5348@email.com
5349,Customer_005349,Basic,2023-09-02,Active,customer5349@email.com
5350,Customer_005350,Basic,2024-09-08,Active,customer5350@email.com
5351,Customer_005351,Standard,2023-09-30,Active,customer5351@email.com
5352,Customer_005352,Standard,2023-04-24,Inactive,customer5352@email.com
5353,Customer_005353,Premium,2023-10-29,Active,customer5353@email.com
5354,,Basic,2022-07-23,Active,
5355,Customer_005355,Basic,2023-01-01,Active,customer5355@email.com
5356,Customer_005356,Basic,2021-12-03,Active,customer5356@email.com
5357,Customer_005357,Basic,2024-07-08,Inactive,customer5357@email.com
5358,Customer_005358,Basic,2022-01-30,Active,customer5358@email.com
5359,Customer_005359,Standard,2021-04-03,Active,customer5359@email.com
5360,Customer_005360,Premium,2022-03-05,Active,customer5360@email.com
5361,Customer_005361,Basic,2021-05-06,Active,customer5361@email.com
5362,Customer_005362,Basic,2021-10-03,Inactive,customer5362@email.com
5363,Customer_005363,Basic,2022-02-23,Active,customer5363@email.com
5364,Customer_005364,Standard,2022-09-06,Active,customer5364@email.com
5365,Customer_005365,Standard,2024-11-09,Active,customer5365@email.com
5366,Customer_005366,Standard,2023-08-29,Inactive,customer5366@email.com
5367,Customer_005367,Basic,2021-03-13,Active,customer5367@email.com
5368,Customer_005368,Standard,2023-05-11,Active,customer5368@email.com
5369,Customer_005369,Basic,2022-03-10,Active,customer5369@email.com
5370,Customer_005370,Standard,2023-06-10,Active,customer5370@email.com
5371,Customer_005371,Standard,2022-06-30,Inactive,customer5371@email.com
5372,Customer_005372,Standard,2024-10-18,Active,customer5372@email.com
5373,Customer_005373,Standard,2024-04-26,Active,customer5373@email.com
5374,Customer_005374,Basic,2022-11-07,Inactive,customer5374@email.com
5375,Customer_005375,Standard,2024-05-02,Active,customer5375@email.com
5376,Customer_005376,Standard,2023-07-09,Active,customer5376@email.com
5377,Customer_005377,Basic,2023-07-01,Inactive,customer5377@email.com
5378,Customer_005378,Standard,2022-03-15,Active,customer5378@email.com
5379,Customer_005379,Standard,2021-02-11,Inactive,customer5379@email.com
5380,Customer_005380,Standard,2024-01-02,Active,customer5380@email.com
5381,Customer_005381,Premium,2024-04-05,Active,customer5381@email.com
5382,Customer_005382,Basic,2021-04-21,Active,customer5382@email.com
5383,Customer_005383,Basic,2021-08-20,Active,customer5383@email.com
5384,Customer_005384,Basic,2024-08-23,Active,customer5384@email.com
5385,Customer_005385,Standard,2021-10-04,Active,customer5385@email.com
5386,Customer_005386,Standard,2022-04-20,Active,customer5386@email.com
5387,Customer_005387,Standard,2021-04-14,Active,customer5387@email.com
5388,Customer_005388,Standard,2021-06-01,Active,customer5388@email.com
5389,Customer_005389,Standard,2022-11-26,Active,customer5389@email.com
5390,Customer_005390,Basic,2022-06-19,Active,customer5390@email.com
5391,Customer_005391,Basic,2022-01-01,Active,customer5391@email.com
5392,Customer_005392,Basic,2022-02-25,Inactive,customer5392@email.com
5393,Customer_005393,Basic,2024-12-02,Active,customer5393@email.com
5394,Customer_005394,Standard,2024-07-03,Active,customer5394@email.com
5395,Customer_005395,Basic,2024-07-22,Active,customer5395@email.com
5396,Customer_005396,Basic,2022-10-22,Active,customer5396@email.com
5397,Customer_005397,Basic,2022-11-23,Active,customer5397@email.com
5398,Customer_005398,Standard,2021-02-25,Active,customer5398@email.com
5399,Customer_005399,Standard,2021-03-04,Active,customer5399@email.com
5400,Customer_005400,Basic,2024-07-28,Active,customer5400@email.com
5401,Customer_005401,Standard,2022-01-25,Inactive,customer5401@email.com
5402,Customer_005402,Premium,2023-06-19,Inactive,customer5402@email.com
5403,Customer_005403,Basic,2023-01-31,Active,customer5403@email.com
5404,Customer_005404,Standard,2024-05-23,Active,customer5404@email.com
5405,Customer_005405,Basic,2022-12-25,Active,customer5405@email.com
5406,Customer_005406,Basic,2023-10-30,Inactive,customer5406@email.com
5407,Customer_005407,Premium,2022-06-19,Active,customer5407@email.com
5408,Customer_005408,Basic,2021-10-30,Active,customer5408@email.com
5409,Customer_005409,Basic,2023-09-04,Inactive,customer5409@email.com
5410,Customer_005410,Standard,2021-06-06,Active,customer5410@email.com
5411,Customer_005411,Standard,2022-08-15,Active,customer5411@email.com
5412,Customer_005412,Basic,2022-10-06,Active,customer5412@email.com
5413,Customer_005413,Basic,2023-06-10,Active,customer5413@email.com
5414,,Premium,2021-04-11,Inactive,
5415,Customer_005415,Basic,2022-05-19,Active,customer5415@email.com
5416,Customer_005416,Standard,2021-07-01,Active,customer5416@email.com
5417,Customer_005417,Standard,2023-12-22,Active,customer5417@email.com
5418,Customer_005418,Basic,2021-09-09,Inactive,customer5418@email.com
5419,Customer_005419,Basic,2022-07-06,Inactive,customer5419@email.com
5420,Customer_005420,Basic,2023-01-27,Active,customer5420@email.com
5421,Customer_005421,Basic,2021-12-15,Active,customer5421@email.com
5422,Customer_005422,Basic,2021-03-27,Active,customer5422@email.com
5423,Customer_005423,Premium,2023-08-21,Inactive,customer5423@email.com
5424,Customer_005424,Basic,2023-04-21,Inactive,customer5424@email.com
5425,Customer_005425,Basic,2023-08-01,Active,customer5425@email.com
5426,Customer_005426,Basic,2021-02-04,Active,customer5426@email.com
5427,Customer_005427,Basic,2023-12-13,Inactive,customer5427@email.com
5428,Customer_005428,Standard,2022-07-03,Active,customer5428@email.com
5429,Customer_005429,Basic,2023-03-14,Active,customer5429@email.com
5430,Customer_005430,Basic,2024-02-13,Active,customer5430@email.com
5431,Customer_005431,Basic,2022-06-20,Active,customer5431@email.com
5432,Customer_005432,Premium,2024-08-11,Active,customer5432@email.com
5433,Customer_005433,Premium,2023-10-18,Inactive,customer5433@email.com
5434,Customer_005434,Premium,2022-02-02,Active,customer5434@email.com
5435,Customer_005435,Basic,2023-12-19,Active,customer5435@email.com
5436,Customer_005436,Premium,2022-05-12,Active,customer5436@email.com
5437,Customer_005437,Basic,2024-11-27,Active,customer5437@email.com
5438,Customer_005438,Basic,2021-12-16,Active,customer5438@email.com
5439,Customer_005439,Standard,2024-09-27,Active,customer5439@email.com
5440,Customer_005440,Premium,2021-11-21,Inactive,customer5440@email.com
5441,Customer_005441,Standard,2021-09-25,Active,customer5441@email.com
5442,Customer_005442,Standard,2023-12-19,Active,customer5442@email.com
5443,Customer_005443,Basic,2022-05-31,Inactive,customer5443@email.com
5444,Customer_005444,Premium,2023-03-11,Active,customer5444@email.com
5445,Customer_005445,Basic,2023-03-10,Active,customer5445@email.com
5446,Customer_005446,Basic,2023-02-05,Active,customer5446@email.com
5447,Customer_005447,Basic,2021-03-28,Active,customer5447@email.com
5448,Customer_005448,Basic,2024-10-15,Active,customer5448@email.com
5449,Customer_005449,Premium,2022-01-18,Active,customer5449@email.com
5450,Customer_005450,Premium,2021-02-17,Active,customer5450@email.com
5451,Customer_005451,Basic,2022-09-23,Active,customer5451@email.com
5452,Customer_005452,Basic,2022-08-19,Inactive,customer5452@email.com
5453,Customer_005453,Basic,2023-12-23,Active,customer5453@email.com
5454,Customer_005454,Standard,2022-04-08,Active,customer5454@email.com
5455,Customer_005455,Basic,2024-02-13,Active,customer5455@email.com
5456,Customer_005456,Premium,2022-07-19,Active,customer5456@email.com
5457,Customer_005457,Standard,2023-08-12,Inactive,customer5457@email.com
5458,Customer_005458,Basic,2024-10-11,Active,customer5458@email.com
5459,Customer_005459,Premium,2024-11-07,Active,customer5459@email.com
5460,Customer_005460,Basic,2022-08-20,Active,customer5460@email.com
5461,Customer_005461,Basic,2022-03-04,Active,customer5461@email.com
5462,Customer_005462,Standard,2022-02-02,Active,customer5462@email.com
5463,Customer_005463,Basic,2022-10-08,Active,customer5463@email.com
5464,Customer_005464,Basic,2022-03-31,Active,customer5464@email.com
5465,Customer_005465,Basic,2021-07-04,Inactive,customer5465@email.com
5466,Customer_005466,Basic,2023-12-14,Active,customer5466@email.com
5467,Customer_005467,Standard,2021-09-11,Inactive,customer5467@email.com
5468,Customer_005468,Standard,2022-02-11,Active,customer5468@email.com
5469,Customer_005469,Basic,2024-10-22,Active,customer5469@email.com
5470,Customer_005470,Premium,2023-04-10,Active,customer5470@email.com
5471,Customer_005471,Basic,2021-03-22,Inactive,customer5471@email.com
5472,Customer_005472,Standard,2021-06-07,Active,customer5472@email.com
5473,Customer_005473,Standard,2024-06-07,Active,customer5473@email.com
5474,Customer_005474,Premium,2022-11-02,Inactive,customer5474@email.com
5475,Customer_005475,Standard,2023-10-23,Inactive,customer5475@email.com
5476,Customer_005476,Standard,2023-12-11,Inactive,customer5476@email.com
5477,Customer_005477,Standard,2022-01-14,Active,customer5477@email.com
5478,Customer_005478,Basic,2021-03-02,Inactive,customer5478@email.com
5479,Customer_005479,Standard,2023-04-30,Active,customer5479@email.com
5480,Customer_005480,Basic,2024-05-08,Inactive,customer5480@email.com
5481,Customer_005481,Standard,2024-11-10,Active,customer5481@email.com
5482,Customer_005482,Standard,2024-12-10,Active,customer5482@email.com
5483,Customer_005483,Basic,2024-05-05,Active,customer5483@email.com
5484,Customer_005484,Premium,2023-05-01,Active,customer5484@email.com
5485,Customer_005485,Basic,2024-10-24,Active,customer5485@email.com
5486,Customer_005486,Standard,2022-12-10,Inactive,customer5486@email.com
5487,Customer_005487,Standard,2022-09-30,Active,customer5487@email.com
5488,Customer_005488,Basic,2023-12-14,Active,customer5488@email.com
5489,Customer_005489,Basic,2021-08-11,Inactive,customer5489@email.com
5490,Customer_005490,Standard,2023-03-25,Active,customer5490@email.com
5491,Customer_005491,Basic,2021-02-24,Active,customer5491@email.com
5492,Customer_005492,Basic,2023-04-15,Active,customer5492@email.com
5493,Customer_005493,Standard,2021-11-19,Active,customer5493@email.com
5494,Customer_005494,Premium,2023-11-02,Active,customer5494@email.com
5495,Customer_005495,Basic,2022-07-18,Inactive,customer5495@email.com
5496,Customer_005496,Basic,2021-07-08,Active,customer5496@email.com
5497,Customer_005497,Basic,2022-08-26,Active,customer5497@email.com
5498,Customer_005498,Basic,2021-03-29,Active,customer5498@email.com
5499,Customer_005499,Basic,2022-11-23,Inactive,customer5499@email.com
5500,Customer_005500,Standard,2023-05-28,Active,customer5500@email.com
5501,Customer_005501,Basic,2021-04-05,Active,customer5501@email.com
5502,Customer_005502,Basic,2021-09-21,Active,customer5502@email.com
5503,Customer_005503,Premium,2021-03-28,Inactive,customer5503@email.com
5504,Customer_005504,Basic,2021-04-24,Inactive,customer5504@email.com
5505,Customer_005505,Basic,2023-03-11,Active,customer5505@email.com
5506,Customer_005506,Basic,2021-02-25,Inactive,customer5506@email.com
5507,Customer_005507,Basic,2021-05-29,Active,customer5507@email.com
5508,Customer_005508,Basic,2021-07-24,Inactive,customer5508@email.com
5509,Customer_005509,Basic,2022-06-05,Inactive,customer5509@email.com
5510,Customer_005510,Standard,2023-05-31,Inactive,customer5510@email.com
5511,Customer_005511,Basic,2024-03-17,Active,customer5511@email.com
5512,Customer_005512,Basic,2023-09-21,Active,customer5512@email.com
5513,Customer_005513,Standard,2021-10-20,Active,customer5513@email.com
5514,Customer_005514,Premium,2022-06-25,Active,customer5514@email.com
5515,Customer_005515,Basic,2021-08-26,Active,customer5515@email.com
5516,Customer_005516,Standard,2021-01-11,Active,customer5516@email.com
5517,Customer_005517,Standard,2022-02-02,Active,customer5517@email.com
5518,Customer_005518,Basic,2024-09-28,Inactive,customer5518@email.com
5519,Customer_005519,Basic,2023-12-19,Active,customer5519@email.com
5520,Customer_005520,Basic,2022-04-24,Inactive,customer5520@email.com
5521,Customer_005521,Basic,2021-09-12,Inactive,customer5521@email.com
5522,Customer_005522,Basic,2023-07-14,Inactive,customer5522@email.com
5523,Customer_005523,Standard,2021-04-08,Active,customer5523@email.com
5524,Customer_005524,Premium,2024-04-04,Active,customer5524@email.com
5525,Customer_005525,Standard,2022-08-09,Active,customer5525@email.com
5526,Customer_005526,Premium,2023-07-17,Active,customer5526@email.com
5527,Customer_005527,Basic,2021-12-06,Inactive,customer5527@email.com
5528,Customer_005528,Basic,2024-03-19,Active,customer5528@email.com
5529,Customer_005529,Basic,2024-07-02,Inactive,customer5529@email.com
5530,Customer_005530,Standard,2024-09-07,Active,customer5530@email.com
5531,Customer_005531,Basic,2024-05-23,Active,customer5531@email.com
5532,Customer_005532,Basic,2024-10-16,Inactive,customer5532@email.com
5533,Customer_005533,Premium,2023-07-24,Active,customer5533@email.com
5534,Customer_005534,Premium,2021-10-25,Active,customer5534@email.com
5535,Customer_005535,Basic,2023-02-26,Active,customer5535@email.com
5536,Customer_005536,Standard,2021-10-28,Inactive,customer5536@email.com
5537,Customer_005537,Standard,2021-02-13,Active,customer5537@email.com
5538,Customer_005538,Standard,2024-03-12,Active,customer5538@email.com
5539,Customer_005539,Standard,2022-02-03,Active,customer5539@email.com
5540,Customer_005540,Premium,2021-08-10,Active,customer5540@email.com
5541,Customer_005541,Basic,2022-04-02,Active,customer5541@email.com
5542,Customer_005542,Standard,2023-05-31,Active,customer5542@email.com
5543,Customer_005543,Basic,2021-04-23,Active,customer5543@email.com
5544,Customer_005544,Basic,2024-02-17,Active,customer5544@email.com
5545,Customer_005545,Standard,2021-08-30,Active,customer5545@email.com
5546,Customer_005546,Basic,2021-03-04,Inactive,customer5546@email.com
5547,Customer_005547,Premium,2022-03-19,Active,customer5547@email.com
5548,Customer_005548,Standard,2022-04-13,Active,customer5548@email.com
5549,Customer_005549,Basic,2024-10-04,Inactive,customer5549@email.com
5550,Customer_005550,Basic,2024-08-24,Inactive,customer5550@email.com
5551,Customer_005551,Standard,2021-10-11,Inactive,customer5551@email.com
5552,Customer_005552,Basic,2021-02-05,Active,customer5552@email.com
5553,Customer_005553,Basic,2021-01-07,Active,customer5553@email.com
5554,Customer_005554,Basic,2024-09-21,Active,customer5554@email.com
5555,Customer_005555,Standard,2024-11-24,Active,customer5555@email.com
5556,Customer_005556,Basic,2021-03-03,Active,customer5556@email.com
5557,Customer_005557,Premium,2021-10-29,Active,customer5557@email.com
5558,Customer_005558,Basic,2024-01-21,Inactive,customer5558@email.com
5559,Customer_005559,Basic,2022-06-29,Active,customer5559@email.com
5560,Customer_005560,Basic,2024-03-19,Active,customer5560@email.com
5561,Customer_005561,Basic,2021-05-30,Active,customer5561@email.com
5562,Customer_005562,Standard,2024-02-25,Active,customer5562@email.com
5563,Customer_005563,Premium,2024-10-08,Active,customer5563@email.com
5564,Customer_005564,Basic,2022-01-25,Active,customer5564@email.com
5565,Customer_005565,Standard,2022-11-21,Inactive,customer5565@email.com
5566,Customer_005566,Basic,2022-05-31,Active,customer5566@email.com
5567,Customer_005567,Standard,2023-03-28,Active,customer5567@email.com
5568,Customer_005568,Basic,2022-09-29,Active,customer5568@email.com
5569,Customer_005569,Standard,2021-03-25,Inactive,customer5569@email.com
5570,Customer_005570,Basic,2021-12-03,Inactive,customer5570@email.com
5571,Customer_005571,Basic,2021-01-14,Inactive,customer5571@email.com
5572,Customer_005572,Standard,2024-05-14,Inactive,customer5572@email.com
5573,Customer_005573,Premium,2021-05-09,Active,customer5573@email.com
5574,Customer_005574,Standard,2023-03-04,Active,customer5574@email.com
5575,Customer_005575,Basic,2024-09-30,Inactive,customer5575@email.com
5576,Customer_005576,Premium,2021-02-22,Active,customer5576@email.com
5577,Customer_005577,Standard,2023-12-17,Active,customer5577@email.com
5578,Customer_005578,Basic,2021-06-14,Active,customer5578@email.com
5579,Customer_005579,Basic,2022-10-21,Active,customer5579@email.com
5580,Customer_005580,Basic,2021-12-29,Inactive,customer5580@email.com
5581,Customer_005581,Standard,2024-04-07,Active,customer5581@email.com
5582,Customer_005582,Basic,2024-07-08,Inactive,customer5582@email.com
5583,Customer_005583,Standard,2022-03-28,Active,customer5583@email.com
5584,Customer_005584,Premium,2023-10-12,Active,customer5584@email.com
5585,Customer_005585,Standard,2023-03-12,Active,customer5585@email.com
5586,Customer_005586,Basic,2023-07-09,Inactive,customer5586@email.com
5587,Customer_005587,Basic,2023-04-24,Inactive,customer5587@email.com
5588,,Basic,2022-12-07,Active,
5589,Customer_005589,Basic,2023-10-05,Inactive,customer5589@email.com
5590,Customer_005590,Basic,2023-02-27,Active,customer5590@email.com
5591,Customer_005591,Basic,2024-03-03,Inactive,customer5591@email.com
5592,Customer_005592,Basic,2022-06-24,Active,customer5592@email.com
5593,Customer_005593,Basic,2024-10-13,Inactive,customer5593@email.com
5594,Customer_005594,Premium,2022-02-04,Active,customer5594@email.com
5595,Customer_005595,Standard,2021-07-02,Active,customer5595@email.com
5596,Customer_005596,Basic,2022-10-06,Active,customer5596@email.com
5597,Customer_005597,Standard,2022-02-19,Active,customer5597@email.com
5598,Customer_005598,Premium,2021-08-11,Active,customer5598@email.com
5599,,Basic,2023-08-09,Active,
5600,Customer_005600,Standard,2021-12-03,Inactive,customer5600@email.com
5601,,Standard,2021-12-01,Active,
5602,Customer_005602,Basic,2023-05-15,Inactive,customer5602@email.com
5603,Customer_005603,Basic,2024-10-03,Inactive,customer5603@email.com
5604,Customer_005604,Basic,2024-01-24,Active,customer5604@email.com
5605,Customer_005605,Premium,2021-09-06,Active,customer5605@email.com
5606,Customer_005606,Premium,2024-09-29,Active,customer5606@email.com
5607,Customer_005607,Basic,2024-04-28,Active,customer5607@email.com
5608,Customer_005608,Basic,2024-03-31,Active,customer5608@email.com
5609,Customer_005609,Standard,2023-03-22,Active,customer5609@email.com
5610,Customer_005610,Standard,2021-07-13,Active,customer5610@email.com
5611,Customer_005611,Premium,2021-04-19,Active,customer5611@email.com
5612,Customer_005612,Basic,2022-05-28,Inactive,customer5612@email.com
5613,Customer_005613,Standard,2023-12-31,Active,customer5613@email.com
5614,Customer_005614,Basic,2023-08-07,Inactive,customer5614@email.com
5615,Customer_005615,Standard,2023-11-18,Active,customer5615@email.com
5616,Customer_005616,Basic,2021-01-29,Active,customer5616@email.com
5617,Customer_005617,Premium,2023-10-04,Active,customer5617@email.com
5618,Customer_005618,Standard,2022-01-09,Active,customer5618@email.com
5619,Customer_005619,Basic,2023-11-30,Inactive,customer5619@email.com
5620,Customer_005620,Standard,2024-03-18,Active,customer5620@email.com
5621,Customer_005621,Standard,2023-10-04,Inactive,customer5621@email.com
5622,Customer_005622,Standard,2023-06-16,Active,customer5622@email.com
5623,Customer_005623,Standard,2022-04-20,Inactive,customer5623@email.com
5624,Customer_005624,Standard,2021-08-24,Active,customer5624@email.com
5625,Customer_005625,Standard,2024-10-27,Inactive,customer5625@email.com
5626,Customer_005626,Basic,2022-11-25,Inactive,customer5626@email.com
5627,Customer_005627,Basic,2021-02-16,Inactive,customer5627@email.com
5628,Customer_005628,Standard,2024-01-21,Inactive,customer5628@email.com
5629,Customer_005629,Premium,2024-10-26,Active,customer5629@email.com
5630,Customer_005630,Basic,2023-09-07,Active,customer5630@email.com
5631,Customer_005631,Standard,2023-10-14,Active,customer5631@email.com
5632,Customer_005632,Basic,2021-10-28,Active,customer5632@email.com
5633,Customer_005633,Basic,2021-01-05,Inactive,customer5633@email.com
5634,Customer_005634,Basic,2024-09-11,Active,customer5634@email.com
5635,Customer_005635,Basic,2024-07-12,Active,customer5635@email.com
5636,Customer_005636,Premium,2021-06-26,Active,customer5636@email.com
5637,Customer_005637,Basic,2024-09-12,Active,customer5637@email.com
5638,Customer_005638,Premium,2024-01-10,Active,customer5638@email.com
5639,Customer_005639,Standard,2024-11-07,Active,customer5639@email.com
5640,Customer_005640,Basic,2021-05-30,Inactive,customer5640@email.com
5641,Customer_005641,Standard,2021-12-23,Active,customer5641@email.com
5642,Customer_005642,Basic,2022-11-02,Active,customer5642@email.com
5643,Customer_005643,Basic,2024-05-01,Active,customer5643@email.com
5644,Customer_005644,Basic,2023-12-31,Active,customer5644@email.com
5645,Customer_005645,Standard,2023-05-31,Active,customer5645@email.com
5646,Customer_005646,Basic,2024-01-25,Active,customer5646@email.com
5647,Customer_005647,Basic,2021-09-17,Inactive,customer5647@email.com
5648,Customer_005648,Premium,2022-11-09,Active,customer5648@email.com
5649,Customer_005649,Standard,2024-11-17,Active,customer5649@email.com
5650,Customer_005650,Basic,2024-01-16,Active,customer5650@email.com
5651,Customer_005651,Standard,2024-11-17,Active,customer5651@email.com
5652,Customer_005652,Basic,2024-08-20,Active,customer5652@email.com
5653,Customer_005653,Premium,2022-11-23,Active,customer5653@email.com
5654,Customer_005654,Basic,2024-02-08,Active,customer5654@email.com
5655,Customer_005655,Basic,2022-08-04,Active,customer5655@email.com
5656,Customer_005656,Premium,2023-11-06,Active,customer5656@email.com
5657,Customer_005657,Standard,2021-03-15,Inactive,customer5657@email.com
5658,Customer_005658,Basic,2023-01-02,Inactive,customer5658@email.com
5659,Customer_005659,Basic,2024-01-20,Active,customer5659@email.com
5660,Customer_005660,Standard,2022-02-06,Inactive,customer5660@email.com
5661,Customer_005661,Basic,2022-01-18,Active,customer5661@email.com
5662,Customer_005662,Standard,2022-07-17,Active,customer5662@email.com
5663,Customer_005663,Basic,2024-06-11,Active,customer5663@email.com
5664,Customer_005664,Standard,2023-08-03,Active,customer5664@email.com
5665,Customer_005665,Basic,2023-02-27,Active,customer5665@email.com
5666,Customer_005666,Basic,2024-03-22,Active,customer5666@email.com
5667,Customer_005667,Basic,2021-11-12,Inactive,customer5667@email.com
5668,Customer_005668,Standard,2023-11-24,Active,customer5668@email.com
5669,Customer_005669,Standard,2021-03-20,Active,customer5669@email.com
5670,Customer_005670,Basic,2024-10-27,Active,customer5670@email.com
5671,Customer_005671,Standard,2022-01-17,Active,customer5671@email.com
5672,Customer_005672,Standard,2023-01-26,Inactive,customer5672@email.com
5673,Customer_005673,Standard,2021-03-03,Inactive,customer5673@email.com
5674,Customer_005674,Basic,2023-03-11,Active,customer5674@email.com
5675,Customer_005675,Standard,2024-11-05,Inactive,customer5675@email.com
5676,Customer_005676,Standard,2024-10-10,Active,customer5676@email.com
5677,Customer_005677,Standard,2024-01-15,Active,customer5677@email.com
5678,Customer_005678,Basic,2023-02-07,Active,customer5678@email.com
5679,Customer_005679,Premium,2023-12-09,Inactive,customer5679@email.com
5680,Customer_005680,Basic,2022-02-06,Active,customer5680@email.com
5681,Customer_005681,Basic,2024-06-06,Active,customer5681@email.com
5682,Customer_005682,Basic,2024-07-22,Active,customer5682@email.com
5683,Customer_005683,Standard,2024-03-25,Active,customer5683@email.com
5684,Customer_005684,Standard,2022-04-01,Inactive,customer5684@email.com
5685,Customer_005685,Standard,2024-03-18,Inactive,customer5685@email.com
5686,Customer_005686,Basic,2021-12-03,Active,customer5686@email.com
5687,Customer_005687,Basic,2022-11-03,Active,customer5687@email.com
5688,Customer_005688,Basic,2023-09-17,Active,customer5688@email.com
5689,Customer_005689,Basic,2023-03-08,Active,customer5689@email.com
5690,Customer_005690,Standard,2023-04-07,Active,customer5690@email.com
5691,Customer_005691,Standard,2024-11-23,Inactive,customer5691@email.com
5692,Customer_005692,Basic,2024-11-06,Inactive,customer5692@email.com
5693,Customer_005693,Standard,2023-10-31,Active,customer5693@email.com
5694,Customer_005694,Premium,2023-01-27,Active,customer5694@email.com
5695,Customer_005695,Basic,2023-09-30,Active,customer5695@email.com
5696,Customer_005696,Premium,2024-02-19,Active,customer5696@email.com
5697,Customer_005697,Basic,2023-09-26,Active,customer5697@email.com
5698,Customer_005698,Basic,2022-06-20,Active,customer5698@email.com
5699,Customer_005699,Basic,2024-07-10,Inactive,customer5699@email.com
5700,Customer_005700,Standard,2023-11-16,Active,customer5700@email.com
5701,Customer_005701,Premium,2021-08-20,Active,customer5701@email.com
5702,Customer_005702,Basic,2021-12-04,Active,customer5702@email.com
5703,Customer_005703,Basic,2024-12-14,Active,customer5703@email.com
5704,Customer_005704,Standard,2021-03-19,Active,customer5704@email.com
5705,Customer_005705,Basic,2023-03-19,Active,customer5705@email.com
5706,Customer_005706,Premium,2023-07-19,Active,customer5706@email.com
5707,Customer_005707,Premium,2022-02-19,Active,customer5707@email.com
5708,Customer_005708,Standard,2023-01-20,Active,customer5708@email.com
5709,Customer_005709,Basic,2023-05-10,Active,customer5709@email.com
5710,Customer_005710,Basic,2023-12-11,Active,customer5710@email.com
5711,Customer_005711,Basic,2023-07-06,Active,customer5711@email.com
5712,Customer_005712,Basic,2024-06-25,Active,customer5712@email.com
5713,Customer_005713,Basic,2024-11-28,Active,customer5713@email.com
5714,Customer_005714,Premium,2022-08-04,Active,customer5714@email.com
5715,Customer_005715,Premium,2021-03-14,Active,customer5715@email.com
5716,Customer_005716,Standard,2023-02-24,Active,customer5716@email.com
5717,Customer_005717,Basic,2021-09-07,Active,customer5717@email.com
5718,Customer_005718,Basic,2024-02-24,Active,customer5718@email.com
5719,Customer_005719,,2021-09-27,Inactive,customer5719@email.com
5720,Customer_005720,Basic,2023-01-10,Inactive,customer5720@email.com
5721,Customer_005721,Standard,2023-12-15,Active,customer5721@email.com
5722,Customer_005722,Standard,2023-04-04,Active,customer5722@email.com
5723,Customer_005723,Standard,2022-11-09,Inactive,customer5723@email.com
5724,Customer_005724,Basic,2023-05-27,Active,customer5724@email.com
5725,Customer_005725,Premium,2024-04-10,Inactive,customer5725@email.com
5726,Customer_005726,Standard,2023-07-11,Active,customer5726@email.com
5727,Customer_005727,Premium,2021-12-10,Active,customer5727@email.com
5728,Customer_005728,Basic,2023-11-11,Active,customer5728@email.com
5729,Customer_005729,Standard,2024-10-02,Active,customer5729@email.com
5730,Customer_005730,Basic,2024-04-19,Inactive,customer5730@email.com
5731,Customer_005731,Standard,2022-10-12,Active,customer5731@email.com
5732,Customer_005732,Basic,2022-08-13,Active,customer5732@email.com
5733,Customer_005733,Basic,2024-06-12,Active,customer5733@email.com
5734,Customer_005734,Premium,2024-11-20,Active,customer5734@email.com
5735,Customer_005735,,2021-10-06,Inactive,customer5735@email.com
5736,Customer_005736,Premium,2021-03-22,Active,customer5736@email.com
5737,Customer_005737,Basic,2023-02-02,Active,customer5737@email.com
5738,Customer_005738,Basic,2022-04-21,Active,customer5738@email.com
5739,Customer_005739,Basic,2024-08-09,Inactive,customer5739@email.com
5740,Customer_005740,Standard,2021-08-26,Inactive,customer5740@email.com
5741,Customer_005741,Basic,2021-05-22,Active,customer5741@email.com
5742,Customer_005742,Basic,2023-09-12,Active,customer5742@email.com
5743,Customer_005743,Standard,2024-07-20,Active,customer5743@email.com
5744,Customer_005744,Standard,2024-10-28,Active,customer5744@email.com
5745,Customer_005745,Basic,2023-12-01,Active,customer5745@email.com
5746,Customer_005746,Basic,2024-04-16,Active,customer5746@email.com
5747,Customer_005747,Standard,2021-10-23,Inactive,customer5747@email.com
5748,Customer_005748,Basic,2022-03-31,Active,customer5748@email.com
5749,Customer_005749,Premium,2023-06-23,Active,customer5749@email.com
5750,Customer_005750,,2023-04-27,Inactive,customer5750@email.com
5751,Customer_005751,Standard,2023-01-21,Inactive,customer5751@email.com
5752,Customer_005752,Basic,2024-12-12,Active,customer5752@email.com
5753,Customer_005753,Basic,2022-03-05,Inactive,customer5753@email.com
5754,Customer_005754,Basic,2022-03-24,Active,customer5754@email.com
5755,Customer_005755,Standard,2024-01-18,Active,customer5755@email.com
5756,Customer_005756,Premium,2021-10-01,Active,customer5756@email.com
5757,Customer_005757,Basic,2022-02-14,Active,customer5757@email.com
5758,,Basic,2024-08-14,Active,
5759,Customer_005759,Standard,2021-07-09,Active,customer5759@email.com
5760,Customer_005760,Basic,2021-07-04,Inactive,customer5760@email.com
5761,Customer_005761,Basic,2023-09-30,Active,customer5761@email.com
5762,Customer_005762,Standard,2023-08-07,Active,customer5762@email.com
5763,Customer_005763,Basic,2023-08-24,Inactive,customer5763@email.com
5764,Customer_005764,Premium,2024-09-24,Active,customer5764@email.com
5765,Customer_005765,Basic,2022-12-18,Inactive,customer5765@email.com
5766,Customer_005766,Basic,2023-01-14,Active,customer5766@email.com
5767,Customer_005767,Basic,2021-10-05,Active,customer5767@email.com
5768,Customer_005768,Standard,2021-03-08,Inactive,customer5768@email.com
5769,Customer_005769,Basic,2023-11-13,Active,customer5769@email.com
5770,Customer_005770,Basic,2023-07-18,Inactive,customer5770@email.com
5771,Customer_005771,Basic,2022-05-09,Active,customer5771@email.com
5772,Customer_005772,Basic,2024-01-31,Active,customer5772@email.com
5773,Customer_005773,Standard,2021-09-05,Active,customer5773@email.com
5774,Customer_005774,Basic,2023-07-26,Inactive,customer5774@email.com
5775,Customer_005775,Basic,2022-03-21,Inactive,customer5775@email.com
5776,Customer_005776,Standard,2022-01-17,Active,customer5776@email.com
5777,Customer_005777,Basic,2022-10-30,Inactive,customer5777@email.com
5778,Customer_005778,Basic,2024-03-06,Active,customer5778@email.com
5779,Customer_005779,Basic,2023-04-24,Inactive,customer5779@email.com
5780,Customer_005780,Premium,2023-05-25,Active,customer5780@email.com
5781,Customer_005781,Standard,2024-04-13,Active,customer5781@email.com
5782,Customer_005782,Basic,2024-02-07,Active,customer5782@email.com
5783,Customer_005783,Basic,2021-12-08,Active,customer5783@email.com
5784,Customer_005784,Premium,2022-05-16,Active,customer5784@email.com
5785,Customer_005785,Premium,2024-01-12,Active,customer5785@email.com
5786,Customer_005786,Standard,2022-09-23,Active,customer5786@email.com
5787,Customer_005787,Premium,2024-08-13,Active,customer5787@email.com
5788,Customer_005788,Basic,2023-10-07,Active,customer5788@email.com
5789,Customer_005789,Basic,2022-08-17,Inactive,customer5789@email.com
5790,Customer_005790,Basic,2022-11-13,Inactive,customer5790@email.com
5791,Customer_005791,Premium,2023-10-18,Active,customer5791@email.com
5792,Customer_005792,Basic,2022-01-05,Inactive,customer5792@email.com
5793,Customer_005793,Basic,2024-04-07,Inactive,customer5793@email.com
5794,Customer_005794,Standard,2021-12-24,Active,customer5794@email.com
5795,Customer_005795,Basic,2022-11-10,Inactive,customer5795@email.com
5796,Customer_005796,Standard,2023-08-18,Inactive,customer5796@email.com
5797,Customer_005797,Standard,2021-08-19,Active,customer5797@email.com
5798,Customer_005798,Basic,2022-11-01,Inactive,customer5798@email.com
5799,Customer_005799,Basic,2023-11-29,Active,customer5799@email.com
5800,Customer_005800,Standard,2024-10-14,Active,customer5800@email.com
5801,Customer_005801,Standard,2023-01-17,Inactive,customer5801@email.com
5802,Customer_005802,Basic,2021-04-22,Inactive,customer5802@email.com
5803,Customer_005803,Standard,2021-04-02,Inactive,customer5803@email.com
5804,Customer_005804,Standard,2024-05-27,Active,customer5804@email.com
5805,Customer_005805,Premium,2023-08-12,Active,customer5805@email.com
5806,Customer_005806,Basic,2024-03-11,Active,customer5806@email.com
5807,Customer_005807,Standard,2024-11-20,Inactive,customer5807@email.com
5808,Customer_005808,Premium,2023-02-02,Active,customer5808@email.com
5809,Customer_005809,Standard,2022-04-30,Active,customer5809@email.com
5810,Customer_005810,Basic,2021-05-05,Active,customer5810@email.com
5811,Customer_005811,Basic,2021-03-24,Active,customer5811@email.com
5812,Customer_005812,Premium,2022-09-11,Active,customer5812@email.com
5813,Customer_005813,Premium,2021-06-17,Active,customer5813@email.com
5814,Customer_005814,Basic,2024-03-21,Active,customer5814@email.com
5815,Customer_005815,Standard,2022-12-12,Active,customer5815@email.com
5816,Customer_005816,Basic,2022-03-07,Inactive,customer5816@email.com
5817,Customer_005817,Basic,2021-07-11,Inactive,customer5817@email.com
5818,Customer_005818,Standard,2024-03-28,Active,customer5818@email.com
5819,Customer_005819,Basic,2024-04-16,Active,customer5819@email.com
5820,Customer_005820,Standard,2021-07-09,Active,customer5820@email.com
5821,Customer_005821,Basic,2024-08-31,Inactive,customer5821@email.com
5822,Customer_005822,Standard,2021-04-27,Active,customer5822@email.com
5823,Customer_005823,Standard,2021-01-11,Active,customer5823@email.com
5824,Customer_005824,Standard,2021-06-19,Active,customer5824@email.com
5825,Customer_005825,Premium,2021-07-10,Active,customer5825@email.com
5826,Customer_005826,Standard,2023-03-26,Active,customer5826@email.com
5827,Customer_005827,Premium,2021-11-07,Active,customer5827@email.com
5828,Customer_005828,Basic,2024-11-07,Active,customer5828@email.com
5829,Customer_005829,Basic,2023-04-20,Inactive,customer5829@email.com
5830,Customer_005830,Standard,2021-04-20,Active,customer5830@email.com
5831,Customer_005831,Basic,2024-10-11,Inactive,customer5831@email.com
5832,Customer_005832,Basic,2023-04-05,Inactive,customer5832@email.com
5833,Customer_005833,Basic,2021-03-27,Active,customer5833@email.com
5834,Customer_005834,Basic,2023-07-04,Inactive,customer5834@email.com
5835,Customer_005835,Basic,2023-12-20,Active,customer5835@email.com
5836,Customer_005836,Standard,2022-02-10,Active,customer5836@email.com
5837,Customer_005837,Standard,2022-03-15,Inactive,customer5837@email.com
5838,Customer_005838,Premium,2023-06-03,Active,customer5838@email.com
5839,Customer_005839,Standard,2021-01-28,Active,customer5839@email.com
5840,Customer_005840,Basic,2024-09-24,Active,customer5840@email.com
5841,Customer_005841,Standard,2021-08-01,Active,customer5841@email.com
5842,Customer_005842,Basic,2021-12-27,Active,customer5842@email.com
5843,Customer_005843,Basic,2024-02-18,Active,customer5843@email.com
5844,Customer_005844,Premium,2021-10-15,Active,customer5844@email.com
5845,Customer_005845,Standard,2024-03-26,Active,customer5845@email.com
5846,Customer_005846,Standard,2021-11-04,Active,customer5846@email.com
5847,Customer_005847,Basic,2021-02-05,Inactive,customer5847@email.com
5848,Customer_005848,Standard,2024-12-05,Active,customer5848@email.com
5849,Customer_005849,Standard,2022-12-18,Inactive,customer5849@email.com
5850,Customer_005850,Basic,2021-05-16,Active,customer5850@email.com
5851,Customer_005851,Premium,2021-01-03,Active,customer5851@email.com
5852,Customer_005852,Premium,2024-09-27,Active,customer5852@email.com
5853,Customer_005853,Premium,2024-11-23,Active,customer5853@email.com
5854,Customer_005854,Basic,2021-07-19,Inactive,customer5854@email.com
5855,Customer_005855,Standard,2021-10-18,Active,customer5855@email.com
5856,Customer_005856,Basic,2023-01-06,Active,customer5856@email.com
5857,Customer_005857,Basic,2023-03-05,Active,customer5857@email.com
5858,Customer_005858,Standard,2022-03-11,Active,customer5858@email.com
5859,Customer_005859,Premium,2021-06-03,Active,customer5859@email.com
5860,Customer_005860,Standard,2021-02-22,Active,customer5860@email.com
5861,Customer_005861,Premium,2021-04-21,Inactive,customer5861@email.com
5862,Customer_005862,Standard,2021-11-28,Active,customer5862@email.com
5863,Customer_005863,Basic,2022-07-24,Active,customer5863@email.com
5864,Customer_005864,Standard,2021-05-06,Active,customer5864@email.com
5865,Customer_005865,Premium,2021-06-24,Active,customer5865@email.com
5866,Customer_005866,Basic,2021-02-15,Active,customer5866@email.com
5867,Customer_005867,Standard,2022-07-31,Active,customer5867@email.com
5868,Customer_005868,Standard,2021-08-08,Active,customer5868@email.com
5869,Customer_005869,Basic,2021-11-21,Active,customer5869@email.com
5870,,Basic,2024-08-07,Active,
5871,Customer_005871,Standard,2022-08-08,Active,customer5871@email.com
5872,Customer_005872,Standard,2021-02-04,Inactive,customer5872@email.com
5873,Customer_005873,Basic,2023-04-11,Active,customer5873@email.com
5874,Customer_005874,Premium,2024-08-03,Active,customer5874@email.com
5875,Customer_005875,Standard,2022-09-24,Active,customer5875@email.com
5876,Customer_005876,Basic,2024-04-23,Inactive,customer5876@email.com
5877,Customer_005877,Basic,2023-02-01,Active,customer5877@email.com
5878,Customer_005878,Standard,2022-05-20,Active,customer5878@email.com
5879,Customer_005879,Basic,2021-10-08,Inactive,customer5879@email.com
5880,,Basic,2023-06-09,Active,
5881,Customer_005881,Basic,2021-05-02,Active,customer5881@email.com
5882,Customer_005882,Basic,2023-11-20,Active,customer5882@email.com
5883,Customer_005883,Standard,2023-04-25,Active,customer5883@email.com
5884,Customer_005884,Standard,2023-03-28,Active,customer5884@email.com
5885,Customer_005885,Premium,2023-09-29,Active,customer5885@email.com
5886,,Premium,2024-01-20,Active,
5887,Customer_005887,Standard,2024-10-04,Active,customer5887@email.com
5888,Customer_005888,Basic,2024-04-28,Active,customer5888@email.com
5889,Customer_005889,Premium,2022-12-03,Active,customer5889@email.com
5890,Customer_005890,Basic,2022-02-05,Inactive,customer5890@email.com
5891,Customer_005891,Standard,2021-07-28,Active,customer5891@email.com
5892,Customer_005892,Basic,2022-04-15,Inactive,customer5892@email.com
5893,Customer_005893,Basic,2022-08-13,Inactive,customer5893@email.com
5894,Customer_005894,Basic,2022-07-19,Active,customer5894@email.com
5895,Customer_005895,Standard,2023-04-01,Active,customer5895@email.com
5896,,Basic,2021-02-20,Active,
5897,Customer_005897,Basic,2022-12-16,Active,customer5897@email.com
5898,Customer_005898,Standard,2022-12-29,Inactive,customer5898@email.com
5899,Customer_005899,Standard,2024-05-05,Active,customer5899@email.com
5900,Customer_005900,Premium,2021-09-04,Active,customer5900@email.com
5901,Customer_005901,Standard,2024-10-06,Active,customer5901@email.com
5902,Customer_005902,Standard,2024-05-28,Inactive,customer5902@email.com
5903,Customer_005903,Basic,2023-06-20,Active,customer5903@email.com
5904,Customer_005904,Basic,2023-03-18,Active,customer5904@email.com
5905,Customer_005905,Premium,2022-12-25,Active,customer5905@email.com
5906,Customer_005906,Basic,2021-10-11,Inactive,customer5906@email.com
5907,Customer_005907,Standard,2021-03-07,Active,customer5907@email.com
5908,Customer_005908,Standard,2023-04-30,Active,customer5908@email.com
5909,Customer_005909,Basic,2022-11-08,Active,customer5909@email.com
5910,Customer_005910,Basic,2021-05-19,Active,customer5910@email.com
5911,Customer_005911,Basic,2024-04-20,Inactive,customer5911@email.com
5912,Customer_005912,Standard,2022-06-01,Inactive,customer5912@email.com
5913,Customer_005913,Basic,2022-06-22,Active,customer5913@email.com
5914,Customer_005914,Standard,2024-02-05,Inactive,customer5914@email.com
5915,Customer_005915,Standard,2024-12-04,Active,customer5915@email.com
5916,Customer_005916,Standard,2022-07-07,Inactive,customer5916@email.com
5917,Customer_005917,Basic,2024-09-29,Inactive,customer5917@email.com
5918,Customer_005918,Basic,2021-12-19,Active,customer5918@email.com
5919,Customer_005919,Basic,2023-10-25,Inactive,customer5919@email.com
5920,Customer_005920,Premium,2024-08-17,Active,customer5920@email.com
5921,Customer_005921,Premium,2023-03-20,Active,customer5921@email.com
5922,Customer_005922,Basic,2023-10-07,Inactive,customer5922@email.com
5923,Customer_005923,Basic,2022-02-11,Active,customer5923@email.com
5924,Customer_005924,Basic,2021-09-04,Inactive,customer5924@email.com
5925,Customer_005925,Standard,2024-02-14,Inactive,customer5925@email.com
5926,Customer_005926,Standard,2023-02-22,Inactive,customer5926@email.com
5927,Customer_005927,Basic,2023-09-21,Inactive,customer5927@email.com
5928,Customer_005928,Basic,2023-09-10,Active,customer5928@email.com
5929,Customer_005929,Basic,2021-12-23,Active,customer5929@email.com
5930,Customer_005930,Basic,2022-03-08,Inactive,customer5930@email.com
5931,Customer_005931,Basic,2024-10-03,Active,customer5931@email.com
5932,Customer_005932,Basic,2024-03-10,Inactive,customer5932@email.com
5933,Customer_005933,Basic,2023-07-03,Active,customer5933@email.com
5934,Customer_005934,Premium,2022-06-25,Active,customer5934@email.com
5935,Customer_005935,Basic,2024-09-14,Active,customer5935@email.com
5936,Customer_005936,Basic,2021-04-15,Active,customer5936@email.com
5937,Customer_005937,Standard,2024-01-13,Active,customer5937@email.com
5938,Customer_005938,Basic,2023-04-22,Inactive,customer5938@email.com
5939,Customer_005939,Basic,2024-09-24,Active,customer5939@email.com
5940,Customer_005940,Basic,2024-09-14,Inactive,customer5940@email.com
5941,Customer_005941,Standard,2024-01-23,Active,customer5941@email.com
5942,Customer_005942,Standard,2022-04-27,Active,customer5942@email.com
5943,Customer_005943,Basic,2024-06-13,Active,customer5943@email.com
5944,Customer_005944,Standard,2024-04-12,Active,customer5944@email.com
5945,Customer_005945,Basic,2021-08-18,Active,customer5945@email.com
5946,Customer_005946,Basic,2021-02-15,Active,customer5946@email.com
5947,Customer_005947,Premium,2024-07-05,Active,customer5947@email.com
5948,Customer_005948,Standard,2024-09-16,Active,customer5948@email.com
5949,Customer_005949,Premium,2021-05-25,Inactive,customer5949@email.com
5950,Customer_005950,Basic,2022-06-17,Active,customer5950@email.com
5951,Customer_005951,Premium,2021-09-04,Inactive,customer5951@email.com
5952,Customer_005952,Basic,2022-12-31,Active,customer5952@email.com
5953,Customer_005953,Basic,2022-04-23,Inactive,customer5953@email.com
5954,Customer_005954,Basic,2023-11-05,Active,customer5954@email.com
5955,Customer_005955,Standard,2024-01-10,Active,customer5955@email.com
5956,Customer_005956,Basic,2022-06-16,Active,customer5956@email.com
5957,Customer_005957,Standard,2022-10-18,Inactive,customer5957@email.com
5958,Customer_005958,Basic,2022-01-04,Inactive,customer5958@email.com
5959,Customer_005959,Basic,2021-06-24,Inactive,customer5959@email.com
5960,Customer_005960,Standard,2024-08-20,Inactive,customer5960@email.com
5961,Customer_005961,Basic,2023-11-13,Active,customer5961@email.com
5962,Customer_005962,Premium,2024-04-24,Inactive,customer5962@email.com
5963,Customer_005963,Standard,2024-10-05,Inactive,customer5963@email.com
5964,Customer_005964,Premium,2021-11-05,Active,customer5964@email.com
5965,Customer_005965,Standard,2024-03-30,Active,customer5965@email.com
5966,Customer_005966,Basic,2023-09-05,Active,customer5966@email.com
5967,Customer_005967,Premium,2021-03-30,Active,customer5967@email.com
5968,Customer_005968,Standard,2021-08-30,Active,customer5968@email.com
5969,Customer_005969,Basic,2024-04-04,Active,customer5969@email.com
5970,Customer_005970,Premium,2021-04-01,Active,customer5970@email.com
5971,Customer_005971,Premium,2022-05-24,Active,customer5971@email.com
5972,Customer_005972,Standard,2024-11-16,Inactive,customer5972@email.com
5973,Customer_005973,Basic,2023-02-12,Inactive,customer5973@email.com
5974,Customer_005974,Standard,2023-08-01,Active,customer5974@email.com
5975,Customer_005975,Basic,2024-09-10,Inactive,customer5975@email.com
5976,Customer_005976,Basic,2022-08-23,Active,customer5976@email.com
5977,Customer_005977,Premium,2023-05-14,Active,customer5977@email.com
5978,Customer_005978,Basic,2024-06-02,Inactive,customer5978@email.com
5979,Customer_005979,Basic,2022-06-27,Inactive,customer5979@email.com
5980,Customer_005980,Basic,2022-06-29,Inactive,customer5980@email.com
5981,Customer_005981,Basic,2021-05-13,Inactive,customer5981@email.com
5982,Customer_005982,Standard,2022-11-24,Active,customer5982@email.com
5983,Customer_005983,Basic,2022-12-30,Active,customer5983@email.com
5984,Customer_005984,Basic,2024-07-14,Active,customer5984@email.com
5985,,Standard,2021-09-14,Inactive,
5986,Customer_005986,Premium,2022-03-31,Active,customer5986@email.com
5987,Customer_005987,Standard,2024-11-27,Active,customer5987@email.com
5988,Customer_005988,Standard,2023-06-12,Inactive,customer5988@email.com
5989,Customer_005989,Standard,2023-09-10,Inactive,customer5989@email.com
5990,Customer_005990,Standard,2023-12-16,Active,customer5990@email.com
5991,Customer_005991,Premium,2023-05-21,Active,customer5991@email.com
5992,Customer_005992,Basic,2021-07-02,Active,customer5992@email.com
5993,Customer_005993,Standard,2021-08-20,Active,customer5993@email.com
5994,Customer_005994,Standard,2022-05-24,Active,customer5994@email.com
5995,Customer_005995,Basic,2024-05-13,Inactive,customer5995@email.com
5996,Customer_005996,Premium,2022-02-23,Active,customer5996@email.com
5997,Customer_005997,Basic,2022-03-13,Active,customer5997@email.com
5998,Customer_005998,Basic,2021-01-01,Active,customer5998@email.com
5999,Customer_005999,Basic,2021-03-31,Active,customer5999@email.com
6000,Customer_006000,Basic,2023-11-13,Active,customer6000@email.com
6001,Customer_006001,Basic,2024-12-05,Active,customer6001@email.com
6002,Customer_006002,Standard,2022-07-25,Inactive,customer6002@email.com
6003,Customer_006003,Basic,2022-06-21,Inactive,customer6003@email.com
6004,Customer_006004,Standard,2022-10-14,Inactive,customer6004@email.com
6005,Customer_006005,Standard,2024-11-28,Inactive,customer6005@email.com
6006,Customer_006006,Basic,2024-03-07,Active,customer6006@email.com
6007,Customer_006007,Basic,2023-08-21,Inactive,customer6007@email.com
6008,Customer_006008,Standard,2021-05-14,Active,customer6008@email.com
6009,Customer_006009,Premium,2022-06-14,Active,customer6009@email.com
6010,Customer_006010,Standard,2024-01-25,Active,customer6010@email.com
6011,Customer_006011,Standard,2021-01-06,Active,customer6011@email.com
6012,Customer_006012,Basic,2024-02-03,Inactive,customer6012@email.com
6013,Customer_006013,Standard,2023-06-26,Active,customer6013@email.com
6014,Customer_006014,Basic,2021-08-03,Active,customer6014@email.com
6015,Customer_006015,Standard,2024-06-28,Active,customer6015@email.com
6016,Customer_006016,Basic,2023-02-11,Active,customer6016@email.com
6017,Customer_006017,Basic,2024-06-16,Active,customer6017@email.com
6018,Customer_006018,Basic,2022-05-25,Active,customer6018@email.com
6019,Customer_006019,Standard,2024-11-27,Inactive,customer6019@email.com
6020,Customer_006020,Basic,2023-11-04,Active,customer6020@email.com
6021,Customer_006021,Basic,2021-07-04,Active,customer6021@email.com
6022,Customer_006022,Basic,2022-10-05,Active,customer6022@email.com
6023,Customer_006023,Basic,2021-09-12,Active,customer6023@email.com
6024,Customer_006024,Standard,2024-10-23,Inactive,customer6024@email.com
6025,Customer_006025,Basic,2023-09-06,Active,customer6025@email.com
6026,Customer_006026,Standard,2023-02-21,Active,customer6026@email.com
6027,Customer_006027,Basic,2021-08-21,Inactive,customer6027@email.com
6028,Customer_006028,Basic,2024-10-30,Active,customer6028@email.com
6029,Customer_006029,Basic,2024-05-05,Active,customer6029@email.com
6030,Customer_006030,Premium,2023-03-20,Active,customer6030@email.com
6031,Customer_006031,Basic,2023-04-22,Inactive,customer6031@email.com
6032,Customer_006032,Basic,2021-07-24,Active,customer6032@email.com
6033,Customer_006033,Basic,2023-02-02,Active,customer6033@email.com
6034,Customer_006034,Standard,2021-01-16,Inactive,customer6034@email.com
6035,Customer_006035,Basic,2024-08-26,Active,customer6035@email.com
6036,Customer_006036,Standard,2022-09-04,Active,customer6036@email.com
6037,Customer_006037,Premium,2022-01-02,Inactive,customer6037@email.com
6038,Customer_006038,Standard,2023-02-08,Inactive,customer6038@email.com
6039,Customer_006039,Standard,2024-02-15,Active,customer6039@email.com
6040,Customer_006040,Premium,2023-04-21,Active,customer6040@email.com
6041,Customer_006041,Basic,2022-06-21,Active,customer6041@email.com
6042,Customer_006042,Premium,2022-09-29,Active,customer6042@email.com
6043,Customer_006043,Premium,2023-10-01,Active,customer6043@email.com
6044,Customer_006044,Basic,2021-03-01,Active,customer6044@email.com
6045,Customer_006045,Basic,2022-09-24,Active,customer6045@email.com
6046,Customer_006046,Standard,2022-01-29,Active,customer6046@email.com
6047,Customer_006047,Premium,2021-03-01,Active,customer6047@email.com
6048,Customer_006048,Basic,2023-01-27,Active,customer6048@email.com
6049,Customer_006049,Standard,2023-02-20,Inactive,customer6049@email.com
6050,Customer_006050,Basic,2022-01-13,Inactive,customer6050@email.com
6051,Customer_006051,Standard,2022-08-16,Active,customer6051@email.com
6052,Customer_006052,Basic,2022-11-16,Inactive,customer6052@email.com
6053,,Standard,2021-04-20,Inactive,
6054,Customer_006054,Basic,2023-05-22,Active,customer6054@email.com
6055,Customer_006055,Standard,2021-12-25,Active,customer6055@email.com
6056,Customer_006056,Premium,2023-07-15,Active,customer6056@email.com
6057,Customer_006057,Standard,2024-11-22,Inactive,customer6057@email.com
6058,Customer_006058,Basic,2021-10-03,Active,customer6058@email.com
6059,Customer_006059,Standard,2023-03-11,Inactive,customer6059@email.com
6060,Customer_006060,Basic,2022-07-30,Inactive,customer6060@email.com
6061,Customer_006061,Standard,2023-02-02,Active,customer6061@email.com
6062,Customer_006062,Basic,2022-05-30,Inactive,customer6062@email.com
6063,Customer_006063,,2023-03-07,Inactive,customer6063@email.com
6064,,Standard,2024-01-05,Inactive,
6065,Customer_006065,Basic,2023-11-24,Active,customer6065@email.com
6066,Customer_006066,Basic,2023-10-10,Active,customer6066@email.com
6067,Customer_006067,Standard,2021-06-12,Active,customer6067@email.com
6068,Customer_006068,Premium,2023-01-04,Active,customer6068@email.com
6069,Customer_006069,Basic,2021-01-28,Active,customer6069@email.com
6070,Customer_006070,Premium,2021-10-04,Inactive,customer6070@email.com
6071,Customer_006071,Basic,2022-06-23,Inactive,customer6071@email.com
6072,Customer_006072,Basic,2023-05-21,Active,customer6072@email.com
6073,Customer_006073,Standard,2021-12-04,Active,customer6073@email.com
6074,Customer_006074,Premium,2022-04-14,Active,customer6074@email.com
6075,Customer_006075,Premium,2022-12-02,Active,customer6075@email.com
6076,Customer_006076,Standard,2024-04-20,Active,customer6076@email.com
6077,Customer_006077,Premium,2023-12-27,Active,customer6077@email.com
6078,Customer_006078,Basic,2024-07-25,Active,customer6078@email.com
6079,Customer_006079,Premium,2023-11-19,Active,customer6079@email.com
6080,Customer_006080,Standard,2024-10-07,Active,customer6080@email.com
6081,Customer_006081,Standard,2023-10-29,Active,customer6081@email.com
6082,Customer_006082,Basic,2022-07-04,Active,customer6082@email.com
6083,Customer_006083,Standard,2023-05-30,Active,customer6083@email.com
6084,Customer_006084,Basic,2022-08-08,Inactive,customer6084@email.com
6085,Customer_006085,Basic,2021-10-26,Active,customer6085@email.com
6086,Customer_006086,Standard,2021-06-07,Inactive,customer6086@email.com
6087,Customer_006087,Premium,2021-11-12,Inactive,customer6087@email.com
6088,Customer_006088,Basic,2022-08-08,Inactive,customer6088@email.com
6089,Customer_006089,Premium,2023-10-04,Active,customer6089@email.com
6090,Customer_006090,Standard,2021-06-23,Active,customer6090@email.com
6091,Customer_006091,Standard,2023-03-27,Inactive,customer6091@email.com
6092,Customer_006092,Basic,2022-08-25,Active,customer6092@email.com
6093,Customer_006093,Premium,2021-12-07,Active,customer6093@email.com
6094,Customer_006094,Basic,2024-02-11,Active,customer6094@email.com
6095,Customer_006095,Basic,2021-05-30,Active,customer6095@email.com
6096,Customer_006096,Basic,2021-01-26,Active,customer6096@email.com
6097,Customer_006097,Basic,2021-05-18,Active,customer6097@email.com
6098,Customer_006098,Standard,2022-05-21,Active,customer6098@email.com
6099,Customer_006099,Basic,2024-07-25,Active,customer6099@email.com
6100,Customer_006100,Standard,2022-04-16,Active,customer6100@email.com
6101,Customer_006101,Standard,2021-10-24,Inactive,customer6101@email.com
6102,Customer_006102,Premium,2022-11-09,Active,customer6102@email.com
6103,Customer_006103,Premium,2021-01-25,Active,customer6103@email.com
6104,Customer_006104,Basic,2024-12-04,Active,customer6104@email.com
6105,Customer_006105,Standard,2023-11-21,Active,customer6105@email.com
6106,Customer_006106,Basic,2023-06-22,Active,customer6106@email.com
6107,Customer_006107,Basic,2021-05-18,Inactive,customer6107@email.com
6108,Customer_006108,Basic,2021-12-19,Active,customer6108@email.com
6109,Customer_006109,Standard,2024-10-04,Active,customer6109@email.com
6110,Customer_006110,Premium,2023-05-26,Active,customer6110@email.com
6111,Customer_006111,Premium,2024-01-01,Active,customer6111@email.com
6112,Customer_006112,Standard,2023-09-01,Active,customer6112@email.com
6113,Customer_006113,Basic,2024-12-13,Active,customer6113@email.com
6114,Customer_006114,Standard,2024-08-07,Active,customer6114@email.com
6115,Customer_006115,Basic,2024-10-03,Active,customer6115@email.com
6116,Customer_006116,Basic,2021-09-10,Inactive,customer6116@email.com
6117,Customer_006117,Premium,2023-10-26,Active,customer6117@email.com
6118,Customer_006118,Standard,2024-01-09,Inactive,customer6118@email.com
6119,Customer_006119,Basic,2024-03-09,Inactive,customer6119@email.com
6120,Customer_006120,Standard,2023-12-17,Inactive,customer6120@email.com
6121,Customer_006121,Premium,2024-11-15,Active,customer6121@email.com
6122,Customer_006122,Basic,2022-10-07,Inactive,customer6122@email.com
6123,Customer_006123,Premium,2023-09-09,Active,customer6123@email.com
6124,Customer_006124,Premium,2024-10-26,Active,customer6124@email.com
6125,Customer_006125,Standard,2021-03-16,Inactive,customer6125@email.com
6126,Customer_006126,Basic,2024-05-10,Inactive,customer6126@email.com
6127,Customer_006127,Basic,2024-12-26,Active,customer6127@email.com
6128,Customer_006128,Basic,2022-02-22,Active,customer6128@email.com
6129,Customer_006129,Standard,2024-04-28,Active,customer6129@email.com
6130,Customer_006130,Basic,2022-05-03,Inactive,customer6130@email.com
6131,Customer_006131,Basic,2021-08-19,Active,customer6131@email.com
6132,Customer_006132,Basic,2023-10-21,Active,customer6132@email.com
6133,Customer_006133,Basic,2021-11-18,Active,customer6133@email.com
6134,Customer_006134,Premium,2021-12-20,Active,customer6134@email.com
6135,Customer_006135,Basic,2021-04-12,Active,customer6135@email.com
6136,Customer_006136,Basic,2022-03-11,Active,customer6136@email.com
6137,,Basic,2021-08-28,Inactive,
6138,,Standard,2021-01-05,Active,
6139,Customer_006139,Basic,2023-03-02,Active,customer6139@email.com
6140,Customer_006140,Basic,2021-04-03,Active,customer6140@email.com
6141,Customer_006141,Standard,2024-07-17,Inactive,customer6141@email.com
6142,Customer_006142,Standard,2024-10-17,Active,customer6142@email.com
6143,Customer_006143,Standard,2021-01-23,Inactive,customer6143@email.com
6144,Customer_006144,Basic,2022-01-23,Active,customer6144@email.com
6145,Customer_006145,Premium,2022-08-15,Active,customer6145@email.com
6146,Customer_006146,Standard,2024-02-07,Active,customer6146@email.com
6147,Customer_006147,Basic,2022-05-15,Active,customer6147@email.com
6148,Customer_006148,Standard,2023-11-12,Inactive,customer6148@email.com
6149,Customer_006149,Standard,2022-07-20,Active,customer6149@email.com
6150,Customer_006150,Premium,2024-02-02,Active,customer6150@email.com
6151,Customer_006151,Basic,2022-09-26,Active,customer6151@email.com
6152,Customer_006152,Standard,2022-10-10,Active,customer6152@email.com
6153,,Basic,2021-03-13,Active,
6154,Customer_006154,Basic,2021-02-04,Inactive,customer6154@email.com
6155,,Standard,2022-01-09,Active,
6156,Customer_006156,Basic,2022-07-26,Inactive,customer6156@email.com
6157,Customer_006157,Standard,2024-04-19,Active,customer6157@email.com
6158,,Basic,2022-11-10,Active,
6159,Customer_006159,Standard,2023-06-12,Active,customer6159@email.com
6160,Customer_006160,Premium,2023-03-10,Inactive,customer6160@email.com
6161,Customer_006161,Standard,2021-01-27,Inactive,customer6161@email.com
6162,Customer_006162,Premium,2023-01-30,Active,customer6162@email.com
6163,Customer_006163,Standard,2021-07-04,Inactive,customer6163@email.com
6164,Customer_006164,,2022-04-06,Active,customer6164@email.com
6165,Customer_006165,Basic,2023-07-05,Active,customer6165@email.com
6166,Customer_006166,Basic,2024-06-11,Inactive,customer6166@email.com
6167,Customer_006167,Basic,2022-07-05,Inactive,customer6167@email.com
6168,Customer_006168,Standard,2023-12-07,Active,customer6168@email.com
6169,Customer_006169,Standard,2024-02-25,Active,customer6169@email.com
6170,Customer_006170,Basic,2024-01-28,Active,customer6170@email.com
6171,Customer_006171,Basic,2023-02-13,Active,customer6171@email.com
6172,Customer_006172,Standard,2024-06-27,Active,customer6172@email.com
6173,Customer_006173,Standard,2023-07-30,Inactive,customer6173@email.com
6174,Customer_006174,Standard,2024-01-11,Inactive,customer6174@email.com
6175,Customer_006175,Premium,2024-07-25,Active,customer6175@email.com
6176,Customer_006176,Basic,2024-10-28,Inactive,customer6176@email.com
6177,Customer_006177,Standard,2024-06-12,Active,customer6177@email.com
6178,Customer_006178,Basic,2024-04-26,Active,customer6178@email.com
6179,Customer_006179,Basic,2021-06-08,Inactive,customer6179@email.com
6180,Customer_006180,Premium,2021-02-17,Active,customer6180@email.com
6181,Customer_006181,Basic,2021-02-15,Active,customer6181@email.com
6182,Customer_006182,Basic,2024-12-07,Active,customer6182@email.com
6183,Customer_006183,Basic,2024-07-16,Active,customer6183@email.com
6184,Customer_006184,Basic,2022-01-18,Active,customer6184@email.com
6185,Customer_006185,,2021-06-11,Inactive,customer6185@email.com
6186,Customer_006186,Premium,2024-03-16,Active,customer6186@email.com
6187,Customer_006187,Standard,2021-05-30,Active,customer6187@email.com
6188,Customer_006188,Basic,2023-11-12,Inactive,customer6188@email.com
6189,Customer_006189,Premium,2023-08-02,Active,customer6189@email.com
6190,Customer_006190,Basic,2021-07-04,Inactive,customer6190@email.com
6191,Customer_006191,Standard,2022-08-31,Active,customer6191@email.com
6192,Customer_006192,Basic,2021-06-02,Active,customer6192@email.com
6193,Customer_006193,Standard,2024-08-13,Active,customer6193@email.com
6194,Customer_006194,Basic,2024-05-31,Active,customer6194@email.com
6195,Customer_006195,Basic,2021-10-10,Active,customer6195@email.com
6196,Customer_006196,Basic,2021-10-16,Inactive,customer6196@email.com
6197,Customer_006197,Basic,2023-11-16,Inactive,customer6197@email.com
6198,Customer_006198,Basic,2024-12-19,Active,customer6198@email.com
6199,Customer_006199,Basic,2022-06-26,Active,customer6199@email.com
6200,Customer_006200,Basic,2021-09-28,Active,customer6200@email.com
6201,Customer_006201,Basic,2024-10-26,Active,customer6201@email.com
6202,Customer_006202,Standard,2021-04-03,Active,customer6202@email.com
6203,,Basic,2021-09-16,Active,
6204,Customer_006204,Premium,2021-09-16,Active,customer6204@email.com
6205,Customer_006205,Basic,2021-01-01,Inactive,customer6205@email.com
6206,Customer_006206,Basic,2021-04-12,Inactive,customer6206@email.com
6207,Customer_006207,Standard,2024-12-13,Inactive,customer6207@email.com
6208,Customer_006208,Premium,2021-04-19,Active,customer6208@email.com
6209,Customer_006209,Premium,2021-10-06,Active,customer6209@email.com
6210,Customer_006210,Basic,2021-12-30,Active,customer6210@email.com
6211,Customer_006211,Basic,2024-06-05,Active,customer6211@email.com
6212,,Standard,2022-07-28,Active,
6213,Customer_006213,Basic,2023-12-02,Inactive,customer6213@email.com
6214,Customer_006214,Standard,2023-11-25,Active,customer6214@email.com
6215,Customer_006215,Standard,2023-07-16,Active,customer6215@email.com
6216,Customer_006216,Basic,2023-05-10,Active,customer6216@email.com
6217,Customer_006217,Basic,2024-01-16,Active,customer6217@email.com
6218,,Standard,2023-02-04,Inactive,
6219,Customer_006219,Standard,2022-12-21,Active,customer6219@email.com
6220,Customer_006220,Standard,2021-05-01,Active,customer6220@email.com
6221,Customer_006221,Basic,2021-01-03,Active,customer6221@email.com
6222,Customer_006222,Basic,2021-08-12,Active,customer6222@email.com
6223,Customer_006223,Premium,2022-10-08,Active,customer6223@email.com
6224,Customer_006224,Basic,2021-03-31,Inactive,customer6224@email.com
6225,Customer_006225,Basic,2023-06-22,Active,customer6225@email.com
6226,Customer_006226,Basic,2022-02-13,Inactive,customer6226@email.com
6227,Customer_006227,Premium,2023-06-01,Active,customer6227@email.com
6228,Customer_006228,Standard,2021-01-10,Active,customer6228@email.com
6229,Customer_006229,Standard,2024-12-05,Active,customer6229@email.com
6230,Customer_006230,Standard,2023-10-30,Active,customer6230@email.com
6231,Customer_006231,Standard,2024-12-27,Inactive,customer6231@email.com
6232,Customer_006232,Basic,2024-08-15,Inactive,customer6232@email.com
6233,Customer_006233,Standard,2023-08-18,Active,customer6233@email.com
6234,Customer_006234,Standard,2022-03-13,Active,customer6234@email.com
6235,Customer_006235,Basic,2021-09-27,Active,customer6235@email.com
6236,Customer_006236,Basic,2023-08-26,Inactive,customer6236@email.com
6237,Customer_006237,Standard,2021-06-30,Active,customer6237@email.com
6238,Customer_006238,Basic,2023-11-21,Active,customer6238@email.com
6239,Customer_006239,Standard,2022-02-19,Active,customer6239@email.com
6240,Customer_006240,Standard,2021-06-19,Active,customer6240@email.com
6241,Customer_006241,Basic,2021-05-25,Inactive,customer6241@email.com
6242,Customer_006242,Standard,2021-11-11,Active,customer6242@email.com
6243,Customer_006243,Basic,2024-06-04,Active,customer6243@email.com
6244,Customer_006244,Standard,2021-05-21,Active,customer6244@email.com
6245,Customer_006245,Standard,2023-01-08,Inactive,customer6245@email.com
6246,Customer_006246,Basic,2022-05-11,Active,customer6246@email.com
6247,Customer_006247,Standard,2023-05-12,Active,customer6247@email.com
6248,Customer_006248,Premium,2022-07-14,Inactive,customer6248@email.com
6249,Customer_006249,Basic,2023-05-30,Active,customer6249@email.com
6250,Customer_006250,Basic,2022-03-25,Inactive,customer6250@email.com
6251,Customer_006251,Basic,2022-09-06,Active,customer6251@email.com
6252,Customer_006252,Standard,2024-01-26,Active,customer6252@email.com
6253,Customer_006253,Standard,2022-04-12,Inactive,customer6253@email.com
6254,Customer_006254,Basic,2024-07-15,Inactive,customer6254@email.com
6255,Customer_006255,Standard,2021-10-10,Inactive,customer6255@email.com
6256,Customer_006256,Standard,2021-04-19,Inactive,customer6256@email.com
6257,Customer_006257,Standard,2022-07-21,Active,customer6257@email.com
6258,Customer_006258,Basic,2023-07-09,Active,customer6258@email.com
6259,Customer_006259,Standard,2023-01-16,Inactive,customer6259@email.com
6260,Customer_006260,Standard,2024-03-02,Active,customer6260@email.com
6261,Customer_006261,Premium,2024-05-01,Active,customer6261@email.com
6262,Customer_006262,Basic,2022-10-27,Active,customer6262@email.com
6263,Customer_006263,Premium,2024-12-04,Active,customer6263@email.com
6264,Customer_006264,Premium,2024-05-13,Active,customer6264@email.com
6265,Customer_006265,Basic,2021-06-20,Active,customer6265@email.com
6266,Customer_006266,Standard,2023-11-06,Active,customer6266@email.com
6267,,Premium,2024-11-07,Active,
6268,Customer_006268,Premium,2022-08-28,Active,customer6268@email.com
6269,Customer_006269,Basic,2023-03-08,Inactive,customer6269@email.com
6270,Customer_006270,Standard,2021-12-11,Active,customer6270@email.com
6271,Customer_006271,Premium,2024-06-25,Active,customer6271@email.com
6272,Customer_006272,Basic,2022-07-03,Active,customer6272@email.com
6273,Customer_006273,Standard,2021-12-29,Active,customer6273@email.com
6274,Customer_006274,Basic,2024-09-27,Inactive,customer6274@email.com
6275,Customer_006275,Basic,2022-10-05,Inactive,customer6275@email.com
6276,Customer_006276,Standard,2023-01-02,Active,customer6276@email.com
6277,Customer_006277,Standard,2021-11-20,Active,customer6277@email.com
6278,Customer_006278,Basic,2024-12-03,Active,customer6278@email.com
6279,Customer_006279,Basic,2021-08-16,Active,customer6279@email.com
6280,Customer_006280,Basic,2022-01-10,Active,customer6280@email.com
6281,Customer_006281,Basic,2024-09-02,Active,customer6281@email.com
6282,Customer_006282,Basic,2023-06-21,Inactive,customer6282@email.com
6283,Customer_006283,Standard,2021-03-07,Inactive,customer6283@email.com
6284,Customer_006284,Basic,2023-10-06,Active,customer6284@email.com
6285,Customer_006285,Basic,2022-01-27,Active,customer6285@email.com
6286,Customer_006286,Basic,2024-02-02,Inactive,customer6286@email.com
6287,Customer_006287,Premium,2024-04-23,Active,customer6287@email.com
6288,Customer_006288,Basic,2022-04-18,Active,customer6288@email.com
6289,,Premium,2021-04-09,Active,
6290,Customer_006290,Standard,2024-10-19,Active,customer6290@email.com
6291,Customer_006291,Basic,2021-01-25,Inactive,customer6291@email.com
6292,,Basic,2021-08-31,Inactive,
6293,Customer_006293,Standard,2021-03-06,Active,customer6293@email.com
6294,Customer_006294,Standard,2023-11-04,Inactive,customer6294@email.com
6295,Customer_006295,Basic,2022-08-06,Inactive,customer6295@email.com
6296,Customer_006296,Basic,2024-07-07,Active,customer6296@email.com
6297,Customer_006297,Standard,2022-03-30,Active,customer6297@email.com
6298,Customer_006298,Premium,2024-06-14,Active,customer6298@email.com
6299,Customer_006299,Basic,2024-01-23,Active,customer6299@email.com
6300,Customer_006300,Basic,2022-05-14,Active,customer6300@email.com
6301,Customer_006301,Standard,2022-11-29,Active,customer6301@email.com
6302,Customer_006302,Standard,2021-05-25,Active,customer6302@email.com
6303,Customer_006303,Basic,2023-09-25,Active,customer6303@email.com
6304,,Basic,2024-08-12,Inactive,
6305,Customer_006305,Basic,2024-01-27,Inactive,customer6305@email.com
6306,Customer_006306,Standard,2023-06-19,Active,customer6306@email.com
6307,Customer_006307,Standard,2024-11-25,Active,customer6307@email.com
6308,Customer_006308,Basic,2023-10-23,Active,customer6308@email.com
6309,Customer_006309,Premium,2022-03-23,Active,customer6309@email.com
6310,Customer_006310,Standard,2022-08-15,Active,customer6310@email.com
6311,Customer_006311,Basic,2023-02-07,Inactive,customer6311@email.com
6312,Customer_006312,Basic,2023-03-16,Active,customer6312@email.com
6313,Customer_006313,,2021-11-18,Active,customer6313@email.com
6314,Customer_006314,Standard,2021-11-26,Inactive,customer6314@email.com
6315,Customer_006315,Basic,2021-05-30,Inactive,customer6315@email.com
6316,Customer_006316,Standard,2022-10-04,Active,customer6316@email.com
6317,Customer_006317,Premium,2022-01-12,Active,customer6317@email.com
6318,Customer_006318,Basic,2022-06-06,Active,customer6318@email.com
6319,Customer_006319,Basic,2022-01-18,Inactive,customer6319@email.com
6320,Customer_006320,Standard,2021-11-03,Active,customer6320@email.com
6321,Customer_006321,Standard,2022-11-09,Active,customer6321@email.com
6322,Customer_006322,Basic,2021-03-07,Inactive,customer6322@email.com
6323,Customer_006323,Standard,2023-05-14,Active,customer6323@email.com
6324,,Standard,2022-05-16,Active,
6325,Customer_006325,Basic,2024-01-13,Inactive,customer6325@email.com
6326,Customer_006326,Standard,2022-06-03,Active,customer6326@email.com
6327,Customer_006327,Standard,2021-08-27,Active,customer6327@email.com
6328,Customer_006328,Standard,2022-03-27,Active,customer6328@email.com
6329,Customer_006329,Basic,2021-01-14,Active,customer6329@email.com
6330,Customer_006330,Basic,2023-07-24,Inactive,customer6330@email.com
6331,Customer_006331,Standard,2024-02-27,Active,customer6331@email.com
6332,Customer_006332,Basic,2023-07-13,Inactive,customer6332@email.com
6333,Customer_006333,Standard,2022-01-17,Active,customer6333@email.com
6334,Customer_006334,Basic,2024-04-30,Inactive,customer6334@email.com
6335,Customer_006335,Standard,2023-03-21,Active,customer6335@email.com
6336,Customer_006336,Premium,2022-05-08,Active,customer6336@email.com
6337,Customer_006337,Basic,2022-01-02,Active,customer6337@email.com
6338,Customer_006338,Standard,2021-10-17,Inactive,customer6338@email.com
6339,Customer_006339,Standard,2022-01-18,Inactive,customer6339@email.com
6340,Customer_006340,Basic,2023-08-07,Active,customer6340@email.com
6341,,Basic,2021-09-16,Inactive,
6342,Customer_006342,Standard,2021-07-06,Active,customer6342@email.com
6343,Customer_006343,Basic,2022-04-08,Inactive,customer6343@email.com
6344,Customer_006344,Basic,2022-01-06,Active,customer6344@email.com
6345,Customer_006345,Basic,2021-12-11,Active,customer6345@email.com
6346,Customer_006346,Basic,2024-09-14,Inactive,customer6346@email.com
6347,Customer_006347,Basic,2023-12-11,Inactive,customer6347@email.com
6348,Customer_006348,Basic,2023-09-29,Active,customer6348@email.com
6349,Customer_006349,Standard,2024-03-04,Inactive,customer6349@email.com
6350,Customer_006350,Basic,2021-08-18,Active,customer6350@email.com
6351,Customer_006351,Standard,2023-01-31,Active,customer6351@email.com
6352,Customer_006352,Basic,2024-04-20,Inactive,customer6352@email.com
6353,Customer_006353,Premium,2023-08-08,Inactive,customer6353@email.com
6354,Customer_006354,Standard,2024-12-12,Inactive,customer6354@email.com
6355,Customer_006355,Standard,2023-11-25,Active,customer6355@email.com
6356,Customer_006356,Standard,2022-11-27,Active,customer6356@email.com
6357,Customer_006357,Basic,2024-12-03,Active,customer6357@email.com
6358,Customer_006358,Premium,2024-01-27,Active,customer6358@email.com
6359,Customer_006359,Premium,2021-11-13,Active,customer6359@email.com
6360,Customer_006360,Basic,2021-12-20,Active,customer6360@email.com
6361,Customer_006361,Basic,2022-09-29,Active,customer6361@email.com
6362,Customer_006362,Basic,2023-11-19,Inactive,customer6362@email.com
6363,Customer_006363,Basic,2023-09-04,Inactive,customer6363@email.com
6364,Customer_006364,Basic,2024-02-03,Inactive,customer6364@email.com
6365,Customer_006365,Basic,2021-09-19,Active,customer6365@email.com
6366,Customer_006366,Standard,2022-04-14,Active,customer6366@email.com
6367,Customer_006367,Basic,2021-05-02,Active,customer6367@email.com
6368,Customer_006368,Standard,2023-09-25,Active,customer6368@email.com
6369,Customer_006369,Standard,2021-09-27,Active,customer6369@email.com
6370,Customer_006370,Basic,2021-08-13,Inactive,customer6370@email.com
6371,Customer_006371,Basic,2023-01-08,Active,customer6371@email.com
6372,,Standard,2024-12-06,Active,
6373,Customer_006373,Basic,2024-07-08,Active,customer6373@email.com
6374,Customer_006374,Premium,2024-07-22,Active,customer6374@email.com
6375,Customer_006375,Standard,2024-11-26,Active,customer6375@email.com
6376,Customer_006376,Premium,2021-09-25,Active,customer6376@email.com
6377,Customer_006377,Standard,2021-09-18,Active,customer6377@email.com
6378,Customer_006378,Basic,2023-02-03,Inactive,customer6378@email.com
6379,Customer_006379,Standard,2021-09-25,Inactive,customer6379@email.com
6380,Customer_006380,Standard,2021-04-07,Active,customer6380@email.com
6381,Customer_006381,Standard,2021-01-06,Active,customer6381@email.com
6382,Customer_006382,Standard,2022-12-07,Active,customer6382@email.com
6383,Customer_006383,Basic,2023-06-21,Active,customer6383@email.com
6384,Customer_006384,Basic,2024-04-12,Inactive,customer6384@email.com
6385,Customer_006385,Standard,2021-09-28,Active,customer6385@email.com
6386,Customer_006386,Basic,2024-08-27,Active,customer6386@email.com
6387,Customer_006387,Standard,2023-05-02,Active,customer6387@email.com
6388,Customer_006388,Standard,2021-06-01,Active,customer6388@email.com
6389,Customer_006389,Standard,2024-05-30,Inactive,customer6389@email.com
6390,Customer_006390,Basic,2024-04-07,Active,customer6390@email.com
6391,Customer_006391,Basic,2021-09-02,Inactive,customer6391@email.com
6392,Customer_006392,Premium,2022-05-23,Active,customer6392@email.com
6393,Customer_006393,Basic,2022-07-20,Inactive,customer6393@email.com
6394,Customer_006394,Premium,2021-11-29,Inactive,customer6394@email.com
6395,Customer_006395,Standard,2022-02-20,Active,customer6395@email.com
6396,Customer_006396,Standard,2021-01-29,Active,customer6396@email.com
6397,Customer_006397,Basic,2024-02-16,Inactive,customer6397@email.com
6398,Customer_006398,Standard,2023-05-06,Inactive,customer6398@email.com
6399,Customer_006399,Basic,2023-08-02,Active,customer6399@email.com
6400,Customer_006400,Basic,2021-03-25,Active,customer6400@email.com
6401,Customer_006401,Basic,2021-11-10,Active,customer6401@email.com
6402,Customer_006402,Basic,2023-03-18,Active,customer6402@email.com
6403,Customer_006403,Basic,2024-04-05,Inactive,customer6403@email.com
6404,Customer_006404,Standard,2022-06-06,Active,customer6404@email.com
6405,Customer_006405,Standard,2023-06-03,Active,customer6405@email.com
6406,Customer_006406,Standard,2022-09-20,Active,customer6406@email.com
6407,Customer_006407,Standard,2022-04-06,Active,customer6407@email.com
6408,Customer_006408,Premium,2022-09-12,Active,customer6408@email.com
6409,Customer_006409,Basic,2023-07-19,Inactive,customer6409@email.com
6410,Customer_006410,Standard,2023-03-01,Active,customer6410@email.com
6411,Customer_006411,Premium,2021-08-29,Active,customer6411@email.com
6412,Customer_006412,Premium,2022-06-08,Active,customer6412@email.com
6413,Customer_006413,Basic,2021-10-09,Active,customer6413@email.com
6414,Customer_006414,Basic,2024-09-02,Active,customer6414@email.com
6415,Customer_006415,Standard,2024-10-11,Active,customer6415@email.com
6416,Customer_006416,Standard,2023-11-18,Active,customer6416@email.com
6417,Customer_006417,Standard,2023-12-30,Active,customer6417@email.com
6418,Customer_006418,Standard,2024-05-01,Active,customer6418@email.com
6419,Customer_006419,Basic,2024-06-29,Active,customer6419@email.com
6420,Customer_006420,Standard,2022-05-07,Active,customer6420@email.com
6421,Customer_006421,Basic,2024-12-27,Active,customer6421@email.com
6422,Customer_006422,Standard,2024-10-30,Active,customer6422@email.com
6423,Customer_006423,Standard,2024-02-21,Active,customer6423@email.com
6424,Customer_006424,Basic,2021-10-02,Inactive,customer6424@email.com
6425,Customer_006425,Premium,2022-07-31,Active,customer6425@email.com
6426,Customer_006426,Standard,2022-01-18,Active,customer6426@email.com
6427,Customer_006427,Basic,2023-01-17,Active,customer6427@email.com
6428,Customer_006428,Standard,2022-06-18,Active,customer6428@email.com
6429,Customer_006429,Basic,2021-03-13,Active,customer6429@email.com
6430,Customer_006430,Standard,2021-06-11,Active,customer6430@email.com
6431,Customer_006431,Standard,2024-10-01,Inactive,customer6431@email.com
6432,Customer_006432,Basic,2023-02-05,Active,customer6432@email.com
6433,Customer_006433,Basic,2023-08-15,Inactive,customer6433@email.com
6434,Customer_006434,Standard,2024-11-13,Active,customer6434@email.com
6435,Customer_006435,Basic,2022-11-09,Inactive,customer6435@email.com
6436,Customer_006436,Basic,2024-12-29,Inactive,customer6436@email.com
6437,Customer_006437,Standard,2022-07-04,Active,customer6437@email.com
6438,Customer_006438,Basic,2024-07-25,Active,customer6438@email.com
6439,Customer_006439,Basic,2022-05-07,Inactive,customer6439@email.com
6440,Customer_006440,Basic,2022-07-09,Active,customer6440@email.com
6441,Customer_006441,Basic,2024-05-02,Inactive,customer6441@email.com
6442,Customer_006442,Basic,2021-05-11,Active,customer6442@email.com
6443,Customer_006443,Premium,2021-09-17,Active,customer6443@email.com
6444,Customer_006444,Standard,2023-01-28,Active,customer6444@email.com
6445,Customer_006445,Basic,2021-01-17,Inactive,customer6445@email.com
6446,Customer_006446,Basic,2024-06-20,Active,customer6446@email.com
6447,Customer_006447,Standard,2021-06-29,Inactive,customer6447@email.com
6448,Customer_006448,Standard,2023-03-29,Active,customer6448@email.com
6449,Customer_006449,Standard,2023-01-31,Inactive,customer6449@email.com
6450,Customer_006450,Basic,2023-07-04,Active,customer6450@email.com
6451,,Basic,2022-05-06,Active,
6452,Customer_006452,Premium,2022-07-20,Active,customer6452@email.com
6453,Customer_006453,Basic,2024-04-20,Active,customer6453@email.com
6454,Customer_006454,Basic,2023-02-28,Inactive,customer6454@email.com
6455,Customer_006455,Basic,2021-04-18,Inactive,customer6455@email.com
6456,Customer_006456,Basic,2024-08-25,Inactive,customer6456@email.com
6457,Customer_006457,Basic,2021-11-19,Active,customer6457@email.com
6458,Customer_006458,Basic,2022-09-09,Active,customer6458@email.com
6459,Customer_006459,Standard,2022-03-14,Active,customer6459@email.com
6460,Customer_006460,Premium,2024-03-06,Active,customer6460@email.com
6461,Customer_006461,Basic,2023-07-27,Active,customer6461@email.com
6462,Customer_006462,Standard,2024-10-26,Inactive,customer6462@email.com
6463,Customer_006463,Standard,2024-08-15,Active,customer6463@email.com
6464,Customer_006464,Standard,2023-12-24,Active,customer6464@email.com
6465,Customer_006465,Basic,2021-10-18,Inactive,customer6465@email.com
6466,Customer_006466,Standard,2024-01-30,Inactive,customer6466@email.com
6467,Customer_006467,Basic,2024-02-15,Active,customer6467@email.com
6468,Customer_006468,Basic,2023-01-13,Inactive,customer6468@email.com
6469,Customer_006469,Basic,2021-12-27,Active,customer6469@email.com
6470,Customer_006470,Standard,2023-08-02,Active,customer6470@email.com
6471,Customer_006471,Standard,2024-08-25,Active,customer6471@email.com
6472,Customer_006472,Premium,2021-08-19,Active,customer6472@email.com
6473,Customer_006473,Standard,2021-12-02,Active,customer6473@email.com
6474,Customer_006474,Basic,2024-10-17,Active,customer6474@email.com
6475,Customer_006475,Basic,2022-12-01,Active,customer6475@email.com
6476,Customer_006476,Standard,2022-04-01,Inactive,customer6476@email.com
6477,Customer_006477,Basic,2021-09-28,Active,customer6477@email.com
6478,Customer_006478,Standard,2022-10-26,Active,customer6478@email.com
6479,Customer_006479,Basic,2021-01-07,Inactive,customer6479@email.com
6480,Customer_006480,Standard,2024-08-15,Inactive,customer6480@email.com
6481,Customer_006481,Premium,2024-07-12,Active,customer6481@email.com
6482,Customer_006482,Basic,2023-06-19,Active,customer6482@email.com
6483,Customer_006483,Premium,2023-01-23,Active,customer6483@email.com
6484,Customer_006484,Standard,2021-04-04,Active,customer6484@email.com
6485,Customer_006485,Basic,2023-09-18,Active,customer6485@email.com
6486,Customer_006486,Basic,2021-09-20,Inactive,customer6486@email.com
6487,Customer_006487,Basic,2023-08-07,Active,customer6487@email.com
6488,Customer_006488,Basic,2021-09-03,Inactive,customer6488@email.com
6489,Customer_006489,Premium,2022-04-10,Active,customer6489@email.com
6490,Customer_006490,Standard,2021-09-10,Active,customer6490@email.com
6491,Customer_006491,Standard,2023-03-27,Active,customer6491@email.com
6492,Customer_006492,Premium,2021-06-27,Inactive,customer6492@email.com
6493,Customer_006493,Standard,2021-03-13,Inactive,customer6493@email.com
6494,Customer_006494,Basic,2024-06-28,Active,customer6494@email.com
6495,Customer_006495,Standard,2023-11-28,Active,customer6495@email.com
6496,Customer_006496,Basic,2021-02-24,Active,customer6496@email.com
6497,Customer_006497,Premium,2024-07-16,Active,customer6497@email.com
6498,Customer_006498,Standard,2022-12-06,Inactive,customer6498@email.com
6499,Customer_006499,Basic,2024-06-14,Inactive,customer6499@email.com
6500,Customer_006500,Standard,2024-09-12,Active,customer6500@email.com
6501,Customer_006501,Basic,2021-10-31,Active,customer6501@email.com
6502,Customer_006502,Basic,2023-06-26,Active,customer6502@email.com
6503,Customer_006503,Premium,2023-12-06,Active,customer6503@email.com
6504,Customer_006504,Basic,2022-08-12,Inactive,customer6504@email.com
6505,Customer_006505,Standard,2024-11-21,Active,customer6505@email.com
6506,Customer_006506,Basic,2022-03-31,Active,customer6506@email.com
6507,Customer_006507,Basic,2022-04-10,Active,customer6507@email.com
6508,Customer_006508,Basic,2022-12-18,Active,customer6508@email.com
6509,Customer_006509,Basic,2021-07-07,Active,customer6509@email.com
6510,Customer_006510,Standard,2023-07-30,Inactive,customer6510@email.com
6511,Customer_006511,Basic,2024-05-28,Inactive,customer6511@email.com
6512,Customer_006512,Basic,2023-11-02,Inactive,customer6512@email.com
6513,Customer_006513,Basic,2022-02-14,Active,customer6513@email.com
6514,Customer_006514,Premium,2023-10-04,Active,customer6514@email.com
6515,Customer_006515,Standard,2022-12-27,Active,customer6515@email.com
6516,Customer_006516,Standard,2024-02-08,Active,customer6516@email.com
6517,Customer_006517,Standard,2024-10-20,Active,customer6517@email.com
6518,Customer_006518,Premium,2024-12-17,Active,customer6518@email.com
6519,Customer_006519,Basic,2024-09-26,Active,customer6519@email.com
6520,Customer_006520,Basic,2024-12-19,Inactive,customer6520@email.com
6521,Customer_006521,Standard,2022-06-13,Active,customer6521@email.com
6522,Customer_006522,Basic,2022-10-27,Inactive,customer6522@email.com
6523,Customer_006523,Standard,2021-10-25,Active,customer6523@email.com
6524,Customer_006524,Standard,2022-03-20,Active,customer6524@email.com
6525,Customer_006525,Basic,2021-10-18,Active,customer6525@email.com
6526,,Basic,2023-11-08,Active,
6527,Customer_006527,Basic,2024-05-29,Active,customer6527@email.com
6528,Customer_006528,Premium,2022-12-10,Active,customer6528@email.com
6529,Customer_006529,Standard,2024-03-05,Active,customer6529@email.com
6530,Customer_006530,Basic,2024-11-04,Active,customer6530@email.com
6531,Customer_006531,Basic,2022-12-26,Active,customer6531@email.com
6532,Customer_006532,Standard,2024-06-19,Inactive,customer6532@email.com
6533,Customer_006533,Standard,2023-02-01,Active,customer6533@email.com
6534,Customer_006534,Basic,2022-05-12,Active,customer6534@email.com
6535,Customer_006535,Basic,2023-09-08,Inactive,customer6535@email.com
6536,Customer_006536,Standard,2024-08-19,Inactive,customer6536@email.com
6537,Customer_006537,Standard,2023-03-24,Active,customer6537@email.com
6538,Customer_006538,,2021-08-03,Active,customer6538@email.com
6539,Customer_006539,Basic,2024-10-02,Inactive,customer6539@email.com
6540,Customer_006540,Basic,2022-09-17,Inactive,customer6540@email.com
6541,Customer_006541,Standard,2022-10-26,Active,customer6541@email.com
6542,Customer_006542,Standard,2021-05-27,Active,customer6542@email.com
6543,Customer_006543,Standard,2023-04-02,Active,customer6543@email.com
6544,Customer_006544,Standard,2022-08-11,Inactive,customer6544@email.com
6545,Customer_006545,Basic,2023-08-28,Active,customer6545@email.com
6546,Customer_006546,Standard,2022-10-05,Active,customer6546@email.com
6547,Customer_006547,Standard,2021-04-03,Active,customer6547@email.com
6548,Customer_006548,Basic,2021-05-29,Inactive,customer6548@email.com
6549,Customer_006549,Standard,2024-09-13,Active,customer6549@email.com
6550,Customer_006550,Standard,2022-07-03,Active,customer6550@email.com
6551,Customer_006551,Standard,2024-10-10,Active,customer6551@email.com
6552,Customer_006552,Standard,2021-02-04,Inactive,customer6552@email.com
6553,Customer_006553,Basic,2024-03-26,Active,customer6553@email.com
6554,Customer_006554,Standard,2022-03-10,Inactive,customer6554@email.com
6555,Customer_006555,Basic,2023-10-15,Active,customer6555@email.com
6556,Customer_006556,Standard,2023-09-05,Active,customer6556@email.com
6557,Customer_006557,Premium,2021-02-07,Active,customer6557@email.com
6558,Customer_006558,Basic,2021-11-21,Active,customer6558@email.com
6559,Customer_006559,Standard,2024-08-28,Active,customer6559@email.com
6560,Customer_006560,Basic,2024-09-17,Active,customer6560@email.com
6561,Customer_006561,Basic,2022-02-18,Active,customer6561@email.com
6562,Customer_006562,Premium,2023-05-31,Active,customer6562@email.com
6563,Customer_006563,Premium,2023-08-06,Active,customer6563@email.com
6564,Customer_006564,Standard,2023-04-12,Active,customer6564@email.com
6565,Customer_006565,Basic,2023-08-30,Active,customer6565@email.com
6566,Customer_006566,Basic,2023-10-02,Active,customer6566@email.com
6567,Customer_006567,Basic,2024-05-17,Active,customer6567@email.com
6568,Customer_006568,Basic,2023-06-16,Inactive,customer6568@email.com
6569,Customer_006569,Basic,2021-02-27,Active,customer6569@email.com
6570,Customer_006570,Basic,2024-03-27,Active,customer6570@email.com
6571,Customer_006571,Basic,2023-09-01,Active,customer6571@email.com
6572,Customer_006572,Standard,2022-05-01,Active,customer6572@email.com
6573,Customer_006573,Premium,2024-07-16,Active,customer6573@email.com
6574,Customer_006574,Basic,2024-12-01,Active,customer6574@email.com
6575,Customer_006575,Basic,2024-05-19,Inactive,customer6575@email.com
6576,Customer_006576,Standard,2022-11-05,Active,customer6576@email.com
6577,Customer_006577,Premium,2023-11-16,Active,customer6577@email.com
6578,Customer_006578,Standard,2024-07-28,Active,customer6578@email.com
6579,Customer_006579,Standard,2021-10-24,Active,customer6579@email.com
6580,Customer_006580,Basic,2021-05-22,Active,customer6580@email.com
6581,Customer_006581,Basic,2022-12-16,Active,customer6581@email.com
6582,Customer_006582,Basic,2022-08-03,Active,customer6582@email.com
6583,Customer_006583,Standard,2022-08-05,Active,customer6583@email.com
6584,Customer_006584,Standard,2021-01-03,Active,customer6584@email.com
6585,Customer_006585,Basic,2023-08-09,Inactive,customer6585@email.com
6586,Customer_006586,Basic,2024-09-24,Active,customer6586@email.com
6587,Customer_006587,Standard,2022-09-02,Inactive,customer6587@email.com
6588,Customer_006588,Standard,2022-09-26,Active,customer6588@email.com
6589,Customer_006589,Basic,2022-02-17,Active,customer6589@email.com
6590,Customer_006590,Standard,2024-11-15,Active,customer6590@email.com
6591,Customer_006591,Premium,2022-11-09,Active,customer6591@email.com
6592,Customer_006592,Premium,2022-12-24,Active,customer6592@email.com
6593,Customer_006593,Basic,2022-02-12,Inactive,customer6593@email.com
6594,Customer_006594,Standard,2022-07-12,Inactive,customer6594@email.com
6595,Customer_006595,Basic,2023-08-10,Inactive,customer6595@email.com
6596,Customer_006596,Basic,2024-07-24,Active,customer6596@email.com
6597,Customer_006597,Premium,2024-03-11,Active,customer6597@email.com
6598,Customer_006598,Basic,2022-02-26,Inactive,customer6598@email.com
6599,Customer_006599,Basic,2023-08-13,Active,customer6599@email.com
6600,Customer_006600,Standard,2022-12-18,Active,customer6600@email.com
6601,Customer_006601,Premium,2023-08-06,Active,customer6601@email.com
6602,Customer_006602,Basic,2022-09-06,Inactive,customer6602@email.com
6603,Customer_006603,Basic,2022-10-06,Inactive,customer6603@email.com
6604,Customer_006604,Basic,2024-06-25,Inactive,customer6604@email.com
6605,Customer_006605,Premium,2022-11-18,Inactive,customer6605@email.com
6606,Customer_006606,Basic,2022-07-31,Active,customer6606@email.com
6607,Customer_006607,Standard,2022-09-04,Inactive,customer6607@email.com
6608,Customer_006608,Premium,2022-08-22,Active,customer6608@email.com
6609,Customer_006609,Standard,2022-06-12,Active,customer6609@email.com
6610,Customer_006610,Basic,2022-09-18,Active,customer6610@email.com
6611,Customer_006611,Standard,2024-05-20,Inactive,customer6611@email.com
6612,Customer_006612,Basic,2022-05-12,Inactive,customer6612@email.com
6613,Customer_006613,Standard,2022-06-14,Active,customer6613@email.com
6614,Customer_006614,Standard,2022-04-09,Active,customer6614@email.com
6615,Customer_006615,Premium,2023-04-20,Active,customer6615@email.com
6616,Customer_006616,Premium,2024-10-16,Active,customer6616@email.com
6617,Customer_006617,Basic,2021-12-17,Active,customer6617@email.com
6618,Customer_006618,Basic,2022-11-04,Inactive,customer6618@email.com
6619,Customer_006619,Standard,2023-09-04,Active,customer6619@email.com
6620,Customer_006620,Basic,2024-03-24,Inactive,customer6620@email.com
6621,Customer_006621,Standard,2023-12-06,Active,customer6621@email.com
6622,Customer_006622,Premium,2021-07-24,Active,customer6622@email.com
6623,Customer_006623,Basic,2021-01-17,Inactive,customer6623@email.com
6624,Customer_006624,Standard,2023-07-02,Active,customer6624@email.com
6625,Customer_006625,Basic,2021-08-24,Active,customer6625@email.com
6626,Customer_006626,Basic,2023-09-08,Active,customer6626@email.com
6627,Customer_006627,Standard,2023-11-29,Active,customer6627@email.com
6628,Customer_006628,Standard,2024-12-24,Active,customer6628@email.com
6629,Customer_006629,Premium,2023-08-26,Active,customer6629@email.com
6630,Customer_006630,Premium,2021-09-15,Active,customer6630@email.com
6631,Customer_006631,Basic,2022-09-11,Active,customer6631@email.com
6632,Customer_006632,Basic,2022-09-16,Inactive,customer6632@email.com
6633,Customer_006633,Basic,2024-06-05,Inactive,customer6633@email.com
6634,Customer_006634,Premium,2021-02-26,Active,customer6634@email.com
6635,Customer_006635,Basic,2022-12-30,Inactive,customer6635@email.com
6636,Customer_006636,Standard,2022-02-22,Active,customer6636@email.com
6637,Customer_006637,Standard,2023-03-17,Active,customer6637@email.com
6638,Customer_006638,Basic,2024-05-03,Active,customer6638@email.com
6639,Customer_006639,Basic,2022-11-22,Inactive,customer6639@email.com
6640,Customer_006640,Standard,2021-01-05,Inactive,customer6640@email.com
6641,Customer_006641,Basic,2021-06-11,Active,customer6641@email.com
6642,Customer_006642,Basic,2021-05-21,Active,customer6642@email.com
6643,Customer_006643,Basic,2022-09-04,Inactive,customer6643@email.com
6644,Customer_006644,Basic,2023-03-24,Active,customer6644@email.com
6645,Customer_006645,Standard,2022-04-02,Active,customer6645@email.com
6646,Customer_006646,Basic,2021-04-09,Active,customer6646@email.com
6647,Customer_006647,Basic,2022-01-11,Active,customer6647@email.com
6648,Customer_006648,Standard,2024-10-05,Active,customer6648@email.com
6649,Customer_006649,Basic,2022-05-25,Inactive,customer6649@email.com
6650,Customer_006650,Standard,2022-01-11,Active,customer6650@email.com
6651,,Basic,2021-08-09,Active,
6652,Customer_006652,Basic,2023-07-13,Inactive,customer6652@email.com
6653,Customer_006653,Basic,2024-11-20,Active,customer6653@email.com
6654,Customer_006654,Basic,2024-01-12,Inactive,customer6654@email.com
6655,Customer_006655,Basic,2024-08-26,Active,customer6655@email.com
6656,Customer_006656,Standard,2021-10-16,Active,customer6656@email.com
6657,Customer_006657,Standard,2024-04-08,Active,customer6657@email.com
6658,Customer_006658,Basic,2024-09-01,Active,customer6658@email.com
6659,Customer_006659,Standard,2023-09-25,Active,customer6659@email.com
6660,Customer_006660,Basic,2023-08-12,Active,customer6660@email.com
6661,Customer_006661,Basic,2022-09-11,Active,customer6661@email.com
6662,Customer_006662,Basic,2021-11-14,Active,customer6662@email.com
6663,Customer_006663,Basic,2023-01-21,Active,customer6663@email.com
6664,Customer_006664,Standard,2024-02-20,Active,customer6664@email.com
6665,Customer_006665,Standard,2023-03-12,Inactive,customer6665@email.com
6666,Customer_006666,Standard,2022-11-21,Active,customer6666@email.com
6667,Customer_006667,Basic,2021-11-23,Inactive,customer6667@email.com
6668,Customer_006668,Standard,2021-11-10,Active,customer6668@email.com
6669,,Basic,2021-10-07,Active,
6670,Customer_006670,Standard,2024-03-20,Active,customer6670@email.com
6671,Customer_006671,Basic,2021-01-21,Active,customer6671@email.com
6672,Customer_006672,Standard,2022-06-04,Active,customer6672@email.com
6673,Customer_006673,Basic,2024-11-18,Active,customer6673@email.com
6674,Customer_006674,Basic,2023-07-24,Active,customer6674@email.com
6675,Customer_006675,Standard,2023-06-16,Active,customer6675@email.com
6676,Customer_006676,Basic,2023-09-07,Active,customer6676@email.com
6677,Customer_006677,Basic,2022-10-08,Active,customer6677@email.com
6678,Customer_006678,Premium,2021-12-22,Active,customer6678@email.com
6679,Customer_006679,Premium,2021-04-25,Inactive,customer6679@email.com
6680,Customer_006680,Basic,2022-04-18,Active,customer6680@email.com
6681,Customer_006681,Standard,2022-06-14,Active,customer6681@email.com
6682,Customer_006682,Standard,2021-03-01,Active,customer6682@email.com
6683,Customer_006683,Standard,2021-09-27,Active,customer6683@email.com
6684,Customer_006684,Standard,2023-07-28,Inactive,customer6684@email.com
6685,Customer_006685,Basic,2024-04-05,Active,customer6685@email.com
6686,Customer_006686,Basic,2021-02-03,Active,customer6686@email.com
6687,Customer_006687,Premium,2021-12-01,Active,customer6687@email.com
6688,Customer_006688,Standard,2021-04-17,Active,customer6688@email.com
6689,Customer_006689,Basic,2023-04-28,Inactive,customer6689@email.com
6690,Customer_006690,Basic,2024-01-25,Inactive,customer6690@email.com
6691,Customer_006691,Premium,2021-07-28,Active,customer6691@email.com
6692,Customer_006692,Basic,2024-07-26,Active,customer6692@email.com
6693,Customer_006693,Standard,2022-06-18,Active,customer6693@email.com
6694,Customer_006694,Basic,2024-05-15,Active,customer6694@email.com
6695,Customer_006695,Basic,2022-06-25,Active,customer6695@email.com
6696,Customer_006696,Premium,2024-01-15,Active,customer6696@email.com
6697,Customer_006697,Standard,2023-06-22,Inactive,customer6697@email.com
6698,Customer_006698,Premium,2024-07-12,Active,customer6698@email.com
6699,Customer_006699,Basic,2021-05-12,Active,customer6699@email.com
6700,Customer_006700,Premium,2021-03-24,Active,customer6700@email.com
6701,Customer_006701,Basic,2024-11-10,Inactive,customer6701@email.com
6702,Customer_006702,Standard,2023-12-30,Active,customer6702@email.com
6703,Customer_006703,Standard,2023-11-05,Active,customer6703@email.com
6704,Customer_006704,Basic,2022-05-22,Inactive,customer6704@email.com
6705,Customer_006705,Standard,2023-07-14,Inactive,customer6705@email.com
6706,Customer_006706,Premium,2022-01-17,Active,customer6706@email.com
6707,Customer_006707,Premium,2021-04-07,Active,customer6707@email.com
6708,Customer_006708,Basic,2023-11-18,Active,customer6708@email.com
6709,Customer_006709,Premium,2024-11-10,Inactive,customer6709@email.com
6710,Customer_006710,Basic,2024-06-11,Inactive,customer6710@email.com
6711,Customer_006711,Basic,2021-06-01,Active,customer6711@email.com
6712,Customer_006712,Basic,2023-09-20,Inactive,customer6712@email.com
6713,Customer_006713,Basic,2024-07-12,Inactive,customer6713@email.com
6714,Customer_006714,Standard,2022-12-23,Inactive,customer6714@email.com
6715,Customer_006715,Standard,2024-06-18,Active,customer6715@email.com
6716,Customer_006716,Premium,2024-05-10,Inactive,customer6716@email.com
6717,Customer_006717,Standard,2021-08-13,Active,customer6717@email.com
6718,Customer_006718,Standard,2021-10-19,Inactive,customer6718@email.com
6719,Customer_006719,Standard,2022-06-06,Inactive,customer6719@email.com
6720,Customer_006720,Basic,2022-01-08,Active,customer6720@email.com
6721,Customer_006721,Standard,2022-08-16,Active,customer6721@email.com
6722,Customer_006722,Basic,2021-12-27,Inactive,customer6722@email.com
6723,Customer_006723,Standard,2022-06-18,Inactive,customer6723@email.com
6724,Customer_006724,Standard,2022-01-29,Active,customer6724@email.com
6725,Customer_006725,Basic,2021-01-04,Active,customer6725@email.com
6726,Customer_006726,Basic,2022-02-19,Active,customer6726@email.com
6727,Customer_006727,Basic,2023-06-26,Active,customer6727@email.com
6728,Customer_006728,Standard,2022-09-17,Inactive,customer6728@email.com
6729,Customer_006729,Premium,2023-11-08,Active,customer6729@email.com
6730,Customer_006730,Basic,2021-01-25,Active,customer6730@email.com
6731,,Basic,2021-12-07,Active,
6732,Customer_006732,Standard,2024-10-31,Inactive,customer6732@email.com
6733,Customer_006733,Basic,2022-12-17,Active,customer6733@email.com
6734,Customer_006734,Basic,2022-10-04,Inactive,customer6734@email.com
6735,Customer_006735,Standard,2023-10-15,Active,customer6735@email.com
6736,Customer_006736,Standard,2022-01-08,Active,customer6736@email.com
6737,Customer_006737,Standard,2022-03-05,Active,customer6737@email.com
6738,Customer_006738,Standard,2022-10-11,Active,customer6738@email.com
6739,Customer_006739,Premium,2023-07-16,Active,customer6739@email.com
6740,Customer_006740,Standard,2021-12-16,Inactive,customer6740@email.com
6741,,Basic,2021-11-11,Active,
6742,Customer_006742,Basic,2023-03-29,Active,customer6742@email.com
6743,Customer_006743,Basic,2024-05-23,Inactive,customer6743@email.com
6744,Customer_006744,Basic,2024-03-18,Inactive,customer6744@email.com
6745,Customer_006745,Standard,2024-04-28,Active,customer6745@email.com
6746,Customer_006746,Basic,2023-04-21,Active,customer6746@email.com
6747,Customer_006747,Standard,2022-10-13,Active,customer6747@email.com
6748,Customer_006748,Basic,2024-04-06,Active,customer6748@email.com
6749,Customer_006749,Basic,2023-08-07,Active,customer6749@email.com
6750,Customer_006750,Standard,2024-08-15,Active,customer6750@email.com
6751,Customer_006751,Standard,2022-08-31,Active,customer6751@email.com
6752,Customer_006752,Standard,2021-03-29,Active,customer6752@email.com
6753,Customer_006753,Premium,2024-09-20,Inactive,customer6753@email.com
6754,Customer_006754,Basic,2024-08-16,Inactive,customer6754@email.com
6755,Customer_006755,Standard,2022-02-03,Active,customer6755@email.com
6756,Customer_006756,Standard,2024-09-02,Inactive,customer6756@email.com
6757,Customer_006757,Basic,2021-03-31,Inactive,customer6757@email.com
6758,Customer_006758,Premium,2022-04-05,Active,customer6758@email.com
6759,Customer_006759,Standard,2024-08-08,Inactive,customer6759@email.com
6760,Customer_006760,Standard,2021-07-13,Active,customer6760@email.com
6761,Customer_006761,Standard,2021-06-06,Active,customer6761@email.com
6762,Customer_006762,Premium,2024-09-19,Inactive,customer6762@email.com
6763,Customer_006763,Basic,2023-02-02,Inactive,customer6763@email.com
6764,Customer_006764,Basic,2024-01-18,Active,customer6764@email.com
6765,Customer_006765,,2023-04-03,Active,customer6765@email.com
6766,Customer_006766,Basic,2024-04-08,Active,customer6766@email.com
6767,Customer_006767,Standard,2024-02-14,Active,customer6767@email.com
6768,Customer_006768,Standard,2022-09-18,Active,customer6768@email.com
6769,,Standard,2024-10-11,Inactive,
6770,Customer_006770,Basic,2021-12-30,Active,customer6770@email.com
6771,Customer_006771,Standard,2023-10-17,Inactive,customer6771@email.com
6772,Customer_006772,Premium,2022-05-16,Inactive,customer6772@email.com
6773,Customer_006773,Standard,2023-03-06,Active,customer6773@email.com
6774,Customer_006774,Basic,2023-03-29,Active,customer6774@email.com
6775,Customer_006775,Basic,2021-09-01,Active,customer6775@email.com
6776,Customer_006776,Standard,2022-03-22,Active,customer6776@email.com
6777,Customer_006777,Basic,2024-06-04,Active,customer6777@email.com
6778,Customer_006778,Basic,2021-10-24,Active,customer6778@email.com
6779,Customer_006779,Standard,2021-02-05,Inactive,customer6779@email.com
6780,Customer_006780,Premium,2022-08-06,Active,customer6780@email.com
6781,Customer_006781,Premium,2022-03-21,Active,customer6781@email.com
6782,Customer_006782,Basic,2023-09-22,Active,customer6782@email.com
6783,Customer_006783,Standard,2024-03-09,Active,customer6783@email.com
6784,Customer_006784,Standard,2021-08-18,Active,customer6784@email.com
6785,Customer_006785,Basic,2023-07-04,Inactive,customer6785@email.com
6786,Customer_006786,Premium,2024-04-19,Active,customer6786@email.com
6787,Customer_006787,Basic,2022-07-23,Active,customer6787@email.com
6788,Customer_006788,Basic,2024-08-27,Inactive,customer6788@email.com
6789,Customer_006789,Standard,2021-08-16,Active,customer6789@email.com
6790,Customer_006790,Basic,2022-03-26,Inactive,customer6790@email.com
6791,Customer_006791,Standard,2021-02-12,Active,customer6791@email.com
6792,,,2024-12-17,Inactive,
6793,Customer_006793,Standard,2022-02-07,Active,customer6793@email.com
6794,Customer_006794,Basic,2022-02-01,Active,customer6794@email.com
6795,,Premium,2021-07-17,Active,
6796,Customer_006796,Standard,2022-10-31,Active,customer6796@email.com
6797,Customer_006797,Basic,2023-12-21,Inactive,customer6797@email.com
6798,Customer_006798,Standard,2021-01-04,Active,customer6798@email.com
6799,Customer_006799,Basic,2021-11-28,Active,customer6799@email.com
6800,Customer_006800,Premium,2024-06-15,Inactive,customer6800@email.com
6801,Customer_006801,Standard,2024-06-06,Active,customer6801@email.com
6802,Customer_006802,Standard,2023-12-30,Active,customer6802@email.com
6803,Customer_006803,Premium,2023-07-26,Active,customer6803@email.com
6804,Customer_006804,Standard,2022-04-11,Active,customer6804@email.com
6805,Customer_006805,Standard,2022-02-28,Active,customer6805@email.com
6806,Customer_006806,Basic,2023-03-01,Inactive,customer6806@email.com
6807,Customer_006807,Standard,2022-02-22,Active,customer6807@email.com
6808,Customer_006808,Standard,2021-06-20,Active,customer6808@email.com
6809,Customer_006809,Premium,2024-07-16,Active,customer6809@email.com
6810,Customer_006810,Premium,2023-04-05,Active,customer6810@email.com
6811,Customer_006811,Standard,2022-05-23,Active,customer6811@email.com
6812,,Basic,2021-08-11,Active,
6813,Customer_006813,Standard,2021-11-14,Active,customer6813@email.com
6814,Customer_006814,Standard,2022-02-16,Active,customer6814@email.com
6815,Customer_006815,Basic,2021-11-09,Inactive,customer6815@email.com
6816,Customer_006816,Standard,2023-11-07,Active,customer6816@email.com
6817,Customer_006817,Premium,2022-01-18,Active,customer6817@email.com
6818,Customer_006818,Basic,2021-05-10,Inactive,customer6818@email.com
6819,,Basic,2024-12-05,Active,
6820,Customer_006820,Basic,2023-09-15,Inactive,customer6820@email.com
6821,Customer_006821,Basic,2021-03-30,Active,customer6821@email.com
6822,Customer_006822,Basic,2023-01-29,Active,customer6822@email.com
6823,Customer_006823,Basic,2024-07-24,Active,customer6823@email.com
6824,Customer_006824,Basic,2021-07-25,Active,customer6824@email.com
6825,Customer_006825,Basic,2022-05-22,Inactive,customer6825@email.com
6826,Customer_006826,Standard,2023-08-15,Active,customer6826@email.com
6827,Customer_006827,Premium,2021-08-28,Active,customer6827@email.com
6828,Customer_006828,Basic,2021-08-15,Inactive,customer6828@email.com
6829,Customer_006829,Standard,2024-04-01,Active,customer6829@email.com
6830,Customer_006830,Standard,2024-01-14,Active,customer6830@email.com
6831,Customer_006831,Basic,2023-10-16,Active,customer6831@email.com
6832,Customer_006832,Basic,2021-11-05,Inactive,customer6832@email.com
6833,Customer_006833,Standard,2024-11-26,Inactive,customer6833@email.com
6834,Customer_006834,Standard,2023-02-27,Active,customer6834@email.com
6835,Customer_006835,Basic,2022-12-26,Inactive,customer6835@email.com
6836,Customer_006836,Standard,2022-10-25,Active,customer6836@email.com
6837,Customer_006837,Premium,2023-11-05,Active,customer6837@email.com
6838,Customer_006838,Basic,2021-11-29,Active,customer6838@email.com
6839,Customer_006839,Standard,2022-07-13,Inactive,customer6839@email.com
6840,Customer_006840,Standard,2021-01-19,Active,customer6840@email.com
6841,Customer_006841,Basic,2021-10-07,Inactive,customer6841@email.com
6842,Customer_006842,Basic,2023-07-01,Active,customer6842@email.com
6843,Customer_006843,Basic,2024-06-18,Active,customer6843@email.com
6844,Customer_006844,Basic,2022-09-16,Inactive,customer6844@email.com
6845,Customer_006845,Standard,2024-06-21,Inactive,customer6845@email.com
6846,Customer_006846,Standard,2021-01-08,Active,customer6846@email.com
6847,Customer_006847,Basic,2022-09-21,Active,customer6847@email.com
6848,Customer_006848,Basic,2024-02-20,Active,customer6848@email.com
6849,Customer_006849,Basic,2024-03-15,Active,customer6849@email.com
6850,Customer_006850,Standard,2023-11-09,Active,customer6850@email.com
6851,Customer_006851,Basic,2023-10-30,Inactive,customer6851@email.com
6852,Customer_006852,Basic,2023-08-05,Active,customer6852@email.com
6853,Customer_006853,Standard,2023-11-29,Active,customer6853@email.com
6854,Customer_006854,Basic,2023-03-28,Active,customer6854@email.com
6855,Customer_006855,Basic,2023-12-29,Inactive,customer6855@email.com
6856,Customer_006856,Standard,2024-04-11,Active,customer6856@email.com
6857,,Basic,2022-10-10,Active,
6858,Customer_006858,Standard,2024-09-19,Active,customer6858@email.com
6859,Customer_006859,Basic,2021-01-21,Inactive,customer6859@email.com
6860,Customer_006860,Standard,2021-03-06,Active,customer6860@email.com
6861,Customer_006861,Standard,2023-07-29,Active,customer6861@email.com
6862,Customer_006862,Standard,2024-02-07,Active,customer6862@email.com
6863,Customer_006863,Basic,2024-01-20,Inactive,customer6863@email.com
6864,Customer_006864,Basic,2022-06-02,Inactive,customer6864@email.com
6865,,Standard,2022-03-30,Active,
6866,Customer_006866,Standard,2024-03-19,Active,customer6866@email.com
6867,Customer_006867,Basic,2021-03-26,Inactive,customer6867@email.com
6868,Customer_006868,Basic,2024-01-13,Active,customer6868@email.com
6869,Customer_006869,Basic,2023-08-29,Inactive,customer6869@email.com
6870,Customer_006870,Standard,2021-08-06,Inactive,customer6870@email.com
6871,,Standard,2022-04-30,Active,
6872,Customer_006872,Basic,2023-07-05,Inactive,customer6872@email.com
6873,,Premium,2021-04-07,Active,
6874,Customer_006874,Basic,2022-12-08,Inactive,customer6874@email.com
6875,Customer_006875,Basic,2023-04-06,Active,customer6875@email.com
6876,Customer_006876,Premium,2024-05-06,Active,customer6876@email.com
6877,Customer_006877,Standard,2023-01-03,Active,customer6877@email.com
6878,Customer_006878,Standard,2022-06-19,Active,customer6878@email.com
6879,Customer_006879,Standard,2023-06-17,Inactive,customer6879@email.com
6880,Customer_006880,Standard,2022-08-26,Active,customer6880@email.com
6881,Customer_006881,Premium,2023-10-27,Active,customer6881@email.com
6882,Customer_006882,Premium,2021-02-09,Inactive,customer6882@email.com
6883,Customer_006883,Basic,2021-11-28,Active,customer6883@email.com
6884,Customer_006884,Premium,2021-03-13,Active,customer6884@email.com
6885,Customer_006885,Basic,2022-02-22,Active,customer6885@email.com
6886,Customer_006886,Basic,2021-09-09,Inactive,customer6886@email.com
6887,Customer_006887,Basic,2022-08-29,Inactive,customer6887@email.com
6888,Customer_006888,Basic,2021-09-27,Inactive,customer6888@email.com
6889,Customer_006889,Standard,2023-03-17,Active,customer6889@email.com
6890,Customer_006890,Basic,2023-05-15,Inactive,customer6890@email.com
6891,Customer_006891,Basic,2023-02-06,Active,customer6891@email.com
6892,Customer_006892,Standard,2023-02-13,Active,customer6892@email.com
6893,Customer_006893,Standard,2021-08-28,Active,customer6893@email.com
6894,Customer_006894,Basic,2024-05-08,Active,customer6894@email.com
6895,Customer_006895,Basic,2022-10-08,Inactive,customer6895@email.com
6896,Customer_006896,Standard,2022-01-13,Active,customer6896@email.com
6897,,Basic,2024-06-01,Inactive,
6898,Customer_006898,Basic,2024-07-24,Inactive,customer6898@email.com
6899,Customer_006899,Basic,2021-03-02,Active,customer6899@email.com
6900,Customer_006900,Basic,2023-03-08,Inactive,customer6900@email.com
6901,Customer_006901,Basic,2022-10-29,Active,customer6901@email.com
6902,Customer_006902,Basic,2023-06-15,Active,customer6902@email.com
6903,Customer_006903,Basic,2022-04-20,Active,customer6903@email.com
6904,Customer_006904,Standard,2023-09-29,Active,customer6904@email.com
6905,Customer_006905,Standard,2022-08-12,Active,customer6905@email.com
6906,Customer_006906,Basic,2021-07-28,Active,customer6906@email.com
6907,Customer_006907,Standard,2024-05-05,Active,customer6907@email.com
6908,Customer_006908,Basic,2023-03-19,Active,customer6908@email.com
6909,Customer_006909,Standard,2021-07-07,Active,customer6909@email.com
6910,Customer_006910,Basic,2023-08-26,Active,customer6910@email.com
6911,Customer_006911,Standard,2021-10-21,Active,customer6911@email.com
6912,Customer_006912,Basic,2021-11-18,Active,customer6912@email.com
6913,Customer_006913,Basic,2024-08-08,Active,customer6913@email.com
6914,Customer_006914,Standard,2022-12-11,Active,customer6914@email.com
6915,Customer_006915,Premium,2022-10-20,Active,customer6915@email.com
6916,Customer_006916,Standard,2024-04-11,Active,customer6916@email.com
6917,Customer_006917,Basic,2022-12-11,Inactive,customer6917@email.com
6918,Customer_006918,Standard,2021-07-27,Active,customer6918@email.com
6919,Customer_006919,Basic,2022-11-03,Inactive,customer6919@email.com
6920,Customer_006920,Standard,2023-07-08,Active,customer6920@email.com
6921,Customer_006921,Premium,2021-04-17,Active,customer6921@email.com
6922,Customer_006922,Standard,2023-01-14,Active,customer6922@email.com
6923,Customer_006923,Standard,2023-07-07,Active,customer6923@email.com
6924,Customer_006924,Basic,2022-04-17,Active,customer6924@email.com
6925,Customer_006925,Basic,2023-01-01,Active,customer6925@email.com
6926,Customer_006926,Premium,2023-12-20,Active,customer6926@email.com
6927,Customer_006927,Basic,2022-08-29,Active,customer6927@email.com
6928,Customer_006928,Standard,2023-08-03,Inactive,customer6928@email.com
6929,Customer_006929,Premium,2024-12-09,Inactive,customer6929@email.com
6930,Customer_006930,Basic,2022-02-13,Active,customer6930@email.com
6931,Customer_006931,Standard,2024-05-20,Active,customer6931@email.com
6932,Customer_006932,Standard,2023-09-28,Inactive,customer6932@email.com
6933,Customer_006933,Basic,2022-02-04,Inactive,customer6933@email.com
6934,Customer_006934,Basic,2021-06-20,Active,customer6934@email.com
6935,Customer_006935,Basic,2022-02-16,Active,customer6935@email.com
6936,Customer_006936,Basic,2024-05-15,Active,customer6936@email.com
6937,Customer_006937,Basic,2021-03-18,Inactive,customer6937@email.com
6938,Customer_006938,Standard,2021-12-25,Active,customer6938@email.com
6939,Customer_006939,Basic,2022-12-24,Active,customer6939@email.com
6940,Customer_006940,Basic,2023-09-01,Inactive,customer6940@email.com
6941,Customer_006941,Standard,2024-02-11,Active,customer6941@email.com
6942,Customer_006942,Basic,2021-05-09,Active,customer6942@email.com
6943,Customer_006943,Standard,2024-11-17,Inactive,customer6943@email.com
6944,Customer_006944,Basic,2024-09-15,Active,customer6944@email.com
6945,Customer_006945,Standard,2022-04-09,Active,customer6945@email.com
6946,Customer_006946,Basic,2023-11-15,Inactive,customer6946@email.com
6947,Customer_006947,Standard,2021-08-08,Inactive,customer6947@email.com
6948,Customer_006948,Basic,2022-01-21,Inactive,customer6948@email.com
6949,Customer_006949,Basic,2023-10-14,Active,customer6949@email.com
6950,Customer_006950,Basic,2023-02-15,Active,customer6950@email.com
6951,Customer_006951,Standard,2023-03-26,Inactive,customer6951@email.com
6952,Customer_006952,Basic,2022-09-28,Inactive,customer6952@email.com
6953,Customer_006953,Basic,2021-10-07,Active,customer6953@email.com
6954,Customer_006954,Basic,2023-02-10,Active,customer6954@email.com
6955,Customer_006955,Basic,2022-12-01,Active,customer6955@email.com
6956,Customer_006956,Basic,2024-04-14,Active,customer6956@email.com
6957,Customer_006957,Basic,2021-08-18,Inactive,customer6957@email.com
6958,Customer_006958,Standard,2022-11-28,Active,customer6958@email.com
6959,Customer_006959,Basic,2023-12-25,Inactive,customer6959@email.com
6960,Customer_006960,Basic,2024-11-01,Active,customer6960@email.com
6961,Customer_006961,Standard,2024-12-13,Active,customer6961@email.com
6962,Customer_006962,Standard,2024-09-20,Active,customer6962@email.com
6963,Customer_006963,Basic,2021-12-15,Active,customer6963@email.com
6964,Customer_006964,Premium,2023-11-20,Active,customer6964@email.com
6965,Customer_006965,Basic,2024-10-04,Active,customer6965@email.com
6966,Customer_006966,Standard,2023-01-30,Inactive,customer6966@email.com
6967,Customer_006967,Premium,2023-01-30,Inactive,customer6967@email.com
6968,Customer_006968,Basic,2022-11-04,Active,customer6968@email.com
6969,Customer_006969,Basic,2023-12-01,Inactive,customer6969@email.com
6970,Customer_006970,Standard,2021-08-16,Inactive,customer6970@email.com
6971,Customer_006971,Standard,2021-10-21,Active,customer6971@email.com
6972,Customer_006972,Premium,2023-08-06,Active,customer6972@email.com
6973,Customer_006973,Standard,2024-09-18,Inactive,customer6973@email.com
6974,Customer_006974,Premium,2021-10-09,Active,customer6974@email.com
6975,Customer_006975,Basic,2024-08-02,Inactive,customer6975@email.com
6976,Customer_006976,Basic,2021-06-17,Inactive,customer6976@email.com
6977,Customer_006977,Basic,2024-04-04,Inactive,customer6977@email.com
6978,Customer_006978,Basic,2022-06-22,Inactive,customer6978@email.com
6979,Customer_006979,Premium,2022-06-29,Active,customer6979@email.com
6980,Customer_006980,Basic,2023-10-14,Active,customer6980@email.com
6981,Customer_006981,Standard,2023-03-13,Active,customer6981@email.com
6982,Customer_006982,Basic,2022-01-09,Active,customer6982@email.com
6983,Customer_006983,Basic,2022-03-06,Inactive,customer6983@email.com
6984,Customer_006984,Basic,2023-06-09,Inactive,customer6984@email.com
6985,Customer_006985,Basic,2021-06-17,Active,customer6985@email.com
6986,Customer_006986,Standard,2023-10-04,Active,customer6986@email.com
6987,Customer_006987,Basic,2022-11-21,Inactive,customer6987@email.com
6988,Customer_006988,Basic,2021-02-16,Active,customer6988@email.com
6989,Customer_006989,Basic,2024-03-19,Active,customer6989@email.com
6990,Customer_006990,Premium,2021-08-04,Active,customer6990@email.com
6991,Customer_006991,Premium,2023-01-29,Active,customer6991@email.com
6992,Customer_006992,Standard,2023-05-21,Active,customer6992@email.com
6993,Customer_006993,Basic,2022-03-29,Active,customer6993@email.com
6994,Customer_006994,Premium,2024-07-10,Active,customer6994@email.com
6995,Customer_006995,Premium,2023-10-31,Active,customer6995@email.com
6996,Customer_006996,Premium,2023-08-10,Active,customer6996@email.com
6997,Customer_006997,Standard,2024-10-01,Active,customer6997@email.com
6998,,Basic,2023-03-20,Active,
6999,Customer_006999,Basic,2021-09-07,Active,customer6999@email.com
7000,,Standard,2021-06-13,Inactive,
7001,Customer_007001,Premium,2023-12-27,Active,customer7001@email.com
7002,Customer_007002,Basic,2023-08-30,Active,customer7002@email.com
7003,Customer_007003,Basic,2022-10-08,Inactive,customer7003@email.com
7004,Customer_007004,Standard,2023-05-24,Active,customer7004@email.com
7005,Customer_007005,Basic,2023-12-24,Inactive,customer7005@email.com
7006,Customer_007006,Basic,2021-07-26,Inactive,customer7006@email.com
7007,Customer_007007,Standard,2021-03-29,Inactive,customer7007@email.com
7008,Customer_007008,Standard,2021-10-05,Active,customer7008@email.com
7009,Customer_007009,Basic,2022-02-28,Active,customer7009@email.com
7010,Customer_007010,Basic,2024-11-28,Active,customer7010@email.com
7011,Customer_007011,Basic,2022-02-26,Active,customer7011@email.com
7012,Customer_007012,Standard,2023-06-20,Active,customer7012@email.com
7013,Customer_007013,Basic,2023-11-10,Active,customer7013@email.com
7014,Customer_007014,Basic,2022-05-18,Active,customer7014@email.com
7015,Customer_007015,,2024-06-21,Active,customer7015@email.com
7016,Customer_007016,Standard,2022-11-15,Inactive,customer7016@email.com
7017,Customer_007017,Basic,2023-06-01,Active,customer7017@email.com
7018,Customer_007018,Basic,2022-08-21,Inactive,customer7018@email.com
7019,Customer_007019,Standard,2024-08-25,Active,customer7019@email.com
7020,Customer_007020,Basic,2023-02-09,Active,customer7020@email.com
7021,Customer_007021,Premium,2022-01-16,Active,customer7021@email.com
7022,Customer_007022,Basic,2021-08-25,Active,customer7022@email.com
7023,Customer_007023,Standard,2023-03-16,Active,customer7023@email.com
7024,Customer_007024,Premium,2024-09-13,Active,customer7024@email.com
7025,Customer_007025,Basic,2022-05-07,Active,customer7025@email.com
7026,Customer_007026,Basic,2021-02-27,Active,customer7026@email.com
7027,Customer_007027,Basic,2023-05-14,Active,customer7027@email.com
7028,,Standard,2023-04-20,Inactive,
7029,Customer_007029,Standard,2022-08-28,Inactive,customer7029@email.com
7030,Customer_007030,Standard,2022-06-07,Inactive,customer7030@email.com
7031,Customer_007031,Basic,2024-10-30,Inactive,customer7031@email.com
7032,Customer_007032,Basic,2021-08-03,Active,customer7032@email.com
7033,Customer_007033,Basic,2022-10-25,Inactive,customer7033@email.com
7034,Customer_007034,Basic,2024-01-02,Active,customer7034@email.com
7035,Customer_007035,Basic,2022-09-06,Active,customer7035@email.com
7036,Customer_007036,Basic,2023-02-04,Active,customer7036@email.com
7037,Customer_007037,,2024-10-02,Inactive,customer7037@email.com
7038,Customer_007038,,2023-10-02,Active,customer7038@email.com
7039,Customer_007039,Basic,2021-10-20,Active,customer7039@email.com
7040,Customer_007040,Standard,2021-10-03,Active,customer7040@email.com
7041,Customer_007041,Standard,2021-07-29,Inactive,customer7041@email.com
7042,Customer_007042,Basic,2022-07-09,Active,customer7042@email.com
7043,Customer_007043,Standard,2024-03-31,Active,customer7043@email.com
7044,Customer_007044,Basic,2022-03-09,Active,customer7044@email.com
7045,Customer_007045,Premium,2024-03-23,Active,customer7045@email.com
7046,Customer_007046,Basic,2023-04-04,Active,customer7046@email.com
7047,Customer_007047,Standard,2024-09-12,Inactive,customer7047@email.com
7048,Customer_007048,Basic,2024-11-18,Inactive,customer7048@email.com
7049,Customer_007049,Basic,2021-12-21,Inactive,customer7049@email.com
7050,Customer_007050,Basic,2022-07-24,Inactive,customer7050@email.com
7051,Customer_007051,Basic,2022-07-07,Inactive,customer7051@email.com
7052,Customer_007052,Standard,2022-12-20,Active,customer7052@email.com
7053,Customer_007053,Basic,2022-11-05,Active,customer7053@email.com
7054,Customer_007054,Basic,2021-10-06,Active,customer7054@email.com
7055,Customer_007055,Basic,2022-06-29,Active,customer7055@email.com
7056,Customer_007056,Basic,2023-05-21,Active,customer7056@email.com
7057,Customer_007057,Standard,2021-09-03,Active,customer7057@email.com
7058,Customer_007058,Standard,2022-07-09,Active,customer7058@email.com
7059,Customer_007059,Standard,2021-03-13,Active,customer7059@email.com
7060,Customer_007060,Basic,2024-04-24,Active,customer7060@email.com
7061,Customer_007061,Basic,2021-05-14,Active,customer7061@email.com
7062,Customer_007062,Basic,2023-08-21,Active,customer7062@email.com
7063,Customer_007063,Basic,2023-11-15,Inactive,customer7063@email.com
7064,Customer_007064,Basic,2023-04-09,Active,customer7064@email.com
7065,Customer_007065,Basic,2021-01-29,Active,customer7065@email.com
7066,Customer_007066,Premium,2021-01-18,Active,customer7066@email.com
7067,Customer_007067,Standard,2021-08-19,Active,customer7067@email.com
7068,Customer_007068,Basic,2023-11-16,Active,customer7068@email.com
7069,Customer_007069,Standard,2021-02-17,Active,customer7069@email.com
7070,Customer_007070,Basic,2021-09-30,Active,customer7070@email.com
7071,Customer_007071,Standard,2021-03-22,Active,customer7071@email.com
7072,Customer_007072,Basic,2021-12-15,Active,customer7072@email.com
7073,Customer_007073,Basic,2021-06-24,Active,customer7073@email.com
7074,Customer_007074,Basic,2022-12-31,Active,customer7074@email.com
7075,Customer_007075,Premium,2022-07-04,Active,customer7075@email.com
7076,Customer_007076,Basic,2021-04-26,Inactive,customer7076@email.com
7077,Customer_007077,Standard,2024-04-26,Active,customer7077@email.com
7078,Customer_007078,Basic,2024-03-03,Inactive,customer7078@email.com
7079,Customer_007079,Basic,2022-05-07,Active,customer7079@email.com
7080,Customer_007080,Basic,2021-05-02,Active,customer7080@email.com
7081,Customer_007081,Premium,2022-09-26,Active,customer7081@email.com
7082,Customer_007082,Basic,2021-10-23,Active,customer7082@email.com
7083,Customer_007083,Standard,2023-08-12,Active,customer7083@email.com
7084,Customer_007084,Standard,2024-02-17,Inactive,customer7084@email.com
7085,Customer_007085,Standard,2022-06-08,Active,customer7085@email.com
7086,Customer_007086,Basic,2022-02-24,Active,customer7086@email.com
7087,Customer_007087,Basic,2023-10-13,Inactive,customer7087@email.com
7088,Customer_007088,Basic,2022-01-15,Inactive,customer7088@email.com
7089,Customer_007089,Standard,2024-11-22,Active,customer7089@email.com
7090,Customer_007090,Premium,2023-05-09,Active,customer7090@email.com
7091,Customer_007091,Premium,2024-06-27,Active,customer7091@email.com
7092,Customer_007092,Basic,2023-02-23,Active,customer7092@email.com
7093,Customer_007093,Basic,2023-02-21,Active,customer7093@email.com
7094,Customer_007094,Standard,2021-11-02,Inactive,customer7094@email.com
7095,Customer_007095,Standard,2024-08-29,Active,customer7095@email.com
7096,Customer_007096,Standard,2021-11-07,Active,customer7096@email.com
7097,Customer_007097,Standard,2022-11-18,Inactive,customer7097@email.com
7098,Customer_007098,Premium,2023-04-29,Active,customer7098@email.com
7099,Customer_007099,Standard,2023-01-09,Inactive,customer7099@email.com
7100,Customer_007100,Basic,2024-04-09,Active,customer7100@email.com
7101,Customer_007101,Standard,2023-09-02,Inactive,customer7101@email.com
7102,Customer_007102,Basic,2021-07-16,Inactive,customer7102@email.com
7103,Customer_007103,Basic,2024-02-28,Active,customer7103@email.com
7104,Customer_007104,Standard,2023-08-03,Inactive,customer7104@email.com
7105,Customer_007105,Basic,2022-01-24,Active,customer7105@email.com
7106,Customer_007106,Premium,2023-07-14,Inactive,customer7106@email.com
7107,Customer_007107,Standard,2022-02-23,Inactive,customer7107@email.com
7108,Customer_007108,Standard,2021-03-26,Active,customer7108@email.com
7109,Customer_007109,Premium,2021-06-04,Active,customer7109@email.com
7110,Customer_007110,Standard,2022-01-16,Active,customer7110@email.com
7111,Customer_007111,Basic,2022-06-04,Inactive,customer7111@email.com
7112,Customer_007112,Standard,2022-07-27,Active,customer7112@email.com
7113,Customer_007113,Basic,2023-10-13,Active,customer7113@email.com
7114,Customer_007114,,2021-05-21,Active,customer7114@email.com
7115,Customer_007115,Premium,2022-06-10,Active,customer7115@email.com
7116,Customer_007116,Premium,2021-10-24,Active,customer7116@email.com
7117,Customer_007117,Standard,2022-08-24,Inactive,customer7117@email.com
7118,Customer_007118,Basic,2021-09-27,Inactive,customer7118@email.com
7119,Customer_007119,Basic,2024-08-19,Active,customer7119@email.com
7120,Customer_007120,Basic,2022-01-06,Active,customer7120@email.com
7121,Customer_007121,Basic,2021-06-18,Inactive,customer7121@email.com
7122,Customer_007122,Basic,2024-09-22,Active,customer7122@email.com
7123,Customer_007123,Basic,2022-09-17,Active,customer7123@email.com
7124,Customer_007124,Premium,2023-08-30,Active,customer7124@email.com
7125,Customer_007125,Standard,2021-02-16,Inactive,customer7125@email.com
7126,Customer_007126,Premium,2024-08-06,Inactive,customer7126@email.com
7127,Customer_007127,Standard,2022-04-06,Inactive,customer7127@email.com
7128,Customer_007128,Basic,2021-06-11,Inactive,customer7128@email.com
7129,Customer_007129,Standard,2022-09-07,Inactive,customer7129@email.com
7130,Customer_007130,Standard,2024-10-18,Active,customer7130@email.com
7131,Customer_007131,Standard,2024-11-18,Inactive,customer7131@email.com
7132,Customer_007132,Standard,2021-08-18,Inactive,customer7132@email.com
7133,Customer_007133,Basic,2021-08-06,Active,customer7133@email.com
7134,Customer_007134,Basic,2024-01-05,Active,customer7134@email.com
7135,Customer_007135,Basic,2021-12-16,Active,customer7135@email.com
7136,Customer_007136,Basic,2023-04-09,Active,customer7136@email.com
7137,Customer_007137,Standard,2024-05-27,Active,customer7137@email.com
7138,Customer_007138,Standard,2022-06-07,Active,customer7138@email.com
7139,Customer_007139,Standard,2023-11-19,Active,customer7139@email.com
7140,Customer_007140,Basic,2023-08-08,Active,customer7140@email.com
7141,Customer_007141,Basic,2021-01-20,Active,customer7141@email.com
7142,Customer_007142,Basic,2023-07-24,Inactive,customer7142@email.com
7143,Customer_007143,Standard,2022-04-18,Active,customer7143@email.com
7144,Customer_007144,Premium,2021-07-01,Inactive,customer7144@email.com
7145,Customer_007145,Basic,2021-03-08,Active,customer7145@email.com
7146,Customer_007146,Basic,2024-03-07,Active,customer7146@email.com
7147,Customer_007147,Standard,2021-03-31,Active,customer7147@email.com
7148,Customer_007148,Basic,2023-12-20,Inactive,customer7148@email.com
7149,Customer_007149,Basic,2022-02-17,Active,customer7149@email.com
7150,Customer_007150,Basic,2024-07-04,Inactive,customer7150@email.com
7151,Customer_007151,Standard,2022-10-30,Active,customer7151@email.com
7152,Customer_007152,Premium,2022-07-05,Active,customer7152@email.com
7153,Customer_007153,Standard,2021-03-22,Active,customer7153@email.com
7154,Customer_007154,Premium,2024-03-21,Active,customer7154@email.com
7155,Customer_007155,Standard,2022-07-16,Active,customer7155@email.com
7156,Customer_007156,Standard,2021-01-20,Active,customer7156@email.com
7157,Customer_007157,Basic,2022-02-13,Active,customer7157@email.com
7158,Customer_007158,Basic,2021-10-31,Inactive,customer7158@email.com
7159,,Premium,2022-11-05,Active,
7160,,Basic,2022-03-23,Active,
7161,Customer_007161,Premium,2024-01-29,Active,customer7161@email.com
7162,Customer_007162,Basic,2022-08-21,Active,customer7162@email.com
7163,Customer_007163,Basic,2023-07-18,Inactive,customer7163@email.com
7164,,Standard,2021-01-10,Active,
7165,Customer_007165,Standard,2024-03-09,Active,customer7165@email.com
7166,Customer_007166,,2021-09-01,Active,customer7166@email.com
7167,Customer_007167,Premium,2024-04-02,Active,customer7167@email.com
7168,Customer_007168,Standard,2023-02-27,Inactive,customer7168@email.com
7169,Customer_007169,Basic,2021-11-08,Inactive,customer7169@email.com
7170,Customer_007170,Standard,2023-10-10,Active,customer7170@email.com
7171,Customer_007171,Standard,2024-04-06,Active,customer7171@email.com
7172,Customer_007172,Premium,2024-03-28,Inactive,customer7172@email.com
7173,Customer_007173,,2024-06-19,Active,customer7173@email.com
7174,Customer_007174,Standard,2022-11-21,Active,customer7174@email.com
7175,Customer_007175,Standard,2021-06-18,Active,customer7175@email.com
7176,Customer_007176,Premium,2024-01-27,Active,customer7176@email.com
7177,Customer_007177,Standard,2023-03-07,Active,customer7177@email.com
7178,Customer_007178,Premium,2024-05-07,Active,customer7178@email.com
7179,Customer_007179,Basic,2023-11-21,Active,customer7179@email.com
7180,Customer_007180,Basic,2023-06-09,Inactive,customer7180@email.com
7181,Customer_007181,Basic,2022-05-16,Inactive,customer7181@email.com
7182,Customer_007182,Basic,2021-07-16,Inactive,customer7182@email.com
7183,Customer_007183,Premium,2021-07-09,Active,customer7183@email.com
7184,Customer_007184,Basic,2023-01-27,Inactive,customer7184@email.com
7185,Customer_007185,Basic,2021-10-17,Inactive,customer7185@email.com
7186,Customer_007186,Basic,2022-09-25,Inactive,customer7186@email.com
7187,Customer_007187,Basic,2024-07-26,Active,customer7187@email.com
7188,Customer_007188,Basic,2021-01-25,Inactive,customer7188@email.com
7189,Customer_007189,Basic,2022-05-05,Inactive,customer7189@email.com
7190,Customer_007190,Standard,2023-07-04,Active,customer7190@email.com
7191,Customer_007191,Basic,2024-05-28,Active,customer7191@email.com
7192,Customer_007192,Standard,2024-12-12,Active,customer7192@email.com
7193,Customer_007193,Basic,2023-06-24,Inactive,customer7193@email.com
7194,Customer_007194,Basic,2021-04-30,Active,customer7194@email.com
7195,Customer_007195,Standard,2024-08-11,Active,customer7195@email.com
7196,Customer_007196,Premium,2024-12-17,Active,customer7196@email.com
7197,Customer_007197,Premium,2024-11-11,Active,customer7197@email.com
7198,Customer_007198,Basic,2024-08-29,Active,customer7198@email.com
7199,Customer_007199,Basic,2022-08-15,Active,customer7199@email.com
7200,Customer_007200,Basic,2023-03-12,Active,customer7200@email.com
7201,Customer_007201,Premium,2023-10-23,Active,customer7201@email.com
7202,Customer_007202,Premium,2024-11-11,Active,customer7202@email.com
7203,Customer_007203,Basic,2022-04-11,Active,customer7203@email.com
7204,Customer_007204,Premium,2022-01-30,Active,customer7204@email.com
7205,Customer_007205,Basic,2022-04-01,Active,customer7205@email.com
7206,Customer_007206,Basic,2021-01-18,Inactive,customer7206@email.com
7207,Customer_007207,Basic,2021-07-13,Active,customer7207@email.com
7208,Customer_007208,Basic,2021-10-13,Active,customer7208@email.com
7209,Customer_007209,Basic,2024-01-30,Active,customer7209@email.com
7210,Customer_007210,Basic,2021-05-23,Active,customer7210@email.com
7211,Customer_007211,Basic,2022-11-02,Active,customer7211@email.com
7212,Customer_007212,Basic,2024-09-25,Active,customer7212@email.com
7213,Customer_007213,Standard,2021-03-06,Inactive,customer7213@email.com
7214,Customer_007214,Basic,2022-03-25,Active,customer7214@email.com
7215,Customer_007215,Basic,2021-02-18,Active,customer7215@email.com
7216,Customer_007216,Basic,2022-05-12,Inactive,customer7216@email.com
7217,Customer_007217,Premium,2021-03-02,Inactive,customer7217@email.com
7218,Customer_007218,Basic,2021-12-26,Active,customer7218@email.com
7219,Customer_007219,Basic,2024-03-08,Active,customer7219@email.com
7220,Customer_007220,Basic,2023-05-25,Active,customer7220@email.com
7221,Customer_007221,Standard,2021-03-02,Active,customer7221@email.com
7222,Customer_007222,Premium,2023-12-27,Active,customer7222@email.com
7223,Customer_007223,Standard,2023-05-30,Active,customer7223@email.com
7224,Customer_007224,Basic,2022-06-14,Active,customer7224@email.com
7225,Customer_007225,Basic,2022-09-18,Inactive,customer7225@email.com
7226,Customer_007226,Basic,2023-06-20,Active,customer7226@email.com
7227,Customer_007227,Standard,2024-07-22,Inactive,customer7227@email.com
7228,Customer_007228,Standard,2021-02-21,Active,customer7228@email.com
7229,,Standard,2022-04-30,Active,
7230,Customer_007230,Basic,2024-07-05,Inactive,customer7230@email.com
7231,Customer_007231,Basic,2022-09-26,Inactive,customer7231@email.com
7232,Customer_007232,Standard,2022-04-27,Active,customer7232@email.com
7233,Customer_007233,Basic,2021-06-20,Active,customer7233@email.com
7234,Customer_007234,Standard,2021-12-13,Inactive,customer7234@email.com
7235,Customer_007235,Basic,2021-07-27,Active,customer7235@email.com
7236,Customer_007236,Basic,2023-07-29,Inactive,customer7236@email.com
7237,Customer_007237,Premium,2023-07-17,Inactive,customer7237@email.com
7238,Customer_007238,Standard,2023-05-07,Active,customer7238@email.com
7239,Customer_007239,Basic,2022-12-21,Inactive,customer7239@email.com
7240,Customer_007240,Standard,2021-11-09,Active,customer7240@email.com
7241,Customer_007241,Premium,2021-06-06,Active,customer7241@email.com
7242,Customer_007242,Premium,2023-06-25,Active,customer7242@email.com
7243,Customer_007243,Premium,2024-01-23,Active,customer7243@email.com
7244,Customer_007244,Premium,2022-07-07,Active,customer7244@email.com
7245,Customer_007245,Standard,2023-08-15,Active,customer7245@email.com
7246,Customer_007246,Basic,2024-03-30,Inactive,customer7246@email.com
7247,Customer_007247,Standard,2021-01-31,Active,customer7247@email.com
7248,Customer_007248,Basic,2021-08-11,Active,customer7248@email.com
7249,Customer_007249,Basic,2024-03-04,Active,customer7249@email.com
7250,Customer_007250,Standard,2021-10-26,Active,customer7250@email.com
7251,Customer_007251,Basic,2022-07-11,Inactive,customer7251@email.com
7252,Customer_007252,Premium,2022-09-22,Active,customer7252@email.com
7253,Customer_007253,Premium,2023-02-14,Active,customer7253@email.com
7254,Customer_007254,Basic,2021-11-05,Active,customer7254@email.com
7255,Customer_007255,Basic,2023-06-06,Active,customer7255@email.com
7256,Customer_007256,Basic,2022-12-31,Inactive,customer7256@email.com
7257,,Premium,2021-12-19,Active,
7258,Customer_007258,Standard,2024-11-16,Active,customer7258@email.com
7259,Customer_007259,Standard,2021-06-30,Active,customer7259@email.com
7260,Customer_007260,Basic,2024-12-25,Active,customer7260@email.com
7261,Customer_007261,Basic,2024-01-25,Inactive,customer7261@email.com
7262,Customer_007262,Basic,2023-08-08,Active,customer7262@email.com
7263,Customer_007263,Standard,2023-05-29,Active,customer7263@email.com
7264,Customer_007264,Standard,2024-10-18,Active,customer7264@email.com
7265,Customer_007265,Basic,2023-10-27,Active,customer7265@email.com
7266,Customer_007266,Basic,2023-12-18,Inactive,customer7266@email.com
7267,Customer_007267,Premium,2023-05-10,Active,customer7267@email.com
7268,Customer_007268,Basic,2023-04-10,Active,customer7268@email.com
7269,Customer_007269,Basic,2022-12-13,Active,customer7269@email.com
7270,Customer_007270,Basic,2021-03-31,Active,customer7270@email.com
7271,Customer_007271,Standard,2023-01-30,Active,customer7271@email.com
7272,Customer_007272,Standard,2022-07-26,Active,customer7272@email.com
7273,Customer_007273,Standard,2022-05-22,Active,customer7273@email.com
7274,Customer_007274,Basic,2023-04-03,Active,customer7274@email.com
7275,Customer_007275,Basic,2023-12-18,Inactive,customer7275@email.com
7276,Customer_007276,Standard,2022-05-06,Active,customer7276@email.com
7277,Customer_007277,Basic,2024-08-07,Inactive,customer7277@email.com
7278,Customer_007278,Standard,2021-04-30,Active,customer7278@email.com
7279,Customer_007279,Standard,2024-12-02,Active,customer7279@email.com
7280,Customer_007280,Basic,2024-02-02,Active,customer7280@email.com
7281,Customer_007281,Basic,2021-04-12,Active,customer7281@email.com
7282,Customer_007282,Standard,2021-03-08,Inactive,customer7282@email.com
7283,Customer_007283,Standard,2023-08-31,Active,customer7283@email.com
7284,Customer_007284,Basic,2024-11-13,Inactive,customer7284@email.com
7285,Customer_007285,Basic,2023-08-14,Active,customer7285@email.com
7286,Customer_007286,Standard,2021-04-04,Inactive,customer7286@email.com
7287,Customer_007287,Basic,2024-07-14,Inactive,customer7287@email.com
7288,Customer_007288,Standard,2021-11-15,Active,customer7288@email.com
7289,Customer_007289,Basic,2024-11-01,Active,customer7289@email.com
7290,Customer_007290,Premium,2021-04-15,Active,customer7290@email.com
7291,Customer_007291,Standard,2024-04-06,Active,customer7291@email.com
7292,Customer_007292,Standard,2024-07-26,Active,customer7292@email.com
7293,Customer_007293,Basic,2023-01-17,Active,customer7293@email.com
7294,Customer_007294,Basic,2021-06-07,Active,customer7294@email.com
7295,Customer_007295,Basic,2022-04-03,Active,customer7295@email.com
7296,Customer_007296,Basic,2021-09-02,Inactive,customer7296@email.com
7297,Customer_007297,Basic,2024-02-18,Active,customer7297@email.com
7298,Customer_007298,,2023-06-28,Inactive,customer7298@email.com
7299,Customer_007299,Basic,2021-10-09,Inactive,customer7299@email.com
7300,Customer_007300,Standard,2021-04-26,Inactive,customer7300@email.com
7301,Customer_007301,Standard,2023-05-01,Active,customer7301@email.com
7302,Customer_007302,Premium,2024-11-14,Active,customer7302@email.com
7303,Customer_007303,Basic,2023-08-21,Inactive,customer7303@email.com
7304,Customer_007304,Basic,2022-02-20,Active,customer7304@email.com
7305,Customer_007305,Basic,2024-04-19,Inactive,customer7305@email.com
7306,Customer_007306,Standard,2023-09-13,Inactive,customer7306@email.com
7307,Customer_007307,Basic,2022-02-10,Inactive,customer7307@email.com
7308,Customer_007308,Basic,2021-03-24,Inactive,customer7308@email.com
7309,Customer_007309,,2021-08-06,Active,customer7309@email.com
7310,Customer_007310,Basic,2022-08-11,Active,customer7310@email.com
7311,Customer_007311,Basic,2024-01-30,Active,customer7311@email.com
7312,Customer_007312,Standard,2023-10-23,Inactive,customer7312@email.com
7313,Customer_007313,Standard,2022-06-11,Active,customer7313@email.com
7314,Customer_007314,Standard,2021-10-04,Active,customer7314@email.com
7315,Customer_007315,Basic,2022-01-17,Active,customer7315@email.com
7316,Customer_007316,Basic,2023-03-12,Inactive,customer7316@email.com
7317,Customer_007317,Standard,2023-02-27,Active,customer7317@email.com
7318,Customer_007318,Basic,2024-02-04,Active,customer7318@email.com
7319,Customer_007319,Standard,2023-03-27,Active,customer7319@email.com
7320,Customer_007320,Basic,2023-06-26,Active,customer7320@email.com
7321,Customer_007321,Basic,2023-06-14,Inactive,customer7321@email.com
7322,Customer_007322,Basic,2024-03-29,Active,customer7322@email.com
7323,Customer_007323,Basic,2023-01-17,Active,customer7323@email.com
7324,Customer_007324,Basic,2021-10-18,Active,customer7324@email.com
7325,Customer_007325,Basic,2021-08-25,Active,customer7325@email.com
7326,Customer_007326,,2021-10-25,Active,customer7326@email.com
7327,Customer_007327,Standard,2021-01-20,Active,customer7327@email.com
7328,Customer_007328,Standard,2024-08-21,Inactive,customer7328@email.com
7329,Customer_007329,Basic,2021-11-17,Inactive,customer7329@email.com
7330,Customer_007330,Standard,2024-11-24,Inactive,customer7330@email.com
7331,Customer_007331,Basic,2022-03-31,Inactive,customer7331@email.com
7332,Customer_007332,Standard,2022-08-23,Active,customer7332@email.com
7333,Customer_007333,Premium,2021-01-21,Active,customer7333@email.com
7334,Customer_007334,Premium,2023-05-21,Active,customer7334@email.com
7335,Customer_007335,Basic,2021-02-01,Active,customer7335@email.com
7336,Customer_007336,Standard,2021-10-29,Inactive,customer7336@email.com
7337,Customer_007337,Premium,2023-02-12,Active,customer7337@email.com
7338,Customer_007338,Standard,2024-02-01,Active,customer7338@email.com
7339,Customer_007339,Standard,2023-04-08,Inactive,customer7339@email.com
7340,Customer_007340,Standard,2024-09-29,Inactive,customer7340@email.com
7341,Customer_007341,Basic,2022-11-07,Active,customer7341@email.com
7342,,Basic,2021-07-11,Active,
7343,Customer_007343,Basic,2021-08-31,Active,customer7343@email.com
7344,Customer_007344,Standard,2023-10-19,Inactive,customer7344@email.com
7345,Customer_007345,Basic,2021-11-15,Active,customer7345@email.com
7346,Customer_007346,Basic,2024-04-13,Active,customer7346@email.com
7347,Customer_007347,Basic,2021-09-08,Inactive,customer7347@email.com
7348,Customer_007348,Standard,2022-11-22,Active,customer7348@email.com
7349,Customer_007349,Premium,2021-08-16,Active,customer7349@email.com
7350,Customer_007350,Standard,2023-07-09,Active,customer7350@email.com
7351,Customer_007351,Basic,2021-07-21,Active,customer7351@email.com
7352,Customer_007352,Basic,2024-02-27,Active,customer7352@email.com
7353,Customer_007353,Basic,2023-01-12,Active,customer7353@email.com
7354,Customer_007354,Basic,2024-08-02,Active,customer7354@email.com
7355,Customer_007355,Standard,2024-05-10,Active,customer7355@email.com
7356,,Standard,2023-02-25,Active,
7357,Customer_007357,Basic,2022-08-23,Active,customer7357@email.com
7358,Customer_007358,Basic,2023-01-28,Active,customer7358@email.com
7359,Customer_007359,Basic,2023-08-06,Inactive,customer7359@email.com
7360,Customer_007360,Standard,2021-05-13,Active,customer7360@email.com
7361,Customer_007361,Basic,2022-02-21,Active,customer7361@email.com
7362,Customer_007362,Standard,2021-09-08,Active,customer7362@email.com
7363,Customer_007363,Basic,2024-08-28,Inactive,customer7363@email.com
7364,Customer_007364,Basic,2022-04-16,Active,customer7364@email.com
7365,Customer_007365,Basic,2022-03-20,Inactive,customer7365@email.com
7366,Customer_007366,Basic,2022-04-13,Active,customer7366@email.com
7367,Customer_007367,Standard,2023-06-25,Active,customer7367@email.com
7368,Customer_007368,Basic,2022-09-10,Active,customer7368@email.com
7369,Customer_007369,Premium,2023-07-30,Inactive,customer7369@email.com
7370,Customer_007370,Basic,2021-11-28,Active,customer7370@email.com
7371,Customer_007371,Basic,2023-03-19,Active,customer7371@email.com
7372,Customer_007372,Basic,2021-10-30,Active,customer7372@email.com
7373,Customer_007373,Premium,2023-11-24,Active,customer7373@email.com
7374,Customer_007374,Standard,2023-07-08,Active,customer7374@email.com
7375,Customer_007375,Premium,2021-01-22,Inactive,customer7375@email.com
7376,Customer_007376,Standard,2024-10-31,Active,customer7376@email.com
7377,Customer_007377,Basic,2021-05-19,Active,customer7377@email.com
7378,Customer_007378,Standard,2022-11-24,Inactive,customer7378@email.com
7379,Customer_007379,Basic,2023-04-02,Active,customer7379@email.com
7380,Customer_007380,Basic,2023-01-04,Active,customer7380@email.com
7381,Customer_007381,Basic,2023-12-20,Inactive,customer7381@email.com
7382,Customer_007382,Premium,2023-09-01,Active,customer7382@email.com
7383,Customer_007383,Basic,2024-10-07,Active,customer7383@email.com
7384,Customer_007384,Standard,2023-11-25,Inactive,customer7384@email.com
7385,Customer_007385,Standard,2023-03-17,Active,customer7385@email.com
7386,Customer_007386,Basic,2021-04-28,Inactive,customer7386@email.com
7387,Customer_007387,Standard,2022-04-27,Active,customer7387@email.com
7388,Customer_007388,Basic,2021-02-22,Inactive,customer7388@email.com
7389,Customer_007389,Standard,2024-05-21,Active,customer7389@email.com
7390,Customer_007390,Standard,2024-03-29,Inactive,customer7390@email.com
7391,Customer_007391,Basic,2022-11-02,Inactive,customer7391@email.com
7392,Customer_007392,Basic,2022-06-12,Active,customer7392@email.com
7393,Customer_007393,Standard,2024-10-28,Inactive,customer7393@email.com
7394,Customer_007394,Basic,2023-07-12,Active,customer7394@email.com
7395,Customer_007395,Premium,2024-05-04,Inactive,customer7395@email.com
7396,Customer_007396,Standard,2022-11-26,Active,customer7396@email.com
7397,Customer_007397,Basic,2021-06-07,Inactive,customer7397@email.com
7398,Customer_007398,Standard,2022-05-10,Inactive,customer7398@email.com
7399,Customer_007399,Standard,2021-10-29,Active,customer7399@email.com
7400,Customer_007400,Standard,2023-04-05,Active,customer7400@email.com
7401,Customer_007401,Basic,2022-02-27,Inactive,customer7401@email.com
7402,Customer_007402,Basic,2021-12-26,Active,customer7402@email.com
7403,Customer_007403,Premium,2021-07-31,Active,customer7403@email.com
7404,Customer_007404,Standard,2023-08-10,Inactive,customer7404@email.com
7405,Customer_007405,Basic,2023-10-01,Inactive,customer7405@email.com
7406,Customer_007406,Standard,2023-10-05,Active,customer7406@email.com
7407,Customer_007407,Basic,2022-08-27,Active,customer7407@email.com
7408,Customer_007408,Basic,2023-02-01,Active,customer7408@email.com
7409,Customer_007409,Standard,2024-02-06,Active,customer7409@email.com
7410,Customer_007410,Premium,2021-03-08,Active,customer7410@email.com
7411,Customer_007411,,2023-05-21,Active,customer7411@email.com
7412,Customer_007412,Standard,2024-04-12,Active,customer7412@email.com
7413,Customer_007413,Standard,2021-03-02,Active,customer7413@email.com
7414,Customer_007414,Basic,2024-03-10,Inactive,customer7414@email.com
7415,Customer_007415,Basic,2022-06-30,Inactive,customer7415@email.com
7416,Customer_007416,Standard,2023-10-12,Active,customer7416@email.com
7417,Customer_007417,Basic,2024-01-24,Active,customer7417@email.com
7418,Customer_007418,Basic,2023-08-10,Active,customer7418@email.com
7419,Customer_007419,Standard,2022-03-19,Inactive,customer7419@email.com
7420,Customer_007420,Standard,2022-02-02,Active,customer7420@email.com
7421,Customer_007421,Standard,2022-12-03,Active,customer7421@email.com
7422,Customer_007422,Standard,2022-08-20,Active,customer7422@email.com
7423,Customer_007423,Basic,2023-04-27,Inactive,customer7423@email.com
7424,Customer_007424,Standard,2022-07-27,Inactive,customer7424@email.com
7425,Customer_007425,Basic,2021-08-20,Active,customer7425@email.com
7426,Customer_007426,Basic,2024-02-28,Inactive,customer7426@email.com
7427,Customer_007427,,2022-05-10,Active,customer7427@email.com
7428,Customer_007428,Standard,2022-04-01,Inactive,customer7428@email.com
7429,Customer_007429,Basic,2023-03-26,Inactive,customer7429@email.com
7430,Customer_007430,Basic,2021-05-05,Inactive,customer7430@email.com
7431,Customer_007431,Standard,2024-06-08,Active,customer7431@email.com
7432,Customer_007432,Premium,2021-08-11,Active,customer7432@email.com
7433,Customer_007433,Basic,2024-05-23,Active,customer7433@email.com
7434,Customer_007434,Basic,2021-11-20,Active,customer7434@email.com
7435,Customer_007435,Premium,2024-01-13,Active,customer7435@email.com
7436,Customer_007436,Standard,2024-03-18,Active,customer7436@email.com
7437,Customer_007437,Standard,2022-12-14,Active,customer7437@email.com
7438,Customer_007438,Basic,2024-02-28,Active,customer7438@email.com
7439,Customer_007439,Premium,2023-06-01,Inactive,customer7439@email.com
7440,Customer_007440,Basic,2024-08-15,Active,customer7440@email.com
7441,Customer_007441,Basic,2021-12-07,Active,customer7441@email.com
7442,Customer_007442,Basic,2022-02-25,Active,customer7442@email.com
7443,Customer_007443,Standard,2024-07-07,Inactive,customer7443@email.com
7444,Customer_007444,Standard,2021-01-02,Active,customer7444@email.com
7445,Customer_007445,Basic,2022-09-10,Inactive,customer7445@email.com
7446,Customer_007446,Basic,2023-10-12,Active,customer7446@email.com
7447,Customer_007447,Premium,2021-02-14,Active,customer7447@email.com
7448,Customer_007448,Premium,2024-09-24,Active,customer7448@email.com
7449,Customer_007449,Basic,2021-12-18,Active,customer7449@email.com
7450,Customer_007450,Premium,2021-06-09,Active,customer7450@email.com
7451,Customer_007451,Premium,2022-09-05,Active,customer7451@email.com
7452,Customer_007452,Premium,2021-03-08,Active,customer7452@email.com
7453,Customer_007453,Basic,2021-03-12,Inactive,customer7453@email.com
7454,Customer_007454,Standard,2021-11-18,Active,customer7454@email.com
7455,Customer_007455,Premium,2022-02-27,Active,customer7455@email.com
7456,Customer_007456,Standard,2022-05-17,Active,customer7456@email.com
7457,Customer_007457,Basic,2023-02-06,Active,customer7457@email.com
7458,Customer_007458,Standard,2022-12-06,Active,customer7458@email.com
7459,Customer_007459,Basic,2024-06-20,Active,customer7459@email.com
7460,Customer_007460,Basic,2022-11-23,Active,customer7460@email.com
7461,Customer_007461,Basic,2024-10-30,Inactive,customer7461@email.com
7462,Customer_007462,Basic,2023-04-10,Active,customer7462@email.com
7463,Customer_007463,Basic,2024-02-22,Active,customer7463@email.com
7464,Customer_007464,Basic,2024-07-01,Active,customer7464@email.com
7465,Customer_007465,Premium,2022-01-30,Active,customer7465@email.com
7466,Customer_007466,Premium,2022-05-20,Active,customer7466@email.com
7467,Customer_007467,Basic,2023-05-24,Active,customer7467@email.com
7468,Customer_007468,Premium,2021-02-24,Inactive,customer7468@email.com
7469,Customer_007469,Basic,2024-01-08,Inactive,customer7469@email.com
7470,Customer_007470,Standard,2021-09-16,Inactive,customer7470@email.com
7471,Customer_007471,Standard,2022-07-08,Active,customer7471@email.com
7472,Customer_007472,Premium,2021-04-28,Active,customer7472@email.com
7473,Customer_007473,Premium,2024-05-10,Inactive,customer7473@email.com
7474,Customer_007474,Premium,2024-06-06,Active,customer7474@email.com
7475,Customer_007475,Standard,2021-04-26,Active,customer7475@email.com
7476,Customer_007476,Basic,2023-10-14,Active,customer7476@email.com
7477,Customer_007477,Basic,2023-07-31,Active,customer7477@email.com
7478,Customer_007478,Basic,2021-11-24,Inactive,customer7478@email.com
7479,Customer_007479,Basic,2022-01-09,Inactive,customer7479@email.com
7480,Customer_007480,Basic,2024-08-05,Active,customer7480@email.com
7481,Customer_007481,Basic,2023-07-07,Inactive,customer7481@email.com
7482,Customer_007482,Basic,2021-07-20,Active,customer7482@email.com
7483,Customer_007483,Standard,2023-07-04,Inactive,customer7483@email.com
7484,Customer_007484,Standard,2023-09-14,Active,customer7484@email.com
7485,Customer_007485,Standard,2021-09-20,Active,customer7485@email.com
7486,Customer_007486,Basic,2022-07-16,Active,customer7486@email.com
7487,Customer_007487,Standard,2023-11-08,Active,customer7487@email.com
7488,Customer_007488,Premium,2023-02-24,Active,customer7488@email.com
7489,Customer_007489,Basic,2024-12-07,Active,customer7489@email.com
7490,Customer_007490,Basic,2021-09-04,Inactive,customer7490@email.com
7491,,Standard,2021-02-24,Active,
7492,Customer_007492,Basic,2024-09-13,Active,customer7492@email.com
7493,Customer_007493,Basic,2022-07-05,Active,customer7493@email.com
7494,Customer_007494,Basic,2021-05-06,Inactive,customer7494@email.com
7495,Customer_007495,Basic,2021-05-09,Inactive,customer7495@email.com
7496,Customer_007496,Basic,2022-11-11,Active,customer7496@email.com
7497,Customer_007497,Standard,2022-07-09,Active,customer7497@email.com
7498,Customer_007498,Basic,2021-07-25,Inactive,customer7498@email.com
7499,Customer_007499,Standard,2022-05-02,Active,customer7499@email.com
7500,Customer_007500,Basic,2023-06-24,Active,customer7500@email.com
7501,Customer_007501,Standard,2024-07-30,Active,customer7501@email.com
7502,Customer_007502,Basic,2021-09-17,Active,customer7502@email.com
7503,Customer_007503,Standard,2021-09-26,Active,customer7503@email.com
7504,Customer_007504,Standard,2024-01-22,Active,customer7504@email.com
7505,Customer_007505,Basic,2024-07-10,Active,customer7505@email.com
7506,Customer_007506,Premium,2024-01-11,Active,customer7506@email.com
7507,Customer_007507,Basic,2021-01-16,Active,customer7507@email.com
7508,Customer_007508,Basic,2023-10-06,Inactive,customer7508@email.com
7509,Customer_007509,Basic,2023-02-22,Inactive,customer7509@email.com
7510,Customer_007510,Standard,2022-03-04,Active,customer7510@email.com
7511,Customer_007511,Standard,2024-04-21,Inactive,customer7511@email.com
7512,Customer_007512,Premium,2022-12-27,Active,customer7512@email.com
7513,Customer_007513,Premium,2021-04-28,Inactive,customer7513@email.com
7514,Customer_007514,Standard,2024-01-17,Active,customer7514@email.com
7515,Customer_007515,Standard,2022-07-18,Active,customer7515@email.com
7516,Customer_007516,Basic,2024-07-27,Inactive,customer7516@email.com
7517,Customer_007517,Premium,2023-12-16,Inactive,customer7517@email.com
7518,Customer_007518,Basic,2024-01-14,Inactive,customer7518@email.com
7519,Customer_007519,Standard,2024-12-03,Active,customer7519@email.com
7520,Customer_007520,Basic,2021-10-04,Active,customer7520@email.com
7521,Customer_007521,Basic,2023-11-07,Active,customer7521@email.com
7522,Customer_007522,Standard,2024-09-10,Active,customer7522@email.com
7523,Customer_007523,Basic,2022-09-17,Active,customer7523@email.com
7524,Customer_007524,Premium,2024-07-29,Active,customer7524@email.com
7525,Customer_007525,Standard,2021-06-14,Active,customer7525@email.com
7526,Customer_007526,Basic,2024-02-12,Inactive,customer7526@email.com
7527,,Premium,2022-12-19,Inactive,
7528,Customer_007528,Standard,2022-01-11,Active,customer7528@email.com
7529,Customer_007529,Premium,2024-07-25,Active,customer7529@email.com
7530,Customer_007530,Standard,2022-09-07,Active,customer7530@email.com
7531,Customer_007531,Premium,2022-01-22,Active,customer7531@email.com
7532,Customer_007532,Premium,2022-01-05,Active,customer7532@email.com
7533,Customer_007533,Premium,2021-12-14,Active,customer7533@email.com
7534,Customer_007534,Premium,2022-07-15,Active,customer7534@email.com
7535,Customer_007535,Premium,2021-12-25,Inactive,customer7535@email.com
7536,Customer_007536,Basic,2024-05-25,Active,customer7536@email.com
7537,Customer_007537,Basic,2021-12-15,Active,customer7537@email.com
7538,Customer_007538,,2021-10-03,Active,customer7538@email.com
7539,Customer_007539,Premium,2022-12-03,Active,customer7539@email.com
7540,Customer_007540,Premium,2024-04-04,Active,customer7540@email.com
7541,Customer_007541,Basic,2021-05-17,Active,customer7541@email.com
7542,,Standard,2021-03-22,Active,
7543,Customer_007543,Standard,2021-06-03,Active,customer7543@email.com
7544,Customer_007544,Basic,2024-03-23,Active,customer7544@email.com
7545,Customer_007545,Basic,2022-02-16,Active,customer7545@email.com
7546,Customer_007546,Standard,2021-11-25,Active,customer7546@email.com
7547,Customer_007547,Standard,2021-06-27,Active,customer7547@email.com
7548,Customer_007548,Basic,2021-01-12,Active,customer7548@email.com
7549,Customer_007549,Standard,2021-02-13,Active,customer7549@email.com
7550,Customer_007550,Basic,2023-09-23,Active,customer7550@email.com
7551,Customer_007551,Standard,2022-07-30,Active,customer7551@email.com
7552,Customer_007552,Standard,2023-05-07,Active,customer7552@email.com
7553,Customer_007553,Basic,2023-06-12,Inactive,customer7553@email.com
7554,Customer_007554,Premium,2022-03-24,Active,customer7554@email.com
7555,,Basic,2022-12-26,Active,
7556,Customer_007556,Basic,2022-04-13,Inactive,customer7556@email.com
7557,Customer_007557,Basic,2023-05-18,Active,customer7557@email.com
7558,Customer_007558,Standard,2024-09-11,Inactive,customer7558@email.com
7559,Customer_007559,Basic,2021-08-16,Inactive,customer7559@email.com
7560,Customer_007560,Premium,2022-02-10,Active,customer7560@email.com
7561,Customer_007561,Basic,2024-08-09,Active,customer7561@email.com
7562,Customer_007562,Basic,2022-08-03,Active,customer7562@email.com
7563,Customer_007563,Standard,2022-09-06,Active,customer7563@email.com
7564,Customer_007564,Basic,2021-07-23,Active,customer7564@email.com
7565,Customer_007565,Basic,2022-08-13,Active,customer7565@email.com
7566,Customer_007566,Standard,2023-07-31,Inactive,customer7566@email.com
7567,Customer_007567,Basic,2023-03-07,Active,customer7567@email.com
7568,Customer_007568,Basic,2023-05-11,Active,customer7568@email.com
7569,Customer_007569,Premium,2023-05-15,Active,customer7569@email.com
7570,Customer_007570,Standard,2022-05-30,Inactive,customer7570@email.com
7571,Customer_007571,Basic,2021-04-03,Inactive,customer7571@email.com
7572,Customer_007572,Basic,2021-05-23,Active,customer7572@email.com
7573,Customer_007573,Basic,2021-07-24,Inactive,customer7573@email.com
7574,Customer_007574,Basic,2021-06-27,Inactive,customer7574@email.com
7575,Customer_007575,Basic,2024-06-14,Active,customer7575@email.com
7576,Customer_007576,Basic,2024-11-29,Inactive,customer7576@email.com
7577,Customer_007577,Basic,2022-08-11,Active,customer7577@email.com
7578,Customer_007578,Basic,2022-07-01,Inactive,customer7578@email.com
7579,Customer_007579,Standard,2023-10-14,Active,customer7579@email.com
7580,Customer_007580,Standard,2023-05-28,Active,customer7580@email.com
7581,Customer_007581,Standard,2023-10-24,Active,customer7581@email.com
7582,Customer_007582,Standard,2023-07-08,Active,customer7582@email.com
7583,Customer_007583,Standard,2021-12-05,Active,customer7583@email.com
7584,Customer_007584,Premium,2024-01-03,Active,customer7584@email.com
7585,Customer_007585,Basic,2021-10-08,Inactive,customer7585@email.com
7586,Customer_007586,Standard,2022-07-30,Active,customer7586@email.com
7587,Customer_007587,Basic,2023-11-23,Active,customer7587@email.com
7588,Customer_007588,Basic,2021-05-10,Inactive,customer7588@email.com
7589,Customer_007589,Standard,2021-01-07,Active,customer7589@email.com
7590,Customer_007590,Basic,2022-11-22,Active,customer7590@email.com
7591,Customer_007591,Premium,2022-07-03,Active,customer7591@email.com
7592,Customer_007592,Basic,2022-07-25,Active,customer7592@email.com
7593,,Premium,2024-05-20,Active,
7594,Customer_007594,Standard,2024-04-06,Active,customer7594@email.com
7595,Customer_007595,Standard,2021-06-09,Active,customer7595@email.com
7596,Customer_007596,Basic,2022-09-17,Active,customer7596@email.com
7597,Customer_007597,Standard,2023-04-21,Active,customer7597@email.com
7598,Customer_007598,Standard,2023-07-23,Active,customer7598@email.com
7599,Customer_007599,Basic,2022-06-21,Inactive,customer7599@email.com
7600,Customer_007600,Standard,2023-03-23,Active,customer7600@email.com
7601,Customer_007601,Basic,2023-07-14,Active,customer7601@email.com
7602,Customer_007602,Standard,2022-12-21,Active,customer7602@email.com
7603,Customer_007603,Standard,2023-04-29,Active,customer7603@email.com
7604,Customer_007604,Basic,2023-03-06,Inactive,customer7604@email.com
7605,Customer_007605,Premium,2021-05-18,Active,customer7605@email.com
7606,Customer_007606,Basic,2024-11-22,Active,customer7606@email.com
7607,Customer_007607,Basic,2023-11-26,Active,customer7607@email.com
7608,Customer_007608,Basic,2021-05-03,Active,customer7608@email.com
7609,Customer_007609,Basic,2024-11-25,Active,customer7609@email.com
7610,Customer_007610,Standard,2021-01-23,Active,customer7610@email.com
7611,Customer_007611,Basic,2021-03-25,Inactive,customer7611@email.com
7612,Customer_007612,Basic,2024-02-26,Inactive,customer7612@email.com
7613,Customer_007613,Premium,2022-04-29,Active,customer7613@email.com
7614,Customer_007614,Premium,2023-05-28,Active,customer7614@email.com
7615,Customer_007615,Basic,2022-04-12,Inactive,customer7615@email.com
7616,Customer_007616,Standard,2023-05-21,Active,customer7616@email.com
7617,Customer_007617,Basic,2021-02-25,Active,customer7617@email.com
7618,Customer_007618,Premium,2024-09-25,Active,customer7618@email.com
7619,Customer_007619,Standard,2023-08-23,Active,customer7619@email.com
7620,Customer_007620,Standard,2021-09-04,Active,customer7620@email.com
7621,Customer_007621,Basic,2022-01-11,Active,customer7621@email.com
7622,Customer_007622,Standard,2023-09-01,Inactive,customer7622@email.com
7623,Customer_007623,Standard,2021-06-16,Active,customer7623@email.com
7624,Customer_007624,Basic,2023-07-15,Active,customer7624@email.com
7625,Customer_007625,Basic,2022-11-05,Active,customer7625@email.com
7626,Customer_007626,Premium,2024-10-16,Active,customer7626@email.com
7627,Customer_007627,Standard,2023-03-05,Inactive,customer7627@email.com
7628,Customer_007628,Basic,2023-04-30,Inactive,customer7628@email.com
7629,Customer_007629,Basic,2021-12-13,Active,customer7629@email.com
7630,Customer_007630,Basic,2023-10-29,Active,customer7630@email.com
7631,Customer_007631,Basic,2021-02-19,Inactive,customer7631@email.com
7632,Customer_007632,Basic,2024-07-29,Active,customer7632@email.com
7633,Customer_007633,Basic,2024-10-05,Active,customer7633@email.com
7634,Customer_007634,Standard,2021-10-12,Active,customer7634@email.com
7635,Customer_007635,Standard,2021-05-01,Active,customer7635@email.com
7636,Customer_007636,Premium,2023-05-16,Active,customer7636@email.com
7637,Customer_007637,Standard,2024-01-22,Inactive,customer7637@email.com
7638,Customer_007638,Standard,2023-06-26,Active,customer7638@email.com
7639,Customer_007639,Standard,2022-01-18,Active,customer7639@email.com
7640,Customer_007640,Standard,2023-04-04,Inactive,customer7640@email.com
7641,Customer_007641,Basic,2024-10-16,Inactive,customer7641@email.com
7642,Customer_007642,Basic,2022-01-28,Active,customer7642@email.com
7643,Customer_007643,Basic,2021-12-30,Inactive,customer7643@email.com
7644,Customer_007644,Basic,2024-06-14,Inactive,customer7644@email.com
7645,Customer_007645,Basic,2024-01-04,Inactive,customer7645@email.com
7646,Customer_007646,Standard,2024-02-25,Inactive,customer7646@email.com
7647,Customer_007647,Basic,2022-02-22,Inactive,customer7647@email.com
7648,Customer_007648,Standard,2021-07-05,Inactive,customer7648@email.com
7649,Customer_007649,Basic,2021-01-13,Active,customer7649@email.com
7650,Customer_007650,Basic,2022-09-23,Active,customer7650@email.com
7651,Customer_007651,Basic,2024-04-17,Active,customer7651@email.com
7652,Customer_007652,Standard,2024-11-25,Active,customer7652@email.com
7653,Customer_007653,Basic,2024-09-23,Active,customer7653@email.com
7654,Customer_007654,Basic,2024-10-13,Inactive,customer7654@email.com
7655,Customer_007655,Basic,2022-09-12,Active,customer7655@email.com
7656,,Basic,2024-11-18,Inactive,
7657,Customer_007657,Standard,2024-03-04,Active,customer7657@email.com
7658,Customer_007658,Standard,2021-02-24,Inactive,customer7658@email.com
7659,Customer_007659,Premium,2021-05-11,Active,customer7659@email.com
7660,Customer_007660,Basic,2023-06-19,Active,customer7660@email.com
7661,Customer_007661,Basic,2024-05-28,Inactive,customer7661@email.com
7662,Customer_007662,Premium,2022-07-11,Inactive,customer7662@email.com
7663,Customer_007663,Standard,2022-07-24,Active,customer7663@email.com
7664,Customer_007664,Basic,2021-04-22,Active,customer7664@email.com
7665,Customer_007665,Basic,2024-11-21,Active,customer7665@email.com
7666,Customer_007666,Premium,2023-08-13,Inactive,customer7666@email.com
7667,Customer_007667,Basic,2023-08-24,Inactive,customer7667@email.com
7668,Customer_007668,Basic,2023-03-03,Inactive,customer7668@email.com
7669,Customer_007669,Premium,2022-07-10,Active,customer7669@email.com
7670,Customer_007670,Standard,2022-12-05,Active,customer7670@email.com
7671,Customer_007671,Basic,2021-04-17,Active,customer7671@email.com
7672,Customer_007672,Standard,2022-06-02,Active,customer7672@email.com
7673,Customer_007673,Basic,2024-09-09,Inactive,customer7673@email.com
7674,Customer_007674,,2023-11-13,Active,customer7674@email.com
7675,Customer_007675,Standard,2023-07-09,Active,customer7675@email.com
7676,Customer_007676,Premium,2021-04-22,Active,customer7676@email.com
7677,Customer_007677,Basic,2023-04-25,Inactive,customer7677@email.com
7678,Customer_007678,Standard,2021-04-09,Inactive,customer7678@email.com
7679,Customer_007679,Basic,2024-01-10,Inactive,customer7679@email.com
7680,Customer_007680,Standard,2021-05-15,Active,customer7680@email.com
7681,Customer_007681,Basic,2023-12-19,Active,customer7681@email.com
7682,Customer_007682,Premium,2024-02-01,Active,customer7682@email.com
7683,Customer_007683,Basic,2022-08-30,Active,customer7683@email.com
7684,Customer_007684,Basic,2022-10-31,Active,customer7684@email.com
7685,Customer_007685,Premium,2021-02-09,Active,customer7685@email.com
7686,Customer_007686,Standard,2024-09-13,Active,customer7686@email.com
7687,Customer_007687,Basic,2024-03-03,Active,customer7687@email.com
7688,Customer_007688,Premium,2024-07-16,Active,customer7688@email.com
7689,,Basic,2024-01-11,Inactive,
7690,Customer_007690,Basic,2024-11-04,Active,customer7690@email.com
7691,Customer_007691,Basic,2023-02-28,Active,customer7691@email.com
7692,Customer_007692,Premium,2023-08-26,Active,customer7692@email.com
7693,Customer_007693,Basic,2024-02-16,Inactive,customer7693@email.com
7694,Customer_007694,Standard,2021-02-04,Active,customer7694@email.com
7695,Customer_007695,Standard,2021-04-27,Inactive,customer7695@email.com
7696,Customer_007696,Premium,2023-05-13,Active,customer7696@email.com
7697,Customer_007697,Standard,2022-06-26,Inactive,customer7697@email.com
7698,Customer_007698,Basic,2024-05-03,Active,customer7698@email.com
7699,Customer_007699,Standard,2024-08-07,Inactive,customer7699@email.com
7700,Customer_007700,Basic,2024-10-25,Inactive,customer7700@email.com
7701,Customer_007701,Basic,2021-01-13,Active,customer7701@email.com
7702,Customer_007702,Basic,2022-08-28,Active,customer7702@email.com
7703,Customer_007703,Basic,2021-10-20,Active,customer7703@email.com
7704,Customer_007704,Basic,2023-02-05,Active,customer7704@email.com
7705,Customer_007705,Standard,2024-04-14,Active,customer7705@email.com
7706,Customer_007706,Basic,2022-04-02,Active,customer7706@email.com
7707,Customer_007707,Basic,2022-01-10,Active,customer7707@email.com
7708,Customer_007708,Basic,2023-07-14,Inactive,customer7708@email.com
7709,Customer_007709,Standard,2024-12-13,Active,customer7709@email.com
7710,Customer_007710,,2024-08-22,Active,customer7710@email.com
7711,Customer_007711,Standard,2022-08-25,Active,customer7711@email.com
7712,Customer_007712,Standard,2024-11-13,Active,customer7712@email.com
7713,Customer_007713,Basic,2022-04-01,Active,customer7713@email.com
7714,Customer_007714,Basic,2023-10-24,Active,customer7714@email.com
7715,Customer_007715,Basic,2023-06-20,Active,customer7715@email.com
7716,Customer_007716,Basic,2022-07-25,Inactive,customer7716@email.com
7717,Customer_007717,Basic,2023-03-31,Inactive,customer7717@email.com
7718,Customer_007718,Standard,2023-11-11,Active,customer7718@email.com
7719,Customer_007719,Basic,2024-03-13,Active,customer7719@email.com
7720,Customer_007720,Basic,2023-11-27,Active,customer7720@email.com
7721,Customer_007721,Basic,2023-03-31,Active,customer7721@email.com
7722,Customer_007722,Basic,2021-09-18,Active,customer7722@email.com
7723,Customer_007723,Standard,2023-04-06,Active,customer7723@email.com
7724,Customer_007724,Standard,2024-07-03,Active,customer7724@email.com
7725,Customer_007725,Standard,2024-04-13,Active,customer7725@email.com
7726,Customer_007726,Basic,2022-09-28,Active,customer7726@email.com
7727,Customer_007727,Basic,2024-09-27,Active,customer7727@email.com
7728,Customer_007728,Standard,2021-04-14,Active,customer7728@email.com
7729,Customer_007729,Basic,2023-12-11,Active,customer7729@email.com
7730,Customer_007730,Basic,2023-04-22,Active,customer7730@email.com
7731,Customer_007731,Standard,2023-02-26,Inactive,customer7731@email.com
7732,Customer_007732,Standard,2023-07-19,Active,customer7732@email.com
7733,Customer_007733,Basic,2023-04-16,Active,customer7733@email.com
7734,Customer_007734,Basic,2023-02-12,Active,customer7734@email.com
7735,Customer_007735,Basic,2024-05-15,Inactive,customer7735@email.com
7736,Customer_007736,Premium,2024-05-20,Active,customer7736@email.com
7737,Customer_007737,Basic,2022-05-23,Active,customer7737@email.com
7738,Customer_007738,Basic,2023-09-05,Active,customer7738@email.com
7739,Customer_007739,Basic,2023-11-21,Active,customer7739@email.com
7740,Customer_007740,Basic,2024-06-05,Active,customer7740@email.com
7741,,Basic,2023-06-08,Active,
7742,Customer_007742,Basic,2022-06-06,Inactive,customer7742@email.com
7743,Customer_007743,Basic,2022-05-31,Inactive,customer7743@email.com
7744,Customer_007744,Basic,2021-07-15,Active,customer7744@email.com
7745,Customer_007745,Standard,2022-01-24,Active,customer7745@email.com
7746,Customer_007746,Standard,2021-11-13,Active,customer7746@email.com
7747,,Basic,2021-03-02,Active,
7748,Customer_007748,Standard,2022-09-02,Inactive,customer7748@email.com
7749,Customer_007749,Standard,2024-12-01,Active,customer7749@email.com
7750,Customer_007750,Premium,2024-06-17,Inactive,customer7750@email.com
7751,Customer_007751,Basic,2022-09-17,Inactive,customer7751@email.com
7752,Customer_007752,Standard,2021-03-11,Inactive,customer7752@email.com
7753,Customer_007753,Basic,2024-03-01,Inactive,customer7753@email.com
7754,Customer_007754,Basic,2021-02-04,Active,customer7754@email.com
7755,Customer_007755,Standard,2023-10-13,Active,customer7755@email.com
7756,Customer_007756,Standard,2024-01-19,Inactive,customer7756@email.com
7757,Customer_007757,Basic,2024-06-09,Inactive,customer7757@email.com
7758,Customer_007758,Standard,2024-10-06,Active,customer7758@email.com
7759,Customer_007759,Premium,2024-09-28,Active,customer7759@email.com
7760,Customer_007760,Standard,2021-01-24,Active,customer7760@email.com
7761,Customer_007761,Premium,2024-08-22,Inactive,customer7761@email.com
7762,Customer_007762,Standard,2022-04-24,Inactive,customer7762@email.com
7763,Customer_007763,Basic,2024-03-13,Active,customer7763@email.com
7764,Customer_007764,Basic,2023-05-27,Inactive,customer7764@email.com
7765,Customer_007765,Basic,2024-06-28,Active,customer7765@email.com
7766,Customer_007766,Premium,2024-06-24,Active,customer7766@email.com
7767,Customer_007767,Basic,2024-03-10,Active,customer7767@email.com
7768,Customer_007768,Standard,2024-01-22,Inactive,customer7768@email.com
7769,Customer_007769,Standard,2021-03-11,Active,customer7769@email.com
7770,Customer_007770,Basic,2023-04-04,Active,customer7770@email.com
7771,Customer_007771,Standard,2021-06-24,Active,customer7771@email.com
7772,Customer_007772,Premium,2024-07-10,Active,customer7772@email.com
7773,Customer_007773,Basic,2023-04-17,Inactive,customer7773@email.com
7774,Customer_007774,Basic,2023-06-01,Active,customer7774@email.com
7775,Customer_007775,Premium,2021-11-10,Active,customer7775@email.com
7776,Customer_007776,Standard,2024-08-07,Active,customer7776@email.com
7777,Customer_007777,Premium,2021-01-14,Active,customer7777@email.com
7778,Customer_007778,Standard,2022-09-22,Inactive,customer7778@email.com
7779,Customer_007779,Basic,2021-12-01,Inactive,customer7779@email.com
7780,Customer_007780,Basic,2024-09-06,Inactive,customer7780@email.com
7781,Customer_007781,Basic,2022-10-09,Active,customer7781@email.com
7782,Customer_007782,Basic,2021-04-17,Active,customer7782@email.com
7783,Customer_007783,Standard,2024-08-08,Active,customer7783@email.com
7784,Customer_007784,Basic,2022-12-18,Active,customer7784@email.com
7785,Customer_007785,Standard,2024-03-24,Active,customer7785@email.com
7786,Customer_007786,Basic,2021-04-03,Active,customer7786@email.com
7787,Customer_007787,Basic,2024-06-27,Active,customer7787@email.com
7788,Customer_007788,Standard,2021-05-26,Active,customer7788@email.com
7789,Customer_007789,Standard,2022-02-01,Active,customer7789@email.com
7790,Customer_007790,Basic,2022-09-03,Inactive,customer7790@email.com
7791,Customer_007791,Basic,2022-09-28,Active,customer7791@email.com
7792,Customer_007792,Standard,2024-02-01,Active,customer7792@email.com
7793,Customer_007793,Premium,2023-10-08,Active,customer7793@email.com
7794,Customer_007794,Standard,2023-12-31,Active,customer7794@email.com
7795,Customer_007795,Premium,2022-04-07,Active,customer7795@email.com
7796,Customer_007796,Basic,2021-01-11,Active,customer7796@email.com
7797,Customer_007797,Basic,2022-10-21,Inactive,customer7797@email.com
7798,Customer_007798,Premium,2021-05-27,Active,customer7798@email.com
7799,Customer_007799,Premium,2024-11-10,Active,customer7799@email.com
7800,Customer_007800,Basic,2023-01-02,Active,customer7800@email.com
7801,Customer_007801,Standard,2024-09-08,Inactive,customer7801@email.com
7802,Customer_007802,Basic,2022-12-12,Inactive,customer7802@email.com
7803,Customer_007803,Standard,2022-01-30,Active,customer7803@email.com
7804,Customer_007804,Basic,2021-05-31,Inactive,customer7804@email.com
7805,Customer_007805,Basic,2021-01-03,Active,customer7805@email.com
7806,Customer_007806,Basic,2021-06-11,Inactive,customer7806@email.com
7807,Customer_007807,Standard,2022-10-20,Active,customer7807@email.com
7808,Customer_007808,Basic,2022-07-10,Active,customer7808@email.com
7809,Customer_007809,Basic,2024-10-02,Inactive,customer7809@email.com
7810,Customer_007810,Basic,2021-08-28,Active,customer7810@email.com
7811,Customer_007811,,2023-10-05,Inactive,customer7811@email.com
7812,,Basic,2022-08-07,Inactive,
7813,Customer_007813,Standard,2021-01-26,Active,customer7813@email.com
7814,Customer_007814,Basic,2022-10-01,Inactive,customer7814@email.com
7815,Customer_007815,Basic,2021-02-07,Active,customer7815@email.com
7816,Customer_007816,Standard,2024-12-28,Active,customer7816@email.com
7817,Customer_007817,Basic,2024-01-11,Inactive,customer7817@email.com
7818,Customer_007818,Standard,2023-02-23,Active,customer7818@email.com
7819,Customer_007819,Basic,2021-03-23,Active,customer7819@email.com
7820,Customer_007820,Basic,2024-01-20,Inactive,customer7820@email.com
7821,Customer_007821,Standard,2022-07-25,Active,customer7821@email.com
7822,Customer_007822,Basic,2021-02-13,Active,customer7822@email.com
7823,Customer_007823,Standard,2021-01-26,Inactive,customer7823@email.com
7824,Customer_007824,Basic,2024-05-30,Inactive,customer7824@email.com
7825,Customer_007825,Standard,2023-02-22,Active,customer7825@email.com
7826,Customer_007826,Premium,2024-05-14,Active,customer7826@email.com
7827,Customer_007827,Basic,2022-04-30,Active,customer7827@email.com
7828,Customer_007828,Basic,2022-02-14,Active,customer7828@email.com
7829,Customer_007829,Standard,2023-08-18,Inactive,customer7829@email.com
7830,Customer_007830,Standard,2023-10-28,Active,customer7830@email.com
7831,Customer_007831,Standard,2023-06-04,Active,customer7831@email.com
7832,Customer_007832,Standard,2024-05-24,Active,customer7832@email.com
7833,Customer_007833,Basic,2021-03-29,Inactive,customer7833@email.com
7834,Customer_007834,Basic,2024-10-23,Active,customer7834@email.com
7835,Customer_007835,Basic,2024-06-13,Active,customer7835@email.com
7836,Customer_007836,Basic,2024-11-19,Inactive,customer7836@email.com
7837,Customer_007837,Standard,2022-04-01,Inactive,customer7837@email.com
7838,Customer_007838,Basic,2021-10-25,Inactive,customer7838@email.com
7839,Customer_007839,Standard,2021-07-17,Active,customer7839@email.com
7840,Customer_007840,Basic,2022-11-25,Active,customer7840@email.com
7841,Customer_007841,Basic,2023-03-29,Active,customer7841@email.com
7842,Customer_007842,Premium,2021-08-17,Active,customer7842@email.com
7843,Customer_007843,Basic,2022-08-28,Inactive,customer7843@email.com
7844,Customer_007844,Basic,2024-10-08,Active,customer7844@email.com
7845,Customer_007845,Standard,2022-10-05,Inactive,customer7845@email.com
7846,,Standard,2024-10-20,Active,
7847,Customer_007847,Basic,2022-07-13,Active,customer7847@email.com
7848,Customer_007848,Standard,2023-09-11,Active,customer7848@email.com
7849,Customer_007849,Basic,2021-04-27,Inactive,customer7849@email.com
7850,Customer_007850,Basic,2024-10-22,Active,customer7850@email.com
7851,Customer_007851,Standard,2022-02-07,Active,customer7851@email.com
7852,Customer_007852,Standard,2022-08-16,Active,customer7852@email.com
7853,Customer_007853,Standard,2024-06-18,Active,customer7853@email.com
7854,Customer_007854,Standard,2024-03-26,Active,customer7854@email.com
7855,Customer_007855,Basic,2023-09-23,Active,customer7855@email.com
7856,Customer_007856,Premium,2021-09-28,Inactive,customer7856@email.com
7857,Customer_007857,Premium,2022-11-01,Inactive,customer7857@email.com
7858,Customer_007858,Premium,2021-01-06,Inactive,customer7858@email.com
7859,Customer_007859,Premium,2021-10-10,Active,customer7859@email.com
7860,Customer_007860,Standard,2023-12-31,Active,customer7860@email.com
7861,Customer_007861,Standard,2023-09-23,Active,customer7861@email.com
7862,Customer_007862,Basic,2021-01-13,Active,customer7862@email.com
7863,Customer_007863,Basic,2023-04-02,Active,customer7863@email.com
7864,Customer_007864,Standard,2021-04-17,Active,customer7864@email.com
7865,Customer_007865,Standard,2023-03-22,Active,customer7865@email.com
7866,Customer_007866,Basic,2023-01-30,Inactive,customer7866@email.com
7867,Customer_007867,Basic,2024-08-05,Active,customer7867@email.com
7868,Customer_007868,Basic,2022-06-29,Active,customer7868@email.com
7869,Customer_007869,Standard,2024-04-18,Inactive,customer7869@email.com
7870,Customer_007870,Standard,2024-04-16,Active,customer7870@email.com
7871,Customer_007871,Standard,2021-12-04,Active,customer7871@email.com
7872,Customer_007872,Basic,2024-08-01,Inactive,customer7872@email.com
7873,Customer_007873,Standard,2021-02-17,Inactive,customer7873@email.com
7874,Customer_007874,Basic,2024-11-11,Active,customer7874@email.com
7875,Customer_007875,Premium,2023-01-30,Active,customer7875@email.com
7876,Customer_007876,Standard,2023-01-21,Inactive,customer7876@email.com
7877,Customer_007877,Standard,2024-08-22,Active,customer7877@email.com
7878,Customer_007878,Basic,2021-03-27,Inactive,customer7878@email.com
7879,Customer_007879,Basic,2023-06-01,Active,customer7879@email.com
7880,Customer_007880,Premium,2023-08-08,Active,customer7880@email.com
7881,Customer_007881,Premium,2023-10-07,Active,customer7881@email.com
7882,Customer_007882,Basic,2022-06-12,Active,customer7882@email.com
7883,Customer_007883,Premium,2024-04-24,Active,customer7883@email.com
7884,Customer_007884,Basic,2022-08-09,Active,customer7884@email.com
7885,Customer_007885,Basic,2022-07-31,Active,customer7885@email.com
7886,Customer_007886,Standard,2022-04-07,Active,customer7886@email.com
7887,Customer_007887,Standard,2021-02-03,Inactive,customer7887@email.com
7888,Customer_007888,Basic,2024-01-28,Active,customer7888@email.com
7889,Customer_007889,Basic,2022-12-19,Active,customer7889@email.com
7890,Customer_007890,Premium,2022-08-03,Inactive,customer7890@email.com
7891,Customer_007891,Premium,2023-04-12,Active,customer7891@email.com
7892,Customer_007892,Standard,2024-11-05,Active,customer7892@email.com
7893,Customer_007893,Basic,2024-06-16,Active,customer7893@email.com
7894,Customer_007894,Standard,2023-04-15,Active,customer7894@email.com
7895,Customer_007895,Standard,2023-04-17,Inactive,customer7895@email.com
7896,Customer_007896,Basic,2021-10-13,Active,customer7896@email.com
7897,,Standard,2023-07-06,Inactive,
7898,Customer_007898,Standard,2024-08-04,Active,customer7898@email.com
7899,,Standard,2023-04-12,Inactive,
7900,Customer_007900,Premium,2021-05-09,Active,customer7900@email.com
7901,Customer_007901,Standard,2021-05-26,Active,customer7901@email.com
7902,Customer_007902,Basic,2021-01-09,Active,customer7902@email.com
7903,Customer_007903,Standard,2024-07-24,Active,customer7903@email.com
7904,Customer_007904,Premium,2021-07-12,Active,customer7904@email.com
7905,Customer_007905,Basic,2023-12-15,Active,customer7905@email.com
7906,Customer_007906,Premium,2021-09-22,Active,customer7906@email.com
7907,Customer_007907,Basic,2022-03-05,Inactive,customer7907@email.com
7908,Customer_007908,Standard,2023-06-25,Active,customer7908@email.com
7909,Customer_007909,Basic,2023-02-08,Inactive,customer7909@email.com
7910,Customer_007910,Premium,2023-01-19,Active,customer7910@email.com
7911,Customer_007911,Premium,2022-10-18,Inactive,customer7911@email.com
7912,Customer_007912,Basic,2023-08-16,Active,customer7912@email.com
7913,Customer_007913,Premium,2023-08-01,Active,customer7913@email.com
7914,Customer_007914,Standard,2021-06-13,Active,customer7914@email.com
7915,Customer_007915,Standard,2024-07-29,Active,customer7915@email.com
7916,Customer_007916,Basic,2022-09-08,Active,customer7916@email.com
7917,Customer_007917,Standard,2022-03-16,Active,customer7917@email.com
7918,Customer_007918,Basic,2021-09-10,Active,customer7918@email.com
7919,Customer_007919,Basic,2022-10-23,Active,customer7919@email.com
7920,Customer_007920,Basic,2024-07-08,Inactive,customer7920@email.com
7921,Customer_007921,Basic,2024-01-26,Inactive,customer7921@email.com
7922,Customer_007922,Standard,2023-08-18,Active,customer7922@email.com
7923,Customer_007923,Premium,2022-05-13,Active,customer7923@email.com
7924,Customer_007924,Basic,2023-08-29,Inactive,customer7924@email.com
7925,Customer_007925,,2022-06-28,Active,customer7925@email.com
7926,Customer_007926,Standard,2024-08-08,Active,customer7926@email.com
7927,Customer_007927,Standard,2021-02-22,Inactive,customer7927@email.com
7928,Customer_007928,Standard,2022-05-11,Active,customer7928@email.com
7929,Customer_007929,Basic,2021-10-22,Active,customer7929@email.com
7930,Customer_007930,Premium,2023-09-09,Active,customer7930@email.com
7931,Customer_007931,Premium,2022-03-07,Inactive,customer7931@email.com
7932,Customer_007932,Basic,2022-08-16,Active,customer7932@email.com
7933,Customer_007933,Basic,2024-02-23,Active,customer7933@email.com
7934,Customer_007934,Basic,2021-12-02,Inactive,customer7934@email.com
7935,Customer_007935,Basic,2023-08-01,Active,customer7935@email.com
7936,Customer_007936,Standard,2024-08-29,Active,customer7936@email.com
7937,Customer_007937,Basic,2023-08-28,Active,customer7937@email.com
7938,Customer_007938,Standard,2024-12-23,Inactive,customer7938@email.com
7939,Customer_007939,Standard,2022-11-24,Active,customer7939@email.com
7940,Customer_007940,Premium,2022-05-04,Active,customer7940@email.com
7941,Customer_007941,Premium,2021-07-12,Active,customer7941@email.com
7942,Customer_007942,Standard,2021-05-14,Active,customer7942@email.com
7943,Customer_007943,Basic,2021-12-25,Active,customer7943@email.com
7944,Customer_007944,Basic,2022-03-12,Active,customer7944@email.com
7945,Customer_007945,Basic,2021-05-25,Inactive,customer7945@email.com
7946,,Premium,2024-05-30,Active,
7947,Customer_007947,Basic,2022-11-10,Active,customer7947@email.com
7948,Customer_007948,Standard,2022-11-04,Active,customer7948@email.com
7949,Customer_007949,Basic,2021-09-17,Inactive,customer7949@email.com
7950,Customer_007950,Premium,2023-06-26,Active,customer7950@email.com
7951,Customer_007951,Standard,2024-06-01,Active,customer7951@email.com
7952,Customer_007952,,2022-03-29,Active,customer7952@email.com
7953,Customer_007953,Standard,2023-03-17,Active,customer7953@email.com
7954,Customer_007954,Basic,2022-03-14,Active,customer7954@email.com
7955,Customer_007955,Standard,2023-06-05,Active,customer7955@email.com
7956,Customer_007956,Basic,2021-11-05,Inactive,customer7956@email.com
7957,Customer_007957,Basic,2023-08-16,Active,customer7957@email.com
7958,Customer_007958,Basic,2021-06-04,Active,customer7958@email.com
7959,Customer_007959,Standard,2024-12-04,Active,customer7959@email.com
7960,Customer_007960,Basic,2023-04-03,Inactive,customer7960@email.com
7961,Customer_007961,Basic,2021-02-27,Inactive,customer7961@email.com
7962,Customer_007962,Standard,2022-03-01,Active,customer7962@email.com
7963,Customer_007963,Premium,2023-02-15,Inactive,customer7963@email.com
7964,Customer_007964,Standard,2022-10-04,Inactive,customer7964@email.com
7965,Customer_007965,Standard,2022-09-16,Active,customer7965@email.com
7966,Customer_007966,Premium,2021-03-18,Active,customer7966@email.com
7967,Customer_007967,Basic,2022-09-02,Active,customer7967@email.com
7968,Customer_007968,Standard,2023-10-13,Active,customer7968@email.com
7969,Customer_007969,Standard,2023-06-09,Active,customer7969@email.com
7970,Customer_007970,Standard,2023-11-03,Inactive,customer7970@email.com
7971,Customer_007971,Standard,2021-10-10,Active,customer7971@email.com
7972,Customer_007972,Basic,2023-05-31,Active,customer7972@email.com
7973,Customer_007973,Standard,2021-03-23,Active,customer7973@email.com
7974,Customer_007974,Standard,2023-11-08,Active,customer7974@email.com
7975,Customer_007975,Standard,2023-04-07,Inactive,customer7975@email.com
7976,Customer_007976,Basic,2023-04-24,Active,customer7976@email.com
7977,Customer_007977,Standard,2023-07-07,Active,customer7977@email.com
7978,Customer_007978,Standard,2024-08-15,Inactive,customer7978@email.com
7979,Customer_007979,Basic,2022-03-22,Active,customer7979@email.com
7980,Customer_007980,Basic,2024-03-14,Active,customer7980@email.com
7981,Customer_007981,Basic,2024-01-15,Inactive,customer7981@email.com
7982,Customer_007982,Basic,2024-05-10,Active,customer7982@email.com
7983,Customer_007983,Basic,2024-12-17,Active,customer7983@email.com
7984,Customer_007984,Basic,2024-06-24,Active,customer7984@email.com
7985,Customer_007985,Standard,2021-01-30,Active,customer7985@email.com
7986,Customer_007986,Basic,2024-09-17,Active,customer7986@email.com
7987,Customer_007987,Basic,2023-06-13,Active,customer7987@email.com
7988,Customer_007988,Basic,2022-04-01,Inactive,customer7988@email.com
7989,Customer_007989,Standard,2023-02-20,Inactive,customer7989@email.com
7990,Customer_007990,Standard,2024-01-28,Active,customer7990@email.com
7991,Customer_007991,Basic,2023-12-29,Inactive,customer7991@email.com
7992,Customer_007992,Basic,2021-08-02,Active,customer7992@email.com
7993,Customer_007993,Basic,2022-11-27,Active,customer7993@email.com
7994,Customer_007994,Basic,2024-12-04,Active,customer7994@email.com
7995,Customer_007995,Basic,2023-06-14,Active,customer7995@email.com
7996,Customer_007996,Basic,2021-12-01,Active,customer7996@email.com
7997,Customer_007997,Basic,2024-04-26,Active,customer7997@email.com
7998,Customer_007998,Basic,2022-09-15,Active,customer7998@email.com
7999,Customer_007999,Basic,2024-07-28,Inactive,customer7999@email.com
8000,Customer_008000,Basic,2023-08-03,Inactive,customer8000@email.com
8001,Customer_008001,Premium,2021-05-12,Active,customer8001@email.com
8002,Customer_008002,Standard,2023-12-14,Active,customer8002@email.com
8003,Customer_008003,Basic,2022-02-24,Active,customer8003@email.com
8004,Customer_008004,Standard,2024-08-22,Active,customer8004@email.com
8005,Customer_008005,Basic,2024-01-25,Active,customer8005@email.com
8006,Customer_008006,Premium,2023-03-06,Active,customer8006@email.com
8007,Customer_008007,Standard,2021-06-07,Inactive,customer8007@email.com
8008,Customer_008008,Standard,2022-06-08,Active,customer8008@email.com
8009,Customer_008009,Basic,2022-09-19,Inactive,customer8009@email.com
8010,Customer_008010,Basic,2024-05-12,Inactive,customer8010@email.com
8011,Customer_008011,Standard,2022-07-10,Active,customer8011@email.com
8012,Customer_008012,Premium,2022-10-27,Active,customer8012@email.com
8013,Customer_008013,Basic,2024-06-30,Active,customer8013@email.com
8014,Customer_008014,Basic,2023-03-04,Inactive,customer8014@email.com
8015,Customer_008015,Standard,2022-05-10,Inactive,customer8015@email.com
8016,Customer_008016,Standard,2023-06-30,Active,customer8016@email.com
8017,Customer_008017,Basic,2021-09-02,Active,customer8017@email.com
8018,Customer_008018,Basic,2024-03-21,Active,customer8018@email.com
8019,Customer_008019,,2023-02-26,Inactive,customer8019@email.com
8020,Customer_008020,Basic,2023-05-08,Active,customer8020@email.com
8021,Customer_008021,Premium,2023-07-10,Inactive,customer8021@email.com
8022,Customer_008022,Premium,2022-07-23,Inactive,customer8022@email.com
8023,Customer_008023,Standard,2023-12-07,Active,customer8023@email.com
8024,Customer_008024,Basic,2023-01-05,Active,customer8024@email.com
8025,Customer_008025,Basic,2021-12-19,Inactive,customer8025@email.com
8026,,Basic,2021-01-12,Active,
8027,Customer_008027,Basic,2023-07-04,Inactive,customer8027@email.com
8028,Customer_008028,Basic,2023-04-30,Inactive,customer8028@email.com
8029,Customer_008029,Standard,2022-08-20,Inactive,customer8029@email.com
8030,Customer_008030,Standard,2023-04-30,Active,customer8030@email.com
8031,Customer_008031,Standard,2021-08-07,Active,customer8031@email.com
8032,Customer_008032,Premium,2022-09-12,Active,customer8032@email.com
8033,Customer_008033,Premium,2024-04-20,Active,customer8033@email.com
8034,Customer_008034,Premium,2021-01-11,Active,customer8034@email.com
8035,Customer_008035,Premium,2022-02-18,Active,customer8035@email.com
8036,Customer_008036,Standard,2023-12-31,Active,customer8036@email.com
8037,Customer_008037,Basic,2022-04-23,Inactive,customer8037@email.com
8038,Customer_008038,Basic,2021-03-27,Active,customer8038@email.com
8039,Customer_008039,Standard,2022-05-18,Active,customer8039@email.com
8040,Customer_008040,Basic,2024-06-28,Active,customer8040@email.com
8041,Customer_008041,Basic,2021-11-12,Active,customer8041@email.com
8042,Customer_008042,Standard,2023-04-23,Inactive,customer8042@email.com
8043,Customer_008043,Basic,2024-11-21,Inactive,customer8043@email.com
8044,Customer_008044,Basic,2024-06-06,Inactive,customer8044@email.com
8045,Customer_008045,Basic,2024-05-31,Inactive,customer8045@email.com
8046,Customer_008046,Standard,2021-05-22,Active,customer8046@email.com
8047,Customer_008047,Basic,2021-01-25,Active,customer8047@email.com
8048,Customer_008048,Basic,2021-05-16,Inactive,customer8048@email.com
8049,Customer_008049,Standard,2023-09-20,Active,customer8049@email.com
8050,Customer_008050,Standard,2024-03-25,Inactive,customer8050@email.com
8051,Customer_008051,Basic,2022-07-13,Active,customer8051@email.com
8052,Customer_008052,Basic,2022-07-05,Active,customer8052@email.com
8053,Customer_008053,Basic,2024-06-02,Active,customer8053@email.com
8054,Customer_008054,Standard,2022-10-13,Inactive,customer8054@email.com
8055,Customer_008055,Premium,2022-12-26,Active,customer8055@email.com
8056,Customer_008056,Standard,2024-11-16,Active,customer8056@email.com
8057,Customer_008057,Standard,2021-01-30,Inactive,customer8057@email.com
8058,Customer_008058,Basic,2024-08-01,Inactive,customer8058@email.com
8059,,Basic,2024-10-18,Active,
8060,Customer_008060,Standard,2024-07-10,Active,customer8060@email.com
8061,Customer_008061,,2024-09-09,Inactive,customer8061@email.com
8062,Customer_008062,Standard,2024-06-17,Active,customer8062@email.com
8063,Customer_008063,Basic,2021-04-01,Active,customer8063@email.com
8064,Customer_008064,Basic,2022-12-26,Active,customer8064@email.com
8065,Customer_008065,Basic,2021-10-14,Active,customer8065@email.com
8066,Customer_008066,Basic,2021-02-05,Inactive,customer8066@email.com
8067,Customer_008067,Basic,2021-11-11,Active,customer8067@email.com
8068,Customer_008068,Standard,2023-06-21,Active,customer8068@email.com
8069,Customer_008069,Standard,2023-12-27,Active,customer8069@email.com
8070,Customer_008070,Basic,2023-01-19,Active,customer8070@email.com
8071,Customer_008071,Standard,2022-09-25,Active,customer8071@email.com
8072,Customer_008072,Basic,2022-07-02,Inactive,customer8072@email.com
8073,Customer_008073,Standard,2021-11-22,Active,customer8073@email.com
8074,Customer_008074,Basic,2021-09-22,Inactive,customer8074@email.com
8075,Customer_008075,Standard,2024-08-06,Inactive,customer8075@email.com
8076,Customer_008076,Basic,2023-11-20,Active,customer8076@email.com
8077,Customer_008077,Basic,2024-03-14,Active,customer8077@email.com
8078,Customer_008078,Basic,2022-03-27,Active,customer8078@email.com
8079,Customer_008079,Standard,2021-03-05,Active,customer8079@email.com
8080,Customer_008080,Standard,2024-01-29,Active,customer8080@email.com
8081,Customer_008081,Basic,2022-07-28,Active,customer8081@email.com
8082,Customer_008082,Basic,2023-09-12,Active,customer8082@email.com
8083,Customer_008083,Standard,2021-07-22,Inactive,customer8083@email.com
8084,,Standard,2024-12-04,Inactive,
8085,Customer_008085,Standard,2024-04-24,Active,customer8085@email.com
8086,Customer_008086,Premium,2024-10-27,Active,customer8086@email.com
8087,Customer_008087,Basic,2023-12-21,Inactive,customer8087@email.com
8088,Customer_008088,Basic,2021-07-04,Active,customer8088@email.com
8089,Customer_008089,Basic,2022-08-27,Active,customer8089@email.com
8090,Customer_008090,Basic,2023-01-11,Active,customer8090@email.com
8091,Customer_008091,Basic,2023-04-29,Inactive,customer8091@email.com
8092,Customer_008092,Standard,2021-02-17,Active,customer8092@email.com
8093,Customer_008093,Premium,2022-04-28,Active,customer8093@email.com
8094,Customer_008094,Standard,2022-03-27,Inactive,customer8094@email.com
8095,Customer_008095,Basic,2024-07-03,Active,customer8095@email.com
8096,Customer_008096,Basic,2021-11-07,Active,customer8096@email.com
8097,Customer_008097,Basic,2024-10-23,Active,customer8097@email.com
8098,Customer_008098,Basic,2024-12-21,Active,customer8098@email.com
8099,Customer_008099,Basic,2023-05-28,Active,customer8099@email.com
8100,Customer_008100,Basic,2024-01-16,Inactive,customer8100@email.com
8101,Customer_008101,Basic,2024-10-06,Inactive,customer8101@email.com
8102,Customer_008102,Standard,2023-08-13,Inactive,customer8102@email.com
8103,Customer_008103,Basic,2024-12-11,Active,customer8103@email.com
8104,Customer_008104,Basic,2023-07-01,Active,customer8104@email.com
8105,Customer_008105,Basic,2022-02-19,Active,customer8105@email.com
8106,Customer_008106,Basic,2024-01-21,Active,customer8106@email.com
8107,Customer_008107,Standard,2023-07-16,Active,customer8107@email.com
8108,Customer_008108,Standard,2021-05-16,Active,customer8108@email.com
8109,Customer_008109,Premium,2023-10-09,Active,customer8109@email.com
8110,Customer_008110,Basic,2022-09-12,Inactive,customer8110@email.com
8111,Customer_008111,Basic,2024-12-29,Active,customer8111@email.com
8112,Customer_008112,Standard,2024-02-01,Active,customer8112@email.com
8113,Customer_008113,Premium,2023-11-15,Inactive,customer8113@email.com
8114,Customer_008114,Premium,2021-02-16,Inactive,customer8114@email.com
8115,Customer_008115,Premium,2024-11-04,Active,customer8115@email.com
8116,Customer_008116,Standard,2022-05-03,Active,customer8116@email.com
8117,Customer_008117,Basic,2022-01-05,Active,customer8117@email.com
8118,Customer_008118,Basic,2024-09-29,Active,customer8118@email.com
8119,Customer_008119,Premium,2022-11-15,Inactive,customer8119@email.com
8120,Customer_008120,Standard,2024-01-25,Active,customer8120@email.com
8121,Customer_008121,Basic,2024-08-18,Active,customer8121@email.com
8122,Customer_008122,Standard,2023-03-04,Active,customer8122@email.com
8123,Customer_008123,Basic,2021-07-21,Active,customer8123@email.com
8124,Customer_008124,Standard,2021-02-24,Active,customer8124@email.com
8125,Customer_008125,Basic,2023-04-03,Active,customer8125@email.com
8126,Customer_008126,Standard,2024-05-05,Active,customer8126@email.com
8127,Customer_008127,Premium,2023-07-21,Active,customer8127@email.com
8128,Customer_008128,Premium,2021-10-28,Inactive,customer8128@email.com
8129,Customer_008129,Basic,2024-02-08,Active,customer8129@email.com
8130,Customer_008130,Premium,2022-07-17,Active,customer8130@email.com
8131,Customer_008131,Standard,2023-06-14,Inactive,customer8131@email.com
8132,Customer_008132,Basic,2023-07-20,Active,customer8132@email.com
8133,Customer_008133,Standard,2022-10-10,Inactive,customer8133@email.com
8134,Customer_008134,Basic,2023-08-01,Active,customer8134@email.com
8135,Customer_008135,Basic,2023-11-29,Active,customer8135@email.com
8136,Customer_008136,Standard,2022-01-27,Active,customer8136@email.com
8137,Customer_008137,Basic,2021-01-28,Active,customer8137@email.com
8138,Customer_008138,Basic,2021-07-27,Active,customer8138@email.com
8139,Customer_008139,Standard,2024-09-09,Active,customer8139@email.com
8140,Customer_008140,Standard,2022-10-24,Active,customer8140@email.com
8141,Customer_008141,Standard,2024-10-27,Inactive,customer8141@email.com
8142,Customer_008142,Basic,2024-10-16,Active,customer8142@email.com
8143,Customer_008143,Standard,2024-08-11,Active,customer8143@email.com
8144,Customer_008144,Basic,2024-05-20,Active,customer8144@email.com
8145,Customer_008145,Premium,2023-11-24,Active,customer8145@email.com
8146,Customer_008146,Standard,2022-06-24,Active,customer8146@email.com
8147,Customer_008147,Basic,2023-11-09,Inactive,customer8147@email.com
8148,Customer_008148,Standard,2021-06-06,Active,customer8148@email.com
8149,Customer_008149,Standard,2023-09-17,Inactive,customer8149@email.com
8150,Customer_008150,Basic,2024-12-07,Inactive,customer8150@email.com
8151,Customer_008151,Standard,2022-04-10,Active,customer8151@email.com
8152,Customer_008152,Standard,2021-04-11,Active,customer8152@email.com
8153,Customer_008153,Basic,2023-06-29,Active,customer8153@email.com
8154,Customer_008154,Standard,2023-03-17,Active,customer8154@email.com
8155,Customer_008155,Standard,2024-05-17,Active,customer8155@email.com
8156,Customer_008156,Basic,2024-08-01,Inactive,customer8156@email.com
8157,Customer_008157,Premium,2024-06-19,Active,customer8157@email.com
8158,Customer_008158,Standard,2021-10-19,Active,customer8158@email.com
8159,Customer_008159,Standard,2024-07-09,Active,customer8159@email.com
8160,Customer_008160,Standard,2022-08-21,Active,customer8160@email.com
8161,Customer_008161,Basic,2024-03-22,Inactive,customer8161@email.com
8162,Customer_008162,Basic,2022-04-20,Inactive,customer8162@email.com
8163,Customer_008163,Basic,2023-05-26,Active,customer8163@email.com
8164,Customer_008164,Standard,2021-05-16,Active,customer8164@email.com
8165,Customer_008165,Basic,2024-06-09,Inactive,customer8165@email.com
8166,Customer_008166,Standard,2023-10-19,Active,customer8166@email.com
8167,Customer_008167,Basic,2021-09-01,Inactive,customer8167@email.com
8168,Customer_008168,Basic,2023-01-20,Inactive,customer8168@email.com
8169,Customer_008169,Standard,2024-05-16,Active,customer8169@email.com
8170,Customer_008170,Basic,2024-09-18,Active,customer8170@email.com
8171,Customer_008171,Premium,2023-03-17,Active,customer8171@email.com
8172,Customer_008172,Basic,2022-03-03,Inactive,customer8172@email.com
8173,Customer_008173,Standard,2021-07-01,Active,customer8173@email.com
8174,Customer_008174,Standard,2024-12-15,Active,customer8174@email.com
8175,Customer_008175,Basic,2022-04-10,Active,customer8175@email.com
8176,Customer_008176,Premium,2023-02-09,Active,customer8176@email.com
8177,Customer_008177,Premium,2021-05-22,Inactive,customer8177@email.com
8178,Customer_008178,Basic,2022-06-05,Inactive,customer8178@email.com
8179,Customer_008179,Premium,2023-03-08,Active,customer8179@email.com
8180,Customer_008180,Standard,2022-03-01,Inactive,customer8180@email.com
8181,Customer_008181,Standard,2023-08-23,Active,customer8181@email.com
8182,Customer_008182,Basic,2021-09-08,Active,customer8182@email.com
8183,Customer_008183,Premium,2023-01-01,Active,customer8183@email.com
8184,Customer_008184,Basic,2024-07-08,Active,customer8184@email.com
8185,Customer_008185,Standard,2024-06-02,Active,customer8185@email.com
8186,Customer_008186,Basic,2021-01-07,Inactive,customer8186@email.com
8187,Customer_008187,Standard,2021-12-06,Active,customer8187@email.com
8188,Customer_008188,Premium,2023-04-09,Active,customer8188@email.com
8189,Customer_008189,Standard,2022-08-11,Active,customer8189@email.com
8190,Customer_008190,Basic,2022-09-07,Inactive,customer8190@email.com
8191,Customer_008191,Premium,2023-03-03,Active,customer8191@email.com
8192,Customer_008192,Basic,2024-04-24,Active,customer8192@email.com
8193,Customer_008193,Basic,2024-11-22,Active,customer8193@email.com
8194,Customer_008194,Premium,2021-02-22,Active,customer8194@email.com
8195,Customer_008195,Standard,2021-09-14,Active,customer8195@email.com
8196,Customer_008196,Standard,2024-07-28,Active,customer8196@email.com
8197,Customer_008197,Basic,2021-02-28,Active,customer8197@email.com
8198,Customer_008198,Standard,2024-07-23,Active,customer8198@email.com
8199,Customer_008199,Standard,2021-03-02,Inactive,customer8199@email.com
8200,Customer_008200,Premium,2023-02-27,Inactive,customer8200@email.com
8201,Customer_008201,Basic,2024-02-17,Inactive,customer8201@email.com
8202,Customer_008202,Standard,2023-07-16,Active,customer8202@email.com
8203,Customer_008203,Basic,2023-02-13,Inactive,customer8203@email.com
8204,,Standard,2021-06-09,Active,
8205,Customer_008205,Standard,2023-03-19,Inactive,customer8205@email.com
8206,Customer_008206,Standard,2021-03-07,Active,customer8206@email.com
8207,Customer_008207,Basic,2021-09-20,Inactive,customer8207@email.com
8208,Customer_008208,Basic,2022-03-27,Active,customer8208@email.com
8209,Customer_008209,Basic,2021-03-23,Active,customer8209@email.com
8210,Customer_008210,Basic,2023-06-16,Active,customer8210@email.com
8211,Customer_008211,Basic,2023-05-13,Active,customer8211@email.com
8212,Customer_008212,Standard,2021-02-03,Active,customer8212@email.com
8213,Customer_008213,Basic,2024-06-12,Inactive,customer8213@email.com
8214,Customer_008214,Standard,2022-09-16,Active,customer8214@email.com
8215,Customer_008215,Standard,2022-07-16,Active,customer8215@email.com
8216,Customer_008216,Standard,2022-03-09,Active,customer8216@email.com
8217,Customer_008217,Basic,2021-05-09,Active,customer8217@email.com
8218,Customer_008218,Standard,2023-01-09,Active,customer8218@email.com
8219,Customer_008219,Basic,2023-02-11,Inactive,customer8219@email.com
8220,Customer_008220,Basic,2023-02-25,Active,customer8220@email.com
8221,Customer_008221,Standard,2023-02-17,Active,customer8221@email.com
8222,Customer_008222,Standard,2023-01-01,Active,customer8222@email.com
8223,Customer_008223,Premium,2024-06-08,Inactive,customer8223@email.com
8224,Customer_008224,Basic,2021-11-20,Inactive,customer8224@email.com
8225,Customer_008225,Basic,2023-06-18,Active,customer8225@email.com
8226,Customer_008226,Basic,2021-07-09,Active,customer8226@email.com
8227,Customer_008227,Premium,2022-03-20,Active,customer8227@email.com
8228,Customer_008228,Premium,2024-01-27,Inactive,customer8228@email.com
8229,Customer_008229,Basic,2022-11-17,Inactive,customer8229@email.com
8230,Customer_008230,Standard,2022-03-03,Active,customer8230@email.com
8231,Customer_008231,Premium,2022-07-10,Active,customer8231@email.com
8232,Customer_008232,Standard,2022-06-08,Active,customer8232@email.com
8233,Customer_008233,Standard,2021-10-16,Active,customer8233@email.com
8234,Customer_008234,Standard,2022-04-14,Active,customer8234@email.com
8235,Customer_008235,Basic,2022-05-09,Active,customer8235@email.com
8236,Customer_008236,Standard,2023-01-10,Active,customer8236@email.com
8237,Customer_008237,Standard,2024-11-25,Active,customer8237@email.com
8238,Customer_008238,Basic,2022-08-22,Active,customer8238@email.com
8239,Customer_008239,Premium,2023-01-03,Active,customer8239@email.com
8240,Customer_008240,Standard,2024-04-19,Active,customer8240@email.com
8241,Customer_008241,Standard,2024-04-22,Inactive,customer8241@email.com
8242,Customer_008242,,2021-10-02,Active,customer8242@email.com
8243,Customer_008243,Standard,2021-01-29,Active,customer8243@email.com
8244,Customer_008244,Basic,2023-06-22,Active,customer8244@email.com
8245,Customer_008245,Basic,2021-07-14,Active,customer8245@email.com
8246,Customer_008246,Premium,2023-12-19,Active,customer8246@email.com
8247,Customer_008247,Standard,2021-05-03,Active,customer8247@email.com
8248,Customer_008248,Premium,2023-09-11,Active,customer8248@email.com
8249,Customer_008249,Standard,2022-02-27,Active,customer8249@email.com
8250,Customer_008250,Standard,2021-05-13,Inactive,customer8250@email.com
8251,Customer_008251,Standard,2024-01-01,Active,customer8251@email.com
8252,Customer_008252,Basic,2021-01-31,Active,customer8252@email.com
8253,Customer_008253,Standard,2024-01-29,Active,customer8253@email.com
8254,Customer_008254,Basic,2024-10-07,Active,customer8254@email.com
8255,Customer_008255,Standard,2023-05-17,Active,customer8255@email.com
8256,Customer_008256,Basic,2023-07-20,Active,customer8256@email.com
8257,Customer_008257,,2024-01-28,Active,customer8257@email.com
8258,Customer_008258,Basic,2023-05-27,Active,customer8258@email.com
8259,Customer_008259,Standard,2022-05-16,Inactive,customer8259@email.com
8260,Customer_008260,Basic,2023-02-02,Active,customer8260@email.com
8261,,Standard,2022-02-06,Inactive,
8262,Customer_008262,Basic,2022-01-14,Active,customer8262@email.com
8263,Customer_008263,Basic,2023-10-26,Active,customer8263@email.com
8264,Customer_008264,Standard,2024-08-18,Active,customer8264@email.com
8265,,Premium,2024-11-25,Inactive,
8266,Customer_008266,Basic,2021-10-10,Active,customer8266@email.com
8267,Customer_008267,Standard,2021-07-16,Active,customer8267@email.com
8268,Customer_008268,Standard,2023-04-07,Active,customer8268@email.com
8269,Customer_008269,Basic,2022-10-08,Active,customer8269@email.com
8270,Customer_008270,Basic,2024-04-20,Inactive,customer8270@email.com
8271,Customer_008271,Premium,2023-04-03,Active,customer8271@email.com
8272,Customer_008272,Basic,2023-11-30,Active,customer8272@email.com
8273,Customer_008273,Basic,2021-10-07,Active,customer8273@email.com
8274,Customer_008274,Basic,2022-10-17,Active,customer8274@email.com
8275,Customer_008275,Standard,2021-09-25,Active,customer8275@email.com
8276,Customer_008276,Standard,2023-02-02,Active,customer8276@email.com
8277,Customer_008277,Standard,2021-07-15,Inactive,customer8277@email.com
8278,Customer_008278,Basic,2021-04-05,Active,customer8278@email.com
8279,Customer_008279,Basic,2022-03-02,Active,customer8279@email.com
8280,Customer_008280,Basic,2022-04-03,Active,customer8280@email.com
8281,Customer_008281,Premium,2024-08-07,Active,customer8281@email.com
8282,Customer_008282,Basic,2023-02-15,Active,customer8282@email.com
8283,Customer_008283,Basic,2022-03-16,Inactive,customer8283@email.com
8284,Customer_008284,Basic,2022-06-05,Active,customer8284@email.com
8285,Customer_008285,Basic,2024-10-23,Active,customer8285@email.com
8286,Customer_008286,Standard,2022-09-16,Active,customer8286@email.com
8287,Customer_008287,Basic,2022-09-03,Inactive,customer8287@email.com
8288,Customer_008288,Premium,2021-01-11,Inactive,customer8288@email.com
8289,Customer_008289,Basic,2023-05-31,Inactive,customer8289@email.com
8290,Customer_008290,Premium,2021-04-22,Active,customer8290@email.com
8291,Customer_008291,Basic,2023-01-01,Active,customer8291@email.com
8292,Customer_008292,Basic,2024-07-27,Inactive,customer8292@email.com
8293,Customer_008293,Standard,2022-05-12,Inactive,customer8293@email.com
8294,Customer_008294,Standard,2024-07-28,Active,customer8294@email.com
8295,Customer_008295,Premium,2023-08-25,Active,customer8295@email.com
8296,Customer_008296,Standard,2021-07-08,Inactive,customer8296@email.com
8297,Customer_008297,Basic,2023-02-25,Active,customer8297@email.com
8298,Customer_008298,Basic,2022-11-12,Active,customer8298@email.com
8299,Customer_008299,Standard,2023-09-27,Active,customer8299@email.com
8300,Customer_008300,Basic,2021-11-19,Inactive,customer8300@email.com
8301,Customer_008301,Standard,2024-08-02,Active,customer8301@email.com
8302,Customer_008302,Basic,2023-05-04,Inactive,customer8302@email.com
8303,Customer_008303,Standard,2023-08-27,Active,customer8303@email.com
8304,Customer_008304,Basic,2022-05-26,Inactive,customer8304@email.com
8305,Customer_008305,Standard,2023-01-30,Active,customer8305@email.com
8306,Customer_008306,Standard,2022-07-09,Active,customer8306@email.com
8307,Customer_008307,Standard,2022-10-13,Active,customer8307@email.com
8308,Customer_008308,Basic,2024-02-24,Active,customer8308@email.com
8309,Customer_008309,Standard,2023-04-16,Active,customer8309@email.com
8310,Customer_008310,Premium,2024-03-26,Inactive,customer8310@email.com
8311,Customer_008311,Basic,2022-05-27,Inactive,customer8311@email.com
8312,Customer_008312,Standard,2024-12-19,Inactive,customer8312@email.com
8313,Customer_008313,Standard,2024-04-28,Active,customer8313@email.com
8314,Customer_008314,Standard,2023-08-31,Active,customer8314@email.com
8315,Customer_008315,Basic,2024-08-13,Active,customer8315@email.com
8316,Customer_008316,Premium,2022-02-07,Active,customer8316@email.com
8317,Customer_008317,Standard,2022-04-05,Active,customer8317@email.com
8318,Customer_008318,Standard,2024-09-12,Active,customer8318@email.com
8319,Customer_008319,Basic,2023-10-22,Active,customer8319@email.com
8320,Customer_008320,Standard,2024-03-29,Inactive,customer8320@email.com
8321,Customer_008321,Basic,2023-03-17,Active,customer8321@email.com
8322,Customer_008322,Basic,2024-03-04,Active,customer8322@email.com
8323,Customer_008323,Standard,2024-06-15,Inactive,customer8323@email.com
8324,Customer_008324,Basic,2024-01-24,Active,customer8324@email.com
8325,Customer_008325,Premium,2021-07-16,Active,customer8325@email.com
8326,Customer_008326,Premium,2023-10-22,Active,customer8326@email.com
8327,Customer_008327,Standard,2023-11-22,Inactive,customer8327@email.com
8328,Customer_008328,Basic,2021-07-01,Active,customer8328@email.com
8329,Customer_008329,Basic,2022-03-03,Active,customer8329@email.com
8330,Customer_008330,Standard,2023-08-24,Active,customer8330@email.com
8331,Customer_008331,Basic,2021-01-09,Active,customer8331@email.com
8332,Customer_008332,Basic,2024-06-10,Active,customer8332@email.com
8333,Customer_008333,Standard,2024-02-09,Active,customer8333@email.com
8334,Customer_008334,Basic,2021-10-14,Inactive,customer8334@email.com
8335,Customer_008335,Basic,2022-03-02,Active,customer8335@email.com
8336,Customer_008336,Basic,2022-08-08,Active,customer8336@email.com
8337,Customer_008337,Basic,2022-09-02,Inactive,customer8337@email.com
8338,Customer_008338,Basic,2022-01-12,Active,customer8338@email.com
8339,Customer_008339,Basic,2021-10-23,Active,customer8339@email.com
8340,Customer_008340,Premium,2024-07-20,Active,customer8340@email.com
8341,Customer_008341,Basic,2022-08-31,Active,customer8341@email.com
8342,Customer_008342,Premium,2022-01-27,Inactive,customer8342@email.com
8343,Customer_008343,Standard,2024-04-13,Active,customer8343@email.com
8344,,Standard,2022-09-08,Active,
8345,Customer_008345,Basic,2024-03-18,Active,customer8345@email.com
8346,Customer_008346,Basic,2021-06-13,Active,customer8346@email.com
8347,Customer_008347,Basic,2024-08-07,Active,customer8347@email.com
8348,Customer_008348,Basic,2022-08-22,Inactive,customer8348@email.com
8349,Customer_008349,Basic,2023-04-20,Active,customer8349@email.com
8350,Customer_008350,Basic,2023-04-24,Active,customer8350@email.com
8351,Customer_008351,Basic,2022-03-24,Active,customer8351@email.com
8352,Customer_008352,Premium,2021-03-09,Active,customer8352@email.com
8353,Customer_008353,Basic,2021-12-14,Active,customer8353@email.com
8354,Customer_008354,Basic,2021-02-26,Inactive,customer8354@email.com
8355,Customer_008355,Basic,2022-05-21,Active,customer8355@email.com
8356,Customer_008356,Basic,2024-04-13,Active,customer8356@email.com
8357,Customer_008357,Standard,2022-02-03,Inactive,customer8357@email.com
8358,Customer_008358,Basic,2022-07-11,Inactive,customer8358@email.com
8359,Customer_008359,Standard,2023-05-09,Active,customer8359@email.com
8360,Customer_008360,Standard,2022-02-25,Active,customer8360@email.com
8361,Customer_008361,Standard,2021-07-25,Active,customer8361@email.com
8362,Customer_008362,Basic,2024-01-23,Inactive,customer8362@email.com
8363,Customer_008363,Basic,2021-05-08,Inactive,customer8363@email.com
8364,Customer_008364,Premium,2023-10-08,Active,customer8364@email.com
8365,Customer_008365,Basic,2022-05-30,Active,customer8365@email.com
8366,,Basic,2023-04-01,Active,
8367,Customer_008367,Standard,2024-09-02,Active,customer8367@email.com
8368,Customer_008368,Basic,2021-06-20,Inactive,customer8368@email.com
8369,Customer_008369,Basic,2022-10-01,Active,customer8369@email.com
8370,Customer_008370,Basic,2021-03-21,Active,customer8370@email.com
8371,Customer_008371,Basic,2023-05-05,Inactive,customer8371@email.com
8372,Customer_008372,Basic,2023-04-08,Inactive,customer8372@email.com
8373,Customer_008373,Standard,2021-05-29,Active,customer8373@email.com
8374,Customer_008374,Basic,2022-05-20,Active,customer8374@email.com
8375,Customer_008375,Basic,2022-02-15,Active,customer8375@email.com
8376,Customer_008376,Basic,2022-11-06,Active,customer8376@email.com
8377,Customer_008377,Standard,2021-11-16,Active,customer8377@email.com
8378,Customer_008378,Basic,2022-02-09,Active,customer8378@email.com
8379,Customer_008379,Standard,2023-09-07,Inactive,customer8379@email.com
8380,Customer_008380,Basic,2023-09-22,Active,customer8380@email.com
8381,Customer_008381,Premium,2021-07-24,Inactive,customer8381@email.com
8382,Customer_008382,Standard,2021-05-01,Active,customer8382@email.com
8383,Customer_008383,Basic,2021-07-22,Active,customer8383@email.com
8384,Customer_008384,Basic,2023-10-12,Active,customer8384@email.com
8385,Customer_008385,Basic,2024-12-15,Active,customer8385@email.com
8386,Customer_008386,Basic,2021-02-03,Inactive,customer8386@email.com
8387,Customer_008387,,2023-08-09,Inactive,customer8387@email.com
8388,Customer_008388,Basic,2023-12-03,Active,customer8388@email.com
8389,Customer_008389,Basic,2022-08-16,Inactive,customer8389@email.com
8390,Customer_008390,Standard,2023-12-29,Active,customer8390@email.com
8391,Customer_008391,Standard,2022-10-12,Active,customer8391@email.com
8392,Customer_008392,Premium,2024-11-28,Active,customer8392@email.com
8393,Customer_008393,Standard,2022-03-13,Active,customer8393@email.com
8394,Customer_008394,Standard,2023-11-11,Active,customer8394@email.com
8395,Customer_008395,Basic,2023-05-28,Inactive,customer8395@email.com
8396,Customer_008396,Basic,2024-02-09,Active,customer8396@email.com
8397,Customer_008397,Basic,2024-07-28,Inactive,customer8397@email.com
8398,Customer_008398,Standard,2021-08-16,Active,customer8398@email.com
8399,Customer_008399,Premium,2024-03-28,Active,customer8399@email.com
8400,Customer_008400,Premium,2024-08-06,Inactive,customer8400@email.com
8401,Customer_008401,Basic,2021-04-09,Inactive,customer8401@email.com
8402,Customer_008402,Basic,2022-11-19,Inactive,customer8402@email.com
8403,Customer_008403,Basic,2024-05-07,Inactive,customer8403@email.com
8404,Customer_008404,Standard,2022-01-15,Inactive,customer8404@email.com
8405,Customer_008405,Basic,2022-06-03,Active,customer8405@email.com
8406,Customer_008406,Basic,2022-10-24,Inactive,customer8406@email.com
8407,Customer_008407,,2022-10-01,Active,customer8407@email.com
8408,Customer_008408,Basic,2024-07-20,Active,customer8408@email.com
8409,Customer_008409,Standard,2021-05-14,Active,customer8409@email.com
8410,Customer_008410,Basic,2024-01-17,Inactive,customer8410@email.com
8411,Customer_008411,Standard,2023-12-03,Active,customer8411@email.com
8412,Customer_008412,Standard,2023-05-23,Active,customer8412@email.com
8413,Customer_008413,Basic,2024-03-13,Active,customer8413@email.com
8414,Customer_008414,Basic,2021-04-30,Active,customer8414@email.com
8415,Customer_008415,Premium,2024-07-11,Active,customer8415@email.com
8416,Customer_008416,Basic,2023-07-14,Active,customer8416@email.com
8417,Customer_008417,Basic,2023-04-04,Inactive,customer8417@email.com
8418,Customer_008418,Basic,2023-10-31,Active,customer8418@email.com
8419,Customer_008419,Basic,2022-01-13,Inactive,customer8419@email.com
8420,Customer_008420,Premium,2023-07-23,Inactive,customer8420@email.com
8421,Customer_008421,Basic,2024-08-31,Inactive,customer8421@email.com
8422,Customer_008422,,2022-06-15,Inactive,customer8422@email.com
8423,Customer_008423,Basic,2021-02-16,Inactive,customer8423@email.com
8424,Customer_008424,Basic,2024-09-01,Inactive,customer8424@email.com
8425,,Standard,2022-04-01,Active,
8426,Customer_008426,Basic,2023-11-09,Active,customer8426@email.com
8427,Customer_008427,Basic,2022-01-04,Inactive,customer8427@email.com
8428,Customer_008428,Basic,2023-11-15,Inactive,customer8428@email.com
8429,,Basic,2021-01-11,Active,
8430,Customer_008430,Basic,2023-04-24,Active,customer8430@email.com
8431,Customer_008431,Standard,2024-10-08,Active,customer8431@email.com
8432,Customer_008432,Standard,2021-07-25,Active,customer8432@email.com
8433,Customer_008433,Standard,2021-01-16,Active,customer8433@email.com
8434,Customer_008434,Basic,2023-10-25,Active,customer8434@email.com
8435,Customer_008435,Standard,2024-09-12,Active,customer8435@email.com
8436,Customer_008436,Basic,2024-02-05,Inactive,customer8436@email.com
8437,Customer_008437,Premium,2021-11-14,Inactive,customer8437@email.com
8438,Customer_008438,Basic,2023-08-23,Active,customer8438@email.com
8439,Customer_008439,Premium,2022-01-30,Active,customer8439@email.com
8440,Customer_008440,,2024-05-04,Active,customer8440@email.com
8441,Customer_008441,Basic,2021-07-08,Inactive,customer8441@email.com
8442,Customer_008442,Basic,2022-07-03,Active,customer8442@email.com
8443,Customer_008443,Basic,2022-04-13,Active,customer8443@email.com
8444,Customer_008444,Basic,2024-12-13,Active,customer8444@email.com
8445,Customer_008445,Standard,2024-09-28,Active,customer8445@email.com
8446,Customer_008446,Basic,2022-10-06,Active,customer8446@email.com
8447,Customer_008447,Premium,2023-06-27,Active,customer8447@email.com
8448,Customer_008448,Basic,2024-08-10,Inactive,customer8448@email.com
8449,Customer_008449,Premium,2021-01-16,Active,customer8449@email.com
8450,Customer_008450,Basic,2021-08-29,Inactive,customer8450@email.com
8451,Customer_008451,Standard,2023-01-07,Active,customer8451@email.com
8452,Customer_008452,Standard,2021-03-25,Active,customer8452@email.com
8453,Customer_008453,Basic,2022-05-08,Inactive,customer8453@email.com
8454,Customer_008454,Standard,2021-02-05,Active,customer8454@email.com
8455,Customer_008455,Basic,2022-09-07,Active,customer8455@email.com
8456,Customer_008456,Basic,2024-12-29,Inactive,customer8456@email.com
8457,Customer_008457,Basic,2021-06-08,Active,customer8457@email.com
8458,Customer_008458,Premium,2021-09-16,Active,customer8458@email.com
8459,Customer_008459,Standard,2021-07-15,Active,customer8459@email.com
8460,Customer_008460,Basic,2023-08-20,Inactive,customer8460@email.com
8461,Customer_008461,Basic,2022-08-13,Active,customer8461@email.com
8462,Customer_008462,Basic,2024-02-02,Inactive,customer8462@email.com
8463,Customer_008463,Standard,2023-11-11,Inactive,customer8463@email.com
8464,Customer_008464,Standard,2022-04-03,Active,customer8464@email.com
8465,Customer_008465,Premium,2022-12-07,Active,customer8465@email.com
8466,Customer_008466,Basic,2024-08-08,Active,customer8466@email.com
8467,Customer_008467,Standard,2022-04-11,Active,customer8467@email.com
8468,Customer_008468,Standard,2021-08-25,Active,customer8468@email.com
8469,Customer_008469,Standard,2024-09-15,Active,customer8469@email.com
8470,Customer_008470,Basic,2023-06-30,Active,customer8470@email.com
8471,Customer_008471,Basic,2022-05-06,Active,customer8471@email.com
8472,,Standard,2024-03-25,Active,
8473,Customer_008473,Standard,2024-02-06,Active,customer8473@email.com
8474,Customer_008474,Basic,2023-10-07,Inactive,customer8474@email.com
8475,Customer_008475,Premium,2022-09-19,Active,customer8475@email.com
8476,Customer_008476,Basic,2022-07-24,Active,customer8476@email.com
8477,Customer_008477,Basic,2021-01-02,Inactive,customer8477@email.com
8478,Customer_008478,Basic,2023-05-31,Active,customer8478@email.com
8479,Customer_008479,Standard,2022-09-03,Active,customer8479@email.com
8480,Customer_008480,Basic,2024-05-29,Inactive,customer8480@email.com
8481,Customer_008481,Basic,2023-02-12,Inactive,customer8481@email.com
8482,Customer_008482,Basic,2022-11-11,Inactive,customer8482@email.com
8483,Customer_008483,Basic,2023-07-16,Inactive,customer8483@email.com
8484,Customer_008484,Basic,2021-03-30,Active,customer8484@email.com
8485,Customer_008485,Basic,2023-06-29,Active,customer8485@email.com
8486,Customer_008486,Standard,2023-05-07,Inactive,customer8486@email.com
8487,Customer_008487,Basic,2024-04-18,Inactive,customer8487@email.com
8488,Customer_008488,Standard,2023-01-03,Active,customer8488@email.com
8489,Customer_008489,Standard,2022-07-29,Inactive,customer8489@email.com
8490,Customer_008490,Premium,2024-06-15,Active,customer8490@email.com
8491,Customer_008491,Basic,2023-03-26,Active,customer8491@email.com
8492,Customer_008492,Basic,2023-10-19,Inactive,customer8492@email.com
8493,Customer_008493,Standard,2021-01-19,Active,customer8493@email.com
8494,Customer_008494,Standard,2022-05-08,Active,customer8494@email.com
8495,Customer_008495,Basic,2021-12-23,Inactive,customer8495@email.com
8496,Customer_008496,Premium,2021-03-07,Active,customer8496@email.com
8497,Customer_008497,Basic,2021-09-16,Active,customer8497@email.com
8498,Customer_008498,Standard,2022-12-02,Active,customer8498@email.com
8499,Customer_008499,Basic,2024-05-14,Inactive,customer8499@email.com
8500,Customer_008500,Basic,2022-10-08,Active,customer8500@email.com
8501,Customer_008501,Basic,2024-04-12,Inactive,customer8501@email.com
8502,Customer_008502,Basic,2023-10-19,Active,customer8502@email.com
8503,Customer_008503,Basic,2021-11-29,Inactive,customer8503@email.com
8504,Customer_008504,Standard,2021-05-06,Active,customer8504@email.com
8505,Customer_008505,Basic,2022-03-30,Inactive,customer8505@email.com
8506,Customer_008506,Basic,2022-11-24,Inactive,customer8506@email.com
8507,Customer_008507,Basic,2022-01-07,Active,customer8507@email.com
8508,Customer_008508,Standard,2022-10-22,Inactive,customer8508@email.com
8509,Customer_008509,Standard,2021-10-13,Active,customer8509@email.com
8510,Customer_008510,Basic,2022-07-27,Inactive,customer8510@email.com
8511,Customer_008511,Standard,2024-05-24,Active,customer8511@email.com
8512,Customer_008512,Standard,2024-11-14,Active,customer8512@email.com
8513,Customer_008513,Basic,2021-11-20,Active,customer8513@email.com
8514,Customer_008514,Basic,2021-11-18,Inactive,customer8514@email.com
8515,Customer_008515,Basic,2021-02-24,Active,customer8515@email.com
8516,Customer_008516,Basic,2024-01-15,Active,customer8516@email.com
8517,Customer_008517,Standard,2021-09-02,Inactive,customer8517@email.com
8518,Customer_008518,Standard,2021-12-27,Inactive,customer8518@email.com
8519,Customer_008519,Premium,2022-03-06,Active,customer8519@email.com
8520,Customer_008520,Basic,2021-01-11,Active,customer8520@email.com
8521,Customer_008521,Basic,2022-12-28,Active,customer8521@email.com
8522,Customer_008522,Standard,2021-09-06,Active,customer8522@email.com
8523,Customer_008523,Premium,2023-10-22,Active,customer8523@email.com
8524,,Basic,2023-01-04,Inactive,
8525,Customer_008525,Basic,2023-05-07,Active,customer8525@email.com
8526,Customer_008526,Basic,2021-08-06,Active,customer8526@email.com
8527,Customer_008527,Standard,2022-03-10,Active,customer8527@email.com
8528,Customer_008528,Basic,2024-05-22,Active,customer8528@email.com
8529,Customer_008529,Standard,2021-01-05,Inactive,customer8529@email.com
8530,Customer_008530,Basic,2024-12-22,Active,customer8530@email.com
8531,Customer_008531,Standard,2021-07-23,Active,customer8531@email.com
8532,Customer_008532,Basic,2022-11-29,Active,customer8532@email.com
8533,Customer_008533,Basic,2022-07-30,Active,customer8533@email.com
8534,Customer_008534,Basic,2023-01-25,Inactive,customer8534@email.com
8535,Customer_008535,Basic,2021-01-06,Inactive,customer8535@email.com
8536,Customer_008536,Standard,2024-06-27,Active,customer8536@email.com
8537,Customer_008537,Basic,2021-01-01,Active,customer8537@email.com
8538,Customer_008538,Basic,2022-03-21,Active,customer8538@email.com
8539,Customer_008539,Premium,2023-02-28,Active,customer8539@email.com
8540,Customer_008540,Basic,2023-12-31,Inactive,customer8540@email.com
8541,Customer_008541,Standard,2023-02-11,Active,customer8541@email.com
8542,Customer_008542,Premium,2022-05-17,Inactive,customer8542@email.com
8543,Customer_008543,Basic,2021-08-31,Inactive,customer8543@email.com
8544,Customer_008544,Basic,2022-12-24,Active,customer8544@email.com
8545,Customer_008545,Basic,2021-08-02,Inactive,customer8545@email.com
8546,Customer_008546,Premium,2023-10-19,Active,customer8546@email.com
8547,Customer_008547,Basic,2023-05-27,Active,customer8547@email.com
8548,Customer_008548,Basic,2024-09-11,Inactive,customer8548@email.com
8549,Customer_008549,Basic,2023-05-07,Active,customer8549@email.com
8550,Customer_008550,Standard,2024-03-24,Active,customer8550@email.com
8551,Customer_008551,Basic,2024-12-05,Inactive,customer8551@email.com
8552,Customer_008552,Basic,2021-04-23,Active,customer8552@email.com
8553,Customer_008553,Premium,2024-07-03,Active,customer8553@email.com
8554,Customer_008554,Basic,2021-05-22,Inactive,customer8554@email.com
8555,Customer_008555,Basic,2024-07-06,Inactive,customer8555@email.com
8556,Customer_008556,Basic,2021-02-19,Active,customer8556@email.com
8557,Customer_008557,Standard,2024-07-19,Inactive,customer8557@email.com
8558,Customer_008558,Basic,2021-10-05,Active,customer8558@email.com
8559,Customer_008559,Premium,2021-09-10,Active,customer8559@email.com
8560,Customer_008560,Basic,2021-05-27,Active,customer8560@email.com
8561,Customer_008561,Standard,2024-07-26,Active,customer8561@email.com
8562,Customer_008562,Standard,2023-11-16,Inactive,customer8562@email.com
8563,Customer_008563,Standard,2023-10-17,Active,customer8563@email.com
8564,Customer_008564,Premium,2021-11-08,Active,customer8564@email.com
8565,Customer_008565,Standard,2021-03-24,Inactive,customer8565@email.com
8566,Customer_008566,Basic,2023-07-18,Active,customer8566@email.com
8567,Customer_008567,Basic,2022-05-19,Active,customer8567@email.com
8568,Customer_008568,Basic,2024-11-28,Inactive,customer8568@email.com
8569,Customer_008569,Basic,2024-11-29,Inactive,customer8569@email.com
8570,Customer_008570,Basic,2023-06-15,Inactive,customer8570@email.com
8571,Customer_008571,Basic,2023-10-26,Inactive,customer8571@email.com
8572,Customer_008572,Basic,2022-03-04,Active,customer8572@email.com
8573,Customer_008573,Basic,2024-01-02,Inactive,customer8573@email.com
8574,Customer_008574,Basic,2024-09-11,Active,customer8574@email.com
8575,Customer_008575,Standard,2023-10-15,Active,customer8575@email.com
8576,Customer_008576,Basic,2022-11-30,Active,customer8576@email.com
8577,Customer_008577,Basic,2021-10-13,Active,customer8577@email.com
8578,Customer_008578,Basic,2022-07-17,Active,customer8578@email.com
8579,Customer_008579,Basic,2023-03-06,Active,customer8579@email.com
8580,Customer_008580,Basic,2023-05-27,Active,customer8580@email.com
8581,Customer_008581,Basic,2023-07-01,Active,customer8581@email.com
8582,Customer_008582,Basic,2023-01-26,Inactive,customer8582@email.com
8583,Customer_008583,Basic,2022-01-10,Inactive,customer8583@email.com
8584,Customer_008584,Basic,2022-12-09,Inactive,customer8584@email.com
8585,Customer_008585,Basic,2022-05-25,Active,customer8585@email.com
8586,Customer_008586,Standard,2024-10-09,Active,customer8586@email.com
8587,Customer_008587,Premium,2023-03-02,Active,customer8587@email.com
8588,Customer_008588,Premium,2022-06-17,Active,customer8588@email.com
8589,Customer_008589,Standard,2024-04-20,Active,customer8589@email.com
8590,Customer_008590,Basic,2024-03-29,Inactive,customer8590@email.com
8591,Customer_008591,Basic,2021-09-04,Active,customer8591@email.com
8592,Customer_008592,Standard,2021-10-10,Active,customer8592@email.com
8593,Customer_008593,Standard,2024-03-30,Active,customer8593@email.com
8594,Customer_008594,Standard,2022-11-01,Inactive,customer8594@email.com
8595,Customer_008595,Premium,2021-08-13,Active,customer8595@email.com
8596,Customer_008596,Standard,2023-05-14,Active,customer8596@email.com
8597,Customer_008597,Standard,2023-05-06,Active,customer8597@email.com
8598,Customer_008598,Premium,2022-04-19,Active,customer8598@email.com
8599,Customer_008599,Premium,2024-06-11,Active,customer8599@email.com
8600,Customer_008600,Premium,2022-06-12,Active,customer8600@email.com
8601,Customer_008601,Basic,2021-10-11,Inactive,customer8601@email.com
8602,Customer_008602,Standard,2022-09-09,Active,customer8602@email.com
8603,Customer_008603,Premium,2023-01-31,Active,customer8603@email.com
8604,Customer_008604,Basic,2022-02-06,Active,customer8604@email.com
8605,Customer_008605,Basic,2024-02-01,Inactive,customer8605@email.com
8606,Customer_008606,Basic,2024-12-03,Active,customer8606@email.com
8607,Customer_008607,Basic,2022-08-11,Active,customer8607@email.com
8608,Customer_008608,Basic,2024-03-07,Active,customer8608@email.com
8609,Customer_008609,Premium,2023-02-05,Inactive,customer8609@email.com
8610,Customer_008610,Basic,2024-11-30,Active,customer8610@email.com
8611,Customer_008611,Premium,2022-02-21,Active,customer8611@email.com
8612,Customer_008612,Basic,2021-10-02,Active,customer8612@email.com
8613,Customer_008613,Basic,2024-10-25,Active,customer8613@email.com
8614,Customer_008614,Basic,2021-10-22,Inactive,customer8614@email.com
8615,Customer_008615,Basic,2024-08-14,Active,customer8615@email.com
8616,Customer_008616,Basic,2021-04-25,Active,customer8616@email.com
8617,Customer_008617,Basic,2022-07-07,Inactive,customer8617@email.com
8618,Customer_008618,Basic,2023-03-20,Inactive,customer8618@email.com
8619,,Standard,2023-07-01,Active,
8620,Customer_008620,Basic,2024-07-14,Inactive,customer8620@email.com
8621,Customer_008621,,2023-12-02,Active,customer8621@email.com
8622,Customer_008622,Standard,2021-05-18,Active,customer8622@email.com
8623,Customer_008623,Basic,2021-11-07,Active,customer8623@email.com
8624,Customer_008624,Premium,2021-04-11,Active,customer8624@email.com
8625,Customer_008625,Basic,2023-11-27,Inactive,customer8625@email.com
8626,Customer_008626,Standard,2021-09-17,Active,customer8626@email.com
8627,Customer_008627,Standard,2024-01-18,Active,customer8627@email.com
8628,Customer_008628,Basic,2022-03-12,Inactive,customer8628@email.com
8629,Customer_008629,Premium,2024-03-26,Inactive,customer8629@email.com
8630,Customer_008630,Basic,2023-11-10,Inactive,customer8630@email.com
8631,Customer_008631,Basic,2024-01-12,Active,customer8631@email.com
8632,Customer_008632,Basic,2024-07-30,Active,customer8632@email.com
8633,Customer_008633,Basic,2021-01-18,Active,customer8633@email.com
8634,Customer_008634,Standard,2022-06-03,Active,customer8634@email.com
8635,Customer_008635,Standard,2023-06-10,Active,customer8635@email.com
8636,Customer_008636,Standard,2021-02-19,Inactive,customer8636@email.com
8637,Customer_008637,Basic,2023-05-09,Active,customer8637@email.com
8638,Customer_008638,Standard,2021-04-17,Active,customer8638@email.com
8639,Customer_008639,Basic,2022-06-20,Inactive,customer8639@email.com
8640,Customer_008640,Premium,2021-07-11,Active,customer8640@email.com
8641,Customer_008641,Standard,2023-02-06,Active,customer8641@email.com
8642,Customer_008642,Standard,2021-01-02,Inactive,customer8642@email.com
8643,Customer_008643,Standard,2022-08-21,Active,customer8643@email.com
8644,Customer_008644,Basic,2023-12-23,Active,customer8644@email.com
8645,Customer_008645,Basic,2024-08-08,Active,customer8645@email.com
8646,Customer_008646,Standard,2022-03-20,Inactive,customer8646@email.com
8647,Customer_008647,Standard,2024-03-27,Inactive,customer8647@email.com
8648,Customer_008648,Basic,2021-03-15,Active,customer8648@email.com
8649,Customer_008649,Basic,2021-05-06,Inactive,customer8649@email.com
8650,Customer_008650,Basic,2021-05-11,Inactive,customer8650@email.com
8651,Customer_008651,Standard,2023-11-09,Active,customer8651@email.com
8652,Customer_008652,Premium,2022-11-08,Active,customer8652@email.com
8653,Customer_008653,Basic,2021-07-31,Active,customer8653@email.com
8654,Customer_008654,Standard,2023-09-05,Inactive,customer8654@email.com
8655,Customer_008655,Premium,2023-11-02,Active,customer8655@email.com
8656,,Basic,2024-08-02,Active,
8657,Customer_008657,Basic,2023-11-24,Active,customer8657@email.com
8658,Customer_008658,Basic,2023-07-06,Inactive,customer8658@email.com
8659,Customer_008659,Standard,2023-07-13,Active,customer8659@email.com
8660,Customer_008660,Basic,2024-05-30,Active,customer8660@email.com
8661,Customer_008661,Standard,2024-09-07,Active,customer8661@email.com
8662,Customer_008662,Basic,2023-12-16,Active,customer8662@email.com
8663,Customer_008663,Basic,2022-02-23,Inactive,customer8663@email.com
8664,Customer_008664,Basic,2021-07-11,Active,customer8664@email.com
8665,Customer_008665,Basic,2023-03-09,Active,customer8665@email.com
8666,Customer_008666,Basic,2023-05-16,Active,customer8666@email.com
8667,Customer_008667,Standard,2023-08-21,Inactive,customer8667@email.com
8668,Customer_008668,Standard,2022-12-31,Inactive,customer8668@email.com
8669,Customer_008669,Premium,2022-02-18,Active,customer8669@email.com
8670,Customer_008670,Standard,2021-05-15,Active,customer8670@email.com
8671,Customer_008671,Basic,2022-10-20,Inactive,customer8671@email.com
8672,Customer_008672,Basic,2024-01-04,Active,customer8672@email.com
8673,Customer_008673,Standard,2023-01-01,Active,customer8673@email.com
8674,Customer_008674,Standard,2022-12-14,Active,customer8674@email.com
8675,Customer_008675,Basic,2021-11-04,Active,customer8675@email.com
8676,Customer_008676,Basic,2022-05-06,Inactive,customer8676@email.com
8677,Customer_008677,Basic,2024-04-30,Active,customer8677@email.com
8678,Customer_008678,Standard,2022-08-02,Active,customer8678@email.com
8679,Customer_008679,Standard,2021-10-18,Active,customer8679@email.com
8680,Customer_008680,Basic,2024-12-05,Active,customer8680@email.com
8681,Customer_008681,Basic,2021-05-17,Active,customer8681@email.com
8682,Customer_008682,Basic,2022-07-03,Active,customer8682@email.com
8683,Customer_008683,Basic,2023-09-21,Inactive,customer8683@email.com
8684,,Basic,2022-02-19,Inactive,
8685,Customer_008685,Basic,2022-11-30,Active,customer8685@email.com
8686,Customer_008686,Standard,2023-08-05,Active,customer8686@email.com
8687,Customer_008687,Premium,2023-05-31,Active,customer8687@email.com
8688,Customer_008688,Standard,2022-03-31,Inactive,customer8688@email.com
8689,Customer_008689,Standard,2023-01-30,Active,customer8689@email.com
8690,Customer_008690,Basic,2021-12-04,Active,customer8690@email.com
8691,Customer_008691,Basic,2023-01-30,Inactive,customer8691@email.com
8692,,Standard,2022-05-04,Active,
8693,Customer_008693,,2022-01-26,Inactive,customer8693@email.com
8694,Customer_008694,Basic,2024-03-01,Active,customer8694@email.com
8695,Customer_008695,Basic,2021-01-17,Active,customer8695@email.com
8696,Customer_008696,Basic,2022-04-04,Inactive,customer8696@email.com
8697,Customer_008697,Basic,2021-12-08,Inactive,customer8697@email.com
8698,Customer_008698,Standard,2023-08-19,Inactive,customer8698@email.com
8699,Customer_008699,Standard,2021-08-26,Active,customer8699@email.com
8700,Customer_008700,Standard,2022-08-23,Inactive,customer8700@email.com
8701,Customer_008701,Basic,2023-09-12,Inactive,customer8701@email.com
8702,,Premium,2022-02-11,Active,
8703,Customer_008703,Basic,2021-01-18,Inactive,customer8703@email.com
8704,Customer_008704,Standard,2021-05-30,Active,customer8704@email.com
8705,Customer_008705,Premium,2022-07-25,Active,customer8705@email.com
8706,Customer_008706,Standard,2022-08-18,Active,customer8706@email.com
8707,Customer_008707,Standard,2021-04-17,Active,customer8707@email.com
8708,Customer_008708,Premium,2024-11-17,Inactive,customer8708@email.com
8709,Customer_008709,Basic,2021-07-12,Active,customer8709@email.com
8710,Customer_008710,Basic,2024-12-28,Active,customer8710@email.com
8711,Customer_008711,Basic,2024-10-20,Active,customer8711@email.com
8712,Customer_008712,Standard,2021-08-10,Inactive,customer8712@email.com
8713,Customer_008713,Standard,2023-06-09,Active,customer8713@email.com
8714,Customer_008714,Premium,2023-07-22,Active,customer8714@email.com
8715,Customer_008715,Basic,2024-06-02,Active,customer8715@email.com
8716,Customer_008716,Basic,2022-04-26,Inactive,customer8716@email.com
8717,,Basic,2021-02-02,Active,
8718,Customer_008718,Premium,2021-11-08,Active,customer8718@email.com
8719,Customer_008719,Standard,2022-07-31,Active,customer8719@email.com
8720,Customer_008720,Standard,2023-02-17,Inactive,customer8720@email.com
8721,Customer_008721,Basic,2023-07-29,Inactive,customer8721@email.com
8722,Customer_008722,Basic,2022-01-09,Active,customer8722@email.com
8723,Customer_008723,Standard,2021-06-05,Active,customer8723@email.com
8724,Customer_008724,Premium,2024-07-01,Active,customer8724@email.com
8725,Customer_008725,Standard,2023-01-12,Active,customer8725@email.com
8726,Customer_008726,Basic,2022-05-14,Active,customer8726@email.com
8727,Customer_008727,Basic,2022-11-17,Active,customer8727@email.com
8728,Customer_008728,Standard,2021-08-23,Active,customer8728@email.com
8729,Customer_008729,Basic,2021-03-18,Active,customer8729@email.com
8730,Customer_008730,Premium,2021-05-22,Active,customer8730@email.com
8731,Customer_008731,Premium,2021-11-07,Active,customer8731@email.com
8732,Customer_008732,Basic,2021-03-08,Active,customer8732@email.com
8733,Customer_008733,Standard,2024-03-17,Active,customer8733@email.com
8734,Customer_008734,Standard,2023-08-18,Active,customer8734@email.com
8735,Customer_008735,Basic,2024-02-14,Active,customer8735@email.com
8736,Customer_008736,Basic,2022-10-15,Active,customer8736@email.com
8737,Customer_008737,Standard,2022-02-28,Active,customer8737@email.com
8738,Customer_008738,Standard,2024-05-14,Active,customer8738@email.com
8739,Customer_008739,Standard,2023-04-06,Inactive,customer8739@email.com
8740,Customer_008740,Basic,2022-06-01,Active,customer8740@email.com
8741,Customer_008741,Basic,2024-12-26,Inactive,customer8741@email.com
8742,Customer_008742,Basic,2024-07-21,Active,customer8742@email.com
8743,Customer_008743,Basic,2022-05-07,Active,customer8743@email.com
8744,Customer_008744,Standard,2022-03-02,Active,customer8744@email.com
8745,Customer_008745,Basic,2023-10-11,Inactive,customer8745@email.com
8746,Customer_008746,Basic,2023-04-15,Active,customer8746@email.com
8747,Customer_008747,Basic,2023-11-28,Active,customer8747@email.com
8748,Customer_008748,Standard,2022-11-14,Active,customer8748@email.com
8749,Customer_008749,Standard,2021-12-07,Active,customer8749@email.com
8750,Customer_008750,Standard,2021-09-21,Inactive,customer8750@email.com
8751,Customer_008751,Standard,2021-03-12,Active,customer8751@email.com
8752,Customer_008752,Basic,2024-09-09,Active,customer8752@email.com
8753,Customer_008753,Basic,2024-09-22,Inactive,customer8753@email.com
8754,Customer_008754,Basic,2023-02-12,Inactive,customer8754@email.com
8755,Customer_008755,Standard,2024-04-21,Inactive,customer8755@email.com
8756,Customer_008756,Premium,2022-07-28,Active,customer8756@email.com
8757,Customer_008757,Premium,2021-08-23,Active,customer8757@email.com
8758,Customer_008758,Basic,2021-04-27,Inactive,customer8758@email.com
8759,Customer_008759,Basic,2022-02-10,Active,customer8759@email.com
8760,Customer_008760,Basic,2023-05-12,Active,customer8760@email.com
8761,Customer_008761,Basic,2023-02-21,Active,customer8761@email.com
8762,Customer_008762,Standard,2022-02-16,Inactive,customer8762@email.com
8763,Customer_008763,Standard,2021-04-30,Active,customer8763@email.com
8764,Customer_008764,Basic,2021-04-18,Inactive,customer8764@email.com
8765,Customer_008765,Basic,2022-04-26,Active,customer8765@email.com
8766,Customer_008766,Basic,2021-08-22,Active,customer8766@email.com
8767,Customer_008767,Standard,2022-09-27,Inactive,customer8767@email.com
8768,Customer_008768,Basic,2021-04-02,Inactive,customer8768@email.com
8769,Customer_008769,Premium,2022-04-18,Inactive,customer8769@email.com
8770,Customer_008770,Basic,2021-05-13,Active,customer8770@email.com
8771,Customer_008771,Basic,2024-05-14,Inactive,customer8771@email.com
8772,Customer_008772,Basic,2021-04-14,Inactive,customer8772@email.com
8773,Customer_008773,Standard,2022-06-22,Active,customer8773@email.com
8774,Customer_008774,Basic,2023-05-05,Active,customer8774@email.com
8775,Customer_008775,Basic,2023-05-06,Active,customer8775@email.com
8776,Customer_008776,Standard,2024-08-09,Active,customer8776@email.com
8777,Customer_008777,Standard,2021-06-18,Active,customer8777@email.com
8778,Customer_008778,Basic,2024-07-24,Active,customer8778@email.com
8779,Customer_008779,Standard,2024-03-17,Active,customer8779@email.com
8780,Customer_008780,Basic,2024-11-29,Inactive,customer8780@email.com
8781,Customer_008781,Basic,2021-01-08,Active,customer8781@email.com
8782,Customer_008782,Basic,2022-03-28,Active,customer8782@email.com
8783,Customer_008783,Basic,2021-06-30,Active,customer8783@email.com
8784,Customer_008784,Basic,2024-01-29,Inactive,customer8784@email.com
8785,,Basic,2022-05-16,Inactive,
8786,Customer_008786,Basic,2023-10-16,Inactive,customer8786@email.com
8787,Customer_008787,Basic,2024-06-21,Active,customer8787@email.com
8788,Customer_008788,Standard,2021-07-13,Inactive,customer8788@email.com
8789,Customer_008789,Premium,2022-09-24,Active,customer8789@email.com
8790,Customer_008790,Premium,2022-04-22,Active,customer8790@email.com
8791,Customer_008791,Basic,2022-12-31,Active,customer8791@email.com
8792,Customer_008792,Premium,2021-08-01,Active,customer8792@email.com
8793,Customer_008793,Standard,2023-09-08,Active,customer8793@email.com
8794,Customer_008794,Basic,2023-10-12,Active,customer8794@email.com
8795,Customer_008795,Standard,2021-09-14,Active,customer8795@email.com
8796,Customer_008796,Standard,2022-03-20,Inactive,customer8796@email.com
8797,Customer_008797,Standard,2024-01-21,Active,customer8797@email.com
8798,Customer_008798,Basic,2023-01-03,Inactive,customer8798@email.com
8799,Customer_008799,Standard,2023-03-24,Active,customer8799@email.com
8800,Customer_008800,Basic,2021-11-27,Inactive,customer8800@email.com
8801,Customer_008801,Standard,2024-04-27,Active,customer8801@email.com
8802,Customer_008802,Premium,2023-06-10,Active,customer8802@email.com
8803,,Premium,2023-11-21,Active,
8804,Customer_008804,Premium,2022-02-03,Active,customer8804@email.com
8805,Customer_008805,Standard,2023-03-21,Active,customer8805@email.com
8806,Customer_008806,Premium,2022-01-19,Active,customer8806@email.com
8807,Customer_008807,Basic,2024-10-16,Active,customer8807@email.com
8808,,Basic,2024-06-01,Active,
8809,Customer_008809,Standard,2024-04-10,Active,customer8809@email.com
8810,Customer_008810,Basic,2024-01-02,Active,customer8810@email.com
8811,Customer_008811,Premium,2024-06-28,Active,customer8811@email.com
8812,Customer_008812,Basic,2023-06-08,Inactive,customer8812@email.com
8813,Customer_008813,Standard,2023-10-13,Active,customer8813@email.com
8814,Customer_008814,Basic,2022-01-20,Active,customer8814@email.com
8815,Customer_008815,Basic,2023-12-26,Inactive,customer8815@email.com
8816,Customer_008816,Basic,2021-05-29,Active,customer8816@email.com
8817,Customer_008817,Standard,2022-08-19,Active,customer8817@email.com
8818,Customer_008818,Standard,2023-03-05,Active,customer8818@email.com
8819,Customer_008819,Premium,2022-01-21,Active,customer8819@email.com
8820,Customer_008820,Standard,2021-10-12,Inactive,customer8820@email.com
8821,Customer_008821,Standard,2022-12-23,Active,customer8821@email.com
8822,Customer_008822,Standard,2021-07-10,Active,customer8822@email.com
8823,Customer_008823,Basic,2024-08-20,Inactive,customer8823@email.com
8824,Customer_008824,Premium,2023-12-13,Active,customer8824@email.com
8825,Customer_008825,Standard,2024-08-27,Inactive,customer8825@email.com
8826,Customer_008826,Standard,2024-05-20,Active,customer8826@email.com
8827,Customer_008827,Basic,2024-12-12,Inactive,customer8827@email.com
8828,Customer_008828,Standard,2023-07-05,Active,customer8828@email.com
8829,Customer_008829,Premium,2022-12-17,Inactive,customer8829@email.com
8830,Customer_008830,Premium,2024-07-06,Inactive,customer8830@email.com
8831,Customer_008831,Standard,2021-10-17,Active,customer8831@email.com
8832,Customer_008832,Basic,2021-07-28,Inactive,customer8832@email.com
8833,,Basic,2024-07-21,Active,
8834,Customer_008834,Basic,2023-03-13,Active,customer8834@email.com
8835,Customer_008835,Basic,2022-07-18,Active,customer8835@email.com
8836,Customer_008836,Premium,2021-02-17,Active,customer8836@email.com
8837,Customer_008837,Basic,2022-12-07,Active,customer8837@email.com
8838,Customer_008838,Basic,2022-04-11,Active,customer8838@email.com
8839,Customer_008839,Basic,2022-03-08,Active,customer8839@email.com
8840,Customer_008840,Basic,2021-02-02,Active,customer8840@email.com
8841,Customer_008841,Basic,2021-01-28,Inactive,customer8841@email.com
8842,,Basic,2022-02-05,Active,
8843,Customer_008843,Basic,2022-06-20,Inactive,customer8843@email.com
8844,Customer_008844,Standard,2024-08-26,Inactive,customer8844@email.com
8845,Customer_008845,Basic,2024-12-08,Inactive,customer8845@email.com
8846,Customer_008846,Standard,2022-05-05,Active,customer8846@email.com
8847,Customer_008847,Basic,2024-07-24,Active,customer8847@email.com
8848,Customer_008848,Premium,2022-10-31,Active,customer8848@email.com
8849,Customer_008849,Premium,2021-07-08,Active,customer8849@email.com
8850,Customer_008850,Basic,2022-09-17,Inactive,customer8850@email.com
8851,Customer_008851,Basic,2024-05-08,Active,customer8851@email.com
8852,Customer_008852,Standard,2023-10-13,Inactive,customer8852@email.com
8853,Customer_008853,Standard,2024-01-17,Inactive,customer8853@email.com
8854,Customer_008854,Basic,2023-01-12,Active,customer8854@email.com
8855,Customer_008855,Basic,2023-02-03,Active,customer8855@email.com
8856,Customer_008856,Premium,2021-05-15,Active,customer8856@email.com
8857,Customer_008857,Basic,2024-01-30,Active,customer8857@email.com
8858,Customer_008858,Standard,2023-05-08,Active,customer8858@email.com
8859,Customer_008859,Standard,2022-02-11,Active,customer8859@email.com
8860,Customer_008860,Standard,2023-11-04,Active,customer8860@email.com
8861,Customer_008861,Basic,2022-04-14,Active,customer8861@email.com
8862,Customer_008862,Standard,2024-09-03,Inactive,customer8862@email.com
8863,Customer_008863,Basic,2021-11-24,Inactive,customer8863@email.com
8864,Customer_008864,Standard,2022-03-19,Active,customer8864@email.com
8865,Customer_008865,Basic,2022-09-06,Active,customer8865@email.com
8866,Customer_008866,Standard,2021-03-02,Active,customer8866@email.com
8867,Customer_008867,Standard,2023-08-27,Active,customer8867@email.com
8868,Customer_008868,Basic,2023-11-07,Active,customer8868@email.com
8869,Customer_008869,Basic,2021-11-22,Active,customer8869@email.com
8870,Customer_008870,Standard,2024-06-03,Active,customer8870@email.com
8871,Customer_008871,Standard,2024-08-21,Active,customer8871@email.com
8872,Customer_008872,Basic,2023-06-01,Inactive,customer8872@email.com
8873,Customer_008873,Standard,2024-01-02,Active,customer8873@email.com
8874,Customer_008874,Basic,2022-09-18,Active,customer8874@email.com
8875,Customer_008875,Premium,2021-03-07,Active,customer8875@email.com
8876,Customer_008876,Basic,2023-04-02,Active,customer8876@email.com
8877,Customer_008877,Basic,2021-01-17,Active,customer8877@email.com
8878,Customer_008878,Premium,2021-12-19,Active,customer8878@email.com
8879,Customer_008879,Basic,2022-02-06,Active,customer8879@email.com
8880,Customer_008880,Premium,2023-07-05,Active,customer8880@email.com
8881,Customer_008881,Basic,2021-10-18,Inactive,customer8881@email.com
8882,Customer_008882,Standard,2022-07-07,Active,customer8882@email.com
8883,Customer_008883,Standard,2024-09-27,Active,customer8883@email.com
8884,Customer_008884,Premium,2022-05-10,Active,customer8884@email.com
8885,Customer_008885,Standard,2023-05-14,Inactive,customer8885@email.com
8886,Customer_008886,Basic,2022-12-21,Inactive,customer8886@email.com
8887,Customer_008887,Standard,2021-09-29,Active,customer8887@email.com
8888,Customer_008888,Basic,2022-09-07,Inactive,customer8888@email.com
8889,Customer_008889,Basic,2022-01-14,Active,customer8889@email.com
8890,Customer_008890,Standard,2022-03-06,Active,customer8890@email.com
8891,Customer_008891,Premium,2021-10-13,Active,customer8891@email.com
8892,Customer_008892,Standard,2024-11-01,Active,customer8892@email.com
8893,Customer_008893,Standard,2022-04-04,Active,customer8893@email.com
8894,Customer_008894,Premium,2022-11-09,Active,customer8894@email.com
8895,Customer_008895,Standard,2021-07-25,Active,customer8895@email.com
8896,Customer_008896,Basic,2022-12-24,Active,customer8896@email.com
8897,Customer_008897,Standard,2021-12-08,Active,customer8897@email.com
8898,Customer_008898,Basic,2023-08-02,Active,customer8898@email.com
8899,Customer_008899,Standard,2023-06-09,Active,customer8899@email.com
8900,Customer_008900,Standard,2022-01-11,Inactive,customer8900@email.com
8901,Customer_008901,Basic,2024-11-18,Inactive,customer8901@email.com
8902,Customer_008902,Standard,2022-04-03,Active,customer8902@email.com
8903,Customer_008903,Basic,2024-10-18,Active,customer8903@email.com
8904,Customer_008904,Standard,2021-06-14,Active,customer8904@email.com
8905,Customer_008905,Standard,2021-03-25,Active,customer8905@email.com
8906,Customer_008906,Basic,2024-07-05,Active,customer8906@email.com
8907,Customer_008907,Premium,2021-07-12,Active,customer8907@email.com
8908,Customer_008908,Basic,2022-09-16,Active,customer8908@email.com
8909,Customer_008909,Standard,2024-11-02,Active,customer8909@email.com
8910,Customer_008910,Basic,2021-03-06,Active,customer8910@email.com
8911,Customer_008911,Basic,2023-08-29,Active,customer8911@email.com
8912,Customer_008912,Basic,2023-05-02,Active,customer8912@email.com
8913,Customer_008913,Premium,2022-05-28,Active,customer8913@email.com
8914,Customer_008914,Standard,2021-10-15,Active,customer8914@email.com
8915,Customer_008915,Standard,2023-09-02,Active,customer8915@email.com
8916,Customer_008916,Standard,2021-12-08,Active,customer8916@email.com
8917,Customer_008917,Premium,2021-07-27,Active,customer8917@email.com
8918,Customer_008918,Standard,2023-11-19,Active,customer8918@email.com
8919,Customer_008919,Premium,2024-09-03,Active,customer8919@email.com
8920,Customer_008920,Basic,2024-04-21,Inactive,customer8920@email.com
8921,Customer_008921,Basic,2024-03-15,Active,customer8921@email.com
8922,Customer_008922,Basic,2023-06-03,Active,customer8922@email.com
8923,Customer_008923,Basic,2022-04-27,Active,customer8923@email.com
8924,Customer_008924,Standard,2021-06-01,Active,customer8924@email.com
8925,Customer_008925,Standard,2021-05-02,Inactive,customer8925@email.com
8926,Customer_008926,Basic,2022-11-07,Inactive,customer8926@email.com
8927,Customer_008927,Basic,2024-01-11,Active,customer8927@email.com
8928,Customer_008928,Premium,2024-10-18,Inactive,customer8928@email.com
8929,Customer_008929,Basic,2022-04-12,Inactive,customer8929@email.com
8930,Customer_008930,Standard,2021-12-21,Active,customer8930@email.com
8931,Customer_008931,Basic,2022-04-15,Active,customer8931@email.com
8932,Customer_008932,Standard,2024-02-13,Active,customer8932@email.com
8933,Customer_008933,Basic,2023-10-26,Active,customer8933@email.com
8934,Customer_008934,Premium,2024-09-08,Active,customer8934@email.com
8935,Customer_008935,Basic,2021-10-25,Active,customer8935@email.com
8936,Customer_008936,Premium,2023-04-01,Inactive,customer8936@email.com
8937,Customer_008937,Basic,2024-10-23,Active,customer8937@email.com
8938,Customer_008938,Basic,2022-05-02,Active,customer8938@email.com
8939,Customer_008939,Standard,2023-08-24,Active,customer8939@email.com
8940,Customer_008940,Standard,2023-02-15,Active,customer8940@email.com
8941,Customer_008941,Standard,2021-05-11,Inactive,customer8941@email.com
8942,Customer_008942,Standard,2024-04-24,Active,customer8942@email.com
8943,Customer_008943,Standard,2022-06-14,Active,customer8943@email.com
8944,Customer_008944,Standard,2024-12-19,Active,customer8944@email.com
8945,Customer_008945,Basic,2023-06-12,Inactive,customer8945@email.com
8946,Customer_008946,Standard,2021-06-23,Active,customer8946@email.com
8947,Customer_008947,Basic,2021-11-18,Active,customer8947@email.com
8948,Customer_008948,Premium,2023-09-18,Active,customer8948@email.com
8949,,Premium,2022-10-19,Inactive,
8950,Customer_008950,Basic,2024-04-12,Active,customer8950@email.com
8951,Customer_008951,Premium,2023-08-16,Active,customer8951@email.com
8952,Customer_008952,Basic,2022-11-27,Active,customer8952@email.com
8953,Customer_008953,Standard,2022-03-14,Inactive,customer8953@email.com
8954,Customer_008954,Standard,2023-05-26,Active,customer8954@email.com
8955,Customer_008955,Basic,2021-04-20,Active,customer8955@email.com
8956,Customer_008956,Standard,2024-06-20,Active,customer8956@email.com
8957,Customer_008957,Basic,2024-02-01,Inactive,customer8957@email.com
8958,Customer_008958,Premium,2021-06-04,Active,customer8958@email.com
8959,Customer_008959,Standard,2024-10-23,Inactive,customer8959@email.com
8960,Customer_008960,Standard,2021-08-22,Inactive,customer8960@email.com
8961,Customer_008961,Premium,2024-03-02,Inactive,customer8961@email.com
8962,Customer_008962,Basic,2021-01-03,Inactive,customer8962@email.com
8963,Customer_008963,Standard,2024-05-03,Inactive,customer8963@email.com
8964,Customer_008964,Standard,2021-06-15,Active,customer8964@email.com
8965,Customer_008965,Standard,2022-06-05,Inactive,customer8965@email.com
8966,,Basic,2021-12-30,Active,
8967,Customer_008967,Basic,2023-02-12,Active,customer8967@email.com
8968,Customer_008968,Basic,2024-02-22,Inactive,customer8968@email.com
8969,Customer_008969,Basic,2022-03-13,Active,customer8969@email.com
8970,Customer_008970,Basic,2022-12-11,Inactive,customer8970@email.com
8971,Customer_008971,Basic,2022-10-10,Active,customer8971@email.com
8972,Customer_008972,Basic,2023-03-24,Active,customer8972@email.com
8973,Customer_008973,Standard,2021-04-08,Active,customer8973@email.com
8974,Customer_008974,Standard,2022-02-26,Active,customer8974@email.com
8975,Customer_008975,Standard,2023-07-30,Active,customer8975@email.com
8976,Customer_008976,Basic,2021-05-21,Active,customer8976@email.com
8977,Customer_008977,Premium,2022-05-07,Active,customer8977@email.com
8978,Customer_008978,Basic,2021-07-17,Inactive,customer8978@email.com
8979,Customer_008979,Standard,2024-01-31,Inactive,customer8979@email.com
8980,Customer_008980,Premium,2021-05-27,Inactive,customer8980@email.com
8981,Customer_008981,Standard,2021-07-25,Active,customer8981@email.com
8982,Customer_008982,Standard,2021-05-04,Active,customer8982@email.com
8983,,Basic,2021-11-01,Inactive,
8984,Customer_008984,Basic,2024-09-08,Active,customer8984@email.com
8985,Customer_008985,Standard,2022-04-29,Active,customer8985@email.com
8986,Customer_008986,Premium,2022-02-08,Active,customer8986@email.com
8987,Customer_008987,Premium,2024-10-08,Active,customer8987@email.com
8988,Customer_008988,Basic,2024-07-28,Active,customer8988@email.com
8989,Customer_008989,Basic,2021-01-19,Active,customer8989@email.com
8990,Customer_008990,Standard,2024-09-29,Inactive,customer8990@email.com
8991,Customer_008991,Standard,2024-12-07,Active,customer8991@email.com
8992,Customer_008992,Basic,2023-02-19,Active,customer8992@email.com
8993,Customer_008993,Basic,2023-11-12,Active,customer8993@email.com
8994,Customer_008994,Standard,2023-09-23,Inactive,customer8994@email.com
8995,Customer_008995,Basic,2021-03-29,Active,customer8995@email.com
8996,Customer_008996,Standard,2022-06-11,Inactive,customer8996@email.com
8997,Customer_008997,Premium,2021-04-14,Active,customer8997@email.com
8998,Customer_008998,Basic,2023-07-25,Active,customer8998@email.com
8999,Customer_008999,Basic,2024-02-23,Inactive,customer8999@email.com
9000,Customer_009000,Basic,2024-09-01,Inactive,customer9000@email.com
9001,Customer_009001,Basic,2022-10-19,Active,customer9001@email.com
9002,Customer_009002,Standard,2021-01-14,Active,customer9002@email.com
9003,Customer_009003,Basic,2021-08-14,Active,customer9003@email.com
9004,Customer_009004,Standard,2021-06-14,Inactive,customer9004@email.com
9005,Customer_009005,Basic,2022-09-15,Active,customer9005@email.com
9006,Customer_009006,Basic,2023-05-11,Inactive,customer9006@email.com
9007,Customer_009007,Basic,2023-03-21,Inactive,customer9007@email.com
9008,Customer_009008,Standard,2021-08-24,Inactive,customer9008@email.com
9009,Customer_009009,Basic,2023-10-18,Inactive,customer9009@email.com
9010,Customer_009010,Standard,2024-11-02,Active,customer9010@email.com
9011,Customer_009011,Standard,2024-10-15,Active,customer9011@email.com
9012,Customer_009012,Basic,2021-10-17,Inactive,customer9012@email.com
9013,Customer_009013,Basic,2022-12-27,Inactive,customer9013@email.com
9014,Customer_009014,Standard,2023-04-03,Inactive,customer9014@email.com
9015,Customer_009015,Basic,2023-06-22,Inactive,customer9015@email.com
9016,Customer_009016,Basic,2023-02-02,Active,customer9016@email.com
9017,Customer_009017,Basic,2021-07-21,Active,customer9017@email.com
9018,Customer_009018,Basic,2023-12-11,Inactive,customer9018@email.com
9019,Customer_009019,Standard,2021-04-06,Active,customer9019@email.com
9020,Customer_009020,Basic,2024-11-08,Inactive,customer9020@email.com
9021,Customer_009021,Basic,2022-08-15,Inactive,customer9021@email.com
9022,Customer_009022,Standard,2022-09-11,Active,customer9022@email.com
9023,Customer_009023,Basic,2023-02-20,Inactive,customer9023@email.com
9024,,Basic,2022-03-24,Active,
9025,Customer_009025,Premium,2021-08-15,Inactive,customer9025@email.com
9026,Customer_009026,Premium,2021-07-18,Active,customer9026@email.com
9027,Customer_009027,Basic,2024-10-06,Inactive,customer9027@email.com
9028,Customer_009028,Premium,2023-11-14,Active,customer9028@email.com
9029,Customer_009029,Basic,2023-12-26,Active,customer9029@email.com
9030,Customer_009030,Standard,2023-05-02,Active,customer9030@email.com
9031,Customer_009031,Premium,2022-05-28,Inactive,customer9031@email.com
9032,Customer_009032,Basic,2024-03-03,Inactive,customer9032@email.com
9033,Customer_009033,Basic,2023-09-17,Inactive,customer9033@email.com
9034,Customer_009034,Standard,2024-02-03,Active,customer9034@email.com
9035,Customer_009035,Basic,2021-01-07,Inactive,customer9035@email.com
9036,Customer_009036,Basic,2023-09-24,Inactive,customer9036@email.com
9037,Customer_009037,Basic,2022-04-12,Inactive,customer9037@email.com
9038,Customer_009038,Premium,2021-06-11,Active,customer9038@email.com
9039,Customer_009039,Basic,2022-01-06,Active,customer9039@email.com
9040,Customer_009040,Premium,2024-12-18,Active,customer9040@email.com
9041,Customer_009041,Standard,2024-09-16,Active,customer9041@email.com
9042,Customer_009042,Basic,2021-04-29,Inactive,customer9042@email.com
9043,Customer_009043,Basic,2022-07-28,Active,customer9043@email.com
9044,Customer_009044,Standard,2021-04-13,Active,customer9044@email.com
9045,Customer_009045,Standard,2021-10-25,Active,customer9045@email.com
9046,Customer_009046,Basic,2023-07-15,Active,customer9046@email.com
9047,Customer_009047,Premium,2022-07-30,Active,customer9047@email.com
9048,Customer_009048,Basic,2021-02-11,Active,customer9048@email.com
9049,Customer_009049,Premium,2024-11-27,Inactive,customer9049@email.com
9050,Customer_009050,Standard,2023-04-01,Active,customer9050@email.com
9051,Customer_009051,Premium,2023-09-11,Active,customer9051@email.com
9052,Customer_009052,Premium,2024-06-09,Active,customer9052@email.com
9053,Customer_009053,Standard,2023-12-03,Active,customer9053@email.com
9054,Customer_009054,Premium,2023-09-05,Active,customer9054@email.com
9055,Customer_009055,Standard,2023-07-09,Active,customer9055@email.com
9056,Customer_009056,Basic,2021-11-27,Active,customer9056@email.com
9057,Customer_009057,Premium,2023-10-02,Active,customer9057@email.com
9058,Customer_009058,Standard,2023-04-19,Active,customer9058@email.com
9059,Customer_009059,Standard,2022-12-30,Inactive,customer9059@email.com
9060,Customer_009060,Basic,2024-06-23,Inactive,customer9060@email.com
9061,Customer_009061,Basic,2021-01-20,Inactive,customer9061@email.com
9062,Customer_009062,Basic,2024-07-18,Active,customer9062@email.com
9063,Customer_009063,Standard,2024-12-18,Active,customer9063@email.com
9064,Customer_009064,Basic,2021-07-13,Inactive,customer9064@email.com
9065,Customer_009065,Standard,2021-07-12,Active,customer9065@email.com
9066,Customer_009066,Standard,2023-01-21,Active,customer9066@email.com
9067,Customer_009067,Standard,2021-12-31,Active,customer9067@email.com
9068,Customer_009068,Standard,2021-07-31,Active,customer9068@email.com
9069,Customer_009069,Basic,2023-04-21,Inactive,customer9069@email.com
9070,Customer_009070,Standard,2023-11-05,Inactive,customer9070@email.com
9071,Customer_009071,Standard,2022-03-09,Active,customer9071@email.com
9072,Customer_009072,Basic,2024-04-23,Active,customer9072@email.com
9073,Customer_009073,Premium,2021-04-20,Active,customer9073@email.com
9074,Customer_009074,Basic,2021-12-08,Active,customer9074@email.com
9075,Customer_009075,Basic,2022-03-01,Inactive,customer9075@email.com
9076,Customer_009076,Basic,2021-06-07,Inactive,customer9076@email.com
9077,Customer_009077,Standard,2022-01-22,Active,customer9077@email.com
9078,Customer_009078,Standard,2021-08-24,Active,customer9078@email.com
9079,Customer_009079,Basic,2024-11-16,Active,customer9079@email.com
9080,Customer_009080,Standard,2022-05-11,Inactive,customer9080@email.com
9081,Customer_009081,Basic,2023-12-16,Inactive,customer9081@email.com
9082,Customer_009082,Basic,2021-04-03,Inactive,customer9082@email.com
9083,Customer_009083,Basic,2021-04-26,Active,customer9083@email.com
9084,Customer_009084,Basic,2024-05-16,Active,customer9084@email.com
9085,Customer_009085,Standard,2023-11-23,Active,customer9085@email.com
9086,Customer_009086,Basic,2022-12-01,Inactive,customer9086@email.com
9087,Customer_009087,Standard,2022-04-26,Active,customer9087@email.com
9088,Customer_009088,Basic,2024-01-28,Inactive,customer9088@email.com
9089,Customer_009089,Standard,2023-09-14,Active,customer9089@email.com
9090,Customer_009090,Basic,2022-03-23,Active,customer9090@email.com
9091,Customer_009091,Basic,2022-10-22,Active,customer9091@email.com
9092,Customer_009092,Premium,2021-08-05,Active,customer9092@email.com
9093,Customer_009093,Standard,2024-05-14,Active,customer9093@email.com
9094,Customer_009094,Premium,2024-02-17,Active,customer9094@email.com
9095,Customer_009095,Standard,2022-06-05,Inactive,customer9095@email.com
9096,Customer_009096,Standard,2022-01-03,Active,customer9096@email.com
9097,Customer_009097,Standard,2024-12-11,Active,customer9097@email.com
9098,Customer_009098,Basic,2023-04-12,Active,customer9098@email.com
9099,Customer_009099,Basic,2024-01-16,Inactive,customer9099@email.com
9100,Customer_009100,Basic,2022-06-19,Active,customer9100@email.com
9101,Customer_009101,Basic,2022-03-02,Active,customer9101@email.com
9102,Customer_009102,Basic,2022-10-14,Inactive,customer9102@email.com
9103,Customer_009103,Premium,2022-03-22,Active,customer9103@email.com
9104,Customer_009104,Basic,2021-01-18,Inactive,customer9104@email.com
9105,Customer_009105,Basic,2024-05-09,Inactive,customer9105@email.com
9106,Customer_009106,Standard,2022-11-23,Active,customer9106@email.com
9107,Customer_009107,Premium,2024-08-25,Active,customer9107@email.com
9108,Customer_009108,Basic,2022-09-19,Active,customer9108@email.com
9109,Customer_009109,Basic,2024-01-08,Active,customer9109@email.com
9110,Customer_009110,Premium,2021-03-07,Active,customer9110@email.com
9111,Customer_009111,Standard,2024-05-24,Active,customer9111@email.com
9112,Customer_009112,Basic,2023-08-02,Inactive,customer9112@email.com
9113,Customer_009113,Standard,2022-01-21,Active,customer9113@email.com
9114,Customer_009114,Basic,2021-07-10,Inactive,customer9114@email.com
9115,Customer_009115,Basic,2021-05-17,Active,customer9115@email.com
9116,Customer_009116,Standard,2024-06-27,Active,customer9116@email.com
9117,Customer_009117,Basic,2023-07-17,Active,customer9117@email.com
9118,Customer_009118,Premium,2021-09-05,Active,customer9118@email.com
9119,Customer_009119,Standard,2022-08-25,Active,customer9119@email.com
9120,Customer_009120,Premium,2022-01-05,Active,customer9120@email.com
9121,Customer_009121,Basic,2024-08-16,Active,customer9121@email.com
9122,Customer_009122,Premium,2022-07-08,Active,customer9122@email.com
9123,Customer_009123,Standard,2022-04-16,Active,customer9123@email.com
9124,Customer_009124,Premium,2024-10-11,Active,customer9124@email.com
9125,Customer_009125,Premium,2022-04-26,Active,customer9125@email.com
9126,Customer_009126,Standard,2021-01-30,Active,customer9126@email.com
9127,Customer_009127,Basic,2024-08-21,Active,customer9127@email.com
9128,Customer_009128,Basic,2021-12-11,Active,customer9128@email.com
9129,Customer_009129,Premium,2022-07-09,Active,customer9129@email.com
9130,Customer_009130,Basic,2021-03-05,Active,customer9130@email.com
9131,,Standard,2023-01-24,Active,
9132,Customer_009132,Premium,2023-06-19,Inactive,customer9132@email.com
9133,Customer_009133,Basic,2021-07-06,Inactive,customer9133@email.com
9134,Customer_009134,Basic,2023-05-23,Active,customer9134@email.com
9135,Customer_009135,,2023-05-04,Active,customer9135@email.com
9136,Customer_009136,Standard,2024-03-25,Active,customer9136@email.com
9137,Customer_009137,Basic,2022-12-21,Inactive,customer9137@email.com
9138,Customer_009138,Basic,2024-12-18,Inactive,customer9138@email.com
9139,Customer_009139,Premium,2021-03-21,Active,customer9139@email.com
9140,Customer_009140,Premium,2021-10-02,Active,customer9140@email.com
9141,Customer_009141,Basic,2021-07-11,Active,customer9141@email.com
9142,Customer_009142,Premium,2023-11-08,Active,customer9142@email.com
9143,Customer_009143,Basic,2021-06-05,Active,customer9143@email.com
9144,Customer_009144,Premium,2021-05-25,Inactive,customer9144@email.com
9145,Customer_009145,Basic,2023-02-25,Active,customer9145@email.com
9146,Customer_009146,Basic,2024-03-29,Active,customer9146@email.com
9147,Customer_009147,Standard,2024-07-22,Active,customer9147@email.com
9148,Customer_009148,Basic,2023-02-22,Inactive,customer9148@email.com
9149,Customer_009149,Premium,2024-09-21,Inactive,customer9149@email.com
9150,Customer_009150,Premium,2021-12-21,Active,customer9150@email.com
9151,Customer_009151,Basic,2022-04-24,Active,customer9151@email.com
9152,Customer_009152,Standard,2024-03-10,Inactive,customer9152@email.com
9153,Customer_009153,Standard,2024-07-04,Active,customer9153@email.com
9154,Customer_009154,Basic,2022-01-28,Inactive,customer9154@email.com
9155,Customer_009155,Standard,2024-06-26,Active,customer9155@email.com
9156,Customer_009156,Standard,2022-09-18,Inactive,customer9156@email.com
9157,Customer_009157,Standard,2021-11-01,Active,customer9157@email.com
9158,Customer_009158,Basic,2024-10-11,Inactive,customer9158@email.com
9159,Customer_009159,Premium,2022-07-08,Inactive,customer9159@email.com
9160,Customer_009160,Basic,2022-09-07,Active,customer9160@email.com
9161,Customer_009161,Standard,2022-04-17,Active,customer9161@email.com
9162,Customer_009162,Basic,2023-08-26,Active,customer9162@email.com
9163,Customer_009163,Standard,2023-12-15,Active,customer9163@email.com
9164,Customer_009164,Basic,2022-06-06,Active,customer9164@email.com
9165,Customer_009165,Premium,2023-01-12,Active,customer9165@email.com
9166,Customer_009166,Basic,2022-05-26,Active,customer9166@email.com
9167,Customer_009167,Standard,2024-06-24,Active,customer9167@email.com
9168,Customer_009168,Standard,2022-12-05,Inactive,customer9168@email.com
9169,Customer_009169,Basic,2022-11-28,Active,customer9169@email.com
9170,Customer_009170,Standard,2022-12-13,Active,customer9170@email.com
9171,Customer_009171,Basic,2024-02-20,Active,customer9171@email.com
9172,Customer_009172,Basic,2024-06-26,Inactive,customer9172@email.com
9173,Customer_009173,Basic,2023-09-10,Inactive,customer9173@email.com
9174,Customer_009174,Basic,2022-05-25,Inactive,customer9174@email.com
9175,Customer_009175,Basic,2024-05-24,Active,customer9175@email.com
9176,Customer_009176,Standard,2022-11-01,Inactive,customer9176@email.com
9177,Customer_009177,Basic,2023-08-22,Inactive,customer9177@email.com
9178,Customer_009178,Premium,2023-07-27,Active,customer9178@email.com
9179,,Premium,2022-02-17,Active,
9180,Customer_009180,Standard,2024-04-20,Active,customer9180@email.com
9181,Customer_009181,Premium,2023-11-08,Active,customer9181@email.com
9182,Customer_009182,Standard,2022-07-17,Active,customer9182@email.com
9183,Customer_009183,Standard,2024-06-04,Active,customer9183@email.com
9184,Customer_009184,Basic,2023-11-24,Active,customer9184@email.com
9185,Customer_009185,Standard,2024-04-21,Inactive,customer9185@email.com
9186,,Basic,2023-07-25,Inactive,
9187,Customer_009187,Basic,2023-07-27,Inactive,customer9187@email.com
9188,Customer_009188,Standard,2021-02-15,Inactive,customer9188@email.com
9189,Customer_009189,Basic,2023-06-07,Active,customer9189@email.com
9190,Customer_009190,Basic,2022-06-19,Active,customer9190@email.com
9191,Customer_009191,Premium,2021-06-15,Active,customer9191@email.com
9192,Customer_009192,Basic,2023-12-09,Active,customer9192@email.com
9193,Customer_009193,Standard,2023-07-07,Inactive,customer9193@email.com
9194,Customer_009194,Basic,2023-01-05,Active,customer9194@email.com
9195,Customer_009195,Basic,2021-01-01,Inactive,customer9195@email.com
9196,Customer_009196,Standard,2023-11-01,Inactive,customer9196@email.com
9197,Customer_009197,Standard,2021-07-16,Active,customer9197@email.com
9198,Customer_009198,Premium,2022-06-19,Active,customer9198@email.com
9199,Customer_009199,Standard,2022-01-06,Active,customer9199@email.com
9200,Customer_009200,Basic,2023-01-24,Active,customer9200@email.com
9201,Customer_009201,Basic,2023-06-10,Active,customer9201@email.com
9202,Customer_009202,Basic,2022-07-24,Active,customer9202@email.com
9203,Customer_009203,Premium,2024-08-15,Active,customer9203@email.com
9204,Customer_009204,Basic,2024-12-19,Inactive,customer9204@email.com
9205,Customer_009205,Standard,2023-09-20,Active,customer9205@email.com
9206,Customer_009206,Standard,2024-12-29,Inactive,customer9206@email.com
9207,Customer_009207,Basic,2021-12-31,Inactive,customer9207@email.com
9208,Customer_009208,Basic,2023-08-24,Inactive,customer9208@email.com
9209,Customer_009209,Standard,2021-12-10,Inactive,customer9209@email.com
9210,Customer_009210,Basic,2021-09-12,Inactive,customer9210@email.com
9211,Customer_009211,Basic,2021-09-24,Active,customer9211@email.com
9212,Customer_009212,Basic,2024-10-29,Inactive,customer9212@email.com
9213,Customer_009213,Standard,2024-12-16,Active,customer9213@email.com
9214,Customer_009214,Basic,2021-12-20,Active,customer9214@email.com
9215,Customer_009215,Standard,2022-09-09,Active,customer9215@email.com
9216,Customer_009216,Basic,2024-07-12,Inactive,customer9216@email.com
9217,Customer_009217,Premium,2023-11-26,Active,customer9217@email.com
9218,Customer_009218,Basic,2023-04-14,Active,customer9218@email.com
9219,Customer_009219,Standard,2024-10-06,Active,customer9219@email.com
9220,Customer_009220,Standard,2022-12-20,Inactive,customer9220@email.com
9221,Customer_009221,Standard,2021-06-23,Active,customer9221@email.com
9222,Customer_009222,Basic,2021-10-17,Active,customer9222@email.com
9223,Customer_009223,Basic,2024-05-16,Active,customer9223@email.com
9224,Customer_009224,,2024-06-04,Active,customer9224@email.com
9225,Customer_009225,Standard,2022-08-26,Active,customer9225@email.com
9226,Customer_009226,Standard,2023-01-26,Active,customer9226@email.com
9227,Customer_009227,Basic,2024-12-21,Active,customer9227@email.com
9228,Customer_009228,Basic,2023-02-10,Active,customer9228@email.com
9229,Customer_009229,Standard,2022-03-19,Active,customer9229@email.com
9230,Customer_009230,Standard,2021-04-16,Active,customer9230@email.com
9231,Customer_009231,Premium,2022-03-18,Active,customer9231@email.com
9232,Customer_009232,Basic,2022-03-09,Active,customer9232@email.com
9233,Customer_009233,Standard,2023-11-08,Inactive,customer9233@email.com
9234,Customer_009234,Basic,2022-05-16,Active,customer9234@email.com
9235,Customer_009235,Standard,2024-10-12,Active,customer9235@email.com
9236,Customer_009236,Basic,2023-01-30,Inactive,customer9236@email.com
9237,Customer_009237,Standard,2023-09-04,Active,customer9237@email.com
9238,Customer_009238,Basic,2021-04-08,Active,customer9238@email.com
9239,Customer_009239,Basic,2021-09-12,Active,customer9239@email.com
9240,Customer_009240,Basic,2023-01-02,Active,customer9240@email.com
9241,Customer_009241,Standard,2021-12-21,Inactive,customer9241@email.com
9242,Customer_009242,Basic,2023-03-06,Inactive,customer9242@email.com
9243,Customer_009243,Basic,2024-01-08,Active,customer9243@email.com
9244,Customer_009244,Standard,2024-06-11,Active,customer9244@email.com
9245,Customer_009245,Basic,2024-05-24,Active,customer9245@email.com
9246,Customer_009246,Basic,2023-10-13,Active,customer9246@email.com
9247,Customer_009247,Basic,2024-06-09,Active,customer9247@email.com
9248,Customer_009248,Basic,2022-05-06,Inactive,customer9248@email.com
9249,Customer_009249,Basic,2024-12-30,Active,customer9249@email.com
9250,Customer_009250,Premium,2022-01-25,Active,customer9250@email.com
9251,Customer_009251,Basic,2022-06-04,Active,customer9251@email.com
9252,Customer_009252,Basic,2022-05-07,Active,customer9252@email.com
9253,Customer_009253,Basic,2024-02-16,Inactive,customer9253@email.com
9254,Customer_009254,Basic,2021-11-04,Active,customer9254@email.com
9255,Customer_009255,Premium,2023-05-13,Active,customer9255@email.com
9256,Customer_009256,Basic,2024-05-07,Active,customer9256@email.com
9257,Customer_009257,Basic,2021-06-30,Inactive,customer9257@email.com
9258,Customer_009258,Basic,2022-03-02,Active,customer9258@email.com
9259,Customer_009259,Basic,2024-06-27,Active,customer9259@email.com
9260,Customer_009260,Standard,2024-08-10,Active,customer9260@email.com
9261,Customer_009261,Premium,2022-07-23,Active,customer9261@email.com
9262,Customer_009262,Standard,2023-02-03,Inactive,customer9262@email.com
9263,Customer_009263,Standard,2021-11-04,Inactive,customer9263@email.com
9264,Customer_009264,Standard,2022-06-24,Active,customer9264@email.com
9265,Customer_009265,Basic,2022-11-15,Inactive,customer9265@email.com
9266,Customer_009266,Premium,2022-05-19,Active,customer9266@email.com
9267,Customer_009267,Standard,2022-02-15,Active,customer9267@email.com
9268,Customer_009268,Basic,2023-04-23,Active,customer9268@email.com
9269,Customer_009269,Standard,2024-10-31,Inactive,customer9269@email.com
9270,Customer_009270,Standard,2021-01-28,Active,customer9270@email.com
9271,Customer_009271,Basic,2023-08-14,Inactive,customer9271@email.com
9272,Customer_009272,Standard,2021-06-11,Active,customer9272@email.com
9273,Customer_009273,Standard,2022-09-23,Active,customer9273@email.com
9274,Customer_009274,Standard,2023-01-11,Active,customer9274@email.com
9275,Customer_009275,Basic,2024-05-13,Active,customer9275@email.com
9276,Customer_009276,Basic,2024-03-08,Inactive,customer9276@email.com
9277,Customer_009277,Basic,2022-10-06,Active,customer9277@email.com
9278,Customer_009278,Standard,2021-07-28,Inactive,customer9278@email.com
9279,Customer_009279,Premium,2022-03-17,Active,customer9279@email.com
9280,Customer_009280,Basic,2022-07-21,Inactive,customer9280@email.com
9281,Customer_009281,Basic,2022-09-20,Active,customer9281@email.com
9282,Customer_009282,Premium,2021-07-10,Active,customer9282@email.com
9283,Customer_009283,Premium,2023-04-17,Inactive,customer9283@email.com
9284,Customer_009284,Basic,2022-07-29,Inactive,customer9284@email.com
9285,Customer_009285,Basic,2023-04-23,Active,customer9285@email.com
9286,Customer_009286,Premium,2023-02-25,Active,customer9286@email.com
9287,,Premium,2024-06-11,Active,
9288,Customer_009288,Standard,2021-09-30,Active,customer9288@email.com
9289,Customer_009289,Basic,2024-05-14,Active,customer9289@email.com
9290,Customer_009290,Premium,2024-08-07,Active,customer9290@email.com
9291,Customer_009291,Standard,2021-12-03,Active,customer9291@email.com
9292,Customer_009292,Premium,2021-01-08,Active,customer9292@email.com
9293,Customer_009293,Basic,2022-01-16,Active,customer9293@email.com
9294,Customer_009294,Basic,2021-02-05,Inactive,customer9294@email.com
9295,Customer_009295,Basic,2024-10-25,Active,customer9295@email.com
9296,Customer_009296,Standard,2021-12-24,Active,customer9296@email.com
9297,Customer_009297,Standard,2021-04-23,Inactive,customer9297@email.com
9298,Customer_009298,Basic,2021-06-30,Inactive,customer9298@email.com
9299,Customer_009299,Premium,2022-09-24,Active,customer9299@email.com
9300,Customer_009300,Basic,2022-05-14,Active,customer9300@email.com
9301,Customer_009301,Standard,2021-07-04,Active,customer9301@email.com
9302,Customer_009302,Premium,2023-10-22,Active,customer9302@email.com
9303,Customer_009303,Standard,2022-09-05,Active,customer9303@email.com
9304,Customer_009304,Basic,2021-01-06,Active,customer9304@email.com
9305,Customer_009305,Basic,2022-08-01,Active,customer9305@email.com
9306,Customer_009306,Basic,2024-10-08,Active,customer9306@email.com
9307,Customer_009307,Basic,2023-10-31,Active,customer9307@email.com
9308,Customer_009308,Basic,2023-01-02,Active,customer9308@email.com
9309,Customer_009309,Standard,2024-10-28,Inactive,customer9309@email.com
9310,Customer_009310,Standard,2023-04-28,Active,customer9310@email.com
9311,Customer_009311,Basic,2023-10-15,Active,customer9311@email.com
9312,Customer_009312,Standard,2021-07-04,Active,customer9312@email.com
9313,Customer_009313,Basic,2021-06-06,Inactive,customer9313@email.com
9314,Customer_009314,Premium,2021-10-17,Active,customer9314@email.com
9315,Customer_009315,Basic,2022-07-02,Inactive,customer9315@email.com
9316,Customer_009316,Basic,2022-10-14,Active,customer9316@email.com
9317,Customer_009317,Basic,2022-03-07,Inactive,customer9317@email.com
9318,Customer_009318,Standard,2024-01-07,Active,customer9318@email.com
9319,Customer_009319,Basic,2021-09-01,Active,customer9319@email.com
9320,Customer_009320,Basic,2022-12-05,Inactive,customer9320@email.com
9321,Customer_009321,Basic,2021-04-29,Inactive,customer9321@email.com
9322,Customer_009322,Standard,2024-12-16,Active,customer9322@email.com
9323,Customer_009323,Basic,2021-06-05,Active,customer9323@email.com
9324,Customer_009324,Standard,2024-02-09,Active,customer9324@email.com
9325,Customer_009325,Premium,2023-11-29,Active,customer9325@email.com
9326,Customer_009326,Standard,2021-08-15,Active,customer9326@email.com
9327,Customer_009327,Basic,2024-06-25,Inactive,customer9327@email.com
9328,Customer_009328,Basic,2021-07-18,Active,customer9328@email.com
9329,Customer_009329,Basic,2024-03-17,Inactive,customer9329@email.com
9330,Customer_009330,Basic,2021-03-26,Inactive,customer9330@email.com
9331,Customer_009331,Standard,2023-12-28,Inactive,customer9331@email.com
9332,Customer_009332,Standard,2023-02-28,Active,customer9332@email.com
9333,Customer_009333,Premium,2024-05-27,Active,customer9333@email.com
9334,Customer_009334,Basic,2021-11-18,Inactive,customer9334@email.com
9335,Customer_009335,Basic,2023-01-28,Inactive,customer9335@email.com
9336,Customer_009336,Standard,2022-05-11,Inactive,customer9336@email.com
9337,Customer_009337,Standard,2024-04-18,Inactive,customer9337@email.com
9338,Customer_009338,Standard,2021-05-10,Active,customer9338@email.com
9339,Customer_009339,Basic,2022-01-31,Inactive,customer9339@email.com
9340,Customer_009340,Basic,2022-08-29,Inactive,customer9340@email.com
9341,Customer_009341,Standard,2022-05-26,Active,customer9341@email.com
9342,Customer_009342,Basic,2022-12-31,Active,customer9342@email.com
9343,Customer_009343,Premium,2021-05-09,Active,customer9343@email.com
9344,Customer_009344,Basic,2021-05-01,Active,customer9344@email.com
9345,Customer_009345,Standard,2023-07-11,Active,customer9345@email.com
9346,Customer_009346,Basic,2024-12-29,Inactive,customer9346@email.com
9347,Customer_009347,Basic,2023-04-15,Active,customer9347@email.com
9348,Customer_009348,Standard,2024-09-21,Active,customer9348@email.com
9349,Customer_009349,Basic,2023-04-14,Active,customer9349@email.com
9350,Customer_009350,Standard,2022-05-02,Active,customer9350@email.com
9351,Customer_009351,Standard,2022-09-14,Inactive,customer9351@email.com
9352,Customer_009352,Standard,2022-01-12,Active,customer9352@email.com
9353,Customer_009353,Premium,2023-04-13,Active,customer9353@email.com
9354,Customer_009354,Standard,2024-05-09,Inactive,customer9354@email.com
9355,Customer_009355,Basic,2023-05-04,Active,customer9355@email.com
9356,Customer_009356,Basic,2024-06-19,Inactive,customer9356@email.com
9357,Customer_009357,Basic,2021-02-16,Inactive,customer9357@email.com
9358,Customer_009358,Premium,2024-11-23,Active,customer9358@email.com
9359,Customer_009359,Basic,2023-02-19,Active,customer9359@email.com
9360,Customer_009360,Standard,2021-05-01,Inactive,customer9360@email.com
9361,Customer_009361,Basic,2024-12-09,Inactive,customer9361@email.com
9362,Customer_009362,Basic,2021-11-24,Inactive,customer9362@email.com
9363,Customer_009363,Premium,2021-09-10,Active,customer9363@email.com
9364,Customer_009364,Premium,2023-10-29,Active,customer9364@email.com
9365,Customer_009365,Standard,2021-06-21,Active,customer9365@email.com
9366,Customer_009366,Basic,2024-07-30,Inactive,customer9366@email.com
9367,Customer_009367,Basic,2023-02-20,Inactive,customer9367@email.com
9368,Customer_009368,Basic,2023-02-21,Inactive,customer9368@email.com
9369,Customer_009369,Standard,2022-02-01,Active,customer9369@email.com
9370,Customer_009370,,2024-12-21,Active,customer9370@email.com
9371,Customer_009371,Basic,2022-12-09,Active,customer9371@email.com
9372,Customer_009372,Basic,2024-07-22,Inactive,customer9372@email.com
9373,Customer_009373,Premium,2024-07-21,Inactive,customer9373@email.com
9374,Customer_009374,Premium,2021-09-29,Active,customer9374@email.com
9375,Customer_009375,Standard,2024-12-11,Inactive,customer9375@email.com
9376,Customer_009376,Premium,2021-04-06,Active,customer9376@email.com
9377,Customer_009377,Standard,2022-07-02,Active,customer9377@email.com
9378,Customer_009378,Basic,2021-09-21,Active,customer9378@email.com
9379,Customer_009379,Standard,2023-08-07,Active,customer9379@email.com
9380,Customer_009380,Basic,2022-12-18,Inactive,customer9380@email.com
9381,Customer_009381,Premium,2021-04-02,Active,customer9381@email.com
9382,Customer_009382,Standard,2024-08-08,Active,customer9382@email.com
9383,Customer_009383,Basic,2024-07-17,Inactive,customer9383@email.com
9384,Customer_009384,Basic,2023-02-18,Active,customer9384@email.com
9385,Customer_009385,Basic,2021-12-22,Inactive,customer9385@email.com
9386,,Basic,2022-06-21,Inactive,
9387,Customer_009387,Basic,2022-09-08,Active,customer9387@email.com
9388,Customer_009388,Standard,2023-03-29,Active,customer9388@email.com
9389,Customer_009389,Standard,2022-11-30,Inactive,customer9389@email.com
9390,Customer_009390,Basic,2022-06-11,Inactive,customer9390@email.com
9391,Customer_009391,Standard,2024-04-11,Active,customer9391@email.com
9392,Customer_009392,Premium,2024-11-09,Active,customer9392@email.com
9393,Customer_009393,Basic,2023-03-08,Inactive,customer9393@email.com
9394,Customer_009394,Premium,2023-06-03,Inactive,customer9394@email.com
9395,Customer_009395,Basic,2024-02-19,Active,customer9395@email.com
9396,Customer_009396,Basic,2023-11-12,Inactive,customer9396@email.com
9397,Customer_009397,Basic,2022-12-13,Inactive,customer9397@email.com
9398,Customer_009398,Premium,2024-06-10,Active,customer9398@email.com
9399,Customer_009399,Basic,2022-02-26,Inactive,customer9399@email.com
9400,Customer_009400,Basic,2023-05-04,Inactive,customer9400@email.com
9401,Customer_009401,Basic,2021-10-10,Inactive,customer9401@email.com
9402,Customer_009402,Standard,2021-06-30,Active,customer9402@email.com
9403,Customer_009403,,2022-02-01,Inactive,customer9403@email.com
9404,Customer_009404,Basic,2022-07-27,Active,customer9404@email.com
9405,Customer_009405,Premium,2024-09-24,Active,customer9405@email.com
9406,Customer_009406,Basic,2021-06-13,Inactive,customer9406@email.com
9407,Customer_009407,Standard,2022-03-15,Active,customer9407@email.com
9408,Customer_009408,Standard,2021-09-06,Active,customer9408@email.com
9409,Customer_009409,Standard,2023-12-04,Active,customer9409@email.com
9410,Customer_009410,Standard,2022-10-23,Active,customer9410@email.com
9411,Customer_009411,Basic,2024-03-12,Active,customer9411@email.com
9412,Customer_009412,Standard,2024-12-27,Inactive,customer9412@email.com
9413,Customer_009413,Basic,2024-02-28,Active,customer9413@email.com
9414,Customer_009414,Basic,2022-04-23,Inactive,customer9414@email.com
9415,Customer_009415,Basic,2022-05-06,Active,customer9415@email.com
9416,Customer_009416,Basic,2023-04-18,Active,customer9416@email.com
9417,Customer_009417,Standard,2024-03-01,Inactive,customer9417@email.com
9418,Customer_009418,Basic,2024-09-08,Inactive,customer9418@email.com
9419,Customer_009419,Premium,2024-02-14,Active,customer9419@email.com
9420,Customer_009420,Basic,2023-11-25,Active,customer9420@email.com
9421,Customer_009421,Basic,2023-04-28,Inactive,customer9421@email.com
9422,Customer_009422,Basic,2024-11-11,Active,customer9422@email.com
9423,Customer_009423,Basic,2021-12-08,Inactive,customer9423@email.com
9424,Customer_009424,Basic,2024-09-18,Active,customer9424@email.com
9425,Customer_009425,Basic,2021-11-22,Inactive,customer9425@email.com
9426,Customer_009426,Basic,2024-01-04,Active,customer9426@email.com
9427,Customer_009427,Premium,2021-08-15,Active,customer9427@email.com
9428,Customer_009428,Standard,2023-02-04,Inactive,customer9428@email.com
9429,Customer_009429,Standard,2023-11-11,Inactive,customer9429@email.com
9430,Customer_009430,Standard,2022-09-03,Active,customer9430@email.com
9431,Customer_009431,Standard,2023-09-21,Active,customer9431@email.com
9432,,Premium,2023-10-26,Active,
9433,Customer_009433,Basic,2022-07-25,Active,customer9433@email.com
9434,Customer_009434,Standard,2023-09-10,Inactive,customer9434@email.com
9435,Customer_009435,Premium,2024-03-22,Active,customer9435@email.com
9436,Customer_009436,Premium,2022-11-17,Active,customer9436@email.com
9437,Customer_009437,Basic,2024-07-26,Active,customer9437@email.com
9438,Customer_009438,Basic,2022-10-23,Inactive,customer9438@email.com
9439,Customer_009439,Premium,2024-12-23,Inactive,customer9439@email.com
9440,Customer_009440,Standard,2023-10-28,Active,customer9440@email.com
9441,Customer_009441,Premium,2024-01-06,Active,customer9441@email.com
9442,Customer_009442,Basic,2021-06-28,Active,customer9442@email.com
9443,Customer_009443,Basic,2024-07-26,Inactive,customer9443@email.com
9444,Customer_009444,Standard,2024-11-01,Active,customer9444@email.com
9445,Customer_009445,Basic,2023-05-28,Active,customer9445@email.com
9446,Customer_009446,Standard,2024-08-28,Active,customer9446@email.com
9447,Customer_009447,Standard,2023-10-07,Active,customer9447@email.com
9448,Customer_009448,Standard,2022-07-04,Active,customer9448@email.com
9449,Customer_009449,Basic,2022-10-14,Active,customer9449@email.com
9450,Customer_009450,Premium,2024-08-06,Active,customer9450@email.com
9451,Customer_009451,Standard,2024-06-06,Active,customer9451@email.com
9452,Customer_009452,Basic,2023-05-25,Active,customer9452@email.com
9453,Customer_009453,Premium,2021-04-13,Active,customer9453@email.com
9454,Customer_009454,Basic,2023-10-30,Inactive,customer9454@email.com
9455,Customer_009455,Basic,2021-08-14,Active,customer9455@email.com
9456,Customer_009456,Standard,2021-03-19,Active,customer9456@email.com
9457,Customer_009457,Basic,2024-03-24,Active,customer9457@email.com
9458,Customer_009458,Basic,2021-12-20,Active,customer9458@email.com
9459,Customer_009459,Standard,2023-12-10,Inactive,customer9459@email.com
9460,Customer_009460,Standard,2022-03-17,Inactive,customer9460@email.com
9461,Customer_009461,Standard,2021-12-09,Active,customer9461@email.com
9462,Customer_009462,Basic,2021-04-10,Active,customer9462@email.com
9463,Customer_009463,Standard,2022-06-05,Active,customer9463@email.com
9464,Customer_009464,Basic,2021-06-19,Active,customer9464@email.com
9465,Customer_009465,Premium,2021-03-10,Active,customer9465@email.com
9466,Customer_009466,Standard,2022-02-07,Inactive,customer9466@email.com
9467,Customer_009467,Standard,2021-05-28,Active,customer9467@email.com
9468,Customer_009468,Standard,2022-03-25,Inactive,customer9468@email.com
9469,Customer_009469,Basic,2023-12-16,Inactive,customer9469@email.com
9470,Customer_009470,Premium,2023-09-23,Active,customer9470@email.com
9471,Customer_009471,Basic,2022-06-19,Active,customer9471@email.com
9472,Customer_009472,Standard,2022-12-08,Inactive,customer9472@email.com
9473,Customer_009473,Standard,2023-03-16,Inactive,customer9473@email.com
9474,Customer_009474,Premium,2023-09-20,Active,customer9474@email.com
9475,Customer_009475,Basic,2023-04-06,Active,customer9475@email.com
9476,Customer_009476,Basic,2021-10-06,Active,customer9476@email.com
9477,Customer_009477,Basic,2022-02-27,Inactive,customer9477@email.com
9478,Customer_009478,Standard,2022-09-05,Inactive,customer9478@email.com
9479,Customer_009479,Standard,2024-05-12,Inactive,customer9479@email.com
9480,Customer_009480,Standard,2022-12-16,Inactive,customer9480@email.com
9481,Customer_009481,Basic,2024-10-30,Active,customer9481@email.com
9482,Customer_009482,Basic,2021-03-29,Active,customer9482@email.com
9483,Customer_009483,Standard,2023-01-02,Active,customer9483@email.com
9484,Customer_009484,Premium,2024-08-22,Active,customer9484@email.com
9485,Customer_009485,Basic,2022-05-19,Active,customer9485@email.com
9486,Customer_009486,Basic,2023-07-19,Active,customer9486@email.com
9487,Customer_009487,Basic,2021-10-12,Inactive,customer9487@email.com
9488,Customer_009488,Standard,2022-01-09,Inactive,customer9488@email.com
9489,Customer_009489,Basic,2024-05-28,Inactive,customer9489@email.com
9490,Customer_009490,Standard,2023-11-15,Active,customer9490@email.com
9491,Customer_009491,Basic,2021-01-06,Inactive,customer9491@email.com
9492,Customer_009492,Premium,2021-02-15,Active,customer9492@email.com
9493,Customer_009493,Basic,2021-06-18,Inactive,customer9493@email.com
9494,Customer_009494,Basic,2024-11-28,Active,customer9494@email.com
9495,Customer_009495,Standard,2023-10-31,Active,customer9495@email.com
9496,Customer_009496,Standard,2023-01-29,Active,customer9496@email.com
9497,Customer_009497,Basic,2024-11-10,Active,customer9497@email.com
9498,Customer_009498,Basic,2022-09-21,Active,customer9498@email.com
9499,Customer_009499,Standard,2022-02-26,Active,customer9499@email.com
9500,Customer_009500,Standard,2022-07-19,Inactive,customer9500@email.com
9501,Customer_009501,Standard,2024-10-10,Active,customer9501@email.com
9502,Customer_009502,Premium,2024-08-12,Active,customer9502@email.com
9503,Customer_009503,Basic,2022-07-12,Active,customer9503@email.com
9504,Customer_009504,Basic,2023-02-16,Inactive,customer9504@email.com
9505,Customer_009505,Premium,2021-03-17,Active,customer9505@email.com
9506,Customer_009506,Basic,2022-09-13,Inactive,customer9506@email.com
9507,Customer_009507,Standard,2024-12-21,Active,customer9507@email.com
9508,Customer_009508,Premium,2022-04-01,Active,customer9508@email.com
9509,Customer_009509,Premium,2023-08-23,Active,customer9509@email.com
9510,Customer_009510,Standard,2023-04-21,Active,customer9510@email.com
9511,Customer_009511,Premium,2021-10-16,Inactive,customer9511@email.com
9512,Customer_009512,Basic,2022-06-29,Inactive,customer9512@email.com
9513,Customer_009513,Standard,2021-04-21,Active,customer9513@email.com
9514,Customer_009514,Standard,2024-11-22,Active,customer9514@email.com
9515,Customer_009515,Premium,2022-12-10,Active,customer9515@email.com
9516,Customer_009516,Basic,2023-08-14,Active,customer9516@email.com
9517,Customer_009517,Basic,2021-04-08,Active,customer9517@email.com
9518,Customer_009518,Standard,2024-08-10,Active,customer9518@email.com
9519,Customer_009519,Basic,2022-04-14,Active,customer9519@email.com
9520,Customer_009520,Basic,2022-06-23,Active,customer9520@email.com
9521,Customer_009521,Basic,2024-09-12,Active,customer9521@email.com
9522,Customer_009522,Standard,2021-10-01,Active,customer9522@email.com
9523,Customer_009523,Basic,2023-08-18,Active,customer9523@email.com
9524,Customer_009524,Standard,2022-06-06,Active,customer9524@email.com
9525,Customer_009525,Standard,2024-08-20,Active,customer9525@email.com
9526,Customer_009526,Premium,2022-09-25,Active,customer9526@email.com
9527,Customer_009527,Basic,2024-08-21,Inactive,customer9527@email.com
9528,Customer_009528,Standard,2024-09-24,Inactive,customer9528@email.com
9529,Customer_009529,Basic,2021-10-24,Active,customer9529@email.com
9530,Customer_009530,Premium,2022-12-17,Inactive,customer9530@email.com
9531,Customer_009531,Basic,2024-10-12,Inactive,customer9531@email.com
9532,Customer_009532,Basic,2022-12-06,Active,customer9532@email.com
9533,Customer_009533,Premium,2023-09-27,Active,customer9533@email.com
9534,Customer_009534,Premium,2024-08-31,Active,customer9534@email.com
9535,Customer_009535,Standard,2023-12-24,Active,customer9535@email.com
9536,Customer_009536,Standard,2024-08-04,Active,customer9536@email.com
9537,Customer_009537,Standard,2021-12-10,Active,customer9537@email.com
9538,Customer_009538,Standard,2024-09-03,Active,customer9538@email.com
9539,,Basic,2023-06-29,Active,
9540,Customer_009540,Premium,2021-07-28,Inactive,customer9540@email.com
9541,Customer_009541,Basic,2023-06-30,Inactive,customer9541@email.com
9542,Customer_009542,Standard,2023-10-07,Inactive,customer9542@email.com
9543,Customer_009543,Basic,2024-11-21,Active,customer9543@email.com
9544,Customer_009544,Premium,2024-02-13,Inactive,customer9544@email.com
9545,Customer_009545,Basic,2022-11-28,Inactive,customer9545@email.com
9546,Customer_009546,Premium,2022-03-20,Active,customer9546@email.com
9547,Customer_009547,Premium,2023-04-05,Active,customer9547@email.com
9548,Customer_009548,Basic,2022-01-27,Active,customer9548@email.com
9549,Customer_009549,Basic,2021-02-09,Active,customer9549@email.com
9550,Customer_009550,Premium,2024-10-20,Active,customer9550@email.com
9551,Customer_009551,Basic,2021-08-03,Active,customer9551@email.com
9552,Customer_009552,Basic,2023-02-24,Active,customer9552@email.com
9553,Customer_009553,Standard,2022-07-07,Active,customer9553@email.com
9554,Customer_009554,Standard,2023-06-05,Active,customer9554@email.com
9555,Customer_009555,Basic,2023-12-20,Active,customer9555@email.com
9556,Customer_009556,Basic,2023-03-26,Active,customer9556@email.com
9557,Customer_009557,Basic,2023-01-18,Active,customer9557@email.com
9558,Customer_009558,Standard,2024-09-23,Active,customer9558@email.com
9559,Customer_009559,Standard,2024-04-13,Active,customer9559@email.com
9560,Customer_009560,Basic,2022-05-27,Inactive,customer9560@email.com
9561,Customer_009561,Standard,2023-05-28,Active,customer9561@email.com
9562,Customer_009562,Standard,2024-10-11,Inactive,customer9562@email.com
9563,Customer_009563,Basic,2024-05-02,Active,customer9563@email.com
9564,Customer_009564,Basic,2023-07-20,Active,customer9564@email.com
9565,Customer_009565,Basic,2022-03-16,Active,customer9565@email.com
9566,Customer_009566,Standard,2022-03-14,Active,customer9566@email.com
9567,Customer_009567,Standard,2021-08-07,Active,customer9567@email.com
9568,Customer_009568,Standard,2021-06-02,Active,customer9568@email.com
9569,Customer_009569,Standard,2023-08-17,Active,customer9569@email.com
9570,Customer_009570,Basic,2023-10-06,Inactive,customer9570@email.com
9571,Customer_009571,Basic,2022-04-10,Inactive,customer9571@email.com
9572,Customer_009572,Basic,2022-04-06,Active,customer9572@email.com
9573,Customer_009573,Premium,2024-03-08,Active,customer9573@email.com
9574,Customer_009574,Standard,2021-05-09,Inactive,customer9574@email.com
9575,Customer_009575,Standard,2021-02-15,Inactive,customer9575@email.com
9576,,Basic,2024-09-29,Inactive,
9577,Customer_009577,Premium,2023-07-24,Active,customer9577@email.com
9578,Customer_009578,Basic,2023-01-16,Active,customer9578@email.com
9579,Customer_009579,Standard,2023-01-18,Active,customer9579@email.com
9580,Customer_009580,Premium,2021-02-21,Active,customer9580@email.com
9581,Customer_009581,Basic,2022-12-03,Active,customer9581@email.com
9582,Customer_009582,Basic,2023-05-01,Active,customer9582@email.com
9583,Customer_009583,Basic,2024-04-25,Inactive,customer9583@email.com
9584,Customer_009584,Premium,2021-05-20,Active,customer9584@email.com
9585,Customer_009585,Premium,2023-12-08,Active,customer9585@email.com
9586,Customer_009586,Basic,2021-08-01,Inactive,customer9586@email.com
9587,Customer_009587,Standard,2021-09-21,Active,customer9587@email.com
9588,Customer_009588,Standard,2021-12-07,Active,customer9588@email.com
9589,Customer_009589,Basic,2021-12-07,Active,customer9589@email.com
9590,Customer_009590,Basic,2023-02-13,Active,customer9590@email.com
9591,Customer_009591,Basic,2023-09-29,Active,customer9591@email.com
9592,Customer_009592,Basic,2021-10-28,Inactive,customer9592@email.com
9593,Customer_009593,Basic,2022-09-19,Inactive,customer9593@email.com
9594,Customer_009594,Basic,2022-10-15,Active,customer9594@email.com
9595,Customer_009595,Standard,2024-07-12,Active,customer9595@email.com
9596,Customer_009596,Basic,2024-12-04,Inactive,customer9596@email.com
9597,Customer_009597,Basic,2022-10-12,Active,customer9597@email.com
9598,Customer_009598,Basic,2021-08-13,Inactive,customer9598@email.com
9599,Customer_009599,Standard,2024-11-09,Active,customer9599@email.com
9600,Customer_009600,Basic,2024-11-26,Active,customer9600@email.com
9601,Customer_009601,Premium,2023-07-11,Active,customer9601@email.com
9602,Customer_009602,Basic,2024-11-08,Active,customer9602@email.com
9603,Customer_009603,Standard,2024-02-06,Inactive,customer9603@email.com
9604,Customer_009604,Basic,2021-07-25,Inactive,customer9604@email.com
9605,Customer_009605,Standard,2023-05-29,Inactive,customer9605@email.com
9606,Customer_009606,Premium,2024-01-05,Active,customer9606@email.com
9607,Customer_009607,Basic,2023-10-15,Active,customer9607@email.com
9608,Customer_009608,Basic,2024-10-05,Active,customer9608@email.com
9609,Customer_009609,Basic,2021-06-02,Active,customer9609@email.com
9610,Customer_009610,Basic,2022-02-11,Active,customer9610@email.com
9611,Customer_009611,Standard,2021-05-03,Inactive,customer9611@email.com
9612,Customer_009612,Basic,2023-06-27,Inactive,customer9612@email.com
9613,,,2023-03-09,Active,
9614,Customer_009614,Basic,2023-09-14,Active,customer9614@email.com
9615,Customer_009615,Standard,2022-08-20,Active,customer9615@email.com
9616,,Standard,2024-03-19,Active,
9617,Customer_009617,Standard,2024-09-23,Active,customer9617@email.com
9618,Customer_009618,Basic,2024-01-19,Active,customer9618@email.com
9619,Customer_009619,Basic,2021-10-23,Active,customer9619@email.com
9620,Customer_009620,Basic,2023-09-17,Inactive,customer9620@email.com
9621,Customer_009621,Basic,2021-05-15,Active,customer9621@email.com
9622,Customer_009622,Basic,2021-07-12,Active,customer9622@email.com
9623,Customer_009623,Basic,2024-01-23,Inactive,customer9623@email.com
9624,Customer_009624,Basic,2024-02-23,Active,customer9624@email.com
9625,Customer_009625,Basic,2023-10-24,Active,customer9625@email.com
9626,Customer_009626,Basic,2021-04-02,Active,customer9626@email.com
9627,Customer_009627,Standard,2021-11-28,Active,customer9627@email.com
9628,Customer_009628,Premium,2022-11-04,Active,customer9628@email.com
9629,Customer_009629,Basic,2023-05-30,Active,customer9629@email.com
9630,Customer_009630,Standard,2024-06-09,Active,customer9630@email.com
9631,Customer_009631,Standard,2024-11-03,Inactive,customer9631@email.com
9632,Customer_009632,Standard,2021-02-11,Active,customer9632@email.com
9633,Customer_009633,Basic,2024-03-11,Inactive,customer9633@email.com
9634,Customer_009634,Premium,2024-12-24,Active,customer9634@email.com
9635,Customer_009635,Basic,2022-04-15,Inactive,customer9635@email.com
9636,Customer_009636,Standard,2024-09-17,Inactive,customer9636@email.com
9637,Customer_009637,Premium,2024-05-05,Active,customer9637@email.com
9638,Customer_009638,Standard,2024-02-06,Active,customer9638@email.com
9639,Customer_009639,Basic,2024-02-19,Active,customer9639@email.com
9640,Customer_009640,Premium,2024-01-21,Active,customer9640@email.com
9641,Customer_009641,Standard,2021-01-23,Inactive,customer9641@email.com
9642,Customer_009642,Basic,2022-11-12,Active,customer9642@email.com
9643,Customer_009643,Basic,2022-05-25,Inactive,customer9643@email.com
9644,Customer_009644,Basic,2021-10-11,Active,customer9644@email.com
9645,Customer_009645,,2021-12-18,Inactive,customer9645@email.com
9646,Customer_009646,Basic,2021-12-23,Inactive,customer9646@email.com
9647,Customer_009647,Basic,2021-02-21,Inactive,customer9647@email.com
9648,Customer_009648,Basic,2023-01-22,Active,customer9648@email.com
9649,Customer_009649,Standard,2021-10-17,Active,customer9649@email.com
9650,Customer_009650,Standard,2022-04-20,Inactive,customer9650@email.com
9651,Customer_009651,Basic,2024-01-22,Inactive,customer9651@email.com
9652,Customer_009652,Basic,2022-09-03,Active,customer9652@email.com
9653,Customer_009653,Basic,2024-08-01,Active,customer9653@email.com
9654,Customer_009654,Standard,2023-07-08,Active,customer9654@email.com
9655,Customer_009655,Basic,2021-06-22,Active,customer9655@email.com
9656,Customer_009656,Basic,2022-06-04,Active,customer9656@email.com
9657,Customer_009657,Standard,2024-11-14,Active,customer9657@email.com
9658,Customer_009658,Standard,2021-11-30,Inactive,customer9658@email.com
9659,Customer_009659,Premium,2021-07-01,Inactive,customer9659@email.com
9660,Customer_009660,Basic,2022-01-23,Inactive,customer9660@email.com
9661,Customer_009661,Standard,2023-11-18,Inactive,customer9661@email.com
9662,Customer_009662,Standard,2023-09-15,Active,customer9662@email.com
9663,Customer_009663,Standard,2022-03-28,Inactive,customer9663@email.com
9664,Customer_009664,Premium,2024-05-19,Active,customer9664@email.com
9665,Customer_009665,Premium,2023-10-07,Active,customer9665@email.com
9666,Customer_009666,Premium,2021-02-24,Inactive,customer9666@email.com
9667,Customer_009667,Basic,2023-10-22,Inactive,customer9667@email.com
9668,Customer_009668,Basic,2024-03-19,Inactive,customer9668@email.com
9669,Customer_009669,Basic,2024-12-01,Active,customer9669@email.com
9670,Customer_009670,Basic,2023-03-15,Active,customer9670@email.com
9671,Customer_009671,Basic,2024-07-23,Active,customer9671@email.com
9672,Customer_009672,Basic,2022-03-04,Inactive,customer9672@email.com
9673,Customer_009673,Standard,2022-06-15,Active,customer9673@email.com
9674,Customer_009674,Standard,2023-04-07,Active,customer9674@email.com
9675,Customer_009675,,2023-06-12,Inactive,customer9675@email.com
9676,Customer_009676,Premium,2022-07-28,Active,customer9676@email.com
9677,Customer_009677,Premium,2024-09-05,Active,customer9677@email.com
9678,Customer_009678,Basic,2023-07-21,Inactive,customer9678@email.com
9679,Customer_009679,Basic,2022-04-23,Inactive,customer9679@email.com
9680,Customer_009680,Standard,2023-08-26,Active,customer9680@email.com
9681,Customer_009681,Premium,2022-04-08,Inactive,customer9681@email.com
9682,Customer_009682,Basic,2023-05-11,Inactive,customer9682@email.com
9683,Customer_009683,Standard,2023-07-14,Active,customer9683@email.com
9684,Customer_009684,Basic,2023-10-21,Active,customer9684@email.com
9685,Customer_009685,,2022-11-28,Active,customer9685@email.com
9686,Customer_009686,Premium,2024-01-17,Active,customer9686@email.com
9687,Customer_009687,Standard,2021-03-30,Active,customer9687@email.com
9688,Customer_009688,Basic,2023-06-18,Active,customer9688@email.com
9689,Customer_009689,Basic,2021-08-28,Active,customer9689@email.com
9690,,Standard,2023-03-04,Active,
9691,Customer_009691,Basic,2022-08-16,Active,customer9691@email.com
9692,Customer_009692,Basic,2024-05-02,Active,customer9692@email.com
9693,Customer_009693,Basic,2023-01-08,Inactive,customer9693@email.com
9694,Customer_009694,Standard,2022-09-05,Active,customer9694@email.com
9695,Customer_009695,Standard,2021-08-29,Active,customer9695@email.com
9696,Customer_009696,Basic,2024-03-25,Inactive,customer9696@email.com
9697,Customer_009697,Premium,2023-07-10,Active,customer9697@email.com
9698,Customer_009698,Basic,2022-12-21,Active,customer9698@email.com
9699,Customer_009699,Basic,2023-11-15,Inactive,customer9699@email.com
9700,Customer_009700,Standard,2021-12-07,Active,customer9700@email.com
9701,Customer_009701,Basic,2022-08-30,Active,customer9701@email.com
9702,Customer_009702,Basic,2024-10-25,Inactive,customer9702@email.com
9703,Customer_009703,Basic,2021-01-22,Active,customer9703@email.com
9704,Customer_009704,Premium,2024-11-04,Active,customer9704@email.com
9705,,Basic,2023-05-04,Active,
9706,Customer_009706,Basic,2024-04-23,Active,customer9706@email.com
9707,Customer_009707,Basic,2024-08-24,Active,customer9707@email.com
9708,Customer_009708,Basic,2022-03-24,Active,customer9708@email.com
9709,Customer_009709,Standard,2024-01-28,Inactive,customer9709@email.com
9710,Customer_009710,Standard,2023-06-26,Active,customer9710@email.com
9711,Customer_009711,Basic,2023-06-19,Active,customer9711@email.com
9712,Customer_009712,Basic,2024-09-01,Active,customer9712@email.com
9713,Customer_009713,Standard,2023-04-13,Active,customer9713@email.com
9714,Customer_009714,Premium,2023-08-18,Active,customer9714@email.com
9715,Customer_009715,Standard,2023-06-29,Active,customer9715@email.com
9716,Customer_009716,Basic,2021-04-23,Active,customer9716@email.com
9717,Customer_009717,Standard,2023-01-03,Active,customer9717@email.com
9718,Customer_009718,Standard,2023-05-10,Inactive,customer9718@email.com
9719,Customer_009719,Standard,2021-03-08,Active,customer9719@email.com
9720,Customer_009720,Basic,2024-08-30,Inactive,customer9720@email.com
9721,Customer_009721,Basic,2021-12-02,Active,customer9721@email.com
9722,Customer_009722,Standard,2022-05-11,Active,customer9722@email.com
9723,Customer_009723,Standard,2024-06-17,Active,customer9723@email.com
9724,Customer_009724,Basic,2022-07-28,Active,customer9724@email.com
9725,Customer_009725,Standard,2024-12-21,Active,customer9725@email.com
9726,Customer_009726,Standard,2023-02-13,Active,customer9726@email.com
9727,Customer_009727,Standard,2024-12-20,Active,customer9727@email.com
9728,Customer_009728,Basic,2023-03-28,Active,customer9728@email.com
9729,Customer_009729,Premium,2022-01-26,Active,customer9729@email.com
9730,Customer_009730,Standard,2023-03-14,Active,customer9730@email.com
9731,Customer_009731,Standard,2022-09-18,Inactive,customer9731@email.com
9732,Customer_009732,Basic,2022-05-12,Active,customer9732@email.com
9733,Customer_009733,Basic,2021-03-09,Active,customer9733@email.com
9734,Customer_009734,Basic,2022-06-27,Active,customer9734@email.com
9735,Customer_009735,Standard,2024-02-13,Active,customer9735@email.com
9736,Customer_009736,Premium,2022-11-29,Inactive,customer9736@email.com
9737,Customer_009737,Premium,2024-03-31,Active,customer9737@email.com
9738,Customer_009738,Standard,2023-12-02,Active,customer9738@email.com
9739,Customer_009739,Standard,2023-01-12,Active,customer9739@email.com
9740,Customer_009740,,2021-10-21,Inactive,customer9740@email.com
9741,Customer_009741,Standard,2022-05-23,Active,customer9741@email.com
9742,Customer_009742,Basic,2022-09-12,Inactive,customer9742@email.com
9743,Customer_009743,Standard,2021-03-03,Active,customer9743@email.com
9744,Customer_009744,Basic,2023-05-19,Active,customer9744@email.com
9745,Customer_009745,Basic,2023-07-04,Active,customer9745@email.com
9746,Customer_009746,Basic,2022-01-05,Inactive,customer9746@email.com
9747,Customer_009747,Basic,2021-09-24,Active,customer9747@email.com
9748,Customer_009748,Standard,2021-06-03,Active,customer9748@email.com
9749,Customer_009749,Basic,2021-07-10,Inactive,customer9749@email.com
9750,Customer_009750,Standard,2022-10-30,Active,customer9750@email.com
9751,Customer_009751,Standard,2022-03-04,Active,customer9751@email.com
9752,Customer_009752,Basic,2024-09-17,Active,customer9752@email.com
9753,Customer_009753,Standard,2024-03-04,Active,customer9753@email.com
9754,Customer_009754,Basic,2023-11-30,Inactive,customer9754@email.com
9755,Customer_009755,Basic,2024-12-03,Inactive,customer9755@email.com
9756,Customer_009756,Basic,2022-09-27,Active,customer9756@email.com
9757,Customer_009757,Basic,2021-12-22,Active,customer9757@email.com
9758,Customer_009758,Basic,2024-09-27,Inactive,customer9758@email.com
9759,Customer_009759,Basic,2021-08-24,Active,customer9759@email.com
9760,Customer_009760,Standard,2022-01-10,Active,customer9760@email.com
9761,,Basic,2023-08-23,Inactive,
9762,Customer_009762,Standard,2024-12-07,Active,customer9762@email.com
9763,Customer_009763,Basic,2022-10-02,Inactive,customer9763@email.com
9764,Customer_009764,Basic,2021-02-13,Active,customer9764@email.com
9765,Customer_009765,,2024-12-11,Active,customer9765@email.com
9766,Customer_009766,Basic,2023-09-29,Active,customer9766@email.com
9767,Customer_009767,Standard,2022-07-11,Inactive,customer9767@email.com
9768,Customer_009768,Premium,2023-10-18,Active,customer9768@email.com
9769,Customer_009769,Standard,2024-11-26,Inactive,customer9769@email.com
9770,Customer_009770,Standard,2022-07-06,Active,customer9770@email.com
9771,Customer_009771,Basic,2023-08-14,Active,customer9771@email.com
9772,Customer_009772,Premium,2021-07-20,Active,customer9772@email.com
9773,Customer_009773,Basic,2024-10-25,Active,customer9773@email.com
9774,Customer_009774,Basic,2021-12-16,Active,customer9774@email.com
9775,Customer_009775,Basic,2023-03-27,Inactive,customer9775@email.com
9776,Customer_009776,Basic,2022-12-01,Active,customer9776@email.com
9777,Customer_009777,Basic,2022-01-22,Active,customer9777@email.com
9778,Customer_009778,Basic,2023-02-02,Active,customer9778@email.com
9779,Customer_009779,Basic,2022-05-03,Active,customer9779@email.com
9780,Customer_009780,Basic,2024-01-01,Active,customer9780@email.com
9781,Customer_009781,Standard,2021-04-11,Active,customer9781@email.com
9782,Customer_009782,Premium,2022-11-19,Active,customer9782@email.com
9783,Customer_009783,Standard,2022-04-15,Inactive,customer9783@email.com
9784,Customer_009784,Standard,2022-07-03,Active,customer9784@email.com
9785,Customer_009785,Premium,2023-10-22,Active,customer9785@email.com
9786,,Standard,2023-08-01,Inactive,
9787,Customer_009787,Basic,2021-08-07,Active,customer9787@email.com
9788,Customer_009788,Basic,2023-09-17,Active,customer9788@email.com
9789,Customer_009789,Basic,2021-09-22,Active,customer9789@email.com
9790,Customer_009790,Standard,2021-04-05,Active,customer9790@email.com
9791,Customer_009791,Basic,2024-01-31,Active,customer9791@email.com
9792,Customer_009792,Basic,2022-05-03,Active,customer9792@email.com
9793,Customer_009793,,2024-03-03,Active,customer9793@email.com
9794,Customer_009794,Basic,2022-07-05,Inactive,customer9794@email.com
9795,Customer_009795,Basic,2023-09-04,Inactive,customer9795@email.com
9796,Customer_009796,Basic,2024-04-30,Active,customer9796@email.com
9797,Customer_009797,Standard,2024-07-17,Active,customer9797@email.com
9798,Customer_009798,Standard,2021-09-13,Active,customer9798@email.com
9799,Customer_009799,Basic,2024-05-22,Active,customer9799@email.com
9800,Customer_009800,Basic,2024-05-16,Inactive,customer9800@email.com
9801,Customer_009801,Standard,2023-08-14,Active,customer9801@email.com
9802,Customer_009802,Basic,2022-09-12,Inactive,customer9802@email.com
9803,Customer_009803,Basic,2022-09-27,Active,customer9803@email.com
9804,Customer_009804,Basic,2023-08-16,Active,customer9804@email.com
9805,Customer_009805,Basic,2021-11-21,Active,customer9805@email.com
9806,Customer_009806,Premium,2021-06-13,Active,customer9806@email.com
9807,Customer_009807,Premium,2024-11-20,Active,customer9807@email.com
9808,Customer_009808,Basic,2024-03-23,Active,customer9808@email.com
9809,Customer_009809,Basic,2023-08-21,Active,customer9809@email.com
9810,Customer_009810,Basic,2024-08-15,Inactive,customer9810@email.com
9811,Customer_009811,Basic,2023-09-11,Active,customer9811@email.com
9812,Customer_009812,Standard,2022-09-01,Inactive,customer9812@email.com
9813,Customer_009813,Standard,2024-07-13,Active,customer9813@email.com
9814,Customer_009814,Standard,2024-06-29,Active,customer9814@email.com
9815,Customer_009815,Basic,2021-12-04,Inactive,customer9815@email.com
9816,Customer_009816,Standard,2023-01-12,Active,customer9816@email.com
9817,Customer_009817,Basic,2023-04-12,Active,customer9817@email.com
9818,Customer_009818,Standard,2022-04-02,Active,customer9818@email.com
9819,Customer_009819,Standard,2024-08-19,Active,customer9819@email.com
9820,Customer_009820,Standard,2024-03-16,Active,customer9820@email.com
9821,Customer_009821,Standard,2022-07-08,Inactive,customer9821@email.com
9822,Customer_009822,Basic,2024-08-05,Active,customer9822@email.com
9823,Customer_009823,Basic,2024-04-05,Inactive,customer9823@email.com
9824,Customer_009824,Premium,2024-07-07,Active,customer9824@email.com
9825,,Basic,2022-08-11,Active,
9826,Customer_009826,Standard,2024-12-02,Active,customer9826@email.com
9827,Customer_009827,Basic,2023-05-01,Active,customer9827@email.com
9828,Customer_009828,Basic,2023-04-11,Inactive,customer9828@email.com
9829,Customer_009829,Standard,2024-11-22,Inactive,customer9829@email.com
9830,Customer_009830,Basic,2022-06-20,Active,customer9830@email.com
9831,Customer_009831,Basic,2022-03-29,Active,customer9831@email.com
9832,Customer_009832,Premium,2021-04-19,Active,customer9832@email.com
9833,Customer_009833,Basic,2022-07-04,Active,customer9833@email.com
9834,Customer_009834,Standard,2021-05-01,Active,customer9834@email.com
9835,Customer_009835,Standard,2021-10-31,Inactive,customer9835@email.com
9836,Customer_009836,Basic,2024-12-26,Inactive,customer9836@email.com
9837,Customer_009837,Basic,2022-01-09,Active,customer9837@email.com
9838,Customer_009838,Standard,2022-06-14,Active,customer9838@email.com
9839,Customer_009839,Basic,2023-05-13,Active,customer9839@email.com
9840,Customer_009840,Premium,2021-01-24,Inactive,customer9840@email.com
9841,Customer_009841,Basic,2021-09-15,Active,customer9841@email.com
9842,Customer_009842,Basic,2022-03-22,Inactive,customer9842@email.com
9843,Customer_009843,Premium,2022-07-13,Active,customer9843@email.com
9844,Customer_009844,Standard,2021-11-20,Active,customer9844@email.com
9845,Customer_009845,Basic,2024-08-18,Active,customer9845@email.com
9846,Customer_009846,Premium,2024-11-02,Active,customer9846@email.com
9847,Customer_009847,Premium,2023-09-04,Active,customer9847@email.com
9848,Customer_009848,Basic,2022-12-24,Active,customer9848@email.com
9849,Customer_009849,Basic,2021-12-12,Inactive,customer9849@email.com
9850,Customer_009850,Standard,2021-12-01,Active,customer9850@email.com
9851,Customer_009851,Basic,2022-04-29,Active,customer9851@email.com
9852,Customer_009852,Standard,2022-02-20,Active,customer9852@email.com
9853,Customer_009853,Basic,2024-03-22,Active,customer9853@email.com
9854,Customer_009854,Standard,2021-04-24,Active,customer9854@email.com
9855,Customer_009855,Premium,2023-04-13,Active,customer9855@email.com
9856,Customer_009856,Standard,2022-10-01,Active,customer9856@email.com
9857,Customer_009857,Standard,2023-09-29,Active,customer9857@email.com
9858,Customer_009858,Standard,2022-10-28,Active,customer9858@email.com
9859,Customer_009859,Premium,2021-04-18,Active,customer9859@email.com
9860,Customer_009860,Basic,2024-08-06,Active,customer9860@email.com
9861,Customer_009861,Basic,2023-10-07,Active,customer9861@email.com
9862,Customer_009862,Standard,2021-05-06,Active,customer9862@email.com
9863,Customer_009863,Standard,2023-01-15,Active,customer9863@email.com
9864,Customer_009864,Premium,2024-03-15,Active,customer9864@email.com
9865,Customer_009865,Basic,2022-04-19,Inactive,customer9865@email.com
9866,Customer_009866,Standard,2021-02-09,Active,customer9866@email.com
9867,Customer_009867,Standard,2024-10-07,Active,customer9867@email.com
9868,Customer_009868,Standard,2024-11-11,Active,customer9868@email.com
9869,Customer_009869,Basic,2024-02-17,Inactive,customer9869@email.com
9870,Customer_009870,Basic,2022-02-10,Active,customer9870@email.com
9871,Customer_009871,Standard,2023-11-13,Active,customer9871@email.com
9872,Customer_009872,Basic,2021-02-10,Active,customer9872@email.com
9873,Customer_009873,Basic,2022-11-29,Inactive,customer9873@email.com
9874,Customer_009874,Basic,2024-10-23,Inactive,customer9874@email.com
9875,Customer_009875,Basic,2022-04-17,Active,customer9875@email.com
9876,Customer_009876,Basic,2022-01-02,Active,customer9876@email.com
9877,Customer_009877,Premium,2022-06-04,Active,customer9877@email.com
9878,Customer_009878,Basic,2023-02-06,Active,customer9878@email.com
9879,Customer_009879,Standard,2021-11-19,Active,customer9879@email.com
9880,Customer_009880,Basic,2021-04-02,Active,customer9880@email.com
9881,Customer_009881,Basic,2021-04-09,Inactive,customer9881@email.com
9882,Customer_009882,Basic,2022-10-31,Active,customer9882@email.com
9883,Customer_009883,Standard,2024-12-22,Active,customer9883@email.com
9884,Customer_009884,Standard,2022-10-27,Active,customer9884@email.com
9885,Customer_009885,Basic,2024-04-18,Active,customer9885@email.com
9886,Customer_009886,Basic,2024-12-01,Inactive,customer9886@email.com
9887,Customer_009887,Premium,2024-08-19,Inactive,customer9887@email.com
9888,Customer_009888,Basic,2022-11-30,Active,customer9888@email.com
9889,Customer_009889,Standard,2024-04-30,Active,customer9889@email.com
9890,Customer_009890,Standard,2023-02-02,Active,customer9890@email.com
9891,Customer_009891,Premium,2022-04-22,Active,customer9891@email.com
9892,Customer_009892,Standard,2023-09-23,Active,customer9892@email.com
9893,Customer_009893,Basic,2021-07-06,Active,customer9893@email.com
9894,Customer_009894,Standard,2022-12-09,Active,customer9894@email.com
9895,Customer_009895,Basic,2022-04-03,Active,customer9895@email.com
9896,Customer_009896,Premium,2022-06-05,Active,customer9896@email.com
9897,Customer_009897,Standard,2024-06-16,Active,customer9897@email.com
9898,Customer_009898,Basic,2022-11-14,Inactive,customer9898@email.com
9899,Customer_009899,Basic,2022-10-06,Active,customer9899@email.com
9900,Customer_009900,Basic,2023-03-15,Active,customer9900@email.com
9901,Customer_009901,Basic,2023-11-21,Active,customer9901@email.com
9902,Customer_009902,Standard,2022-07-23,Active,customer9902@email.com
9903,Customer_009903,Standard,2023-06-01,Inactive,customer9903@email.com
9904,Customer_009904,Basic,2021-06-02,Active,customer9904@email.com
9905,Customer_009905,Basic,2024-09-07,Active,customer9905@email.com
9906,Customer_009906,Standard,2023-06-05,Inactive,customer9906@email.com
9907,Customer_009907,Basic,2021-01-02,Active,customer9907@email.com
9908,Customer_009908,Basic,2022-10-03,Active,customer9908@email.com
9909,Customer_009909,Basic,2022-10-06,Inactive,customer9909@email.com
9910,Customer_009910,Standard,2023-10-23,Inactive,customer9910@email.com
9911,Customer_009911,Standard,2023-05-11,Active,customer9911@email.com
9912,Customer_009912,Basic,2021-06-08,Active,customer9912@email.com
9913,Customer_009913,Standard,2024-11-19,Active,customer9913@email.com
9914,Customer_009914,Standard,2023-11-01,Active,customer9914@email.com
9915,Customer_009915,Basic,2021-03-19,Inactive,customer9915@email.com
9916,Customer_009916,Basic,2022-08-06,Active,customer9916@email.com
9917,Customer_009917,Basic,2021-07-16,Inactive,customer9917@email.com
9918,Customer_009918,Standard,2024-05-13,Active,customer9918@email.com
9919,Customer_009919,Basic,2023-12-11,Active,customer9919@email.com
9920,Customer_009920,Standard,2024-05-01,Inactive,customer9920@email.com
9921,Customer_009921,Basic,2023-03-12,Active,customer9921@email.com
9922,Customer_009922,Basic,2022-05-13,Inactive,customer9922@email.com
9923,Customer_009923,Basic,2023-11-07,Active,customer9923@email.com
9924,Customer_009924,Standard,2022-12-23,Active,customer9924@email.com
9925,Customer_009925,Premium,2022-12-25,Active,customer9925@email.com
9926,Customer_009926,Standard,2021-04-04,Active,customer9926@email.com
9927,Customer_009927,Premium,2024-09-15,Active,customer9927@email.com
9928,Customer_009928,Standard,2023-03-31,Inactive,customer9928@email.com
9929,Customer_009929,Premium,2021-11-25,Active,customer9929@email.com
9930,,Basic,2021-03-12,Inactive,
9931,Customer_009931,,2023-09-27,Inactive,customer9931@email.com
9932,Customer_009932,Standard,2024-07-31,Inactive,customer9932@email.com
9933,Customer_009933,Basic,2024-10-01,Inactive,customer9933@email.com
9934,Customer_009934,Standard,2021-11-13,Active,customer9934@email.com
9935,Customer_009935,Basic,2022-12-22,Active,customer9935@email.com
9936,Customer_009936,Basic,2023-11-23,Active,customer9936@email.com
9937,Customer_009937,Standard,2021-02-28,Active,customer9937@email.com
9938,Customer_009938,Standard,2023-03-31,Active,customer9938@email.com
9939,Customer_009939,Premium,2023-12-02,Active,customer9939@email.com
9940,Customer_009940,Standard,2024-03-12,Active,customer9940@email.com
9941,Customer_009941,Basic,2022-12-11,Inactive,customer9941@email.com
9942,Customer_009942,Basic,2022-02-23,Active,customer9942@email.com
9943,Customer_009943,Basic,2022-06-17,Active,customer9943@email.com
9944,Customer_009944,Basic,2021-03-14,Inactive,customer9944@email.com
9945,Customer_009945,Basic,2023-11-21,Inactive,customer9945@email.com
9946,Customer_009946,Standard,2021-05-21,Active,customer9946@email.com
9947,Customer_009947,Basic,2023-10-04,Active,customer9947@email.com
9948,Customer_009948,Premium,2022-09-16,Active,customer9948@email.com
9949,Customer_009949,Standard,2024-10-01,Active,customer9949@email.com
9950,Customer_009950,Basic,2023-04-04,Active,customer9950@email.com
9951,Customer_009951,Standard,2021-07-03,Active,customer9951@email.com
9952,Customer_009952,Premium,2024-09-05,Active,customer9952@email.com
9953,,Premium,2021-10-28,Active,
9954,Customer_009954,Standard,2022-12-17,Active,customer9954@email.com
9955,Customer_009955,Basic,2023-05-28,Inactive,customer9955@email.com
9956,Customer_009956,Basic,2022-05-07,Active,customer9956@email.com
9957,Customer_009957,Basic,2023-09-15,Active,customer9957@email.com
9958,Customer_009958,Premium,2022-02-14,Active,customer9958@email.com
9959,Customer_009959,Standard,2024-02-16,Active,customer9959@email.com
9960,Customer_009960,Basic,2021-11-26,Inactive,customer9960@email.com
9961,Customer_009961,Standard,2022-08-03,Active,customer9961@email.com
9962,Customer_009962,Basic,2021-01-26,Inactive,customer9962@email.com
9963,Customer_009963,Premium,2024-09-23,Active,customer9963@email.com
9964,Customer_009964,Basic,2022-08-18,Active,customer9964@email.com
9965,Customer_009965,Basic,2021-04-29,Inactive,customer9965@email.com
9966,Customer_009966,Standard,2021-03-06,Inactive,customer9966@email.com
9967,Customer_009967,Standard,2021-03-16,Active,customer9967@email.com
9968,Customer_009968,Basic,2024-02-02,Active,customer9968@email.com
9969,Customer_009969,Basic,2023-10-13,Inactive,customer9969@email.com
9970,Customer_009970,Standard,2023-12-02,Active,customer9970@email.com
9971,Customer_009971,Premium,2023-02-13,Active,customer9971@email.com
9972,Customer_009972,Basic,2022-02-19,Inactive,customer9972@email.com
9973,Customer_009973,Standard,2022-05-25,Active,customer9973@email.com
9974,Customer_009974,Standard,2021-05-02,Active,customer9974@email.com
9975,Customer_009975,Standard,2022-08-20,Active,customer9975@email.com
9976,Customer_009976,Basic,2022-09-22,Inactive,customer9976@email.com
9977,Customer_009977,Basic,2021-02-06,Active,customer9977@email.com
9978,Customer_009978,Premium,2022-07-24,Inactive,customer9978@email.com
9979,Customer_009979,Basic,2024-03-05,Inactive,customer9979@email.com
9980,Customer_009980,Standard,2022-07-10,Active,customer9980@email.com
9981,Customer_009981,Basic,2023-11-15,Active,customer9981@email.com
9982,Customer_009982,Basic,2023-01-06,Inactive,customer9982@email.com
9983,Customer_009983,Standard,2023-02-13,Active,customer9983@email.com
9984,Customer_009984,Basic,2023-07-16,Active,customer9984@email.com
9985,,Basic,2021-04-25,Inactive,
9986,Customer_009986,Standard,2021-03-18,Inactive,customer9986@email.com
9987,Customer_009987,Basic,2022-08-11,Inactive,customer9987@email.com
9988,Customer_009988,Basic,2023-08-17,Inactive,customer9988@email.com
9989,Customer_009989,Premium,2021-07-29,Active,customer9989@email.com
9990,Customer_009990,Premium,2023-01-26,Active,customer9990@email.com
9991,Customer_009991,Basic,2022-06-22,Active,customer9991@email.com
9992,Customer_009992,Basic,2024-07-12,Active,customer9992@email.com
9993,Customer_009993,Standard,2021-01-25,Inactive,customer9993@email.com
9994,Customer_009994,Standard,2023-06-03,Inactive,customer9994@email.com
9995,Customer_009995,Standard,2021-08-24,Inactive,customer9995@email.com
9996,Customer_009996,Basic,2021-09-18,Inactive,customer9996@email.com
9997,Customer_009997,Premium,2022-07-19,Active,customer9997@email.com
9998,Customer_009998,Basic,2024-04-10,Inactive,customer9998@email.com
9999,Customer_009999,Premium,2023-05-03,Active,customer9999@email.com
10000,Customer_010000,Standard,2023-03-12,Active,customer10000@email.com
